id_lot,id_commande,date_fabrication,taille_lot,statut_lot,cout_non_qualite_eur
L2023-00001-1,CMD-2023-00001,2023-01-12,29200,libéré,0.0
L2023-00001-2,CMD-2023-00001,2023-01-14,29300,libéré,0.0
L2023-00002-1,CMD-2023-00002,2023-01-15,31000,libéré,0.0
L2023-00002-2,CMD-2023-00002,2023-01-09,31000,libéré,0.0
L2023-00003-1,CMD-2023-00003,2023-01-15,17500,libéré,0.0
L2023-00003-2,CMD-2023-00003,2023-01-18,17500,libéré,0.0
L2023-00003-3,CMD-2023-00003,2023-01-19,17500,libéré,0.0
L2023-00004-1,CMD-2023-00004,2023-01-12,35000,libéré,0.0
L2023-00004-2,CMD-2023-00004,2023-01-20,35000,libéré,0.0
L2023-00005-1,CMD-2023-00005,2023-01-12,31500,libéré,0.0
L2023-00006-1,CMD-2023-00006,2023-01-07,14500,libéré,0.0
L2023-00006-2,CMD-2023-00006,2023-02-01,14500,libéré,0.0
L2023-00007-1,CMD-2023-00007,2023-01-22,14000,libéré,0.0
L2023-00008-1,CMD-2023-00008,2023-01-23,13700,libéré,0.0
L2023-00008-2,CMD-2023-00008,2023-01-14,13800,libéré,0.0
L2023-00009-1,CMD-2023-00009,2023-01-21,35000,libéré,0.0
L2023-00009-2,CMD-2023-00009,2023-01-24,35000,libéré,0.0
L2023-00009-3,CMD-2023-00009,2023-01-07,35000,libéré,0.0
L2023-00010-1,CMD-2023-00010,2023-02-05,26200,libéré,0.0
L2023-00010-2,CMD-2023-00010,2023-02-01,26300,libéré,0.0
L2023-00011-1,CMD-2023-00011,2023-01-25,21000,libéré,0.0
L2023-00012-1,CMD-2023-00012,2023-01-17,58500,libéré,0.0
L2023-00013-1,CMD-2023-00013,2023-01-15,26200,libéré,0.0
L2023-00013-2,CMD-2023-00013,2023-01-11,26300,libéré,0.0
L2023-00014-1,CMD-2023-00014,2023-01-13,20500,libéré,0.0
L2023-00015-1,CMD-2023-00015,2023-01-17,48700,libéré,0.0
L2023-00015-2,CMD-2023-00015,2023-01-13,48800,libéré,0.0
L2023-00016-1,CMD-2023-00016,2023-01-08,12700,libéré,0.0
L2023-00016-2,CMD-2023-00016,2023-01-28,12800,libéré,0.0
L2023-00017-1,CMD-2023-00017,2023-01-27,42700,libéré,0.0
L2023-00017-2,CMD-2023-00017,2023-01-17,42800,libéré,0.0
L2023-00018-1,CMD-2023-00018,2023-01-16,18600,libéré,0.0
L2023-00018-2,CMD-2023-00018,2023-01-15,18600,libéré,0.0
L2023-00018-3,CMD-2023-00018,2023-01-08,18800,libéré,0.0
L2023-00019-1,CMD-2023-00019,2023-01-25,32600,libéré,0.0
L2023-00019-2,CMD-2023-00019,2023-01-29,32600,libéré,0.0
L2023-00019-3,CMD-2023-00019,2023-01-08,32800,libéré,0.0
L2023-00020-1,CMD-2023-00020,2023-01-12,17100,libéré,0.0
L2023-00020-2,CMD-2023-00020,2023-02-02,17100,libéré,0.0
L2023-00020-3,CMD-2023-00020,2023-02-02,17300,libéré,0.0
L2023-00021-1,CMD-2023-00021,2023-02-01,29500,libéré,0.0
L2023-00022-1,CMD-2023-00022,2023-02-04,37000,libéré,0.0
L2023-00023-1,CMD-2023-00023,2023-01-11,9000,libéré,0.0
L2023-00023-2,CMD-2023-00023,2023-01-22,9000,rejeté,41445.0
L2023-00024-1,CMD-2023-00024,2023-01-09,12200,libéré,0.0
L2023-00024-2,CMD-2023-00024,2023-01-17,12300,libéré,0.0
L2023-00025-1,CMD-2023-00025,2023-01-12,7800,libéré,0.0
L2023-00025-2,CMD-2023-00025,2023-02-02,7800,libéré,0.0
L2023-00025-3,CMD-2023-00025,2023-01-22,8000,libéré,0.0
L2023-00026-1,CMD-2023-00026,2023-02-03,6100,libéré,0.0
L2023-00026-2,CMD-2023-00026,2023-01-17,6100,libéré,0.0
L2023-00026-3,CMD-2023-00026,2023-02-04,6300,libéré,0.0
L2023-00027-1,CMD-2023-00027,2023-01-18,22300,libéré,0.0
L2023-00027-2,CMD-2023-00027,2023-02-01,22300,libéré,0.0
L2023-00027-3,CMD-2023-00027,2023-01-27,22400,libéré,0.0
L2023-00028-1,CMD-2023-00028,2023-01-20,49000,libéré,0.0
L2023-00028-2,CMD-2023-00028,2023-01-11,49000,libéré,0.0
L2023-00029-1,CMD-2023-00029,2023-01-11,18200,libéré,0.0
L2023-00029-2,CMD-2023-00029,2023-01-16,18300,libéré,0.0
L2023-00030-1,CMD-2023-00030,2023-01-30,43000,libéré,0.0
L2023-00031-1,CMD-2023-00031,2023-01-23,34100,libéré,0.0
L2023-00031-2,CMD-2023-00031,2023-01-24,34100,libéré,0.0
L2023-00031-3,CMD-2023-00031,2023-01-19,34300,libéré,0.0
L2023-00032-1,CMD-2023-00032,2023-01-13,20100,retraité,11215.8
L2023-00032-2,CMD-2023-00032,2023-01-27,20100,libéré,0.0
L2023-00032-3,CMD-2023-00032,2023-01-26,20300,libéré,0.0
L2023-00033-1,CMD-2023-00033,2023-01-23,23200,retraité,9977.16
L2023-00033-2,CMD-2023-00033,2023-01-16,23300,libéré,0.0
L2023-00034-1,CMD-2023-00034,2023-01-23,6800,libéré,0.0
L2023-00034-2,CMD-2023-00034,2023-01-21,6800,libéré,0.0
L2023-00034-3,CMD-2023-00034,2023-01-10,6900,libéré,0.0
L2023-00035-1,CMD-2023-00035,2023-01-22,37500,libéré,0.0
L2023-00036-1,CMD-2023-00036,2023-01-20,15600,libéré,0.0
L2023-00036-2,CMD-2023-00036,2023-01-19,15700,libéré,0.0
L2023-00037-1,CMD-2023-00037,2023-01-10,23000,libéré,0.0
L2023-00037-2,CMD-2023-00037,2023-01-24,23000,libéré,0.0
L2023-00038-1,CMD-2023-00038,2023-01-16,29500,libéré,0.0
L2023-00039-1,CMD-2023-00039,2023-01-20,35000,libéré,0.0
L2023-00040-1,CMD-2023-00040,2023-01-19,14100,rejeté,39042.9
L2023-00040-2,CMD-2023-00040,2023-01-13,14100,libéré,0.0
L2023-00040-3,CMD-2023-00040,2023-01-21,14300,libéré,0.0
L2023-00041-1,CMD-2023-00041,2023-01-23,9500,libéré,0.0
L2023-00041-2,CMD-2023-00041,2023-02-09,9500,libéré,0.0
L2023-00042-1,CMD-2023-00042,2023-01-26,17500,libéré,0.0
L2023-00042-2,CMD-2023-00042,2023-01-24,17500,libéré,0.0
L2023-00043-1,CMD-2023-00043,2023-02-05,19800,libéré,0.0
L2023-00043-2,CMD-2023-00043,2023-01-21,19800,libéré,0.0
L2023-00043-3,CMD-2023-00043,2023-02-06,19900,libéré,0.0
L2023-00044-1,CMD-2023-00044,2023-01-28,46000,libéré,0.0
L2023-00045-1,CMD-2023-00045,2023-01-14,27000,libéré,0.0
L2023-00045-2,CMD-2023-00045,2023-01-13,27000,libéré,0.0
L2023-00045-3,CMD-2023-00045,2023-01-20,27000,libéré,0.0
L2023-00046-1,CMD-2023-00046,2023-02-08,27500,libéré,0.0
L2023-00047-1,CMD-2023-00047,2023-01-19,43500,libéré,0.0
L2023-00048-1,CMD-2023-00048,2023-01-23,6600,libéré,0.0
L2023-00048-2,CMD-2023-00048,2023-01-31,6600,libéré,0.0
L2023-00048-3,CMD-2023-00048,2023-01-21,6800,libéré,0.0
L2023-00049-1,CMD-2023-00049,2023-01-24,11000,libéré,0.0
L2023-00049-2,CMD-2023-00049,2023-01-20,11000,libéré,0.0
L2023-00049-3,CMD-2023-00049,2023-01-22,11000,libéré,0.0
L2023-00050-1,CMD-2023-00050,2023-01-18,29000,libéré,0.0
L2023-00051-1,CMD-2023-00051,2023-02-08,9800,libéré,0.0
L2023-00051-2,CMD-2023-00051,2023-01-23,9800,libéré,0.0
L2023-00051-3,CMD-2023-00051,2023-01-18,9900,libéré,0.0
L2023-00052-1,CMD-2023-00052,2023-01-30,74500,libéré,0.0
L2023-00053-1,CMD-2023-00053,2023-01-28,5100,libéré,0.0
L2023-00053-2,CMD-2023-00053,2023-01-17,5100,libéré,0.0
L2023-00053-3,CMD-2023-00053,2023-01-26,5300,libéré,0.0
L2023-00054-1,CMD-2023-00054,2023-01-17,12800,libéré,0.0
L2023-00054-2,CMD-2023-00054,2023-01-23,12800,libéré,0.0
L2023-00054-3,CMD-2023-00054,2023-01-15,12900,libéré,0.0
L2023-00055-1,CMD-2023-00055,2023-02-09,27500,libéré,0.0
L2023-00055-2,CMD-2023-00055,2023-02-06,27500,libéré,0.0
L2023-00056-1,CMD-2023-00056,2023-01-30,20800,libéré,0.0
L2023-00056-2,CMD-2023-00056,2023-01-15,20800,rejeté,81328.0
L2023-00056-3,CMD-2023-00056,2023-01-30,20900,libéré,0.0
L2023-00057-1,CMD-2023-00057,2023-01-25,40500,libéré,0.0
L2023-00058-1,CMD-2023-00058,2023-02-02,13100,libéré,0.0
L2023-00058-2,CMD-2023-00058,2023-01-29,13100,libéré,0.0
L2023-00058-3,CMD-2023-00058,2023-01-21,13300,libéré,0.0
L2023-00059-1,CMD-2023-00059,2023-01-25,10800,libéré,0.0
L2023-00059-2,CMD-2023-00059,2023-01-16,10800,libéré,0.0
L2023-00059-3,CMD-2023-00059,2023-01-27,10900,libéré,0.0
L2023-00060-1,CMD-2023-00060,2023-02-09,50700,libéré,0.0
L2023-00060-2,CMD-2023-00060,2023-01-24,50800,libéré,0.0
L2023-00061-1,CMD-2023-00061,2023-01-31,31500,libéré,0.0
L2023-00062-1,CMD-2023-00062,2023-02-01,6100,libéré,0.0
L2023-00062-2,CMD-2023-00062,2023-01-16,6100,libéré,0.0
L2023-00062-3,CMD-2023-00062,2023-02-08,6300,libéré,0.0
L2023-00063-1,CMD-2023-00063,2023-02-05,13000,libéré,0.0
L2023-00064-1,CMD-2023-00064,2023-01-16,20200,libéré,0.0
L2023-00064-2,CMD-2023-00064,2023-01-25,20300,libéré,0.0
L2023-00065-1,CMD-2023-00065,2023-02-13,55500,libéré,0.0
L2023-00066-1,CMD-2023-00066,2023-01-16,47500,retraité,27873.0
L2023-00067-1,CMD-2023-00067,2023-01-25,20800,libéré,0.0
L2023-00067-2,CMD-2023-00067,2023-02-01,20800,libéré,0.0
L2023-00067-3,CMD-2023-00067,2023-02-02,20900,libéré,0.0
L2023-00068-1,CMD-2023-00068,2023-01-25,11500,libéré,0.0
L2023-00068-2,CMD-2023-00068,2023-01-24,11500,retraité,5758.05
L2023-00068-3,CMD-2023-00068,2023-01-27,11500,libéré,0.0
L2023-00069-1,CMD-2023-00069,2023-01-20,13500,libéré,0.0
L2023-00069-2,CMD-2023-00069,2023-01-18,13500,libéré,0.0
L2023-00069-3,CMD-2023-00069,2023-02-12,13500,libéré,0.0
L2023-00070-1,CMD-2023-00070,2023-01-21,23200,libéré,0.0
L2023-00070-2,CMD-2023-00070,2023-02-05,23300,libéré,0.0
L2023-00071-1,CMD-2023-00071,2023-01-18,9200,libéré,0.0
L2023-00071-2,CMD-2023-00071,2023-01-28,9300,libéré,0.0
L2023-00072-1,CMD-2023-00072,2023-01-17,44000,libéré,0.0
L2023-00072-2,CMD-2023-00072,2023-01-30,44000,libéré,0.0
L2023-00073-1,CMD-2023-00073,2023-01-25,13500,libéré,0.0
L2023-00073-2,CMD-2023-00073,2023-02-04,13500,libéré,0.0
L2023-00073-3,CMD-2023-00073,2023-01-24,13700,libéré,0.0
L2023-00074-1,CMD-2023-00074,2023-02-08,9000,libéré,0.0
L2023-00074-2,CMD-2023-00074,2023-02-08,9000,libéré,0.0
L2023-00075-1,CMD-2023-00075,2023-02-04,58000,libéré,0.0
L2023-00076-1,CMD-2023-00076,2023-01-26,45500,libéré,0.0
L2023-00077-1,CMD-2023-00077,2023-02-22,13000,libéré,0.0
L2023-00077-2,CMD-2023-00077,2023-02-11,13000,retraité,6622.2
L2023-00077-3,CMD-2023-00077,2023-02-21,13000,libéré,0.0
L2023-00078-1,CMD-2023-00078,2023-02-01,10600,libéré,0.0
L2023-00078-2,CMD-2023-00078,2023-01-28,10600,libéré,0.0
L2023-00078-3,CMD-2023-00078,2023-01-24,10800,libéré,0.0
L2023-00079-1,CMD-2023-00079,2023-01-20,7200,libéré,0.0
L2023-00079-2,CMD-2023-00079,2023-01-20,7300,libéré,0.0
L2023-00080-1,CMD-2023-00080,2023-01-19,22200,libéré,0.0
L2023-00080-2,CMD-2023-00080,2023-01-30,22300,libéré,0.0
L2023-00081-1,CMD-2023-00081,2023-01-24,29000,libéré,0.0
L2023-00081-2,CMD-2023-00081,2023-01-21,29000,libéré,0.0
L2023-00082-1,CMD-2023-00082,2023-02-13,47300,libéré,0.0
L2023-00082-2,CMD-2023-00082,2023-01-28,47300,libéré,0.0
L2023-00082-3,CMD-2023-00082,2023-02-01,47400,libéré,0.0
L2023-00083-1,CMD-2023-00083,2023-01-30,31500,libéré,0.0
L2023-00083-2,CMD-2023-00083,2023-02-01,31500,libéré,0.0
L2023-00083-3,CMD-2023-00083,2023-01-29,31500,libéré,0.0
L2023-00084-1,CMD-2023-00084,2023-01-28,25500,libéré,0.0
L2023-00084-2,CMD-2023-00084,2023-01-20,25500,libéré,0.0
L2023-00085-1,CMD-2023-00085,2023-01-24,27100,libéré,0.0
L2023-00085-2,CMD-2023-00085,2023-01-27,27100,libéré,0.0
L2023-00085-3,CMD-2023-00085,2023-01-22,27300,libéré,0.0
L2023-00086-1,CMD-2023-00086,2023-02-15,23000,libéré,0.0
L2023-00086-2,CMD-2023-00086,2023-02-13,23000,libéré,0.0
L2023-00087-1,CMD-2023-00087,2023-01-23,47500,libéré,0.0
L2023-00088-1,CMD-2023-00088,2023-02-04,32500,libéré,0.0
L2023-00088-2,CMD-2023-00088,2023-01-21,32500,libéré,0.0
L2023-00088-3,CMD-2023-00088,2023-01-24,32500,libéré,0.0
L2023-00089-1,CMD-2023-00089,2023-01-19,42000,libéré,0.0
L2023-00090-1,CMD-2023-00090,2023-01-20,26800,libéré,0.0
L2023-00091-1,CMD-2023-00091,2023-01-23,14500,libéré,0.0
L2023-00091-2,CMD-2023-00091,2023-01-22,14500,retraité,9446.02
L2023-00091-3,CMD-2023-00091,2023-01-25,14500,libéré,0.0
L2023-00092-1,CMD-2023-00092,2023-02-07,7100,libéré,0.0
L2023-00092-2,CMD-2023-00092,2023-01-25,7100,libéré,0.0
L2023-00092-3,CMD-2023-00092,2023-01-24,7300,libéré,0.0
L2023-00093-1,CMD-2023-00093,2023-02-19,22500,libéré,0.0
L2023-00094-1,CMD-2023-00094,2023-02-13,36500,libéré,0.0
L2023-00095-1,CMD-2023-00095,2023-01-29,15000,libéré,0.0
L2023-00095-2,CMD-2023-00095,2023-01-31,15000,libéré,0.0
L2023-00096-1,CMD-2023-00096,2023-01-22,27700,libéré,0.0
L2023-00096-2,CMD-2023-00096,2023-01-25,27800,libéré,0.0
L2023-00097-1,CMD-2023-00097,2023-02-06,18000,libéré,0.0
L2023-00097-2,CMD-2023-00097,2023-02-01,18000,libéré,0.0
L2023-00098-1,CMD-2023-00098,2023-02-01,27100,libéré,0.0
L2023-00098-2,CMD-2023-00098,2023-01-22,27100,libéré,0.0
L2023-00098-3,CMD-2023-00098,2023-02-02,27300,libéré,0.0
L2023-00099-1,CMD-2023-00099,2023-02-05,19000,libéré,0.0
L2023-00100-1,CMD-2023-00100,2023-01-26,10800,libéré,0.0
L2023-00100-2,CMD-2023-00100,2023-02-03,10800,libéré,0.0
L2023-00100-3,CMD-2023-00100,2023-01-27,10900,libéré,0.0
L2023-00101-1,CMD-2023-00101,2023-02-13,64500,libéré,0.0
L2023-00101-2,CMD-2023-00101,2023-02-16,64500,libéré,0.0
L2023-00102-1,CMD-2023-00102,2023-02-03,56200,libéré,0.0
L2023-00102-2,CMD-2023-00102,2023-02-19,56300,libéré,0.0
L2023-00103-1,CMD-2023-00103,2023-02-12,7600,libéré,0.0
L2023-00103-2,CMD-2023-00103,2023-02-13,7600,libéré,0.0
L2023-00103-3,CMD-2023-00103,2023-01-31,7800,libéré,0.0
L2023-00104-1,CMD-2023-00104,2023-01-30,16500,libéré,0.0
L2023-00104-2,CMD-2023-00104,2023-02-04,16500,libéré,0.0
L2023-00105-1,CMD-2023-00105,2023-02-03,14000,libéré,0.0
L2023-00105-2,CMD-2023-00105,2023-02-13,14000,libéré,0.0
L2023-00105-3,CMD-2023-00105,2023-01-23,14000,libéré,0.0
L2023-00106-1,CMD-2023-00106,2023-01-27,23300,libéré,0.0
L2023-00106-2,CMD-2023-00106,2023-01-26,23300,libéré,0.0
L2023-00106-3,CMD-2023-00106,2023-02-11,23400,libéré,0.0
L2023-00107-1,CMD-2023-00107,2023-02-23,13500,libéré,0.0
L2023-00107-2,CMD-2023-00107,2023-02-12,13500,libéré,0.0
L2023-00108-1,CMD-2023-00108,2023-02-19,5600,libéré,0.0
L2023-00108-2,CMD-2023-00108,2023-02-07,5600,libéré,0.0
L2023-00108-3,CMD-2023-00108,2023-01-26,5800,libéré,0.0
L2023-00109-1,CMD-2023-00109,2023-01-22,50000,libéré,0.0
L2023-00109-2,CMD-2023-00109,2023-02-01,50000,libéré,0.0
L2023-00109-3,CMD-2023-00109,2023-02-06,50000,libéré,0.0
L2023-00110-1,CMD-2023-00110,2023-01-22,18000,libéré,0.0
L2023-00110-2,CMD-2023-00110,2023-02-19,18000,libéré,0.0
L2023-00111-1,CMD-2023-00111,2023-02-08,18000,libéré,0.0
L2023-00111-2,CMD-2023-00111,2023-01-29,18000,libéré,0.0
L2023-00112-1,CMD-2023-00112,2023-02-05,29500,libéré,0.0
L2023-00113-1,CMD-2023-00113,2023-02-02,59500,rejeté,114597.0
L2023-00114-1,CMD-2023-00114,2023-02-02,39200,libéré,0.0
L2023-00114-2,CMD-2023-00114,2023-02-06,39300,retraité,24947.64
L2023-00115-1,CMD-2023-00115,2023-01-26,11100,libéré,0.0
L2023-00115-2,CMD-2023-00115,2023-01-31,11100,libéré,0.0
L2023-00115-3,CMD-2023-00115,2023-01-28,11300,libéré,0.0
L2023-00116-1,CMD-2023-00116,2023-01-23,13600,libéré,0.0
L2023-00116-2,CMD-2023-00116,2023-02-20,13700,libéré,0.0
L2023-00117-1,CMD-2023-00117,2023-01-24,22000,libéré,0.0
L2023-00117-2,CMD-2023-00117,2023-02-20,22000,libéré,0.0
L2023-00117-3,CMD-2023-00117,2023-02-17,22000,libéré,0.0
L2023-00118-1,CMD-2023-00118,2023-02-05,6500,libéré,0.0
L2023-00118-2,CMD-2023-00118,2023-02-04,6500,libéré,0.0
L2023-00119-1,CMD-2023-00119,2023-02-05,62500,libéré,0.0
L2023-00120-1,CMD-2023-00120,2023-02-21,32000,libéré,0.0
L2023-00121-1,CMD-2023-00121,2023-01-24,13300,libéré,0.0
L2023-00121-2,CMD-2023-00121,2023-01-30,13300,libéré,0.0
L2023-00121-3,CMD-2023-00121,2023-02-12,13400,libéré,0.0
L2023-00122-1,CMD-2023-00122,2023-01-31,6000,libéré,0.0
L2023-00122-2,CMD-2023-00122,2023-01-29,6000,libéré,0.0
L2023-00122-3,CMD-2023-00122,2023-01-24,6000,libéré,0.0
L2023-00123-1,CMD-2023-00123,2023-02-17,6000,libéré,0.0
L2023-00123-2,CMD-2023-00123,2023-02-11,6000,libéré,0.0
L2023-00123-3,CMD-2023-00123,2023-01-24,6000,libéré,0.0
L2023-00124-1,CMD-2023-00124,2023-02-09,5000,libéré,0.0
L2023-00124-2,CMD-2023-00124,2023-01-28,5000,libéré,0.0
L2023-00125-1,CMD-2023-00125,2023-02-08,16000,libéré,0.0
L2023-00126-1,CMD-2023-00126,2023-01-31,8600,libéré,0.0
L2023-00126-2,CMD-2023-00126,2023-01-30,8600,libéré,0.0
L2023-00126-3,CMD-2023-00126,2023-02-04,8800,libéré,0.0
L2023-00127-1,CMD-2023-00127,2023-02-01,70000,libéré,0.0
L2023-00127-2,CMD-2023-00127,2023-02-01,70000,libéré,0.0
L2023-00128-1,CMD-2023-00128,2023-01-28,21500,libéré,0.0
L2023-00129-1,CMD-2023-00129,2023-02-02,23800,libéré,0.0
L2023-00129-2,CMD-2023-00129,2023-02-02,23800,libéré,0.0
L2023-00129-3,CMD-2023-00129,2023-02-05,23900,libéré,0.0
L2023-00130-1,CMD-2023-00130,2023-02-05,9200,libéré,0.0
L2023-00130-2,CMD-2023-00130,2023-02-04,9300,libéré,0.0
L2023-00131-1,CMD-2023-00131,2023-03-13,14700,libéré,0.0
L2023-00131-2,CMD-2023-00131,2023-02-19,14800,libéré,0.0
L2023-00132-1,CMD-2023-00132,2023-02-19,20600,libéré,0.0
L2023-00132-2,CMD-2023-00132,2023-01-30,20600,retraité,8698.35
L2023-00132-3,CMD-2023-00132,2023-02-18,20800,libéré,0.0
L2023-00133-1,CMD-2023-00133,2023-01-31,27200,libéré,0.0
L2023-00133-2,CMD-2023-00133,2023-02-06,27300,retraité,18144.94
L2023-00134-1,CMD-2023-00134,2023-01-27,6500,libéré,0.0
L2023-00134-2,CMD-2023-00134,2023-02-14,6500,rejeté,30745.0
L2023-00134-3,CMD-2023-00134,2023-02-18,6500,libéré,0.0
L2023-00135-1,CMD-2023-00135,2023-02-09,9300,libéré,0.0
L2023-00135-2,CMD-2023-00135,2023-02-14,9300,libéré,0.0
L2023-00135-3,CMD-2023-00135,2023-02-19,9400,libéré,0.0
L2023-00136-1,CMD-2023-00136,2023-02-01,70000,retraité,38209.5
L2023-00137-1,CMD-2023-00137,2023-02-21,39000,libéré,0.0
L2023-00137-2,CMD-2023-00137,2023-02-19,39000,libéré,0.0
L2023-00138-1,CMD-2023-00138,2023-01-30,22000,libéré,0.0
L2023-00139-1,CMD-2023-00139,2023-02-27,18600,libéré,0.0
L2023-00139-2,CMD-2023-00139,2023-01-30,18600,libéré,0.0
L2023-00139-3,CMD-2023-00139,2023-02-07,18800,libéré,0.0
L2023-00140-1,CMD-2023-00140,2023-02-16,31500,retraité,20147.4
L2023-00141-1,CMD-2023-00141,2023-02-15,24100,libéré,0.0
L2023-00141-2,CMD-2023-00141,2023-02-15,24100,libéré,0.0
L2023-00141-3,CMD-2023-00141,2023-01-28,24300,libéré,0.0
L2023-00142-1,CMD-2023-00142,2023-02-05,20000,libéré,0.0
L2023-00143-1,CMD-2023-00143,2023-03-02,8500,libéré,0.0
L2023-00143-2,CMD-2023-00143,2023-02-09,8500,libéré,0.0
L2023-00143-3,CMD-2023-00143,2023-02-07,8500,libéré,0.0
L2023-00144-1,CMD-2023-00144,2023-02-05,11700,libéré,0.0
L2023-00144-2,CMD-2023-00144,2023-02-27,11800,retraité,7147.26
L2023-00145-1,CMD-2023-00145,2023-02-10,24500,libéré,0.0
L2023-00146-1,CMD-2023-00146,2023-02-06,36500,libéré,0.0
L2023-00147-1,CMD-2023-00147,2023-02-09,5500,libéré,0.0
L2023-00147-2,CMD-2023-00147,2023-01-31,5500,libéré,0.0
L2023-00148-1,CMD-2023-00148,2023-02-03,12700,libéré,0.0
L2023-00148-2,CMD-2023-00148,2023-02-07,12800,libéré,0.0
L2023-00149-1,CMD-2023-00149,2023-02-09,9700,libéré,0.0
L2023-00149-2,CMD-2023-00149,2023-02-22,9800,libéré,0.0
L2023-00150-1,CMD-2023-00150,2023-02-03,53500,libéré,0.0
L2023-00150-2,CMD-2023-00150,2023-02-09,53500,libéré,0.0
L2023-00151-1,CMD-2023-00151,2023-02-03,32500,libéré,0.0
L2023-00151-2,CMD-2023-00151,2023-02-13,32500,libéré,0.0
L2023-00152-1,CMD-2023-00152,2023-02-06,16000,libéré,0.0
L2023-00152-2,CMD-2023-00152,2023-01-31,16000,libéré,0.0
L2023-00152-3,CMD-2023-00152,2023-02-11,16000,libéré,0.0
L2023-00153-1,CMD-2023-00153,2023-02-16,16000,libéré,0.0
L2023-00154-1,CMD-2023-00154,2023-02-25,75000,libéré,0.0
L2023-00154-2,CMD-2023-00154,2023-02-18,75000,libéré,0.0
L2023-00155-1,CMD-2023-00155,2023-01-31,51000,libéré,0.0
L2023-00156-1,CMD-2023-00156,2023-02-11,18500,libéré,0.0
L2023-00156-2,CMD-2023-00156,2023-02-16,18500,libéré,0.0
L2023-00156-3,CMD-2023-00156,2023-02-23,18500,libéré,0.0
L2023-00157-1,CMD-2023-00157,2023-02-25,11700,libéré,0.0
L2023-00157-2,CMD-2023-00157,2023-02-23,11800,libéré,0.0
L2023-00158-1,CMD-2023-00158,2023-03-04,34700,libéré,0.0
L2023-00158-2,CMD-2023-00158,2023-02-13,34800,libéré,0.0
L2023-00159-1,CMD-2023-00159,2023-02-02,36800,libéré,0.0
L2023-00159-2,CMD-2023-00159,2023-02-01,36800,libéré,0.0
L2023-00159-3,CMD-2023-00159,2023-02-09,36900,libéré,0.0
L2023-00160-1,CMD-2023-00160,2023-02-20,39500,libéré,0.0
L2023-00161-1,CMD-2023-00161,2023-02-07,19100,libéré,0.0
L2023-00161-2,CMD-2023-00161,2023-02-07,19100,rejeté,56421.4
L2023-00161-3,CMD-2023-00161,2023-01-31,19300,libéré,0.0
L2023-00162-1,CMD-2023-00162,2023-02-10,19200,libéré,0.0
L2023-00162-2,CMD-2023-00162,2023-02-08,19300,libéré,0.0
L2023-00163-1,CMD-2023-00163,2023-03-04,28000,libéré,0.0
L2023-00164-1,CMD-2023-00164,2023-02-07,45200,libéré,0.0
L2023-00164-2,CMD-2023-00164,2023-02-12,45300,libéré,0.0
L2023-00165-1,CMD-2023-00165,2023-02-24,62200,libéré,0.0
L2023-00165-2,CMD-2023-00165,2023-03-15,62300,retraité,39585.42
L2023-00166-1,CMD-2023-00166,2023-03-10,7800,libéré,0.0
L2023-00166-2,CMD-2023-00166,2023-03-09,7800,libéré,0.0
L2023-00166-3,CMD-2023-00166,2023-03-12,7900,libéré,0.0
L2023-00167-1,CMD-2023-00167,2023-02-12,9100,retraité,6041.49
L2023-00168-1,CMD-2023-00168,2023-02-19,36500,libéré,0.0
L2023-00169-1,CMD-2023-00169,2023-02-11,62000,libéré,0.0
L2023-00170-1,CMD-2023-00170,2023-02-22,69700,libéré,0.0
L2023-00170-2,CMD-2023-00170,2023-02-10,69800,libéré,0.0
L2023-00171-1,CMD-2023-00171,2023-02-08,30000,libéré,0.0
L2023-00171-2,CMD-2023-00171,2023-02-24,30000,libéré,0.0
L2023-00172-1,CMD-2023-00172,2023-02-03,57500,libéré,0.0
L2023-00173-1,CMD-2023-00173,2023-02-02,13600,libéré,0.0
L2023-00173-2,CMD-2023-00173,2023-02-03,13600,libéré,0.0
L2023-00173-3,CMD-2023-00173,2023-02-04,13800,libéré,0.0
L2023-00174-1,CMD-2023-00174,2023-02-05,7100,libéré,0.0
L2023-00174-2,CMD-2023-00174,2023-02-12,7100,libéré,0.0
L2023-00174-3,CMD-2023-00174,2023-02-17,7300,libéré,0.0
L2023-00175-1,CMD-2023-00175,2023-02-22,10800,libéré,0.0
L2023-00175-2,CMD-2023-00175,2023-02-06,10800,libéré,0.0
L2023-00175-3,CMD-2023-00175,2023-02-07,10900,libéré,0.0
L2023-00176-1,CMD-2023-00176,2023-02-16,29000,libéré,0.0
L2023-00177-1,CMD-2023-00177,2023-02-11,18500,rejeté,97347.0
L2023-00177-2,CMD-2023-00177,2023-02-08,18500,libéré,0.0
L2023-00177-3,CMD-2023-00177,2023-02-13,18500,libéré,0.0
L2023-00178-1,CMD-2023-00178,2023-02-09,12300,libéré,0.0
L2023-00178-2,CMD-2023-00178,2023-02-22,12300,libéré,0.0
L2023-00178-3,CMD-2023-00178,2023-02-16,12400,libéré,0.0
L2023-00179-1,CMD-2023-00179,2023-02-08,54500,libéré,0.0
L2023-00180-1,CMD-2023-00180,2023-02-17,39000,libéré,0.0
L2023-00180-2,CMD-2023-00180,2023-02-02,39000,libéré,0.0
L2023-00181-1,CMD-2023-00181,2023-02-15,39700,libéré,0.0
L2023-00181-2,CMD-2023-00181,2023-02-18,39800,libéré,0.0
L2023-00182-1,CMD-2023-00182,2023-02-15,14700,libéré,0.0
L2023-00182-2,CMD-2023-00182,2023-02-08,14800,libéré,0.0
L2023-00183-1,CMD-2023-00183,2023-02-18,8500,rejeté,31220.5
L2023-00183-2,CMD-2023-00183,2023-02-19,8500,libéré,0.0
L2023-00184-1,CMD-2023-00184,2023-02-23,27500,libéré,0.0
L2023-00185-1,CMD-2023-00185,2023-02-17,8600,libéré,0.0
L2023-00185-2,CMD-2023-00185,2023-02-20,8600,libéré,0.0
L2023-00185-3,CMD-2023-00185,2023-02-10,8800,libéré,0.0
L2023-00186-1,CMD-2023-00186,2023-02-19,30500,libéré,0.0
L2023-00187-1,CMD-2023-00187,2023-02-18,7100,libéré,0.0
L2023-00187-2,CMD-2023-00187,2023-02-10,7100,libéré,0.0
L2023-00187-3,CMD-2023-00187,2023-02-18,7300,libéré,0.0
L2023-00188-1,CMD-2023-00188,2023-02-17,18500,libéré,0.0
L2023-00189-1,CMD-2023-00189,2023-02-08,42000,libéré,0.0
L2023-00189-2,CMD-2023-00189,2023-02-21,42000,libéré,0.0
L2023-00190-1,CMD-2023-00190,2023-03-02,53500,libéré,0.0
L2023-00191-1,CMD-2023-00191,2023-02-08,17500,libéré,0.0
L2023-00192-1,CMD-2023-00192,2023-02-20,32000,libéré,0.0
L2023-00193-1,CMD-2023-00193,2023-02-15,10600,libéré,0.0
L2023-00193-2,CMD-2023-00193,2023-02-20,10600,libéré,0.0
L2023-00193-3,CMD-2023-00193,2023-02-12,10800,libéré,0.0
L2023-00194-1,CMD-2023-00194,2023-02-16,9000,libéré,0.0
L2023-00194-2,CMD-2023-00194,2023-03-02,9000,libéré,0.0
L2023-00195-1,CMD-2023-00195,2023-02-15,15200,libéré,0.0
L2023-00195-2,CMD-2023-00195,2023-02-10,15300,libéré,0.0
L2023-00196-1,CMD-2023-00196,2023-02-09,18000,libéré,0.0
L2023-00196-2,CMD-2023-00196,2023-03-12,18000,libéré,0.0
L2023-00197-1,CMD-2023-00197,2023-02-23,16800,libéré,0.0
L2023-00197-2,CMD-2023-00197,2023-02-09,16800,libéré,0.0
L2023-00197-3,CMD-2023-00197,2023-02-19,16900,libéré,0.0
L2023-00198-1,CMD-2023-00198,2023-02-07,10000,libéré,0.0
L2023-00199-1,CMD-2023-00199,2023-02-14,18500,libéré,0.0
L2023-00200-1,CMD-2023-00200,2023-02-20,33500,libéré,0.0
L2023-00201-1,CMD-2023-00201,2023-03-03,49500,retraité,30249.45
L2023-00202-1,CMD-2023-00202,2023-02-13,75000,libéré,0.0
L2023-00202-2,CMD-2023-00202,2023-02-11,75000,libéré,0.0
L2023-00203-1,CMD-2023-00203,2023-02-23,11100,libéré,0.0
L2023-00203-2,CMD-2023-00203,2023-03-01,11100,libéré,0.0
L2023-00203-3,CMD-2023-00203,2023-03-03,11300,libéré,0.0
L2023-00204-1,CMD-2023-00204,2023-02-26,38500,libéré,0.0
L2023-00205-1,CMD-2023-00205,2023-03-13,10600,libéré,0.0
L2023-00205-2,CMD-2023-00205,2023-03-13,10600,libéré,0.0
L2023-00205-3,CMD-2023-00205,2023-02-19,10800,libéré,0.0
L2023-00206-1,CMD-2023-00206,2023-02-28,21800,libéré,0.0
L2023-00206-2,CMD-2023-00206,2023-03-01,21800,libéré,0.0
L2023-00206-3,CMD-2023-00206,2023-03-07,21900,libéré,0.0
L2023-00207-1,CMD-2023-00207,2023-02-21,9600,libéré,0.0
L2023-00207-2,CMD-2023-00207,2023-02-14,9600,rejeté,26899.2
L2023-00207-3,CMD-2023-00207,2023-02-10,9800,libéré,0.0
L2023-00208-1,CMD-2023-00208,2023-02-25,40500,libéré,0.0
L2023-00208-2,CMD-2023-00208,2023-02-26,40500,libéré,0.0
L2023-00209-1,CMD-2023-00209,2023-02-22,8600,libéré,0.0
L2023-00209-2,CMD-2023-00209,2023-03-07,8600,libéré,0.0
L2023-00209-3,CMD-2023-00209,2023-02-15,8800,libéré,0.0
L2023-00210-1,CMD-2023-00210,2023-02-08,7700,libéré,0.0
L2023-00210-2,CMD-2023-00210,2023-02-19,7800,libéré,0.0
L2023-00211-1,CMD-2023-00211,2023-03-03,56000,libéré,0.0
L2023-00211-2,CMD-2023-00211,2023-02-17,56000,libéré,0.0
L2023-00212-1,CMD-2023-00212,2023-03-12,18600,libéré,0.0
L2023-00212-2,CMD-2023-00212,2023-03-05,18600,libéré,0.0
L2023-00212-3,CMD-2023-00212,2023-02-08,18800,libéré,0.0
L2023-00213-1,CMD-2023-00213,2023-02-23,23500,libéré,0.0
L2023-00213-2,CMD-2023-00213,2023-03-09,23500,libéré,0.0
L2023-00213-3,CMD-2023-00213,2023-03-04,23500,libéré,0.0
L2023-00214-1,CMD-2023-00214,2023-02-10,21300,libéré,0.0
L2023-00214-2,CMD-2023-00214,2023-03-02,21300,libéré,0.0
L2023-00214-3,CMD-2023-00214,2023-02-23,21400,libéré,0.0
L2023-00215-1,CMD-2023-00215,2023-02-27,7300,libéré,0.0
L2023-00215-2,CMD-2023-00215,2023-03-07,7300,libéré,0.0
L2023-00215-3,CMD-2023-00215,2023-02-23,7400,libéré,0.0
L2023-00216-1,CMD-2023-00216,2023-02-18,19500,rejeté,34827.0
L2023-00216-2,CMD-2023-00216,2023-02-27,19500,libéré,0.0
L2023-00217-1,CMD-2023-00217,2023-02-15,13600,libéré,0.0
L2023-00217-2,CMD-2023-00217,2023-03-05,13600,libéré,0.0
L2023-00217-3,CMD-2023-00217,2023-02-18,13800,libéré,0.0
L2023-00218-1,CMD-2023-00218,2023-02-22,9600,libéré,0.0
L2023-00218-2,CMD-2023-00218,2023-03-12,9600,libéré,0.0
L2023-00218-3,CMD-2023-00218,2023-02-23,9800,libéré,0.0
L2023-00219-1,CMD-2023-00219,2023-02-20,14700,libéré,0.0
L2023-00219-2,CMD-2023-00219,2023-02-27,14700,libéré,0.0
L2023-00219-3,CMD-2023-00219,2023-02-15,14900,libéré,0.0
L2023-00220-1,CMD-2023-00220,2023-03-10,12200,libéré,0.0
L2023-00220-2,CMD-2023-00220,2023-03-07,12300,libéré,0.0
L2023-00221-1,CMD-2023-00221,2023-03-09,16600,libéré,0.0
L2023-00221-2,CMD-2023-00221,2023-02-25,16600,libéré,0.0
L2023-00221-3,CMD-2023-00221,2023-03-06,16800,libéré,0.0
L2023-00222-1,CMD-2023-00222,2023-02-14,39500,libéré,0.0
L2023-00223-1,CMD-2023-00223,2023-02-18,8100,libéré,0.0
L2023-00223-2,CMD-2023-00223,2023-03-01,8100,retraité,3400.78
L2023-00223-3,CMD-2023-00223,2023-03-01,8300,libéré,0.0
L2023-00224-1,CMD-2023-00224,2023-03-10,14100,libéré,0.0
L2023-00224-2,CMD-2023-00224,2023-02-15,14100,libéré,0.0
L2023-00224-3,CMD-2023-00224,2023-03-18,14300,libéré,0.0
L2023-00225-1,CMD-2023-00225,2023-02-21,17600,libéré,0.0
L2023-00225-2,CMD-2023-00225,2023-02-16,17600,libéré,0.0
L2023-00225-3,CMD-2023-00225,2023-02-19,17800,libéré,0.0
L2023-00226-1,CMD-2023-00226,2023-03-08,41000,libéré,0.0
L2023-00227-1,CMD-2023-00227,2023-02-21,60200,libéré,0.0
L2023-00227-2,CMD-2023-00227,2023-02-14,60300,libéré,0.0
L2023-00228-1,CMD-2023-00228,2023-02-22,25500,libéré,0.0
L2023-00228-2,CMD-2023-00228,2023-02-17,25500,libéré,0.0
L2023-00229-1,CMD-2023-00229,2023-02-15,37500,libéré,0.0
L2023-00230-1,CMD-2023-00230,2023-02-18,27800,libéré,0.0
L2023-00230-2,CMD-2023-00230,2023-02-16,27800,libéré,0.0
L2023-00230-3,CMD-2023-00230,2023-03-01,27900,libéré,0.0
L2023-00231-1,CMD-2023-00231,2023-03-05,24600,libéré,0.0
L2023-00231-2,CMD-2023-00231,2023-02-13,24600,libéré,0.0
L2023-00231-3,CMD-2023-00231,2023-02-20,24800,libéré,0.0
L2023-00232-1,CMD-2023-00232,2023-02-21,63500,libéré,0.0
L2023-00232-2,CMD-2023-00232,2023-02-15,63500,libéré,0.0
L2023-00233-1,CMD-2023-00233,2023-02-16,56500,rejeté,234588.0
L2023-00234-1,CMD-2023-00234,2023-02-24,19500,libéré,0.0
L2023-00234-2,CMD-2023-00234,2023-02-27,19500,libéré,0.0
L2023-00235-1,CMD-2023-00235,2023-02-21,42300,libéré,0.0
L2023-00235-2,CMD-2023-00235,2023-02-24,42300,libéré,0.0
L2023-00235-3,CMD-2023-00235,2023-02-13,42400,libéré,0.0
L2023-00236-1,CMD-2023-00236,2023-02-24,28200,libéré,0.0
L2023-00236-2,CMD-2023-00236,2023-02-22,28300,libéré,0.0
L2023-00237-1,CMD-2023-00237,2023-02-15,23700,libéré,0.0
L2023-00237-2,CMD-2023-00237,2023-02-24,23800,libéré,0.0
L2023-00238-1,CMD-2023-00238,2023-02-16,63500,libéré,0.0
L2023-00239-1,CMD-2023-00239,2023-02-27,40000,libéré,0.0
L2023-00240-1,CMD-2023-00240,2023-02-25,35700,libéré,0.0
L2023-00240-2,CMD-2023-00240,2023-03-02,35800,libéré,0.0
L2023-00241-1,CMD-2023-00241,2023-02-23,20200,libéré,0.0
L2023-00241-2,CMD-2023-00241,2023-02-22,20300,libéré,0.0
L2023-00242-1,CMD-2023-00242,2023-02-22,40800,libéré,0.0
L2023-00242-2,CMD-2023-00242,2023-02-15,40800,libéré,0.0
L2023-00242-3,CMD-2023-00242,2023-02-23,40900,libéré,0.0
L2023-00243-1,CMD-2023-00243,2023-02-16,32200,libéré,0.0
L2023-00243-2,CMD-2023-00243,2023-02-24,32300,libéré,0.0
L2023-00244-1,CMD-2023-00244,2023-02-14,22100,libéré,0.0
L2023-00244-2,CMD-2023-00244,2023-02-23,22100,libéré,0.0
L2023-00244-3,CMD-2023-00244,2023-02-18,22300,libéré,0.0
L2023-00245-1,CMD-2023-00245,2023-03-07,53000,rejeté,182797.0
L2023-00246-1,CMD-2023-00246,2023-02-19,26500,libéré,0.0
L2023-00246-2,CMD-2023-00246,2023-02-18,26500,libéré,0.0
L2023-00247-1,CMD-2023-00247,2023-02-15,51500,libéré,0.0
L2023-00248-1,CMD-2023-00248,2023-02-28,49200,libéré,0.0
L2023-00248-2,CMD-2023-00248,2023-02-19,49300,libéré,0.0
L2023-00249-1,CMD-2023-00249,2023-02-25,15700,libéré,0.0
L2023-00249-2,CMD-2023-00249,2023-02-14,15800,libéré,0.0
L2023-00250-1,CMD-2023-00250,2023-02-24,17200,libéré,0.0
L2023-00250-2,CMD-2023-00250,2023-03-07,17300,libéré,0.0
L2023-00251-1,CMD-2023-00251,2023-03-10,19200,libéré,0.0
L2023-00251-2,CMD-2023-00251,2023-03-18,19300,libéré,0.0
L2023-00252-1,CMD-2023-00252,2023-02-27,11500,libéré,0.0
L2023-00252-2,CMD-2023-00252,2023-03-01,11500,libéré,0.0
L2023-00253-1,CMD-2023-00253,2023-03-08,23000,libéré,0.0
L2023-00254-1,CMD-2023-00254,2023-03-03,8500,libéré,0.0
L2023-00254-2,CMD-2023-00254,2023-02-15,8500,libéré,0.0
L2023-00255-1,CMD-2023-00255,2023-02-23,9500,libéré,0.0
L2023-00255-2,CMD-2023-00255,2023-02-22,9500,libéré,0.0
L2023-00255-3,CMD-2023-00255,2023-02-20,9500,libéré,0.0
L2023-00256-1,CMD-2023-00256,2023-03-04,15600,libéré,0.0
L2023-00256-2,CMD-2023-00256,2023-02-28,15600,libéré,0.0
L2023-00256-3,CMD-2023-00256,2023-02-26,15800,libéré,0.0
L2023-00257-1,CMD-2023-00257,2023-02-17,10300,libéré,0.0
L2023-00257-2,CMD-2023-00257,2023-02-18,10300,libéré,0.0
L2023-00257-3,CMD-2023-00257,2023-02-25,10400,libéré,0.0
L2023-00258-1,CMD-2023-00258,2023-02-28,55500,libéré,0.0
L2023-00259-1,CMD-2023-00259,2023-02-15,24300,libéré,0.0
L2023-00259-2,CMD-2023-00259,2023-02-16,24300,libéré,0.0
L2023-00259-3,CMD-2023-00259,2023-03-08,24400,libéré,0.0
L2023-00260-1,CMD-2023-00260,2023-02-24,42000,libéré,0.0
L2023-00261-1,CMD-2023-00261,2023-02-19,35500,libéré,0.0
L2023-00262-1,CMD-2023-00262,2023-02-24,18000,libéré,0.0
L2023-00263-1,CMD-2023-00263,2023-02-19,24000,libéré,0.0
L2023-00264-1,CMD-2023-00264,2023-02-25,27500,libéré,0.0
L2023-00264-2,CMD-2023-00264,2023-03-14,27500,libéré,0.0
L2023-00264-3,CMD-2023-00264,2023-03-08,27500,libéré,0.0
L2023-00265-1,CMD-2023-00265,2023-02-21,36500,libéré,0.0
L2023-00266-1,CMD-2023-00266,2023-03-05,11000,libéré,0.0
L2023-00266-2,CMD-2023-00266,2023-03-22,11000,libéré,0.0
L2023-00266-3,CMD-2023-00266,2023-03-10,11000,libéré,0.0
L2023-00267-1,CMD-2023-00267,2023-03-03,24600,libéré,0.0
L2023-00267-2,CMD-2023-00267,2023-02-18,24600,libéré,0.0
L2023-00267-3,CMD-2023-00267,2023-03-01,24800,libéré,0.0
L2023-00268-1,CMD-2023-00268,2023-02-27,12000,libéré,0.0
L2023-00268-2,CMD-2023-00268,2023-02-24,12000,libéré,0.0
L2023-00269-1,CMD-2023-00269,2023-02-21,14000,rejeté,43218.0
L2023-00270-1,CMD-2023-00270,2023-02-23,46700,libéré,0.0
L2023-00270-2,CMD-2023-00270,2023-03-22,46800,libéré,0.0
L2023-00271-1,CMD-2023-00271,2023-02-25,66000,libéré,0.0
L2023-00272-1,CMD-2023-00272,2023-02-21,10800,libéré,0.0
L2023-00272-2,CMD-2023-00272,2023-03-11,10800,libéré,0.0
L2023-00272-3,CMD-2023-00272,2023-03-06,10900,libéré,0.0
L2023-00273-1,CMD-2023-00273,2023-03-06,30500,libéré,0.0
L2023-00273-2,CMD-2023-00273,2023-02-22,30500,libéré,0.0
L2023-00274-1,CMD-2023-00274,2023-03-02,5000,rejeté,25605.0
L2023-00274-2,CMD-2023-00274,2023-02-21,5000,libéré,0.0
L2023-00275-1,CMD-2023-00275,2023-02-26,18500,libéré,0.0
L2023-00275-2,CMD-2023-00275,2023-02-20,18500,libéré,0.0
L2023-00275-3,CMD-2023-00275,2023-03-02,18500,libéré,0.0
L2023-00276-1,CMD-2023-00276,2023-03-19,7000,libéré,0.0
L2023-00276-2,CMD-2023-00276,2023-03-06,7000,libéré,0.0
L2023-00277-1,CMD-2023-00277,2023-03-06,16800,libéré,0.0
L2023-00277-2,CMD-2023-00277,2023-03-12,16800,rejeté,67132.8
L2023-00277-3,CMD-2023-00277,2023-03-21,16900,libéré,0.0
L2023-00278-1,CMD-2023-00278,2023-03-21,15300,libéré,0.0
L2023-00278-2,CMD-2023-00278,2023-03-21,15300,libéré,0.0
L2023-00278-3,CMD-2023-00278,2023-03-09,15400,libéré,0.0
L2023-00279-1,CMD-2023-00279,2023-02-21,39000,libéré,0.0
L2023-00280-1,CMD-2023-00280,2023-03-08,7500,libéré,0.0
L2023-00280-2,CMD-2023-00280,2023-02-25,7500,libéré,0.0
L2023-00281-1,CMD-2023-00281,2023-02-23,13000,libéré,0.0
L2023-00281-2,CMD-2023-00281,2023-02-28,13000,rejeté,48867.0
L2023-00282-1,CMD-2023-00282,2023-03-05,23300,libéré,0.0
L2023-00282-2,CMD-2023-00282,2023-03-09,23300,libéré,0.0
L2023-00282-3,CMD-2023-00282,2023-03-17,23400,libéré,0.0
L2023-00283-1,CMD-2023-00283,2023-02-21,27000,libéré,0.0
L2023-00284-1,CMD-2023-00284,2023-02-24,11500,libéré,0.0
L2023-00284-2,CMD-2023-00284,2023-03-03,11500,libéré,0.0
L2023-00285-1,CMD-2023-00285,2023-03-10,21800,libéré,0.0
L2023-00285-2,CMD-2023-00285,2023-02-28,21800,libéré,0.0
L2023-00285-3,CMD-2023-00285,2023-02-27,21900,libéré,0.0
L2023-00286-1,CMD-2023-00286,2023-03-08,30000,libéré,0.0
L2023-00286-2,CMD-2023-00286,2023-03-02,30000,libéré,0.0
L2023-00287-1,CMD-2023-00287,2023-03-21,15000,retraité,13095.0
L2023-00287-2,CMD-2023-00287,2023-03-02,15000,retraité,13095.0
L2023-00287-3,CMD-2023-00287,2023-02-23,15000,libéré,0.0
L2023-00288-1,CMD-2023-00288,2023-02-25,14300,libéré,0.0
L2023-00288-2,CMD-2023-00288,2023-02-28,14300,libéré,0.0
L2023-00288-3,CMD-2023-00288,2023-03-10,14400,libéré,0.0
L2023-00289-1,CMD-2023-00289,2023-02-24,17300,rejeté,76569.8
L2023-00289-2,CMD-2023-00289,2023-02-24,17300,libéré,0.0
L2023-00289-3,CMD-2023-00289,2023-02-22,17400,libéré,0.0
L2023-00290-1,CMD-2023-00290,2023-02-26,14500,libéré,0.0
L2023-00290-2,CMD-2023-00290,2023-03-07,14500,libéré,0.0
L2023-00291-1,CMD-2023-00291,2023-02-26,9500,libéré,0.0
L2023-00291-2,CMD-2023-00291,2023-02-27,9500,libéré,0.0
L2023-00291-3,CMD-2023-00291,2023-03-15,9500,libéré,0.0
L2023-00292-1,CMD-2023-00292,2023-03-14,73500,libéré,0.0
L2023-00292-2,CMD-2023-00292,2023-03-11,73500,libéré,0.0
L2023-00293-1,CMD-2023-00293,2023-02-22,55000,libéré,0.0
L2023-00294-1,CMD-2023-00294,2023-02-26,39000,libéré,0.0
L2023-00294-2,CMD-2023-00294,2023-03-19,39000,libéré,0.0
L2023-00294-3,CMD-2023-00294,2023-03-30,39000,libéré,0.0
L2023-00295-1,CMD-2023-00295,2023-02-25,58000,libéré,0.0
L2023-00295-2,CMD-2023-00295,2023-02-23,58000,libéré,0.0
L2023-00296-1,CMD-2023-00296,2023-03-06,40000,libéré,0.0
L2023-00297-1,CMD-2023-00297,2023-02-23,14500,libéré,0.0
L2023-00297-2,CMD-2023-00297,2023-03-05,14500,libéré,0.0
L2023-00298-1,CMD-2023-00298,2023-03-06,22500,libéré,0.0
L2023-00298-2,CMD-2023-00298,2023-03-08,22500,libéré,0.0
L2023-00299-1,CMD-2023-00299,2023-03-23,13700,libéré,0.0
L2023-00299-2,CMD-2023-00299,2023-02-25,13800,libéré,0.0
L2023-00300-1,CMD-2023-00300,2023-03-02,11200,libéré,0.0
L2023-00300-2,CMD-2023-00300,2023-03-06,11200,libéré,0.0
L2023-00300-3,CMD-2023-00300,2023-03-07,11400,libéré,0.0
L2023-00301-1,CMD-2023-00301,2023-03-03,12000,libéré,0.0
L2023-00302-1,CMD-2023-00302,2023-03-19,13800,libéré,0.0
L2023-00302-2,CMD-2023-00302,2023-03-04,13800,libéré,0.0
L2023-00302-3,CMD-2023-00302,2023-02-28,13900,libéré,0.0
L2023-00303-1,CMD-2023-00303,2023-03-08,79500,libéré,0.0
L2023-00304-1,CMD-2023-00304,2023-03-02,24700,libéré,0.0
L2023-00304-2,CMD-2023-00304,2023-03-05,24800,libéré,0.0
L2023-00305-1,CMD-2023-00305,2023-03-01,9700,libéré,0.0
L2023-00305-2,CMD-2023-00305,2023-02-26,9800,libéré,0.0
L2023-00306-1,CMD-2023-00306,2023-04-08,7500,libéré,0.0
L2023-00306-2,CMD-2023-00306,2023-03-18,7500,libéré,0.0
L2023-00307-1,CMD-2023-00307,2023-03-05,5200,retraité,3293.16
L2023-00307-2,CMD-2023-00307,2023-02-28,5300,libéré,0.0
L2023-00308-1,CMD-2023-00308,2023-03-03,36500,libéré,0.0
L2023-00308-2,CMD-2023-00308,2023-03-19,36500,libéré,0.0
L2023-00309-1,CMD-2023-00309,2023-03-18,52000,libéré,0.0
L2023-00310-1,CMD-2023-00310,2023-03-22,26500,libéré,0.0
L2023-00310-2,CMD-2023-00310,2023-03-10,26500,libéré,0.0
L2023-00310-3,CMD-2023-00310,2023-03-01,26500,libéré,0.0
L2023-00311-1,CMD-2023-00311,2023-03-28,68000,libéré,0.0
L2023-00312-1,CMD-2023-00312,2023-03-18,10200,libéré,0.0
L2023-00312-2,CMD-2023-00312,2023-03-23,10300,libéré,0.0
L2023-00313-1,CMD-2023-00313,2023-03-11,8300,libéré,0.0
L2023-00313-2,CMD-2023-00313,2023-03-17,8300,libéré,0.0
L2023-00313-3,CMD-2023-00313,2023-03-14,8400,libéré,0.0
L2023-00314-1,CMD-2023-00314,2023-02-27,43300,libéré,0.0
L2023-00314-2,CMD-2023-00314,2023-03-02,43300,libéré,0.0
L2023-00314-3,CMD-2023-00314,2023-03-12,43400,libéré,0.0
L2023-00315-1,CMD-2023-00315,2023-03-22,35800,libéré,0.0
L2023-00315-2,CMD-2023-00315,2023-02-27,35800,libéré,0.0
L2023-00315-3,CMD-2023-00315,2023-03-15,35900,libéré,0.0
L2023-00316-1,CMD-2023-00316,2023-03-24,16700,libéré,0.0
L2023-00316-2,CMD-2023-00316,2023-03-17,16800,libéré,0.0
L2023-00317-1,CMD-2023-00317,2023-03-13,5100,libéré,0.0
L2023-00317-2,CMD-2023-00317,2023-03-09,5100,libéré,0.0
L2023-00317-3,CMD-2023-00317,2023-03-21,5300,libéré,0.0
L2023-00318-1,CMD-2023-00318,2023-03-05,14500,libéré,0.0
L2023-00318-2,CMD-2023-00318,2023-03-09,14500,libéré,0.0
L2023-00319-1,CMD-2023-00319,2023-03-15,55500,libéré,0.0
L2023-00320-1,CMD-2023-00320,2023-03-02,19500,libéré,0.0
L2023-00320-2,CMD-2023-00320,2023-03-20,19500,libéré,0.0
L2023-00320-3,CMD-2023-00320,2023-03-22,19500,libéré,0.0
L2023-00321-1,CMD-2023-00321,2023-03-01,14300,libéré,0.0
L2023-00321-2,CMD-2023-00321,2023-02-28,14300,libéré,0.0
L2023-00321-3,CMD-2023-00321,2023-03-04,14400,libéré,0.0
L2023-00322-1,CMD-2023-00322,2023-03-14,11100,libéré,0.0
L2023-00322-2,CMD-2023-00322,2023-03-05,11100,libéré,0.0
L2023-00322-3,CMD-2023-00322,2023-04-03,11300,libéré,0.0
L2023-00323-1,CMD-2023-00323,2023-04-01,6500,libéré,0.0
L2023-00323-2,CMD-2023-00323,2023-04-03,6500,libéré,0.0
L2023-00323-3,CMD-2023-00323,2023-04-08,6500,libéré,0.0
L2023-00324-1,CMD-2023-00324,2023-03-07,8700,libéré,0.0
L2023-00324-2,CMD-2023-00324,2023-03-19,8800,libéré,0.0
L2023-00325-1,CMD-2023-00325,2023-03-13,43700,libéré,0.0
L2023-00325-2,CMD-2023-00325,2023-03-01,43800,libéré,0.0
L2023-00326-1,CMD-2023-00326,2023-03-06,5500,libéré,0.0
L2023-00326-2,CMD-2023-00326,2023-03-06,5500,libéré,0.0
L2023-00326-3,CMD-2023-00326,2023-03-01,5500,libéré,0.0
L2023-00327-1,CMD-2023-00327,2023-03-18,36700,libéré,0.0
L2023-00327-2,CMD-2023-00327,2023-03-01,36800,libéré,0.0
L2023-00328-1,CMD-2023-00328,2023-03-11,46700,libéré,0.0
L2023-00328-2,CMD-2023-00328,2023-03-07,46800,libéré,0.0
L2023-00329-1,CMD-2023-00329,2023-03-08,26500,libéré,0.0
L2023-00329-2,CMD-2023-00329,2023-03-10,26500,libéré,0.0
L2023-00329-3,CMD-2023-00329,2023-03-23,26500,libéré,0.0
L2023-00330-1,CMD-2023-00330,2023-03-15,8800,libéré,0.0
L2023-00330-2,CMD-2023-00330,2023-03-20,8800,libéré,0.0
L2023-00330-3,CMD-2023-00330,2023-03-12,8900,libéré,0.0
L2023-00331-1,CMD-2023-00331,2023-03-29,35000,libéré,0.0
L2023-00331-2,CMD-2023-00331,2023-03-13,35000,libéré,0.0
L2023-00332-1,CMD-2023-00332,2023-03-14,9500,libéré,0.0
L2023-00332-2,CMD-2023-00332,2023-03-04,9500,libéré,0.0
L2023-00332-3,CMD-2023-00332,2023-03-26,9500,libéré,0.0
L2023-00333-1,CMD-2023-00333,2023-03-20,33700,libéré,0.0
L2023-00333-2,CMD-2023-00333,2023-02-28,33800,retraité,14748.63
L2023-00334-1,CMD-2023-00334,2023-03-18,35500,libéré,0.0
L2023-00334-2,CMD-2023-00334,2023-03-09,35500,libéré,0.0
L2023-00335-1,CMD-2023-00335,2023-03-14,33000,libéré,0.0
L2023-00336-1,CMD-2023-00336,2023-03-12,9200,libéré,0.0
L2023-00336-2,CMD-2023-00336,2023-03-14,9300,libéré,0.0
L2023-00337-1,CMD-2023-00337,2023-03-07,39000,libéré,0.0
L2023-00338-1,CMD-2023-00338,2023-03-11,63700,libéré,0.0
L2023-00338-2,CMD-2023-00338,2023-03-12,63800,libéré,0.0
L2023-00339-1,CMD-2023-00339,2023-03-17,11000,libéré,0.0
L2023-00339-2,CMD-2023-00339,2023-03-30,11000,libéré,0.0
L2023-00339-3,CMD-2023-00339,2023-03-13,11000,libéré,0.0
L2023-00340-1,CMD-2023-00340,2023-03-22,23600,libéré,0.0
L2023-00340-2,CMD-2023-00340,2023-03-16,23600,libéré,0.0
L2023-00340-3,CMD-2023-00340,2023-03-25,23800,libéré,0.0
L2023-00341-1,CMD-2023-00341,2023-03-08,10700,libéré,0.0
L2023-00341-2,CMD-2023-00341,2023-04-03,10800,libéré,0.0
L2023-00342-1,CMD-2023-00342,2023-03-02,25000,libéré,0.0
L2023-00343-1,CMD-2023-00343,2023-03-07,52000,libéré,0.0
L2023-00344-1,CMD-2023-00344,2023-03-08,37200,libéré,0.0
L2023-00344-2,CMD-2023-00344,2023-03-08,37300,libéré,0.0
L2023-00345-1,CMD-2023-00345,2023-03-28,49000,libéré,0.0
L2023-00346-1,CMD-2023-00346,2023-03-04,11500,libéré,0.0
L2023-00346-2,CMD-2023-00346,2023-03-19,11500,libéré,0.0
L2023-00346-3,CMD-2023-00346,2023-03-28,11500,retraité,6159.97
L2023-00347-1,CMD-2023-00347,2023-03-13,35000,libéré,0.0
L2023-00348-1,CMD-2023-00348,2023-03-27,9000,libéré,0.0
L2023-00348-2,CMD-2023-00348,2023-03-08,9000,rejeté,41760.0
L2023-00348-3,CMD-2023-00348,2023-03-19,9000,libéré,0.0
L2023-00349-1,CMD-2023-00349,2023-03-28,8100,libéré,0.0
L2023-00349-2,CMD-2023-00349,2023-03-30,8100,libéré,0.0
L2023-00349-3,CMD-2023-00349,2023-03-17,8300,libéré,0.0
L2023-00350-1,CMD-2023-00350,2023-03-16,52000,libéré,0.0
L2023-00351-1,CMD-2023-00351,2023-03-13,53500,libéré,0.0
L2023-00352-1,CMD-2023-00352,2023-03-24,57500,libéré,0.0
L2023-00353-1,CMD-2023-00353,2023-03-08,23000,libéré,0.0
L2023-00353-2,CMD-2023-00353,2023-03-22,23000,libéré,0.0
L2023-00354-1,CMD-2023-00354,2023-03-17,13700,libéré,0.0
L2023-00354-2,CMD-2023-00354,2023-03-16,13800,libéré,0.0
L2023-00355-1,CMD-2023-00355,2023-03-19,45000,libéré,0.0
L2023-00355-2,CMD-2023-00355,2023-03-09,45000,libéré,0.0
L2023-00356-1,CMD-2023-00356,2023-03-24,40200,libéré,0.0
L2023-00356-2,CMD-2023-00356,2023-03-14,40300,libéré,0.0
L2023-00357-1,CMD-2023-00357,2023-03-08,24000,libéré,0.0
L2023-00358-1,CMD-2023-00358,2023-03-11,28500,libéré,0.0
L2023-00358-2,CMD-2023-00358,2023-03-11,28500,libéré,0.0
L2023-00358-3,CMD-2023-00358,2023-03-20,28500,libéré,0.0
L2023-00359-1,CMD-2023-00359,2023-03-13,32700,libéré,0.0
L2023-00359-2,CMD-2023-00359,2023-03-30,32800,libéré,0.0
L2023-00360-1,CMD-2023-00360,2023-04-05,27000,libéré,0.0
L2023-00361-1,CMD-2023-00361,2023-03-11,6700,retraité,2936.61
L2023-00361-2,CMD-2023-00361,2023-03-15,6800,libéré,0.0
L2023-00362-1,CMD-2023-00362,2023-04-01,74700,libéré,0.0
L2023-00363-1,CMD-2023-00363,2023-03-17,17700,libéré,0.0
L2023-00363-2,CMD-2023-00363,2023-03-16,17800,libéré,0.0
L2023-00364-1,CMD-2023-00364,2023-03-11,33500,libéré,0.0
L2023-00365-1,CMD-2023-00365,2023-03-13,18800,libéré,0.0
L2023-00365-2,CMD-2023-00365,2023-04-02,18800,libéré,0.0
L2023-00365-3,CMD-2023-00365,2023-03-25,18900,libéré,0.0
L2023-00366-1,CMD-2023-00366,2023-03-31,34000,libéré,0.0
L2023-00367-1,CMD-2023-00367,2023-03-08,7700,libéré,0.0
L2023-00367-2,CMD-2023-00367,2023-03-17,7800,libéré,0.0
L2023-00368-1,CMD-2023-00368,2023-03-28,6500,libéré,0.0
L2023-00368-2,CMD-2023-00368,2023-03-24,6500,libéré,0.0
L2023-00369-1,CMD-2023-00369,2023-04-14,16600,rejeté,56523.0
L2023-00369-2,CMD-2023-00369,2023-03-22,16600,libéré,0.0
L2023-00369-3,CMD-2023-00369,2023-04-17,16800,libéré,0.0
L2023-00370-1,CMD-2023-00370,2023-04-07,15000,libéré,0.0
L2023-00371-1,CMD-2023-00371,2023-03-24,23000,libéré,0.0
L2023-00371-2,CMD-2023-00371,2023-03-17,23000,libéré,0.0
L2023-00372-1,CMD-2023-00372,2023-04-03,15800,libéré,0.0
L2023-00372-2,CMD-2023-00372,2023-03-20,15800,libéré,0.0
L2023-00372-3,CMD-2023-00372,2023-03-26,15900,libéré,0.0
L2023-00373-1,CMD-2023-00373,2023-03-09,31000,libéré,0.0
L2023-00374-1,CMD-2023-00374,2023-03-19,17700,libéré,0.0
L2023-00374-2,CMD-2023-00374,2023-03-20,17800,libéré,0.0
L2023-00375-1,CMD-2023-00375,2023-03-07,13100,libéré,0.0
L2023-00375-2,CMD-2023-00375,2023-03-30,13100,libéré,0.0
L2023-00375-3,CMD-2023-00375,2023-03-08,13300,libéré,0.0
L2023-00376-1,CMD-2023-00376,2023-03-14,16000,libéré,0.0
L2023-00376-2,CMD-2023-00376,2023-03-17,16000,libéré,0.0
L2023-00377-1,CMD-2023-00377,2023-03-09,40500,libéré,0.0
L2023-00378-1,CMD-2023-00378,2023-03-15,10300,libéré,0.0
L2023-00378-2,CMD-2023-00378,2023-03-17,10300,libéré,0.0
L2023-00378-3,CMD-2023-00378,2023-03-16,10400,libéré,0.0
L2023-00379-1,CMD-2023-00379,2023-03-08,27700,libéré,0.0
L2023-00379-2,CMD-2023-00379,2023-03-22,27800,rejeté,127046.0
L2023-00380-1,CMD-2023-00380,2023-03-08,46500,libéré,0.0
L2023-00381-1,CMD-2023-00381,2023-03-08,26500,libéré,0.0
L2023-00381-2,CMD-2023-00381,2023-03-11,26500,libéré,0.0
L2023-00382-1,CMD-2023-00382,2023-03-19,7300,libéré,0.0
L2023-00382-2,CMD-2023-00382,2023-03-22,7300,libéré,0.0
L2023-00382-3,CMD-2023-00382,2023-03-28,7400,libéré,0.0
L2023-00383-1,CMD-2023-00383,2023-03-24,40500,libéré,0.0
L2023-00384-1,CMD-2023-00384,2023-03-13,7200,libéré,0.0
L2023-00384-2,CMD-2023-00384,2023-03-11,7300,libéré,0.0
L2023-00385-1,CMD-2023-00385,2023-04-04,54500,rejeté,170312.5
L2023-00386-1,CMD-2023-00386,2023-04-02,14000,libéré,0.0
L2023-00386-2,CMD-2023-00386,2023-03-11,14000,libéré,0.0
L2023-00386-3,CMD-2023-00386,2023-03-13,14000,libéré,0.0
L2023-00387-1,CMD-2023-00387,2023-03-12,25500,libéré,0.0
L2023-00387-2,CMD-2023-00387,2023-03-14,25500,libéré,0.0
L2023-00388-1,CMD-2023-00388,2023-03-17,69500,libéré,0.0
L2023-00389-1,CMD-2023-00389,2023-03-18,17800,libéré,0.0
L2023-00389-2,CMD-2023-00389,2023-03-21,17800,libéré,0.0
L2023-00389-3,CMD-2023-00389,2023-03-17,17900,libéré,0.0
L2023-00390-1,CMD-2023-00390,2023-03-19,20500,libéré,0.0
L2023-00390-2,CMD-2023-00390,2023-03-11,20500,libéré,0.0
L2023-00390-3,CMD-2023-00390,2023-03-15,20500,libéré,0.0
L2023-00391-1,CMD-2023-00391,2023-03-11,9200,libéré,0.0
L2023-00391-2,CMD-2023-00391,2023-03-15,9300,libéré,0.0
L2023-00392-1,CMD-2023-00392,2023-04-02,35000,libéré,0.0
L2023-00393-1,CMD-2023-00393,2023-03-17,80000,libéré,0.0
L2023-00394-1,CMD-2023-00394,2023-03-11,50000,libéré,0.0
L2023-00394-2,CMD-2023-00394,2023-03-19,50000,libéré,0.0
L2023-00394-3,CMD-2023-00394,2023-03-23,50000,libéré,0.0
L2023-00395-1,CMD-2023-00395,2023-03-14,12500,libéré,0.0
L2023-00395-2,CMD-2023-00395,2023-03-23,12500,libéré,0.0
L2023-00396-1,CMD-2023-00396,2023-03-25,24200,libéré,0.0
L2023-00396-2,CMD-2023-00396,2023-03-17,24300,rejeté,109058.4
L2023-00397-1,CMD-2023-00397,2023-03-15,54500,libéré,0.0
L2023-00398-1,CMD-2023-00398,2023-03-12,73500,libéré,0.0
L2023-00399-1,CMD-2023-00399,2023-03-16,19500,libéré,0.0
L2023-00400-1,CMD-2023-00400,2023-04-04,30500,libéré,0.0
L2023-00400-2,CMD-2023-00400,2023-04-17,30500,libéré,0.0
L2023-00401-1,CMD-2023-00401,2023-03-26,5100,libéré,0.0
L2023-00401-2,CMD-2023-00401,2023-03-13,5100,libéré,0.0
L2023-00401-3,CMD-2023-00401,2023-03-25,5300,libéré,0.0
L2023-00402-1,CMD-2023-00402,2023-03-20,37000,retraité,23598.6
L2023-00403-1,CMD-2023-00403,2023-03-14,18500,libéré,0.0
L2023-00403-2,CMD-2023-00403,2023-03-19,18500,libéré,0.0
L2023-00404-1,CMD-2023-00404,2023-03-21,25500,libéré,0.0
L2023-00405-1,CMD-2023-00405,2023-03-23,49000,libéré,0.0
L2023-00406-1,CMD-2023-00406,2023-03-26,53500,libéré,0.0
L2023-00407-1,CMD-2023-00407,2023-03-25,31500,libéré,0.0
L2023-00408-1,CMD-2023-00408,2023-04-07,23500,libéré,0.0
L2023-00408-2,CMD-2023-00408,2023-03-16,23500,libéré,0.0
L2023-00409-1,CMD-2023-00409,2023-03-23,18500,libéré,0.0
L2023-00409-2,CMD-2023-00409,2023-03-20,18500,libéré,0.0
L2023-00409-3,CMD-2023-00409,2023-03-16,18500,libéré,0.0
L2023-00410-1,CMD-2023-00410,2023-03-23,11000,libéré,0.0
L2023-00410-2,CMD-2023-00410,2023-03-14,11000,libéré,0.0
L2023-00411-1,CMD-2023-00411,2023-03-20,36200,libéré,0.0
L2023-00411-2,CMD-2023-00411,2023-03-30,36300,libéré,0.0
L2023-00412-1,CMD-2023-00412,2023-03-24,76500,libéré,0.0
L2023-00413-1,CMD-2023-00413,2023-03-19,13600,libéré,0.0
L2023-00413-2,CMD-2023-00413,2023-03-30,13600,libéré,0.0
L2023-00413-3,CMD-2023-00413,2023-03-26,13800,libéré,0.0
L2023-00414-1,CMD-2023-00414,2023-04-14,14000,retraité,7677.6
L2023-00414-2,CMD-2023-00414,2023-03-18,14000,libéré,0.0
L2023-00414-3,CMD-2023-00414,2023-04-14,14000,libéré,0.0
L2023-00415-1,CMD-2023-00415,2023-04-06,17300,libéré,0.0
L2023-00415-2,CMD-2023-00415,2023-03-18,17300,libéré,0.0
L2023-00415-3,CMD-2023-00415,2023-03-27,17400,libéré,0.0
L2023-00416-1,CMD-2023-00416,2023-03-22,11700,libéré,0.0
L2023-00416-2,CMD-2023-00416,2023-03-28,11800,libéré,0.0
L2023-00417-1,CMD-2023-00417,2023-03-30,25000,libéré,0.0
L2023-00417-2,CMD-2023-00417,2023-03-25,25000,libéré,0.0
L2023-00418-1,CMD-2023-00418,2023-03-25,24000,libéré,0.0
L2023-00418-2,CMD-2023-00418,2023-03-23,24000,libéré,0.0
L2023-00418-3,CMD-2023-00418,2023-03-23,24000,libéré,0.0
L2023-00419-1,CMD-2023-00419,2023-03-25,18000,libéré,0.0
L2023-00420-1,CMD-2023-00420,2023-03-22,8000,libéré,0.0
L2023-00420-2,CMD-2023-00420,2023-03-18,8000,libéré,0.0
L2023-00420-3,CMD-2023-00420,2023-03-24,8000,libéré,0.0
L2023-00421-1,CMD-2023-00421,2023-03-18,5800,libéré,0.0
L2023-00421-2,CMD-2023-00421,2023-03-20,5800,libéré,0.0
L2023-00421-3,CMD-2023-00421,2023-03-16,5800,libéré,0.0
L2023-00422-1,CMD-2023-00422,2023-04-01,44200,libéré,0.0
L2023-00422-2,CMD-2023-00422,2023-04-09,44300,libéré,0.0
L2023-00423-1,CMD-2023-00423,2023-03-27,73500,libéré,0.0
L2023-00423-2,CMD-2023-00423,2023-03-31,73500,libéré,0.0
L2023-00424-1,CMD-2023-00424,2023-03-25,16500,retraité,9929.7
L2023-00424-2,CMD-2023-00424,2023-03-28,16600,libéré,0.0
L2023-00425-1,CMD-2023-00425,2023-04-01,10500,libéré,0.0
L2023-00426-1,CMD-2023-00426,2023-04-02,34000,libéré,0.0
L2023-00427-1,CMD-2023-00427,2023-04-19,16800,libéré,0.0
L2023-00427-2,CMD-2023-00427,2023-04-13,16800,libéré,0.0
L2023-00427-3,CMD-2023-00427,2023-03-21,16900,libéré,0.0
L2023-00428-1,CMD-2023-00428,2023-03-30,11600,libéré,0.0
L2023-00428-2,CMD-2023-00428,2023-03-28,11600,libéré,0.0
L2023-00428-3,CMD-2023-00428,2023-03-25,11800,libéré,0.0
L2023-00429-1,CMD-2023-00429,2023-03-19,11800,libéré,0.0
L2023-00429-2,CMD-2023-00429,2023-03-23,11800,libéré,0.0
L2023-00429-3,CMD-2023-00429,2023-03-20,11900,libéré,0.0
L2023-00430-1,CMD-2023-00430,2023-03-29,13700,libéré,0.0
L2023-00430-2,CMD-2023-00430,2023-04-16,13800,libéré,0.0
L2023-00431-1,CMD-2023-00431,2023-03-25,12000,libéré,0.0
L2023-00431-2,CMD-2023-00431,2023-03-29,12000,libéré,0.0
L2023-00432-1,CMD-2023-00432,2023-03-24,22000,libéré,0.0
L2023-00432-2,CMD-2023-00432,2023-04-03,22000,libéré,0.0
L2023-00433-1,CMD-2023-00433,2023-03-29,10800,libéré,0.0
L2023-00433-2,CMD-2023-00433,2023-03-28,10800,libéré,0.0
L2023-00433-3,CMD-2023-00433,2023-03-29,10900,libéré,0.0
L2023-00434-1,CMD-2023-00434,2023-04-06,38000,libéré,0.0
L2023-00435-1,CMD-2023-00435,2023-04-08,26000,libéré,0.0
L2023-00435-2,CMD-2023-00435,2023-04-11,26000,libéré,0.0
L2023-00435-3,CMD-2023-00435,2023-04-07,26000,libéré,0.0
L2023-00436-1,CMD-2023-00436,2023-03-30,32500,libéré,0.0
L2023-00436-2,CMD-2023-00436,2023-03-28,32500,libéré,0.0
L2023-00437-1,CMD-2023-00437,2023-03-30,38500,rejeté,110880.0
L2023-00438-1,CMD-2023-00438,2023-04-01,29800,libéré,0.0
L2023-00438-2,CMD-2023-00438,2023-04-05,29800,libéré,0.0
L2023-00438-3,CMD-2023-00438,2023-03-24,29900,retraité,18271.89
L2023-00439-1,CMD-2023-00439,2023-04-12,13000,rejeté,59072.0
L2023-00440-1,CMD-2023-00440,2023-03-24,16000,libéré,0.0
L2023-00441-1,CMD-2023-00441,2023-04-03,24700,libéré,0.0
L2023-00441-2,CMD-2023-00441,2023-04-08,24800,libéré,0.0
L2023-00442-1,CMD-2023-00442,2023-03-23,14500,libéré,0.0
L2023-00443-1,CMD-2023-00443,2023-04-28,10300,libéré,0.0
L2023-00443-2,CMD-2023-00443,2023-03-31,10300,libéré,0.0
L2023-00443-3,CMD-2023-00443,2023-03-27,10400,libéré,0.0
L2023-00444-1,CMD-2023-00444,2023-04-01,6500,libéré,0.0
L2023-00444-2,CMD-2023-00444,2023-05-01,6500,libéré,0.0
L2023-00445-1,CMD-2023-00445,2023-03-25,5500,libéré,0.0
L2023-00445-2,CMD-2023-00445,2023-03-30,5500,libéré,0.0
L2023-00446-1,CMD-2023-00446,2023-03-22,19500,libéré,0.0
L2023-00447-1,CMD-2023-00447,2023-03-27,23700,libéré,0.0
L2023-00447-2,CMD-2023-00447,2023-04-22,23800,libéré,0.0
L2023-00448-1,CMD-2023-00448,2023-03-27,50000,libéré,0.0
L2023-00448-2,CMD-2023-00448,2023-03-24,50000,libéré,0.0
L2023-00448-3,CMD-2023-00448,2023-04-13,50000,libéré,0.0
L2023-00449-1,CMD-2023-00449,2023-04-26,21000,libéré,0.0
L2023-00450-1,CMD-2023-00450,2023-03-26,22700,libéré,0.0
L2023-00450-2,CMD-2023-00450,2023-03-29,22800,retraité,8331.12
L2023-00451-1,CMD-2023-00451,2023-04-04,26000,libéré,0.0
L2023-00452-1,CMD-2023-00452,2023-04-07,46500,libéré,0.0
L2023-00453-1,CMD-2023-00453,2023-03-24,13500,libéré,0.0
L2023-00453-2,CMD-2023-00453,2023-04-19,13500,libéré,0.0
L2023-00453-3,CMD-2023-00453,2023-03-29,13500,libéré,0.0
L2023-00454-1,CMD-2023-00454,2023-03-27,13200,libéré,0.0
L2023-00454-2,CMD-2023-00454,2023-03-31,13300,libéré,0.0
L2023-00455-1,CMD-2023-00455,2023-03-30,24500,libéré,0.0
L2023-00455-2,CMD-2023-00455,2023-03-23,24500,rejeté,104860.0
L2023-00456-1,CMD-2023-00456,2023-04-20,43000,libéré,0.0
L2023-00456-2,CMD-2023-00456,2023-04-09,43000,libéré,0.0
L2023-00457-1,CMD-2023-00457,2023-04-07,23500,libéré,0.0
L2023-00458-1,CMD-2023-00458,2023-04-08,5700,libéré,0.0
L2023-00458-2,CMD-2023-00458,2023-03-29,5800,libéré,0.0
L2023-00459-1,CMD-2023-00459,2023-04-05,18500,libéré,0.0
L2023-00459-2,CMD-2023-00459,2023-04-10,18500,libéré,0.0
L2023-00459-3,CMD-2023-00459,2023-03-23,18500,libéré,0.0
L2023-00460-1,CMD-2023-00460,2023-04-11,29000,libéré,0.0
L2023-00460-2,CMD-2023-00460,2023-04-05,29000,libéré,0.0
L2023-00461-1,CMD-2023-00461,2023-04-14,33600,libéré,0.0
L2023-00461-2,CMD-2023-00461,2023-04-11,33600,libéré,0.0
L2023-00461-3,CMD-2023-00461,2023-03-30,33800,libéré,0.0
L2023-00462-1,CMD-2023-00462,2023-04-17,39000,libéré,0.0
L2023-00462-2,CMD-2023-00462,2023-04-04,39000,libéré,0.0
L2023-00463-1,CMD-2023-00463,2023-04-03,19500,libéré,0.0
L2023-00463-2,CMD-2023-00463,2023-04-09,19500,libéré,0.0
L2023-00464-1,CMD-2023-00464,2023-04-09,20000,libéré,0.0
L2023-00464-2,CMD-2023-00464,2023-03-27,20000,libéré,0.0
L2023-00465-1,CMD-2023-00465,2023-04-02,7700,libéré,0.0
L2023-00465-2,CMD-2023-00465,2023-04-02,7800,libéré,0.0
L2023-00466-1,CMD-2023-00466,2023-04-23,34000,libéré,0.0
L2023-00466-2,CMD-2023-00466,2023-04-02,34000,libéré,0.0
L2023-00466-3,CMD-2023-00466,2023-04-05,34000,libéré,0.0
L2023-00467-1,CMD-2023-00467,2023-04-22,33300,libéré,0.0
L2023-00467-2,CMD-2023-00467,2023-04-09,33300,libéré,0.0
L2023-00467-3,CMD-2023-00467,2023-04-10,33400,libéré,0.0
L2023-00468-1,CMD-2023-00468,2023-04-08,26300,libéré,0.0
L2023-00468-2,CMD-2023-00468,2023-03-27,26300,libéré,0.0
L2023-00468-3,CMD-2023-00468,2023-03-29,26400,libéré,0.0
L2023-00469-1,CMD-2023-00469,2023-03-27,71500,libéré,0.0
L2023-00470-1,CMD-2023-00470,2023-04-06,18000,libéré,0.0
L2023-00471-1,CMD-2023-00471,2023-04-06,19000,libéré,0.0
L2023-00471-2,CMD-2023-00471,2023-04-11,19000,libéré,0.0
L2023-00471-3,CMD-2023-00471,2023-03-28,19000,libéré,0.0
L2023-00472-1,CMD-2023-00472,2023-04-08,20600,libéré,0.0
L2023-00472-2,CMD-2023-00472,2023-04-23,20600,libéré,0.0
L2023-00472-3,CMD-2023-00472,2023-04-20,20800,libéré,0.0
L2023-00473-1,CMD-2023-00473,2023-04-05,42000,libéré,0.0
L2023-00473-2,CMD-2023-00473,2023-04-05,42000,libéré,0.0
L2023-00474-1,CMD-2023-00474,2023-04-03,15500,rejeté,46469.0
L2023-00474-2,CMD-2023-00474,2023-04-07,15500,libéré,0.0
L2023-00474-3,CMD-2023-00474,2023-03-29,15500,libéré,0.0
L2023-00475-1,CMD-2023-00475,2023-04-13,43200,libéré,0.0
L2023-00475-2,CMD-2023-00475,2023-04-12,43300,libéré,0.0
L2023-00476-1,CMD-2023-00476,2023-04-16,13500,libéré,0.0
L2023-00476-2,CMD-2023-00476,2023-03-27,13500,libéré,0.0
L2023-00477-1,CMD-2023-00477,2023-05-02,18500,libéré,0.0
L2023-00478-1,CMD-2023-00478,2023-04-18,11500,libéré,0.0
L2023-00478-2,CMD-2023-00478,2023-04-04,11500,libéré,0.0
L2023-00478-3,CMD-2023-00478,2023-04-05,11500,libéré,0.0
L2023-00479-1,CMD-2023-00479,2023-03-28,64500,libéré,0.0
L2023-00480-1,CMD-2023-00480,2023-03-28,5300,libéré,0.0
L2023-00480-2,CMD-2023-00480,2023-04-03,5300,libéré,0.0
L2023-00480-3,CMD-2023-00480,2023-03-29,5400,libéré,0.0
L2023-00481-1,CMD-2023-00481,2023-04-27,10500,libéré,0.0
L2023-00481-2,CMD-2023-00481,2023-05-01,10500,libéré,0.0
L2023-00481-3,CMD-2023-00481,2023-04-05,10500,libéré,0.0
L2023-00482-1,CMD-2023-00482,2023-03-30,15500,libéré,0.0
L2023-00482-2,CMD-2023-00482,2023-03-30,15500,libéré,0.0
L2023-00482-3,CMD-2023-00482,2023-03-31,15500,libéré,0.0
L2023-00483-1,CMD-2023-00483,2023-04-01,37700,libéré,0.0
L2023-00483-2,CMD-2023-00483,2023-04-07,37800,libéré,0.0
L2023-00484-1,CMD-2023-00484,2023-04-17,49000,libéré,0.0
L2023-00485-1,CMD-2023-00485,2023-03-29,19200,libéré,0.0
L2023-00485-2,CMD-2023-00485,2023-03-29,19300,libéré,0.0
L2023-00486-1,CMD-2023-00486,2023-03-29,34000,libéré,0.0
L2023-00487-1,CMD-2023-00487,2023-03-30,27500,libéré,0.0
L2023-00488-1,CMD-2023-00488,2023-04-17,17500,libéré,0.0
L2023-00489-1,CMD-2023-00489,2023-04-01,21000,libéré,0.0
L2023-00490-1,CMD-2023-00490,2023-03-29,28100,libéré,0.0
L2023-00490-2,CMD-2023-00490,2023-04-02,28100,libéré,0.0
L2023-00490-3,CMD-2023-00490,2023-04-04,28300,libéré,0.0
L2023-00491-1,CMD-2023-00491,2023-03-31,5500,retraité,3618.45
L2023-00491-2,CMD-2023-00491,2023-04-09,5500,libéré,0.0
L2023-00492-1,CMD-2023-00492,2023-04-10,8500,libéré,0.0
L2023-00492-2,CMD-2023-00492,2023-04-02,8500,libéré,0.0
L2023-00493-1,CMD-2023-00493,2023-04-09,28000,libéré,0.0
L2023-00494-1,CMD-2023-00494,2023-04-08,13100,libéré,0.0
L2023-00494-2,CMD-2023-00494,2023-03-29,13100,libéré,0.0
L2023-00494-3,CMD-2023-00494,2023-04-10,13300,libéré,0.0
L2023-00495-1,CMD-2023-00495,2023-04-12,39500,libéré,0.0
L2023-00496-1,CMD-2023-00496,2023-04-09,72500,libéré,0.0
L2023-00497-1,CMD-2023-00497,2023-04-23,29200,libéré,0.0
L2023-00497-2,CMD-2023-00497,2023-04-23,29300,libéré,0.0
L2023-00498-1,CMD-2023-00498,2023-04-07,17700,libéré,0.0
L2023-00498-2,CMD-2023-00498,2023-04-02,17800,libéré,0.0
L2023-00499-1,CMD-2023-00499,2023-04-01,13000,libéré,0.0
L2023-00500-1,CMD-2023-00500,2023-04-08,20100,libéré,0.0
L2023-00500-2,CMD-2023-00500,2023-04-12,20100,libéré,0.0
L2023-00500-3,CMD-2023-00500,2023-04-06,20300,libéré,0.0
L2023-00501-1,CMD-2023-00501,2023-04-11,9000,libéré,0.0
L2023-00501-2,CMD-2023-00501,2023-04-17,9000,libéré,0.0
L2023-00502-1,CMD-2023-00502,2023-04-11,23000,libéré,0.0
L2023-00502-2,CMD-2023-00502,2023-04-04,23000,libéré,0.0
L2023-00502-3,CMD-2023-00502,2023-04-13,23000,libéré,0.0
L2023-00503-1,CMD-2023-00503,2023-04-18,38100,libéré,0.0
L2023-00503-2,CMD-2023-00503,2023-05-04,38100,libéré,0.0
L2023-00503-3,CMD-2023-00503,2023-04-03,38300,libéré,0.0
L2023-00504-1,CMD-2023-00504,2023-04-09,13500,retraité,8995.05
L2023-00504-2,CMD-2023-00504,2023-05-06,13500,libéré,0.0
L2023-00504-3,CMD-2023-00504,2023-05-02,13500,libéré,0.0
L2023-00505-1,CMD-2023-00505,2023-04-01,37200,libéré,0.0
L2023-00505-2,CMD-2023-00505,2023-04-07,37300,libéré,0.0
L2023-00506-1,CMD-2023-00506,2023-05-04,22000,libéré,0.0
L2023-00506-2,CMD-2023-00506,2023-04-30,22000,libéré,0.0
L2023-00507-1,CMD-2023-00507,2023-04-16,79500,libéré,0.0
L2023-00508-1,CMD-2023-00508,2023-04-27,34000,libéré,0.0
L2023-00509-1,CMD-2023-00509,2023-04-16,15200,libéré,0.0
L2023-00509-2,CMD-2023-00509,2023-04-26,15300,libéré,0.0
L2023-00510-1,CMD-2023-00510,2023-04-15,20500,libéré,0.0
L2023-00511-1,CMD-2023-00511,2023-04-25,46300,libéré,0.0
L2023-00511-2,CMD-2023-00511,2023-04-02,46300,libéré,0.0
L2023-00511-3,CMD-2023-00511,2023-04-22,46400,retraité,35725.68
L2023-00512-1,CMD-2023-00512,2023-04-13,16500,libéré,0.0
L2023-00512-2,CMD-2023-00512,2023-04-10,16500,libéré,0.0
L2023-00513-1,CMD-2023-00513,2023-04-13,43700,libéré,0.0
L2023-00513-2,CMD-2023-00513,2023-04-06,43800,libéré,0.0
L2023-00514-1,CMD-2023-00514,2023-04-21,21000,libéré,0.0
L2023-00515-1,CMD-2023-00515,2023-04-07,18300,libéré,0.0
L2023-00515-2,CMD-2023-00515,2023-04-14,18300,libéré,0.0
L2023-00515-3,CMD-2023-00515,2023-04-11,18400,rejeté,67748.8
L2023-00516-1,CMD-2023-00516,2023-04-12,35700,libéré,0.0
L2023-00517-1,CMD-2023-00517,2023-04-14,10300,libéré,0.0
L2023-00517-2,CMD-2023-00517,2023-04-04,10300,libéré,0.0
L2023-00517-3,CMD-2023-00517,2023-04-09,10400,libéré,0.0
L2023-00518-1,CMD-2023-00518,2023-04-13,19200,libéré,0.0
L2023-00518-2,CMD-2023-00518,2023-04-21,19300,libéré,0.0
L2023-00519-1,CMD-2023-00519,2023-04-05,42200,libéré,0.0
L2023-00519-2,CMD-2023-00519,2023-04-11,42300,libéré,0.0
L2023-00520-1,CMD-2023-00520,2023-04-20,18000,rejeté,97830.0
L2023-00521-1,CMD-2023-00521,2023-04-14,21500,libéré,0.0
L2023-00521-2,CMD-2023-00521,2023-04-04,21500,libéré,0.0
L2023-00521-3,CMD-2023-00521,2023-04-05,21500,libéré,0.0
L2023-00522-1,CMD-2023-00522,2023-04-11,60500,libéré,0.0
L2023-00523-1,CMD-2023-00523,2023-04-20,14000,libéré,0.0
L2023-00523-2,CMD-2023-00523,2023-04-12,14000,libéré,0.0
L2023-00523-3,CMD-2023-00523,2023-04-07,14000,libéré,0.0
L2023-00524-1,CMD-2023-00524,2023-04-06,75000,libéré,0.0
L2023-00524-2,CMD-2023-00524,2023-04-17,75000,libéré,0.0
L2023-00525-1,CMD-2023-00525,2023-04-09,45000,libéré,0.0
L2023-00525-2,CMD-2023-00525,2023-04-09,45000,libéré,0.0
L2023-00525-3,CMD-2023-00525,2023-04-13,45000,libéré,0.0
L2023-00526-1,CMD-2023-00526,2023-04-13,36500,libéré,0.0
L2023-00527-1,CMD-2023-00527,2023-04-16,25000,libéré,0.0
L2023-00527-2,CMD-2023-00527,2023-04-12,25000,libéré,0.0
L2023-00528-1,CMD-2023-00528,2023-04-26,57500,libéré,0.0
L2023-00529-1,CMD-2023-00529,2023-04-12,19700,rejeté,81124.6
L2023-00529-2,CMD-2023-00529,2023-04-25,19800,libéré,0.0
L2023-00530-1,CMD-2023-00530,2023-04-19,33500,libéré,0.0
L2023-00531-1,CMD-2023-00531,2023-04-26,25200,libéré,0.0
L2023-00531-2,CMD-2023-00531,2023-05-02,25300,libéré,0.0
L2023-00532-1,CMD-2023-00532,2023-04-12,16000,libéré,0.0
L2023-00532-2,CMD-2023-00532,2023-04-21,16000,libéré,0.0
L2023-00532-3,CMD-2023-00532,2023-04-19,16000,libéré,0.0
L2023-00533-1,CMD-2023-00533,2023-04-24,24700,libéré,0.0
L2023-00533-2,CMD-2023-00533,2023-04-19,24800,libéré,0.0
L2023-00534-1,CMD-2023-00534,2023-05-02,24900,libéré,0.0
L2023-00535-1,CMD-2023-00535,2023-04-17,51200,libéré,0.0
L2023-00535-2,CMD-2023-00535,2023-04-17,51300,libéré,0.0
L2023-00536-1,CMD-2023-00536,2023-04-18,7100,libéré,0.0
L2023-00536-2,CMD-2023-00536,2023-04-18,7100,libéré,0.0
L2023-00536-3,CMD-2023-00536,2023-04-05,7300,libéré,0.0
L2023-00537-1,CMD-2023-00537,2023-04-06,46000,libéré,0.0
L2023-00538-1,CMD-2023-00538,2023-04-13,12500,libéré,0.0
L2023-00538-2,CMD-2023-00538,2023-04-21,12500,libéré,0.0
L2023-00538-3,CMD-2023-00538,2023-04-27,12500,libéré,0.0
L2023-00539-1,CMD-2023-00539,2023-04-13,23500,libéré,0.0
L2023-00540-1,CMD-2023-00540,2023-04-22,9200,libéré,0.0
L2023-00540-2,CMD-2023-00540,2023-04-14,9300,libéré,0.0
L2023-00541-1,CMD-2023-00541,2023-04-18,11300,libéré,0.0
L2023-00541-2,CMD-2023-00541,2023-04-20,11300,libéré,0.0
L2023-00541-3,CMD-2023-00541,2023-04-09,11400,rejeté,17145.6
L2023-00542-1,CMD-2023-00542,2023-04-08,8700,libéré,0.0
L2023-00542-2,CMD-2023-00542,2023-04-14,8800,libéré,0.0
L2023-00543-1,CMD-2023-00543,2023-04-28,35700,libéré,0.0
L2023-00543-2,CMD-2023-00543,2023-04-12,35800,libéré,0.0
L2023-00544-1,CMD-2023-00544,2023-05-09,16200,libéré,0.0
L2023-00544-2,CMD-2023-00544,2023-04-13,16300,libéré,0.0
L2023-00545-1,CMD-2023-00545,2023-04-12,47400,libéré,0.0
L2023-00545-2,CMD-2023-00545,2023-04-22,47400,libéré,0.0
L2023-00545-3,CMD-2023-00545,2023-04-17,47500,libéré,0.0
L2023-00546-1,CMD-2023-00546,2023-04-20,9200,libéré,0.0
L2023-00546-2,CMD-2023-00546,2023-04-16,9300,libéré,0.0
L2023-00547-1,CMD-2023-00547,2023-04-16,36500,rejeté,93732.0
L2023-00548-1,CMD-2023-00548,2023-04-09,70200,libéré,0.0
L2023-00548-2,CMD-2023-00548,2023-04-22,70300,libéré,0.0
L2023-00549-1,CMD-2023-00549,2023-04-25,9500,retraité,7818.97
L2023-00549-2,CMD-2023-00549,2023-04-14,9500,libéré,0.0
L2023-00550-1,CMD-2023-00550,2023-04-17,40500,libéré,0.0
L2023-00551-1,CMD-2023-00551,2023-05-11,6300,libéré,0.0
L2023-00551-2,CMD-2023-00551,2023-04-16,6300,libéré,0.0
L2023-00551-3,CMD-2023-00551,2023-04-16,6400,libéré,0.0
L2023-00552-1,CMD-2023-00552,2023-04-28,8300,libéré,0.0
L2023-00552-2,CMD-2023-00552,2023-04-23,8300,libéré,0.0
L2023-00552-3,CMD-2023-00552,2023-05-10,8400,libéré,0.0
L2023-00553-1,CMD-2023-00553,2023-04-10,10100,libéré,0.0
L2023-00553-2,CMD-2023-00553,2023-04-14,10100,retraité,6629.64
L2023-00553-3,CMD-2023-00553,2023-04-22,10300,libéré,0.0
L2023-00554-1,CMD-2023-00554,2023-04-10,55500,libéré,0.0
L2023-00554-2,CMD-2023-00554,2023-04-16,55500,libéré,0.0
L2023-00555-1,CMD-2023-00555,2023-04-16,9600,libéré,0.0
L2023-00555-2,CMD-2023-00555,2023-05-10,9600,libéré,0.0
L2023-00555-3,CMD-2023-00555,2023-04-13,9800,libéré,0.0
L2023-00556-1,CMD-2023-00556,2023-04-16,59000,libéré,0.0
L2023-00557-1,CMD-2023-00557,2023-04-29,14500,libéré,0.0
L2023-00557-2,CMD-2023-00557,2023-05-03,14500,libéré,0.0
L2023-00558-1,CMD-2023-00558,2023-04-18,15000,libéré,0.0
L2023-00559-1,CMD-2023-00559,2023-04-26,46000,libéré,0.0
L2023-00560-1,CMD-2023-00560,2023-04-15,47300,libéré,0.0
L2023-00560-2,CMD-2023-00560,2023-04-22,47300,libéré,0.0
L2023-00560-3,CMD-2023-00560,2023-04-29,47400,libéré,0.0
L2023-00561-1,CMD-2023-00561,2023-04-25,36000,libéré,0.0
L2023-00562-1,CMD-2023-00562,2023-05-07,15200,libéré,0.0
L2023-00562-2,CMD-2023-00562,2023-05-03,15300,libéré,0.0
L2023-00563-1,CMD-2023-00563,2023-04-18,40500,libéré,0.0
L2023-00564-1,CMD-2023-00564,2023-04-12,31500,libéré,0.0
L2023-00565-1,CMD-2023-00565,2023-04-28,48200,libéré,0.0
L2023-00565-2,CMD-2023-00565,2023-04-27,48300,libéré,0.0
L2023-00566-1,CMD-2023-00566,2023-04-15,50000,libéré,0.0
L2023-00566-2,CMD-2023-00566,2023-04-19,50000,libéré,0.0
L2023-00566-3,CMD-2023-00566,2023-04-22,50000,libéré,0.0
L2023-00567-1,CMD-2023-00567,2023-04-26,63500,libéré,0.0
L2023-00568-1,CMD-2023-00568,2023-04-16,16300,libéré,0.0
L2023-00568-2,CMD-2023-00568,2023-05-12,16300,libéré,0.0
L2023-00568-3,CMD-2023-00568,2023-05-12,16400,libéré,0.0
L2023-00569-1,CMD-2023-00569,2023-05-06,35500,libéré,0.0
L2023-00570-1,CMD-2023-00570,2023-04-22,23600,libéré,0.0
L2023-00571-1,CMD-2023-00571,2023-05-04,13500,libéré,0.0
L2023-00571-2,CMD-2023-00571,2023-05-05,13500,libéré,0.0
L2023-00571-3,CMD-2023-00571,2023-04-21,13500,libéré,0.0
L2023-00572-1,CMD-2023-00572,2023-04-24,23700,libéré,0.0
L2023-00572-2,CMD-2023-00572,2023-04-20,23800,libéré,0.0
L2023-00573-1,CMD-2023-00573,2023-04-25,8600,libéré,0.0
L2023-00573-2,CMD-2023-00573,2023-04-15,8600,libéré,0.0
L2023-00573-3,CMD-2023-00573,2023-04-24,8800,libéré,0.0
L2023-00574-1,CMD-2023-00574,2023-04-23,22200,libéré,0.0
L2023-00574-2,CMD-2023-00574,2023-04-24,22200,libéré,0.0
L2023-00574-3,CMD-2023-00574,2023-04-22,22200,libéré,0.0
L2023-00575-1,CMD-2023-00575,2023-04-25,36000,libéré,0.0
L2023-00576-1,CMD-2023-00576,2023-05-01,21500,libéré,0.0
L2023-00576-2,CMD-2023-00576,2023-04-18,21500,libéré,0.0
L2023-00576-3,CMD-2023-00576,2023-05-15,21500,libéré,0.0
L2023-00577-1,CMD-2023-00577,2023-05-02,63000,libéré,0.0
L2023-00578-1,CMD-2023-00578,2023-05-06,17500,libéré,0.0
L2023-00579-1,CMD-2023-00579,2023-04-23,46500,libéré,0.0
L2023-00580-1,CMD-2023-00580,2023-04-19,33600,libéré,0.0
L2023-00580-2,CMD-2023-00580,2023-04-17,33600,libéré,0.0
L2023-00580-3,CMD-2023-00580,2023-04-26,33800,libéré,0.0
L2023-00581-1,CMD-2023-00581,2023-04-30,14300,libéré,0.0
L2023-00581-2,CMD-2023-00581,2023-05-03,14400,libéré,0.0
L2023-00582-1,CMD-2023-00582,2023-05-14,37500,libéré,0.0
L2023-00582-2,CMD-2023-00582,2023-05-01,37500,libéré,0.0
L2023-00583-1,CMD-2023-00583,2023-04-25,73000,libéré,0.0
L2023-00583-2,CMD-2023-00583,2023-04-25,73000,libéré,0.0
L2023-00584-1,CMD-2023-00584,2023-05-13,8600,libéré,0.0
L2023-00584-2,CMD-2023-00584,2023-05-07,8600,libéré,0.0
L2023-00584-3,CMD-2023-00584,2023-05-08,8800,libéré,0.0
L2023-00585-1,CMD-2023-00585,2023-05-08,9600,libéré,0.0
L2023-00585-2,CMD-2023-00585,2023-04-24,9600,libéré,0.0
L2023-00585-3,CMD-2023-00585,2023-04-26,9800,libéré,0.0
L2023-00586-1,CMD-2023-00586,2023-04-19,19800,libéré,0.0
L2023-00586-2,CMD-2023-00586,2023-05-12,19800,libéré,0.0
L2023-00586-3,CMD-2023-00586,2023-04-29,19900,libéré,0.0
L2023-00587-1,CMD-2023-00587,2023-04-26,37000,libéré,0.0
L2023-00587-2,CMD-2023-00587,2023-05-22,37000,libéré,0.0
L2023-00588-1,CMD-2023-00588,2023-05-04,28000,libéré,0.0
L2023-00589-1,CMD-2023-00589,2023-04-19,23600,retraité,14875.08
L2023-00589-2,CMD-2023-00589,2023-04-18,23600,libéré,0.0
L2023-00589-3,CMD-2023-00589,2023-04-25,23800,libéré,0.0
L2023-00590-1,CMD-2023-00590,2023-04-26,40000,libéré,0.0
L2023-00591-1,CMD-2023-00591,2023-04-29,12600,libéré,0.0
L2023-00591-2,CMD-2023-00591,2023-04-21,12600,libéré,0.0
L2023-00591-3,CMD-2023-00591,2023-05-09,12800,libéré,0.0
L2023-00592-1,CMD-2023-00592,2023-05-21,44500,libéré,0.0
L2023-00593-1,CMD-2023-00593,2023-05-07,50000,libéré,0.0
L2023-00593-2,CMD-2023-00593,2023-05-24,50000,libéré,0.0
L2023-00593-3,CMD-2023-00593,2023-05-23,50000,libéré,0.0
L2023-00594-1,CMD-2023-00594,2023-04-28,16000,libéré,0.0
L2023-00595-1,CMD-2023-00595,2023-05-05,52000,libéré,0.0
L2023-00596-1,CMD-2023-00596,2023-05-02,12600,rejeté,37951.2
L2023-00596-2,CMD-2023-00596,2023-04-19,12600,libéré,0.0
L2023-00596-3,CMD-2023-00596,2023-05-07,12800,libéré,0.0
L2023-00597-1,CMD-2023-00597,2023-05-05,34000,libéré,0.0
L2023-00597-2,CMD-2023-00597,2023-04-29,34000,libéré,0.0
L2023-00598-1,CMD-2023-00598,2023-05-06,10600,retraité,6332.97
L2023-00598-2,CMD-2023-00598,2023-05-21,10600,libéré,0.0
L2023-00598-3,CMD-2023-00598,2023-05-20,10800,libéré,0.0
L2023-00599-1,CMD-2023-00599,2023-05-07,17000,libéré,0.0
L2023-00600-1,CMD-2023-00600,2023-04-22,8000,libéré,0.0
L2023-00600-2,CMD-2023-00600,2023-05-01,8000,libéré,0.0
L2023-00600-3,CMD-2023-00600,2023-05-04,8000,libéré,0.0
L2023-00601-1,CMD-2023-00601,2023-04-29,16700,libéré,0.0
L2023-00601-2,CMD-2023-00601,2023-04-23,16800,libéré,0.0
L2023-00602-1,CMD-2023-00602,2023-04-29,38000,libéré,0.0
L2023-00602-2,CMD-2023-00602,2023-04-22,38000,libéré,0.0
L2023-00602-3,CMD-2023-00602,2023-04-30,38000,libéré,0.0
L2023-00603-1,CMD-2023-00603,2023-05-02,17700,retraité,8692.47
L2023-00603-2,CMD-2023-00603,2023-05-02,17800,libéré,0.0
L2023-00604-1,CMD-2023-00604,2023-04-29,67500,libéré,0.0
L2023-00605-1,CMD-2023-00605,2023-05-05,53200,libéré,0.0
L2023-00605-2,CMD-2023-00605,2023-05-12,53300,libéré,0.0
L2023-00606-1,CMD-2023-00606,2023-05-18,53500,libéré,0.0
L2023-00607-1,CMD-2023-00607,2023-04-23,42000,rejeté,121296.0
L2023-00608-1,CMD-2023-00608,2023-04-27,39000,libéré,0.0
L2023-00609-1,CMD-2023-00609,2023-05-10,31500,libéré,0.0
L2023-00610-1,CMD-2023-00610,2023-04-26,39000,libéré,0.0
L2023-00611-1,CMD-2023-00611,2023-04-24,8800,libéré,0.0
L2023-00611-2,CMD-2023-00611,2023-05-25,8800,rejeté,27332.8
L2023-00611-3,CMD-2023-00611,2023-04-25,8900,libéré,0.0
L2023-00612-1,CMD-2023-00612,2023-05-06,54000,libéré,0.0
L2023-00612-2,CMD-2023-00612,2023-04-24,54000,libéré,0.0
L2023-00613-1,CMD-2023-00613,2023-05-12,32600,libéré,0.0
L2023-00613-2,CMD-2023-00613,2023-05-18,32600,libéré,0.0
L2023-00613-3,CMD-2023-00613,2023-05-17,32800,libéré,0.0
L2023-00614-1,CMD-2023-00614,2023-05-05,40500,libéré,0.0
L2023-00614-2,CMD-2023-00614,2023-05-04,40500,libéré,0.0
L2023-00615-1,CMD-2023-00615,2023-04-26,18100,libéré,0.0
L2023-00615-2,CMD-2023-00615,2023-04-29,18100,libéré,0.0
L2023-00615-3,CMD-2023-00615,2023-05-04,18300,libéré,0.0
L2023-00616-1,CMD-2023-00616,2023-06-02,25700,libéré,0.0
L2023-00616-2,CMD-2023-00616,2023-05-05,25800,libéré,0.0
L2023-00617-1,CMD-2023-00617,2023-05-09,26100,libéré,0.0
L2023-00617-2,CMD-2023-00617,2023-04-30,26100,libéré,0.0
L2023-00617-3,CMD-2023-00617,2023-05-03,26300,libéré,0.0
L2023-00618-1,CMD-2023-00618,2023-04-29,10000,rejeté,28950.0
L2023-00618-2,CMD-2023-00618,2023-04-25,10000,rejeté,28950.0
L2023-00618-3,CMD-2023-00618,2023-04-25,10000,libéré,0.0
L2023-00619-1,CMD-2023-00619,2023-05-21,39000,libéré,0.0
L2023-00619-2,CMD-2023-00619,2023-05-10,39000,libéré,0.0
L2023-00620-1,CMD-2023-00620,2023-05-07,9700,libéré,0.0
L2023-00620-2,CMD-2023-00620,2023-04-29,9800,libéré,0.0
L2023-00621-1,CMD-2023-00621,2023-05-07,7800,libéré,0.0
L2023-00621-2,CMD-2023-00621,2023-05-17,7800,libéré,0.0
L2023-00621-3,CMD-2023-00621,2023-05-20,7900,libéré,0.0
L2023-00622-1,CMD-2023-00622,2023-05-29,31500,libéré,0.0
L2023-00622-2,CMD-2023-00622,2023-05-21,31500,libéré,0.0
L2023-00622-3,CMD-2023-00622,2023-05-13,31500,libéré,0.0
L2023-00623-1,CMD-2023-00623,2023-04-27,28000,libéré,0.0
L2023-00623-2,CMD-2023-00623,2023-04-27,28000,libéré,0.0
L2023-00624-1,CMD-2023-00624,2023-05-07,64200,libéré,0.0
L2023-00625-1,CMD-2023-00625,2023-05-19,35200,libéré,0.0
L2023-00625-2,CMD-2023-00625,2023-05-05,35300,libéré,0.0
L2023-00626-1,CMD-2023-00626,2023-04-26,8300,libéré,0.0
L2023-00626-2,CMD-2023-00626,2023-05-10,8300,libéré,0.0
L2023-00626-3,CMD-2023-00626,2023-05-06,8400,libéré,0.0
L2023-00627-1,CMD-2023-00627,2023-05-10,9000,libéré,0.0
L2023-00627-2,CMD-2023-00627,2023-04-29,9000,libéré,0.0
L2023-00627-3,CMD-2023-00627,2023-05-13,9000,libéré,0.0
L2023-00628-1,CMD-2023-00628,2023-05-15,33000,libéré,0.0
L2023-00628-2,CMD-2023-00628,2023-04-30,33000,libéré,0.0
L2023-00628-3,CMD-2023-00628,2023-05-13,33000,libéré,0.0
L2023-00629-1,CMD-2023-00629,2023-04-30,10600,libéré,0.0
L2023-00629-2,CMD-2023-00629,2023-05-24,10600,libéré,0.0
L2023-00629-3,CMD-2023-00629,2023-05-02,10800,libéré,0.0
L2023-00630-1,CMD-2023-00630,2023-05-14,23000,libéré,0.0
L2023-00630-2,CMD-2023-00630,2023-05-07,23000,libéré,0.0
L2023-00631-1,CMD-2023-00631,2023-05-01,33000,libéré,0.0
L2023-00632-1,CMD-2023-00632,2023-05-01,16500,libéré,0.0
L2023-00632-2,CMD-2023-00632,2023-04-29,16500,libéré,0.0
L2023-00633-1,CMD-2023-00633,2023-05-09,17000,libéré,0.0
L2023-00634-1,CMD-2023-00634,2023-05-17,26600,rejeté,80012.8
L2023-00634-2,CMD-2023-00634,2023-05-23,26600,retraité,12001.92
L2023-00634-3,CMD-2023-00634,2023-04-30,26800,libéré,0.0
L2023-00635-1,CMD-2023-00635,2023-05-20,9800,libéré,0.0
L2023-00635-2,CMD-2023-00635,2023-05-23,9800,libéré,0.0
L2023-00635-3,CMD-2023-00635,2023-05-01,9900,libéré,0.0
L2023-00636-1,CMD-2023-00636,2023-05-01,17500,libéré,0.0
L2023-00637-1,CMD-2023-00637,2023-05-11,50000,libéré,0.0
L2023-00637-2,CMD-2023-00637,2023-05-13,50000,libéré,0.0
L2023-00637-3,CMD-2023-00637,2023-05-08,50000,rejeté,77400.0
L2023-00638-1,CMD-2023-00638,2023-05-08,26000,libéré,0.0
L2023-00638-2,CMD-2023-00638,2023-05-08,26000,libéré,0.0
L2023-00639-1,CMD-2023-00639,2023-05-18,17000,libéré,0.0
L2023-00640-1,CMD-2023-00640,2023-05-06,40200,libéré,0.0
L2023-00640-2,CMD-2023-00640,2023-05-23,40300,libéré,0.0
L2023-00641-1,CMD-2023-00641,2023-05-05,12200,libéré,0.0
L2023-00641-2,CMD-2023-00641,2023-05-04,12300,libéré,0.0
L2023-00642-1,CMD-2023-00642,2023-05-03,23000,libéré,0.0
L2023-00642-2,CMD-2023-00642,2023-05-13,23000,libéré,0.0
L2023-00643-1,CMD-2023-00643,2023-05-20,8500,libéré,0.0
L2023-00643-2,CMD-2023-00643,2023-05-17,8500,libéré,0.0
L2023-00644-1,CMD-2023-00644,2023-05-26,18000,rejeté,37332.0
L2023-00645-1,CMD-2023-00645,2023-05-31,30000,libéré,0.0
L2023-00646-1,CMD-2023-00646,2023-05-26,62100,libéré,0.0
L2023-00647-1,CMD-2023-00647,2023-05-04,10000,libéré,0.0
L2023-00647-2,CMD-2023-00647,2023-05-14,10000,libéré,0.0
L2023-00647-3,CMD-2023-00647,2023-05-15,10000,libéré,0.0
L2023-00648-1,CMD-2023-00648,2023-05-05,50000,libéré,0.0
L2023-00648-2,CMD-2023-00648,2023-05-04,50000,libéré,0.0
L2023-00648-3,CMD-2023-00648,2023-05-05,50000,libéré,0.0
L2023-00649-1,CMD-2023-00649,2023-05-14,32000,libéré,0.0
L2023-00649-2,CMD-2023-00649,2023-05-03,32000,libéré,0.0
L2023-00650-1,CMD-2023-00650,2023-05-06,31000,libéré,0.0
L2023-00651-1,CMD-2023-00651,2023-05-22,45100,libéré,0.0
L2023-00651-2,CMD-2023-00651,2023-05-22,45100,libéré,0.0
L2023-00651-3,CMD-2023-00651,2023-05-15,45300,retraité,15798.38
L2023-00652-1,CMD-2023-00652,2023-05-13,22500,libéré,0.0
L2023-00653-1,CMD-2023-00653,2023-05-19,16500,libéré,0.0
L2023-00654-1,CMD-2023-00654,2023-05-15,7000,libéré,0.0
L2023-00654-2,CMD-2023-00654,2023-05-15,7000,libéré,0.0
L2023-00654-3,CMD-2023-00654,2023-05-06,7000,libéré,0.0
L2023-00655-1,CMD-2023-00655,2023-05-21,20500,libéré,0.0
L2023-00655-2,CMD-2023-00655,2023-06-02,20500,libéré,0.0
L2023-00656-1,CMD-2023-00656,2023-05-13,47000,libéré,0.0
L2023-00657-1,CMD-2023-00657,2023-06-02,31100,libéré,0.0
L2023-00657-2,CMD-2023-00657,2023-06-02,31100,libéré,0.0
L2023-00657-3,CMD-2023-00657,2023-05-06,31300,libéré,0.0
L2023-00658-1,CMD-2023-00658,2023-05-20,8800,libéré,0.0
L2023-00658-2,CMD-2023-00658,2023-05-03,8800,libéré,0.0
L2023-00658-3,CMD-2023-00658,2023-05-18,8900,libéré,0.0
L2023-00659-1,CMD-2023-00659,2023-05-10,71500,libéré,0.0
L2023-00660-1,CMD-2023-00660,2023-05-04,27000,libéré,0.0
L2023-00661-1,CMD-2023-00661,2023-05-14,14700,libéré,0.0
L2023-00661-2,CMD-2023-00661,2023-05-07,14800,libéré,0.0
L2023-00662-1,CMD-2023-00662,2023-05-16,80000,libéré,0.0
L2023-00663-1,CMD-2023-00663,2023-05-24,15500,libéré,0.0
L2023-00663-2,CMD-2023-00663,2023-05-18,15500,libéré,0.0
L2023-00664-1,CMD-2023-00664,2023-05-09,15300,libéré,0.0
L2023-00664-2,CMD-2023-00664,2023-05-07,15300,libéré,0.0
L2023-00664-3,CMD-2023-00664,2023-05-11,15400,libéré,0.0
L2023-00665-1,CMD-2023-00665,2023-05-15,16800,libéré,0.0
L2023-00665-2,CMD-2023-00665,2023-05-19,16800,libéré,0.0
L2023-00665-3,CMD-2023-00665,2023-05-14,16900,libéré,0.0
L2023-00666-1,CMD-2023-00666,2023-05-16,8000,libéré,0.0
L2023-00666-2,CMD-2023-00666,2023-05-10,8000,libéré,0.0
L2023-00666-3,CMD-2023-00666,2023-05-14,8000,libéré,0.0
L2023-00667-1,CMD-2023-00667,2023-05-23,51500,libéré,0.0
L2023-00668-1,CMD-2023-00668,2023-05-14,21000,libéré,0.0
L2023-00668-2,CMD-2023-00668,2023-05-16,21000,libéré,0.0
L2023-00668-3,CMD-2023-00668,2023-05-22,21000,libéré,0.0
L2023-00669-1,CMD-2023-00669,2023-05-25,39500,libéré,0.0
L2023-00670-1,CMD-2023-00670,2023-05-21,9200,libéré,0.0
L2023-00670-2,CMD-2023-00670,2023-05-05,9300,libéré,0.0
L2023-00671-1,CMD-2023-00671,2023-05-03,49500,libéré,0.0
L2023-00672-1,CMD-2023-00672,2023-05-05,29000,libéré,0.0
L2023-00673-1,CMD-2023-00673,2023-05-04,60500,retraité,38850.07
L2023-00674-1,CMD-2023-00674,2023-05-16,13000,libéré,0.0
L2023-00674-2,CMD-2023-00674,2023-05-10,13000,libéré,0.0
L2023-00675-1,CMD-2023-00675,2023-05-18,48500,libéré,0.0
L2023-00676-1,CMD-2023-00676,2023-05-14,21000,libéré,0.0
L2023-00676-2,CMD-2023-00676,2023-05-19,21000,libéré,0.0
L2023-00677-1,CMD-2023-00677,2023-05-13,75000,libéré,0.0
L2023-00677-2,CMD-2023-00677,2023-05-31,75000,libéré,0.0
L2023-00678-1,CMD-2023-00678,2023-05-27,47800,libéré,0.0
L2023-00678-2,CMD-2023-00678,2023-05-12,47800,libéré,0.0
L2023-00678-3,CMD-2023-00678,2023-05-19,47900,libéré,0.0
L2023-00679-1,CMD-2023-00679,2023-05-25,41000,libéré,0.0
L2023-00680-1,CMD-2023-00680,2023-06-02,24200,libéré,0.0
L2023-00680-2,CMD-2023-00680,2023-05-20,24300,libéré,0.0
L2023-00681-1,CMD-2023-00681,2023-05-19,15500,libéré,0.0
L2023-00681-2,CMD-2023-00681,2023-05-18,15500,libéré,0.0
L2023-00682-1,CMD-2023-00682,2023-05-14,20500,libéré,0.0
L2023-00682-2,CMD-2023-00682,2023-05-22,20500,libéré,0.0
L2023-00683-1,CMD-2023-00683,2023-05-11,12500,libéré,0.0
L2023-00683-2,CMD-2023-00683,2023-05-08,12500,libéré,0.0
L2023-00683-3,CMD-2023-00683,2023-05-11,12500,libéré,0.0
L2023-00684-1,CMD-2023-00684,2023-05-12,26000,libéré,0.0
L2023-00685-1,CMD-2023-00685,2023-05-24,21500,libéré,0.0
L2023-00686-1,CMD-2023-00686,2023-05-12,12000,libéré,0.0
L2023-00687-1,CMD-2023-00687,2023-05-24,73200,libéré,0.0
L2023-00687-2,CMD-2023-00687,2023-05-12,73300,libéré,0.0
L2023-00688-1,CMD-2023-00688,2023-05-27,9800,libéré,0.0
L2023-00688-2,CMD-2023-00688,2023-05-10,9800,libéré,0.0
L2023-00688-3,CMD-2023-00688,2023-05-24,9900,libéré,0.0
L2023-00689-1,CMD-2023-00689,2023-05-08,11000,libéré,0.0
L2023-00689-2,CMD-2023-00689,2023-05-12,11000,libéré,0.0
L2023-00689-3,CMD-2023-00689,2023-05-23,11000,libéré,0.0
L2023-00690-1,CMD-2023-00690,2023-05-29,29100,libéré,0.0
L2023-00690-2,CMD-2023-00690,2023-05-17,29100,libéré,0.0
L2023-00690-3,CMD-2023-00690,2023-05-13,29300,rejeté,91240.2
L2023-00691-1,CMD-2023-00691,2023-05-12,7500,libéré,0.0
L2023-00691-2,CMD-2023-00691,2023-05-15,7500,libéré,0.0
L2023-00692-1,CMD-2023-00692,2023-05-17,16000,libéré,0.0
L2023-00693-1,CMD-2023-00693,2023-05-18,10100,libéré,0.0
L2023-00693-2,CMD-2023-00693,2023-05-11,10100,libéré,0.0
L2023-00693-3,CMD-2023-00693,2023-05-18,10300,libéré,0.0
L2023-00694-1,CMD-2023-00694,2023-05-10,11500,libéré,0.0
L2023-00694-2,CMD-2023-00694,2023-05-21,11500,libéré,0.0
L2023-00695-1,CMD-2023-00695,2023-05-08,73500,libéré,0.0
L2023-00696-1,CMD-2023-00696,2023-05-23,51500,libéré,0.0
L2023-00697-1,CMD-2023-00697,2023-06-11,30000,libéré,0.0
L2023-00698-1,CMD-2023-00698,2023-05-28,10600,libéré,0.0
L2023-00698-2,CMD-2023-00698,2023-06-01,10600,libéré,0.0
L2023-00698-3,CMD-2023-00698,2023-05-20,10800,libéré,0.0
L2023-00699-1,CMD-2023-00699,2023-05-15,32500,libéré,0.0
L2023-00700-1,CMD-2023-00700,2023-05-11,12100,libéré,0.0
L2023-00700-2,CMD-2023-00700,2023-06-02,12100,libéré,0.0
L2023-00700-3,CMD-2023-00700,2023-05-25,12300,libéré,0.0
L2023-00701-1,CMD-2023-00701,2023-05-21,23500,libéré,0.0
L2023-00702-1,CMD-2023-00702,2023-05-11,13800,libéré,0.0
L2023-00702-2,CMD-2023-00702,2023-05-26,13800,libéré,0.0
L2023-00702-3,CMD-2023-00702,2023-05-13,13900,libéré,0.0
L2023-00703-1,CMD-2023-00703,2023-05-22,5000,libéré,0.0
L2023-00703-2,CMD-2023-00703,2023-05-11,5000,libéré,0.0
L2023-00704-1,CMD-2023-00704,2023-05-20,23000,libéré,0.0
L2023-00705-1,CMD-2023-00705,2023-06-14,24500,libéré,0.0
L2023-00705-2,CMD-2023-00705,2023-06-06,24500,libéré,0.0
L2023-00706-1,CMD-2023-00706,2023-05-18,12500,libéré,0.0
L2023-00706-2,CMD-2023-00706,2023-05-20,12500,libéré,0.0
L2023-00707-1,CMD-2023-00707,2023-05-22,41100,libéré,0.0
L2023-00707-2,CMD-2023-00707,2023-05-24,41100,libéré,0.0
L2023-00707-3,CMD-2023-00707,2023-05-11,41300,libéré,0.0
L2023-00708-1,CMD-2023-00708,2023-05-21,12000,libéré,0.0
L2023-00708-2,CMD-2023-00708,2023-05-17,12000,libéré,0.0
L2023-00709-1,CMD-2023-00709,2023-05-10,9800,libéré,0.0
L2023-00709-2,CMD-2023-00709,2023-05-24,9800,libéré,0.0
L2023-00709-3,CMD-2023-00709,2023-06-01,9900,libéré,0.0
L2023-00710-1,CMD-2023-00710,2023-05-22,12100,libéré,0.0
L2023-00710-2,CMD-2023-00710,2023-05-14,12100,libéré,0.0
L2023-00710-3,CMD-2023-00710,2023-06-01,12300,libéré,0.0
L2023-00711-1,CMD-2023-00711,2023-05-31,25000,libéré,0.0
L2023-00712-1,CMD-2023-00712,2023-06-03,15600,libéré,0.0
L2023-00712-2,CMD-2023-00712,2023-05-25,15600,libéré,0.0
L2023-00712-3,CMD-2023-00712,2023-05-19,15800,libéré,0.0
L2023-00713-1,CMD-2023-00713,2023-05-25,30200,libéré,0.0
L2023-00713-2,CMD-2023-00713,2023-05-22,30300,libéré,0.0
L2023-00714-1,CMD-2023-00714,2023-06-04,30000,libéré,0.0
L2023-00715-1,CMD-2023-00715,2023-05-28,72000,libéré,0.0
L2023-00716-1,CMD-2023-00716,2023-05-17,16800,libéré,0.0
L2023-00717-1,CMD-2023-00717,2023-05-23,16200,libéré,0.0
L2023-00717-2,CMD-2023-00717,2023-05-18,16300,libéré,0.0
L2023-00718-1,CMD-2023-00718,2023-05-22,26000,libéré,0.0
L2023-00718-2,CMD-2023-00718,2023-05-29,26000,libéré,0.0
L2023-00718-3,CMD-2023-00718,2023-05-15,26000,libéré,0.0
L2023-00719-1,CMD-2023-00719,2023-06-02,14700,libéré,0.0
L2023-00719-2,CMD-2023-00719,2023-06-04,14800,libéré,0.0
L2023-00720-1,CMD-2023-00720,2023-06-08,20500,libéré,0.0
L2023-00720-2,CMD-2023-00720,2023-05-21,20500,libéré,0.0
L2023-00720-3,CMD-2023-00720,2023-05-20,20500,libéré,0.0
L2023-00721-1,CMD-2023-00721,2023-05-29,6300,libéré,0.0
L2023-00721-2,CMD-2023-00721,2023-05-19,6300,libéré,0.0
L2023-00721-3,CMD-2023-00721,2023-05-28,6400,libéré,0.0
L2023-00722-1,CMD-2023-00722,2023-06-03,22800,libéré,0.0
L2023-00722-2,CMD-2023-00722,2023-06-14,22800,libéré,0.0
L2023-00722-3,CMD-2023-00722,2023-06-15,22900,libéré,0.0
L2023-00723-1,CMD-2023-00723,2023-05-14,42800,libéré,0.0
L2023-00723-2,CMD-2023-00723,2023-05-14,42800,libéré,0.0
L2023-00723-3,CMD-2023-00723,2023-05-15,42900,libéré,0.0
L2023-00724-1,CMD-2023-00724,2023-05-20,14200,libéré,0.0
L2023-00724-2,CMD-2023-00724,2023-05-22,14300,libéré,0.0
L2023-00725-1,CMD-2023-00725,2023-05-17,52700,libéré,0.0
L2023-00725-2,CMD-2023-00725,2023-05-16,52800,rejeté,160987.2
L2023-00726-1,CMD-2023-00726,2023-05-28,9100,retraité,5577.39
L2023-00726-2,CMD-2023-00726,2023-06-10,9100,libéré,0.0
L2023-00726-3,CMD-2023-00726,2023-05-23,9300,libéré,0.0
L2023-00727-1,CMD-2023-00727,2023-05-24,64500,libéré,0.0
L2023-00728-1,CMD-2023-00728,2023-06-09,15100,libéré,0.0
L2023-00728-2,CMD-2023-00728,2023-06-19,15100,libéré,0.0
L2023-00728-3,CMD-2023-00728,2023-06-04,15300,libéré,0.0
L2023-00729-1,CMD-2023-00729,2023-06-10,5800,libéré,0.0
L2023-00729-2,CMD-2023-00729,2023-05-14,5800,libéré,0.0
L2023-00729-3,CMD-2023-00729,2023-06-09,5900,libéré,0.0
L2023-00730-1,CMD-2023-00730,2023-05-25,20600,libéré,0.0
L2023-00730-2,CMD-2023-00730,2023-05-19,20600,libéré,0.0
L2023-00730-3,CMD-2023-00730,2023-05-20,20800,libéré,0.0
L2023-00731-1,CMD-2023-00731,2023-05-16,26000,libéré,0.0
L2023-00732-1,CMD-2023-00732,2023-05-31,13600,rejeté,44077.6
L2023-00732-2,CMD-2023-00732,2023-05-23,13600,libéré,0.0
L2023-00732-3,CMD-2023-00732,2023-05-27,13800,libéré,0.0
L2023-00733-1,CMD-2023-00733,2023-05-30,8500,libéré,0.0
L2023-00733-2,CMD-2023-00733,2023-06-03,8500,libéré,0.0
L2023-00734-1,CMD-2023-00734,2023-05-20,9000,libéré,0.0
L2023-00734-2,CMD-2023-00734,2023-05-15,9000,libéré,0.0
L2023-00734-3,CMD-2023-00734,2023-05-19,9000,libéré,0.0
L2023-00735-1,CMD-2023-00735,2023-05-23,8000,libéré,0.0
L2023-00735-2,CMD-2023-00735,2023-05-22,8000,libéré,0.0
L2023-00736-1,CMD-2023-00736,2023-05-21,18000,libéré,0.0
L2023-00736-2,CMD-2023-00736,2023-05-24,18000,libéré,0.0
L2023-00736-3,CMD-2023-00736,2023-05-23,18000,libéré,0.0
L2023-00737-1,CMD-2023-00737,2023-06-03,26500,libéré,0.0
L2023-00738-1,CMD-2023-00738,2023-05-21,29500,libéré,0.0
L2023-00739-1,CMD-2023-00739,2023-05-25,20000,libéré,0.0
L2023-00739-2,CMD-2023-00739,2023-05-16,20000,libéré,0.0
L2023-00740-1,CMD-2023-00740,2023-05-25,43500,libéré,0.0
L2023-00741-1,CMD-2023-00741,2023-05-17,12600,rejeté,51571.8
L2023-00741-2,CMD-2023-00741,2023-05-21,12600,libéré,0.0
L2023-00741-3,CMD-2023-00741,2023-05-27,12800,libéré,0.0
L2023-00742-1,CMD-2023-00742,2023-05-22,50000,libéré,0.0
L2023-00742-2,CMD-2023-00742,2023-05-16,50000,libéré,0.0
L2023-00742-3,CMD-2023-00742,2023-05-21,50000,libéré,0.0
L2023-00743-1,CMD-2023-00743,2023-06-06,13200,libéré,0.0
L2023-00743-2,CMD-2023-00743,2023-06-11,13300,libéré,0.0
L2023-00744-1,CMD-2023-00744,2023-05-31,20000,libéré,0.0
L2023-00745-1,CMD-2023-00745,2023-05-23,14500,rejeté,47284.5
L2023-00746-1,CMD-2023-00746,2023-06-11,10700,retraité,6472.97
L2023-00746-2,CMD-2023-00746,2023-05-30,10800,libéré,0.0
L2023-00747-1,CMD-2023-00747,2023-06-10,7100,libéré,0.0
L2023-00747-2,CMD-2023-00747,2023-05-20,7100,libéré,0.0
L2023-00748-1,CMD-2023-00748,2023-05-26,35500,libéré,0.0
L2023-00748-2,CMD-2023-00748,2023-05-28,35500,libéré,0.0
L2023-00749-1,CMD-2023-00749,2023-05-21,23500,retraité,15774.37
L2023-00750-1,CMD-2023-00750,2023-05-27,25000,libéré,0.0
L2023-00750-2,CMD-2023-00750,2023-05-30,25000,libéré,0.0
L2023-00751-1,CMD-2023-00751,2023-05-28,20000,libéré,0.0
L2023-00752-1,CMD-2023-00752,2023-05-27,37700,libéré,0.0
L2023-00752-2,CMD-2023-00752,2023-05-27,37700,libéré,0.0
L2023-00753-1,CMD-2023-00753,2023-06-12,11600,libéré,0.0
L2023-00753-2,CMD-2023-00753,2023-06-06,11600,rejeté,34173.6
L2023-00753-3,CMD-2023-00753,2023-05-23,11800,libéré,0.0
L2023-00754-1,CMD-2023-00754,2023-05-29,8000,libéré,0.0
L2023-00754-2,CMD-2023-00754,2023-05-24,8000,libéré,0.0
L2023-00755-1,CMD-2023-00755,2023-05-26,25000,libéré,0.0
L2023-00756-1,CMD-2023-00756,2023-05-28,10000,libéré,0.0
L2023-00757-1,CMD-2023-00757,2023-05-26,24200,libéré,0.0
L2023-00757-2,CMD-2023-00757,2023-06-03,24300,libéré,0.0
L2023-00758-1,CMD-2023-00758,2023-06-07,23200,libéré,0.0
L2023-00758-2,CMD-2023-00758,2023-06-27,23300,libéré,0.0
L2023-00759-1,CMD-2023-00759,2023-05-24,9800,libéré,0.0
L2023-00759-2,CMD-2023-00759,2023-05-28,9800,libéré,0.0
L2023-00759-3,CMD-2023-00759,2023-05-24,9900,retraité,3454.11
L2023-00760-1,CMD-2023-00760,2023-06-04,28100,libéré,0.0
L2023-00760-2,CMD-2023-00760,2023-05-24,28100,libéré,0.0
L2023-00761-1,CMD-2023-00761,2023-06-11,16200,libéré,0.0
L2023-00761-2,CMD-2023-00761,2023-06-13,16300,libéré,0.0
L2023-00762-1,CMD-2023-00762,2023-05-22,24700,libéré,0.0
L2023-00762-2,CMD-2023-00762,2023-06-12,24800,libéré,0.0
L2023-00763-1,CMD-2023-00763,2023-06-05,68000,rejeté,207400.0
L2023-00764-1,CMD-2023-00764,2023-05-27,8300,libéré,0.0
L2023-00764-2,CMD-2023-00764,2023-06-02,8300,libéré,0.0
L2023-00764-3,CMD-2023-00764,2023-06-08,8400,libéré,0.0
L2023-00765-1,CMD-2023-00765,2023-05-29,12300,libéré,0.0
L2023-00765-2,CMD-2023-00765,2023-06-19,12300,libéré,0.0
L2023-00765-3,CMD-2023-00765,2023-05-27,12400,libéré,0.0
L2023-00766-1,CMD-2023-00766,2023-05-28,15200,retraité,9908.88
L2023-00766-2,CMD-2023-00766,2023-05-30,15300,libéré,0.0
L2023-00767-1,CMD-2023-00767,2023-06-14,14700,libéré,0.0
L2023-00767-2,CMD-2023-00767,2023-06-24,14800,libéré,0.0
L2023-00768-1,CMD-2023-00768,2023-06-02,5500,libéré,0.0
L2023-00768-2,CMD-2023-00768,2023-06-09,5500,libéré,0.0
L2023-00768-3,CMD-2023-00768,2023-05-30,5500,libéré,0.0
L2023-00769-1,CMD-2023-00769,2023-06-04,15500,libéré,0.0
L2023-00769-2,CMD-2023-00769,2023-05-30,15500,libéré,0.0
L2023-00770-1,CMD-2023-00770,2023-05-31,55000,rejeté,246180.0
L2023-00771-1,CMD-2023-00771,2023-05-26,31000,libéré,0.0
L2023-00772-1,CMD-2023-00772,2023-06-19,6800,libéré,0.0
L2023-00772-2,CMD-2023-00772,2023-05-31,6800,libéré,0.0
L2023-00772-3,CMD-2023-00772,2023-05-30,6900,libéré,0.0
L2023-00773-1,CMD-2023-00773,2023-05-26,20800,libéré,0.0
L2023-00773-2,CMD-2023-00773,2023-06-21,20800,libéré,0.0
L2023-00773-3,CMD-2023-00773,2023-06-07,20900,libéré,0.0
L2023-00774-1,CMD-2023-00774,2023-05-31,33800,libéré,0.0
L2023-00774-2,CMD-2023-00774,2023-06-08,33800,libéré,0.0
L2023-00774-3,CMD-2023-00774,2023-05-28,33900,libéré,0.0
L2023-00775-1,CMD-2023-00775,2023-06-06,23500,libéré,0.0
L2023-00775-2,CMD-2023-00775,2023-06-06,23500,libéré,0.0
L2023-00776-1,CMD-2023-00776,2023-06-19,18200,libéré,0.0
L2023-00776-2,CMD-2023-00776,2023-06-07,18300,libéré,0.0
L2023-00777-1,CMD-2023-00777,2023-05-31,5600,libéré,0.0
L2023-00777-2,CMD-2023-00777,2023-06-13,5600,libéré,0.0
L2023-00777-3,CMD-2023-00777,2023-05-25,5800,libéré,0.0
L2023-00778-1,CMD-2023-00778,2023-05-29,10000,libéré,0.0
L2023-00778-2,CMD-2023-00778,2023-05-24,10000,libéré,0.0
L2023-00778-3,CMD-2023-00778,2023-05-28,10000,libéré,0.0
L2023-00779-1,CMD-2023-00779,2023-06-19,14200,libéré,0.0
L2023-00779-2,CMD-2023-00779,2023-05-29,14300,retraité,8534.95
L2023-00780-1,CMD-2023-00780,2023-06-01,63000,libéré,0.0
L2023-00781-1,CMD-2023-00781,2023-05-26,10500,libéré,0.0
L2023-00781-2,CMD-2023-00781,2023-06-04,10500,libéré,0.0
L2023-00781-3,CMD-2023-00781,2023-06-04,10500,libéré,0.0
L2023-00782-1,CMD-2023-00782,2023-06-08,14700,libéré,0.0
L2023-00782-2,CMD-2023-00782,2023-06-08,14800,libéré,0.0
L2023-00783-1,CMD-2023-00783,2023-06-05,20500,libéré,0.0
L2023-00783-2,CMD-2023-00783,2023-06-05,20500,libéré,0.0
L2023-00784-1,CMD-2023-00784,2023-05-31,9700,libéré,0.0
L2023-00784-2,CMD-2023-00784,2023-05-29,9800,libéré,0.0
L2023-00785-1,CMD-2023-00785,2023-06-11,15200,libéré,0.0
L2023-00785-2,CMD-2023-00785,2023-06-08,15300,libéré,0.0
L2023-00786-1,CMD-2023-00786,2023-05-28,20200,libéré,0.0
L2023-00786-2,CMD-2023-00786,2023-06-09,20300,libéré,0.0
L2023-00787-1,CMD-2023-00787,2023-06-01,6500,retraité,2953.28
L2023-00787-2,CMD-2023-00787,2023-05-28,6500,libéré,0.0
L2023-00787-3,CMD-2023-00787,2023-06-02,6500,libéré,0.0
L2023-00788-1,CMD-2023-00788,2023-06-10,55500,libéré,0.0
L2023-00788-2,CMD-2023-00788,2023-06-04,55500,libéré,0.0
L2023-00789-1,CMD-2023-00789,2023-06-21,28500,libéré,0.0
L2023-00789-2,CMD-2023-00789,2023-06-24,28500,libéré,0.0
L2023-00790-1,CMD-2023-00790,2023-06-04,53000,libéré,0.0
L2023-00791-1,CMD-2023-00791,2023-06-25,16000,rejeté,53792.0
L2023-00791-2,CMD-2023-00791,2023-06-15,16000,libéré,0.0
L2023-00792-1,CMD-2023-00792,2023-05-31,15000,libéré,0.0
L2023-00792-2,CMD-2023-00792,2023-06-19,15000,libéré,0.0
L2023-00793-1,CMD-2023-00793,2023-05-31,36700,libéré,0.0
L2023-00793-2,CMD-2023-00793,2023-06-17,36800,libéré,0.0
L2023-00794-1,CMD-2023-00794,2023-06-04,10500,libéré,0.0
L2023-00795-1,CMD-2023-00795,2023-06-17,55500,libéré,0.0
L2023-00796-1,CMD-2023-00796,2023-07-03,11000,libéré,0.0
L2023-00797-1,CMD-2023-00797,2023-06-02,11800,libéré,0.0
L2023-00797-2,CMD-2023-00797,2023-05-28,11800,libéré,0.0
L2023-00797-3,CMD-2023-00797,2023-06-04,11900,libéré,0.0
L2023-00798-1,CMD-2023-00798,2023-06-05,13100,libéré,0.0
L2023-00798-2,CMD-2023-00798,2023-06-18,13100,libéré,0.0
L2023-00798-3,CMD-2023-00798,2023-06-08,13300,libéré,0.0
L2023-00799-1,CMD-2023-00799,2023-06-09,27800,libéré,0.0
L2023-00800-1,CMD-2023-00800,2023-06-12,33600,libéré,0.0
L2023-00800-2,CMD-2023-00800,2023-05-31,33600,libéré,0.0
L2023-00800-3,CMD-2023-00800,2023-05-28,33800,libéré,0.0
L2023-00801-1,CMD-2023-00801,2023-06-07,34500,libéré,0.0
L2023-00802-1,CMD-2023-00802,2023-05-31,15300,libéré,0.0
L2023-00802-2,CMD-2023-00802,2023-06-09,15300,libéré,0.0
L2023-00802-3,CMD-2023-00802,2023-06-11,15400,libéré,0.0
L2023-00803-1,CMD-2023-00803,2023-05-30,8600,libéré,0.0
L2023-00803-2,CMD-2023-00803,2023-06-17,8600,libéré,0.0
L2023-00803-3,CMD-2023-00803,2023-06-14,8800,libéré,0.0
L2023-00804-1,CMD-2023-00804,2023-06-21,27000,libéré,0.0
L2023-00805-1,CMD-2023-00805,2023-06-02,8000,libéré,0.0
L2023-00805-2,CMD-2023-00805,2023-05-30,8000,libéré,0.0
L2023-00806-1,CMD-2023-00806,2023-06-09,47700,libéré,0.0
L2023-00806-2,CMD-2023-00806,2023-06-15,47800,libéré,0.0
L2023-00807-1,CMD-2023-00807,2023-06-03,19300,libéré,0.0
L2023-00807-2,CMD-2023-00807,2023-06-15,19300,libéré,0.0
L2023-00807-3,CMD-2023-00807,2023-05-30,19400,libéré,0.0
L2023-00808-1,CMD-2023-00808,2023-05-29,41000,libéré,0.0
L2023-00809-1,CMD-2023-00809,2023-06-25,31600,libéré,0.0
L2023-00809-2,CMD-2023-00809,2023-06-14,31600,libéré,0.0
L2023-00809-3,CMD-2023-00809,2023-06-16,31800,libéré,0.0
L2023-00810-1,CMD-2023-00810,2023-06-20,16300,rejeté,66895.2
L2023-00810-2,CMD-2023-00810,2023-06-02,16300,libéré,0.0
L2023-00810-3,CMD-2023-00810,2023-06-18,16400,libéré,0.0
L2023-00811-1,CMD-2023-00811,2023-06-06,15300,libéré,0.0
L2023-00811-2,CMD-2023-00811,2023-06-02,15300,libéré,0.0
L2023-00811-3,CMD-2023-00811,2023-06-05,15400,libéré,0.0
L2023-00812-1,CMD-2023-00812,2023-05-31,28100,libéré,0.0
L2023-00812-2,CMD-2023-00812,2023-06-28,28100,libéré,0.0
L2023-00812-3,CMD-2023-00812,2023-06-17,28300,libéré,0.0
L2023-00813-1,CMD-2023-00813,2023-06-27,25000,libéré,0.0
L2023-00813-2,CMD-2023-00813,2023-06-05,25000,libéré,0.0
L2023-00814-1,CMD-2023-00814,2023-06-11,11000,libéré,0.0
L2023-00814-2,CMD-2023-00814,2023-06-06,11000,libéré,0.0
L2023-00814-3,CMD-2023-00814,2023-06-20,11000,libéré,0.0
L2023-00815-1,CMD-2023-00815,2023-05-30,13200,libéré,0.0
L2023-00815-2,CMD-2023-00815,2023-06-13,13300,libéré,0.0
L2023-00816-1,CMD-2023-00816,2023-06-13,13600,libéré,0.0
L2023-00816-2,CMD-2023-00816,2023-06-08,13600,libéré,0.0
L2023-00816-3,CMD-2023-00816,2023-06-05,13800,libéré,0.0
L2023-00817-1,CMD-2023-00817,2023-06-06,8500,libéré,0.0
L2023-00817-2,CMD-2023-00817,2023-06-14,8500,libéré,0.0
L2023-00817-3,CMD-2023-00817,2023-06-12,8500,libéré,0.0
L2023-00818-1,CMD-2023-00818,2023-06-17,53000,libéré,0.0
L2023-00819-1,CMD-2023-00819,2023-06-09,13600,libéré,0.0
L2023-00819-2,CMD-2023-00819,2023-06-17,13600,libéré,0.0
L2023-00819-3,CMD-2023-00819,2023-06-05,13800,libéré,0.0
L2023-00820-1,CMD-2023-00820,2023-06-09,5000,libéré,0.0
L2023-00820-2,CMD-2023-00820,2023-06-08,5000,libéré,0.0
L2023-00821-1,CMD-2023-00821,2023-06-03,43500,libéré,0.0
L2023-00822-1,CMD-2023-00822,2023-06-06,10000,libéré,0.0
L2023-00823-1,CMD-2023-00823,2023-06-10,11600,libéré,0.0
L2023-00823-2,CMD-2023-00823,2023-06-09,11600,libéré,0.0
L2023-00823-3,CMD-2023-00823,2023-06-07,11800,retraité,5600.28
L2023-00824-1,CMD-2023-00824,2023-06-21,9500,libéré,0.0
L2023-00824-2,CMD-2023-00824,2023-06-10,9500,libéré,0.0
L2023-00825-1,CMD-2023-00825,2023-06-01,24000,libéré,0.0
L2023-00826-1,CMD-2023-00826,2023-06-12,7200,libéré,0.0
L2023-00826-2,CMD-2023-00826,2023-06-11,7300,libéré,0.0
L2023-00827-1,CMD-2023-00827,2023-06-27,37500,libéré,0.0
L2023-00828-1,CMD-2023-00828,2023-06-03,60500,libéré,0.0
L2023-00829-1,CMD-2023-00829,2023-06-18,19800,libéré,0.0
L2023-00829-2,CMD-2023-00829,2023-06-09,19800,libéré,0.0
L2023-00829-3,CMD-2023-00829,2023-06-18,19900,libéré,0.0
L2023-00830-1,CMD-2023-00830,2023-06-04,20000,libéré,0.0
L2023-00830-2,CMD-2023-00830,2023-06-04,20000,libéré,0.0
L2023-00831-1,CMD-2023-00831,2023-06-07,9300,libéré,0.0
L2023-00831-2,CMD-2023-00831,2023-06-09,9300,libéré,0.0
L2023-00831-3,CMD-2023-00831,2023-06-05,9400,libéré,0.0
L2023-00832-1,CMD-2023-00832,2023-06-16,9100,libéré,0.0
L2023-00832-2,CMD-2023-00832,2023-06-10,9100,libéré,0.0
L2023-00832-3,CMD-2023-00832,2023-06-05,9300,libéré,0.0
L2023-00833-1,CMD-2023-00833,2023-06-06,25500,libéré,0.0
L2023-00834-1,CMD-2023-00834,2023-06-24,63500,libéré,0.0
L2023-00835-1,CMD-2023-00835,2023-06-18,31200,libéré,0.0
L2023-00835-2,CMD-2023-00835,2023-06-28,31200,libéré,0.0
L2023-00836-1,CMD-2023-00836,2023-06-04,31500,libéré,0.0
L2023-00836-2,CMD-2023-00836,2023-06-07,31500,libéré,0.0
L2023-00837-1,CMD-2023-00837,2023-06-24,39500,libéré,0.0
L2023-00838-1,CMD-2023-00838,2023-06-04,7200,libéré,0.0
L2023-00838-2,CMD-2023-00838,2023-06-19,7300,libéré,0.0
L2023-00839-1,CMD-2023-00839,2023-06-11,37000,retraité,23099.1
L2023-00839-2,CMD-2023-00839,2023-06-14,37000,libéré,0.0
L2023-00839-3,CMD-2023-00839,2023-06-19,37000,libéré,0.0
L2023-00840-1,CMD-2023-00840,2023-06-06,30000,libéré,0.0
L2023-00841-1,CMD-2023-00841,2023-06-18,36200,libéré,0.0
L2023-00841-2,CMD-2023-00841,2023-06-17,36300,libéré,0.0
L2023-00842-1,CMD-2023-00842,2023-06-10,13100,libéré,0.0
L2023-00842-2,CMD-2023-00842,2023-06-09,13100,libéré,0.0
L2023-00842-3,CMD-2023-00842,2023-06-16,13300,libéré,0.0
L2023-00843-1,CMD-2023-00843,2023-06-06,25000,libéré,0.0
L2023-00844-1,CMD-2023-00844,2023-06-13,40900,libéré,0.0
L2023-00844-2,CMD-2023-00844,2023-06-25,40900,libéré,0.0
L2023-00844-3,CMD-2023-00844,2023-07-07,41100,libéré,0.0
L2023-00845-1,CMD-2023-00845,2023-06-06,18700,libéré,0.0
L2023-00845-2,CMD-2023-00845,2023-06-22,18800,libéré,0.0
L2023-00846-1,CMD-2023-00846,2023-06-06,40000,libéré,0.0
L2023-00847-1,CMD-2023-00847,2023-06-16,30500,retraité,17650.35
L2023-00848-1,CMD-2023-00848,2023-06-29,11300,libéré,0.0
L2023-00848-2,CMD-2023-00848,2023-06-18,11300,libéré,0.0
L2023-00848-3,CMD-2023-00848,2023-06-18,11400,libéré,0.0
L2023-00849-1,CMD-2023-00849,2023-06-14,45200,libéré,0.0
L2023-00849-2,CMD-2023-00849,2023-06-11,45300,libéré,0.0
L2023-00850-1,CMD-2023-00850,2023-06-17,11200,libéré,0.0
L2023-00850-2,CMD-2023-00850,2023-06-09,11300,libéré,0.0
L2023-00851-1,CMD-2023-00851,2023-06-19,15100,libéré,0.0
L2023-00851-2,CMD-2023-00851,2023-06-17,15100,libéré,0.0
L2023-00851-3,CMD-2023-00851,2023-06-10,15300,libéré,0.0
L2023-00852-1,CMD-2023-00852,2023-06-18,18200,libéré,0.0
L2023-00852-2,CMD-2023-00852,2023-06-23,18300,libéré,0.0
L2023-00853-1,CMD-2023-00853,2023-06-22,10000,libéré,0.0
L2023-00854-1,CMD-2023-00854,2023-07-08,14000,libéré,0.0
L2023-00855-1,CMD-2023-00855,2023-06-08,47500,retraité,22671.75
L2023-00855-2,CMD-2023-00855,2023-06-06,47500,libéré,0.0
L2023-00856-1,CMD-2023-00856,2023-06-21,73000,libéré,0.0
L2023-00857-1,CMD-2023-00857,2023-06-22,22500,libéré,0.0
L2023-00857-2,CMD-2023-00857,2023-06-11,22500,libéré,0.0
L2023-00858-1,CMD-2023-00858,2023-06-25,30000,libéré,0.0
L2023-00859-1,CMD-2023-00859,2023-06-07,13600,retraité,9677.76
L2023-00859-2,CMD-2023-00859,2023-06-15,13600,libéré,0.0
L2023-00859-3,CMD-2023-00859,2023-06-10,13800,libéré,0.0
L2023-00860-1,CMD-2023-00860,2023-06-15,27500,libéré,0.0
L2023-00860-2,CMD-2023-00860,2023-06-14,27500,libéré,0.0
L2023-00861-1,CMD-2023-00861,2023-06-12,25000,libéré,0.0
L2023-00861-2,CMD-2023-00861,2023-06-18,25000,libéré,0.0
L2023-00862-1,CMD-2023-00862,2023-06-11,11000,libéré,0.0
L2023-00862-2,CMD-2023-00862,2023-06-10,11000,libéré,0.0
L2023-00863-1,CMD-2023-00863,2023-06-20,7000,libéré,0.0
L2023-00863-2,CMD-2023-00863,2023-06-12,7000,retraité,2978.85
L2023-00864-1,CMD-2023-00864,2023-06-12,44000,libéré,0.0
L2023-00865-1,CMD-2023-00865,2023-06-24,12600,libéré,0.0
L2023-00865-2,CMD-2023-00865,2023-06-27,12600,libéré,0.0
L2023-00865-3,CMD-2023-00865,2023-06-10,12800,libéré,0.0
L2023-00866-1,CMD-2023-00866,2023-06-12,36800,libéré,0.0
L2023-00866-2,CMD-2023-00866,2023-06-21,36800,libéré,0.0
L2023-00866-3,CMD-2023-00866,2023-06-21,36900,libéré,0.0
L2023-00867-1,CMD-2023-00867,2023-06-11,44500,libéré,0.0
L2023-00868-1,CMD-2023-00868,2023-06-21,21300,libéré,0.0
L2023-00868-2,CMD-2023-00868,2023-06-17,21300,libéré,0.0
L2023-00868-3,CMD-2023-00868,2023-06-20,21400,libéré,0.0
L2023-00869-1,CMD-2023-00869,2023-06-23,18700,libéré,0.0
L2023-00869-2,CMD-2023-00869,2023-06-13,18800,libéré,0.0
L2023-00870-1,CMD-2023-00870,2023-06-09,25000,libéré,0.0
L2023-00870-2,CMD-2023-00870,2023-06-16,25000,libéré,0.0
L2023-00871-1,CMD-2023-00871,2023-06-18,38500,libéré,0.0
L2023-00872-1,CMD-2023-00872,2023-06-26,6600,libéré,0.0
L2023-00872-2,CMD-2023-00872,2023-06-21,6600,libéré,0.0
L2023-00872-3,CMD-2023-00872,2023-06-19,6800,libéré,0.0
L2023-00873-1,CMD-2023-00873,2023-06-26,59500,libéré,0.0
L2023-00874-1,CMD-2023-00874,2023-06-16,72000,libéré,0.0
L2023-00875-1,CMD-2023-00875,2023-06-11,36000,libéré,0.0
L2023-00876-1,CMD-2023-00876,2023-06-20,19000,libéré,0.0
L2023-00876-2,CMD-2023-00876,2023-06-18,19000,libéré,0.0
L2023-00876-3,CMD-2023-00876,2023-06-16,19000,libéré,0.0
L2023-00877-1,CMD-2023-00877,2023-06-26,41000,libéré,0.0
L2023-00877-2,CMD-2023-00877,2023-06-13,41000,libéré,0.0
L2023-00877-3,CMD-2023-00877,2023-06-16,41000,libéré,0.0
L2023-00878-1,CMD-2023-00878,2023-06-11,11900,libéré,0.0
L2023-00878-2,CMD-2023-00878,2023-06-16,11900,libéré,0.0
L2023-00878-3,CMD-2023-00878,2023-06-10,12000,libéré,0.0
L2023-00879-1,CMD-2023-00879,2023-06-19,8500,retraité,4145.02
L2023-00879-2,CMD-2023-00879,2023-06-13,8500,libéré,0.0
L2023-00879-3,CMD-2023-00879,2023-06-17,8500,libéré,0.0
L2023-00880-1,CMD-2023-00880,2023-06-21,29500,libéré,0.0
L2023-00881-1,CMD-2023-00881,2023-06-16,17200,libéré,0.0
L2023-00881-2,CMD-2023-00881,2023-06-23,17300,libéré,0.0
L2023-00882-1,CMD-2023-00882,2023-06-17,27100,libéré,0.0
L2023-00882-2,CMD-2023-00882,2023-06-18,27100,libéré,0.0
L2023-00882-3,CMD-2023-00882,2023-06-16,27300,libéré,0.0
L2023-00883-1,CMD-2023-00883,2023-06-15,27000,libéré,0.0
L2023-00883-2,CMD-2023-00883,2023-06-13,27000,libéré,0.0
L2023-00883-3,CMD-2023-00883,2023-06-16,27000,libéré,0.0
L2023-00884-1,CMD-2023-00884,2023-07-02,25000,libéré,0.0
L2023-00884-2,CMD-2023-00884,2023-06-16,25000,libéré,0.0
L2023-00885-1,CMD-2023-00885,2023-06-22,5000,libéré,0.0
L2023-00885-2,CMD-2023-00885,2023-06-30,5000,rejeté,14000.0
L2023-00886-1,CMD-2023-00886,2023-06-20,26000,libéré,0.0
L2023-00886-2,CMD-2023-00886,2023-06-18,26000,libéré,0.0
L2023-00886-3,CMD-2023-00886,2023-06-24,26000,libéré,0.0
L2023-00887-1,CMD-2023-00887,2023-06-25,70200,libéré,0.0
L2023-00888-1,CMD-2023-00888,2023-06-24,24600,libéré,0.0
L2023-00888-2,CMD-2023-00888,2023-06-29,24600,libéré,0.0
L2023-00888-3,CMD-2023-00888,2023-06-14,24800,libéré,0.0
L2023-00889-1,CMD-2023-00889,2023-06-26,22000,rejeté,91124.0
L2023-00889-2,CMD-2023-00889,2023-06-27,22000,libéré,0.0
L2023-00889-3,CMD-2023-00889,2023-06-21,22000,libéré,0.0
L2023-00890-1,CMD-2023-00890,2023-07-02,35500,libéré,0.0
L2023-00890-2,CMD-2023-00890,2023-07-01,35500,libéré,0.0
L2023-00891-1,CMD-2023-00891,2023-06-18,13500,libéré,0.0
L2023-00891-2,CMD-2023-00891,2023-06-21,13500,libéré,0.0
L2023-00891-3,CMD-2023-00891,2023-06-24,13500,libéré,0.0
L2023-00892-1,CMD-2023-00892,2023-06-14,26500,libéré,0.0
L2023-00892-2,CMD-2023-00892,2023-06-26,26500,libéré,0.0
L2023-00892-3,CMD-2023-00892,2023-06-14,26500,libéré,0.0
L2023-00893-1,CMD-2023-00893,2023-06-14,13100,libéré,0.0
L2023-00893-2,CMD-2023-00893,2023-06-17,13100,libéré,0.0
L2023-00893-3,CMD-2023-00893,2023-06-14,13300,libéré,0.0
L2023-00894-1,CMD-2023-00894,2023-06-12,46500,libéré,0.0
L2023-00895-1,CMD-2023-00895,2023-07-04,10500,libéré,0.0
L2023-00895-2,CMD-2023-00895,2023-07-05,10500,libéré,0.0
L2023-00895-3,CMD-2023-00895,2023-06-16,10500,libéré,0.0
L2023-00896-1,CMD-2023-00896,2023-06-13,5600,libéré,0.0
L2023-00896-2,CMD-2023-00896,2023-06-21,5600,rejeté,21039.2
L2023-00896-3,CMD-2023-00896,2023-07-01,5800,libéré,0.0
L2023-00897-1,CMD-2023-00897,2023-06-20,23000,libéré,0.0
L2023-00897-2,CMD-2023-00897,2023-06-20,23000,libéré,0.0
L2023-00898-1,CMD-2023-00898,2023-06-20,24500,libéré,0.0
L2023-00899-1,CMD-2023-00899,2023-07-08,28500,libéré,0.0
L2023-00900-1,CMD-2023-00900,2023-06-21,13500,libéré,0.0
L2023-00900-2,CMD-2023-00900,2023-06-15,13500,libéré,0.0
L2023-00900-3,CMD-2023-00900,2023-06-20,13500,libéré,0.0
L2023-00901-1,CMD-2023-00901,2023-06-28,9300,retraité,7241.44
L2023-00901-2,CMD-2023-00901,2023-06-23,9300,libéré,0.0
L2023-00901-3,CMD-2023-00901,2023-06-15,9400,libéré,0.0
L2023-00902-1,CMD-2023-00902,2023-07-01,46200,libéré,0.0
L2023-00902-2,CMD-2023-00902,2023-06-16,46300,libéré,0.0
L2023-00903-1,CMD-2023-00903,2023-07-03,12600,libéré,0.0
L2023-00903-2,CMD-2023-00903,2023-06-30,12600,libéré,0.0
L2023-00903-3,CMD-2023-00903,2023-06-30,12800,libéré,0.0
L2023-00904-1,CMD-2023-00904,2023-06-25,18500,libéré,0.0
L2023-00904-2,CMD-2023-00904,2023-06-26,18500,libéré,0.0
L2023-00905-1,CMD-2023-00905,2023-06-20,8100,libéré,0.0
L2023-00905-2,CMD-2023-00905,2023-06-23,8100,libéré,0.0
L2023-00905-3,CMD-2023-00905,2023-06-30,8300,libéré,0.0
L2023-00906-1,CMD-2023-00906,2023-06-16,12600,libéré,0.0
L2023-00906-2,CMD-2023-00906,2023-06-15,12600,rejeté,52907.4
L2023-00906-3,CMD-2023-00906,2023-06-22,12800,libéré,0.0
L2023-00907-1,CMD-2023-00907,2023-06-18,57500,libéré,0.0
L2023-00908-1,CMD-2023-00908,2023-06-23,27000,libéré,0.0
L2023-00908-2,CMD-2023-00908,2023-06-25,27000,libéré,0.0
L2023-00909-1,CMD-2023-00909,2023-07-04,43500,libéré,0.0
L2023-00909-2,CMD-2023-00909,2023-07-05,43500,rejeté,177915.0
L2023-00910-1,CMD-2023-00910,2023-06-18,25700,rejeté,116935.0
L2023-00910-2,CMD-2023-00910,2023-06-21,25800,rejeté,117390.0
L2023-00911-1,CMD-2023-00911,2023-07-04,18500,libéré,0.0
L2023-00912-1,CMD-2023-00912,2023-06-30,56500,libéré,0.0
L2023-00913-1,CMD-2023-00913,2023-06-24,42500,libéré,0.0
L2023-00913-2,CMD-2023-00913,2023-06-28,42500,libéré,0.0
L2023-00914-1,CMD-2023-00914,2023-06-28,10500,libéré,0.0
L2023-00914-2,CMD-2023-00914,2023-07-02,10500,libéré,0.0
L2023-00914-3,CMD-2023-00914,2023-06-18,10500,libéré,0.0
L2023-00915-1,CMD-2023-00915,2023-06-26,28000,libéré,0.0
L2023-00915-2,CMD-2023-00915,2023-06-18,28000,libéré,0.0
L2023-00916-1,CMD-2023-00916,2023-07-04,8600,libéré,0.0
L2023-00916-2,CMD-2023-00916,2023-07-02,8600,libéré,0.0
L2023-00916-3,CMD-2023-00916,2023-07-17,8800,libéré,0.0
L2023-00917-1,CMD-2023-00917,2023-06-27,78000,libéré,0.0
L2023-00918-1,CMD-2023-00918,2023-07-02,43500,libéré,0.0
L2023-00919-1,CMD-2023-00919,2023-06-30,17700,libéré,0.0
L2023-00919-2,CMD-2023-00919,2023-07-05,17800,libéré,0.0
L2023-00920-1,CMD-2023-00920,2023-06-20,34000,libéré,0.0
L2023-00921-1,CMD-2023-00921,2023-06-25,10600,libéré,0.0
L2023-00921-2,CMD-2023-00921,2023-06-22,10600,libéré,0.0
L2023-00921-3,CMD-2023-00921,2023-06-28,10800,libéré,0.0
L2023-00922-1,CMD-2023-00922,2023-06-23,16200,libéré,0.0
L2023-00922-2,CMD-2023-00922,2023-07-16,16300,libéré,0.0
L2023-00923-1,CMD-2023-00923,2023-07-04,5300,libéré,0.0
L2023-00923-2,CMD-2023-00923,2023-06-24,5300,libéré,0.0
L2023-00923-3,CMD-2023-00923,2023-06-23,5400,libéré,0.0
L2023-00924-1,CMD-2023-00924,2023-07-03,48700,libéré,0.0
L2023-00924-2,CMD-2023-00924,2023-07-12,48800,libéré,0.0
L2023-00925-1,CMD-2023-00925,2023-06-26,47500,libéré,0.0
L2023-00926-1,CMD-2023-00926,2023-06-23,21200,libéré,0.0
L2023-00926-2,CMD-2023-00926,2023-07-05,21300,libéré,0.0
L2023-00927-1,CMD-2023-00927,2023-07-03,15300,retraité,9450.81
L2023-00927-2,CMD-2023-00927,2023-07-19,15300,libéré,0.0
L2023-00927-3,CMD-2023-00927,2023-07-13,15400,libéré,0.0
L2023-00928-1,CMD-2023-00928,2023-07-09,26500,libéré,0.0
L2023-00929-1,CMD-2023-00929,2023-06-23,14000,libéré,0.0
L2023-00929-2,CMD-2023-00929,2023-07-13,14000,libéré,0.0
L2023-00929-3,CMD-2023-00929,2023-07-21,14000,libéré,0.0
L2023-00930-1,CMD-2023-00930,2023-06-25,13000,libéré,0.0
L2023-00930-2,CMD-2023-00930,2023-07-02,13100,libéré,0.0
L2023-00931-1,CMD-2023-00931,2023-06-27,33300,retraité,15389.59
L2023-00931-2,CMD-2023-00931,2023-06-28,33300,libéré,0.0
L2023-00931-3,CMD-2023-00931,2023-06-27,33400,retraité,15435.81
L2023-00932-1,CMD-2023-00932,2023-07-09,9200,libéré,0.0
L2023-00932-2,CMD-2023-00932,2023-06-25,9300,libéré,0.0
L2023-00933-1,CMD-2023-00933,2023-06-29,75500,libéré,0.0
L2023-00934-1,CMD-2023-00934,2023-07-16,75000,libéré,0.0
L2023-00934-2,CMD-2023-00934,2023-07-15,75000,libéré,0.0
L2023-00935-1,CMD-2023-00935,2023-07-04,18000,libéré,0.0
L2023-00935-2,CMD-2023-00935,2023-07-03,18000,retraité,13529.7
L2023-00936-1,CMD-2023-00936,2023-06-22,11500,rejeté,50531.0
L2023-00936-2,CMD-2023-00936,2023-06-27,11500,retraité,7579.65
L2023-00936-3,CMD-2023-00936,2023-07-02,11500,libéré,0.0
L2023-00937-1,CMD-2023-00937,2023-07-04,6600,libéré,0.0
L2023-00937-2,CMD-2023-00937,2023-07-02,6600,libéré,0.0
L2023-00937-3,CMD-2023-00937,2023-06-28,6800,libéré,0.0
L2023-00938-1,CMD-2023-00938,2023-06-29,5500,libéré,0.0
L2023-00938-2,CMD-2023-00938,2023-06-27,5500,libéré,0.0
L2023-00939-1,CMD-2023-00939,2023-07-03,16300,libéré,0.0
L2023-00939-2,CMD-2023-00939,2023-07-03,16300,rejeté,63244.0
L2023-00939-3,CMD-2023-00939,2023-07-01,16400,libéré,0.0
L2023-00940-1,CMD-2023-00940,2023-07-07,8800,libéré,0.0
L2023-00940-2,CMD-2023-00940,2023-06-27,8800,libéré,0.0
L2023-00940-3,CMD-2023-00940,2023-06-29,8900,libéré,0.0
L2023-00941-1,CMD-2023-00941,2023-06-30,35000,retraité,20900.25
L2023-00942-1,CMD-2023-00942,2023-07-14,13700,libéré,0.0
L2023-00942-2,CMD-2023-00942,2023-06-22,13800,libéré,0.0
L2023-00943-1,CMD-2023-00943,2023-07-07,41500,libéré,0.0
L2023-00944-1,CMD-2023-00944,2023-06-27,31500,libéré,0.0
L2023-00945-1,CMD-2023-00945,2023-06-23,29600,libéré,0.0
L2023-00945-2,CMD-2023-00945,2023-06-26,29600,retraité,7698.96
L2023-00945-3,CMD-2023-00945,2023-06-21,29800,libéré,0.0
L2023-00946-1,CMD-2023-00946,2023-07-08,44500,libéré,0.0
L2023-00947-1,CMD-2023-00947,2023-07-08,64500,libéré,0.0
L2023-00948-1,CMD-2023-00948,2023-06-30,12200,libéré,0.0
L2023-00948-2,CMD-2023-00948,2023-07-01,12300,libéré,0.0
L2023-00949-1,CMD-2023-00949,2023-06-26,23000,libéré,0.0
L2023-00949-2,CMD-2023-00949,2023-06-30,23000,libéré,0.0
L2023-00950-1,CMD-2023-00950,2023-06-24,19700,libéré,0.0
L2023-00951-1,CMD-2023-00951,2023-07-11,30000,libéré,0.0
L2023-00951-2,CMD-2023-00951,2023-07-22,30000,libéré,0.0
L2023-00952-1,CMD-2023-00952,2023-07-05,42300,libéré,0.0
L2023-00952-2,CMD-2023-00952,2023-07-06,42300,libéré,0.0
L2023-00952-3,CMD-2023-00952,2023-07-12,42400,libéré,0.0
L2023-00953-1,CMD-2023-00953,2023-07-24,37700,libéré,0.0
L2023-00953-2,CMD-2023-00953,2023-07-13,37800,libéré,0.0
L2023-00954-1,CMD-2023-00954,2023-07-05,9000,libéré,0.0
L2023-00954-2,CMD-2023-00954,2023-07-24,9000,libéré,0.0
L2023-00955-1,CMD-2023-00955,2023-07-07,43500,libéré,0.0
L2023-00956-1,CMD-2023-00956,2023-06-26,9000,libéré,0.0
L2023-00956-2,CMD-2023-00956,2023-06-26,9000,libéré,0.0
L2023-00956-3,CMD-2023-00956,2023-06-26,9000,libéré,0.0
L2023-00957-1,CMD-2023-00957,2023-06-25,45000,libéré,0.0
L2023-00957-2,CMD-2023-00957,2023-06-30,45000,rejeté,174735.0
L2023-00957-3,CMD-2023-00957,2023-06-25,45000,libéré,0.0
L2023-00958-1,CMD-2023-00958,2023-07-01,5000,libéré,0.0
L2023-00958-2,CMD-2023-00958,2023-07-22,5000,libéré,0.0
L2023-00959-1,CMD-2023-00959,2023-06-30,17500,libéré,0.0
L2023-00959-2,CMD-2023-00959,2023-07-17,17500,libéré,0.0
L2023-00959-3,CMD-2023-00959,2023-07-23,17500,libéré,0.0
L2023-00960-1,CMD-2023-00960,2023-07-12,12200,libéré,0.0
L2023-00960-2,CMD-2023-00960,2023-07-09,12300,libéré,0.0
L2023-00961-1,CMD-2023-00961,2023-07-13,11700,libéré,0.0
L2023-00961-2,CMD-2023-00961,2023-07-05,11800,libéré,0.0
L2023-00962-1,CMD-2023-00962,2023-06-26,34200,libéré,0.0
L2023-00962-2,CMD-2023-00962,2023-07-11,34300,libéré,0.0
L2023-00963-1,CMD-2023-00963,2023-07-07,18700,libéré,0.0
L2023-00963-2,CMD-2023-00963,2023-06-29,18800,libéré,0.0
L2023-00964-1,CMD-2023-00964,2023-07-07,24000,libéré,0.0
L2023-00964-2,CMD-2023-00964,2023-06-29,24000,libéré,0.0
L2023-00964-3,CMD-2023-00964,2023-07-08,24000,libéré,0.0
L2023-00965-1,CMD-2023-00965,2023-07-01,46500,libéré,0.0
L2023-00966-1,CMD-2023-00966,2023-07-01,37000,libéré,0.0
L2023-00967-1,CMD-2023-00967,2023-07-14,80000,libéré,0.0
L2023-00968-1,CMD-2023-00968,2023-07-10,7000,libéré,0.0
L2023-00968-2,CMD-2023-00968,2023-07-02,7000,libéré,0.0
L2023-00969-1,CMD-2023-00969,2023-07-09,18000,libéré,0.0
L2023-00970-1,CMD-2023-00970,2023-07-26,6600,libéré,0.0
L2023-00970-2,CMD-2023-00970,2023-07-03,6600,libéré,0.0
L2023-00970-3,CMD-2023-00970,2023-07-15,6800,libéré,0.0
L2023-00971-1,CMD-2023-00971,2023-07-03,7000,libéré,0.0
L2023-00971-2,CMD-2023-00971,2023-06-29,7000,libéré,0.0
L2023-00972-1,CMD-2023-00972,2023-06-30,55000,libéré,0.0
L2023-00972-2,CMD-2023-00972,2023-07-06,55000,libéré,0.0
L2023-00973-1,CMD-2023-00973,2023-07-16,20500,libéré,0.0
L2023-00973-2,CMD-2023-00973,2023-06-30,20500,libéré,0.0
L2023-00974-1,CMD-2023-00974,2023-07-05,8000,libéré,0.0
L2023-00974-2,CMD-2023-00974,2023-07-06,8000,libéré,0.0
L2023-00974-3,CMD-2023-00974,2023-06-30,8000,libéré,0.0
L2023-00975-1,CMD-2023-00975,2023-07-07,47000,libéré,0.0
L2023-00976-1,CMD-2023-00976,2023-07-19,23200,libéré,0.0
L2023-00976-2,CMD-2023-00976,2023-07-18,23300,libéré,0.0
L2023-00977-1,CMD-2023-00977,2023-07-14,10800,libéré,0.0
L2023-00977-2,CMD-2023-00977,2023-07-10,10800,libéré,0.0
L2023-00977-3,CMD-2023-00977,2023-07-19,10900,libéré,0.0
L2023-00978-1,CMD-2023-00978,2023-07-12,44500,libéré,0.0
L2023-00979-1,CMD-2023-00979,2023-07-14,12100,libéré,0.0
L2023-00979-2,CMD-2023-00979,2023-07-27,12100,libéré,0.0
L2023-00979-3,CMD-2023-00979,2023-07-31,12300,libéré,0.0
L2023-00980-1,CMD-2023-00980,2023-07-26,16000,libéré,0.0
L2023-00980-2,CMD-2023-00980,2023-07-05,16000,libéré,0.0
L2023-00981-1,CMD-2023-00981,2023-07-07,27500,libéré,0.0
L2023-00981-2,CMD-2023-00981,2023-07-09,27500,libéré,0.0
L2023-00982-1,CMD-2023-00982,2023-07-12,21000,libéré,0.0
L2023-00982-2,CMD-2023-00982,2023-07-22,21000,libéré,0.0
L2023-00983-1,CMD-2023-00983,2023-07-18,21000,libéré,0.0
L2023-00984-1,CMD-2023-00984,2023-07-22,17200,libéré,0.0
L2023-00984-2,CMD-2023-00984,2023-07-01,17300,libéré,0.0
L2023-00985-1,CMD-2023-00985,2023-07-24,17000,libéré,0.0
L2023-00985-2,CMD-2023-00985,2023-08-01,17000,libéré,0.0
L2023-00986-1,CMD-2023-00986,2023-07-31,63200,libéré,0.0
L2023-00986-2,CMD-2023-00986,2023-07-25,63300,libéré,0.0
L2023-00987-1,CMD-2023-00987,2023-07-03,12000,libéré,0.0
L2023-00987-2,CMD-2023-00987,2023-07-11,12000,rejeté,32616.0
L2023-00987-3,CMD-2023-00987,2023-07-07,12000,libéré,0.0
L2023-00988-1,CMD-2023-00988,2023-07-04,68500,libéré,0.0
L2023-00989-1,CMD-2023-00989,2023-07-25,19000,libéré,0.0
L2023-00989-2,CMD-2023-00989,2023-07-06,19000,libéré,0.0
L2023-00990-1,CMD-2023-00990,2023-07-02,9400,libéré,0.0
L2023-00991-1,CMD-2023-00991,2023-07-24,29700,libéré,0.0
L2023-00991-2,CMD-2023-00991,2023-07-10,29800,libéré,0.0
L2023-00992-1,CMD-2023-00992,2023-07-28,7500,libéré,0.0
L2023-00992-2,CMD-2023-00992,2023-07-28,7500,libéré,0.0
L2023-00992-3,CMD-2023-00992,2023-07-17,7500,libéré,0.0
L2023-00993-1,CMD-2023-00993,2023-07-12,29000,libéré,0.0
L2023-00994-1,CMD-2023-00994,2023-07-06,23500,libéré,0.0
L2023-00994-2,CMD-2023-00994,2023-07-30,23500,rejeté,97971.5
L2023-00995-1,CMD-2023-00995,2023-07-06,39000,libéré,0.0
L2023-00995-2,CMD-2023-00995,2023-07-07,39000,libéré,0.0
L2023-00996-1,CMD-2023-00996,2023-07-05,17500,libéré,0.0
L2023-00997-1,CMD-2023-00997,2023-07-30,8600,libéré,0.0
L2023-00997-2,CMD-2023-00997,2023-07-18,8600,libéré,0.0
L2023-00997-3,CMD-2023-00997,2023-07-19,8700,libéré,0.0
L2023-00998-1,CMD-2023-00998,2023-07-19,13500,retraité,10131.07
L2023-00998-2,CMD-2023-00998,2023-07-10,13500,libéré,0.0
L2023-00999-1,CMD-2023-00999,2023-07-13,13500,libéré,0.0
L2023-00999-2,CMD-2023-00999,2023-07-12,13500,libéré,0.0
L2023-01000-1,CMD-2023-01000,2023-07-07,6000,libéré,0.0
L2023-01000-2,CMD-2023-01000,2023-07-17,6000,libéré,0.0
L2023-01000-3,CMD-2023-01000,2023-07-05,6000,libéré,0.0
L2023-01001-1,CMD-2023-01001,2023-07-26,15300,libéré,0.0
L2023-01001-2,CMD-2023-01001,2023-07-31,15300,libéré,0.0
L2023-01001-3,CMD-2023-01001,2023-07-29,15400,libéré,0.0
L2023-01002-1,CMD-2023-01002,2023-07-08,7600,libéré,0.0
L2023-01002-2,CMD-2023-01002,2023-07-20,7600,libéré,0.0
L2023-01002-3,CMD-2023-01002,2023-07-05,7800,libéré,0.0
L2023-01003-1,CMD-2023-01003,2023-07-04,28000,libéré,0.0
L2023-01004-1,CMD-2023-01004,2023-07-25,19200,libéré,0.0
L2023-01004-2,CMD-2023-01004,2023-08-02,19300,libéré,0.0
L2023-01005-1,CMD-2023-01005,2023-07-19,80000,libéré,0.0
L2023-01006-1,CMD-2023-01006,2023-07-15,52700,libéré,0.0
L2023-01006-2,CMD-2023-01006,2023-07-24,52800,libéré,0.0
L2023-01007-1,CMD-2023-01007,2023-07-26,37700,libéré,0.0
L2023-01007-2,CMD-2023-01007,2023-08-07,37800,libéré,0.0
L2023-01008-1,CMD-2023-01008,2023-07-05,22600,libéré,0.0
L2023-01008-2,CMD-2023-01008,2023-07-05,22600,libéré,0.0
L2023-01008-3,CMD-2023-01008,2023-07-11,22800,libéré,0.0
L2023-01009-1,CMD-2023-01009,2023-07-30,39500,libéré,0.0
L2023-01010-1,CMD-2023-01010,2023-07-11,10000,libéré,0.0
L2023-01010-2,CMD-2023-01010,2023-07-24,10000,retraité,6015.0
L2023-01010-3,CMD-2023-01010,2023-07-19,10000,retraité,6015.0
L2023-01011-1,CMD-2023-01011,2023-07-09,21500,rejeté,76970.0
L2023-01012-1,CMD-2023-01012,2023-07-16,33500,libéré,0.0
L2023-01013-1,CMD-2023-01013,2023-07-20,27500,retraité,12362.62
L2023-01014-1,CMD-2023-01014,2023-07-10,19500,libéré,0.0
L2023-01014-2,CMD-2023-01014,2023-07-24,19500,libéré,0.0
L2023-01014-3,CMD-2023-01014,2023-07-12,19500,libéré,0.0
L2023-01015-1,CMD-2023-01015,2023-08-01,28000,libéré,0.0
L2023-01015-2,CMD-2023-01015,2023-07-17,28000,libéré,0.0
L2023-01016-1,CMD-2023-01016,2023-07-08,12000,libéré,0.0
L2023-01017-1,CMD-2023-01017,2023-07-20,26000,libéré,0.0
L2023-01017-2,CMD-2023-01017,2023-07-26,26000,libéré,0.0
L2023-01018-1,CMD-2023-01018,2023-07-18,33000,libéré,0.0
L2023-01019-1,CMD-2023-01019,2023-07-20,7200,libéré,0.0
L2023-01019-2,CMD-2023-01019,2023-07-10,7300,libéré,0.0
L2023-01020-1,CMD-2023-01020,2023-07-08,29200,libéré,0.0
L2023-01020-2,CMD-2023-01020,2023-07-20,29300,libéré,0.0
L2023-01021-1,CMD-2023-01021,2023-07-09,30500,libéré,0.0
L2023-01022-1,CMD-2023-01022,2023-07-20,18500,libéré,0.0
L2023-01022-2,CMD-2023-01022,2023-07-22,18500,libéré,0.0
L2023-01023-1,CMD-2023-01023,2023-08-06,30500,libéré,0.0
L2023-01023-2,CMD-2023-01023,2023-08-05,30500,libéré,0.0
L2023-01024-1,CMD-2023-01024,2023-07-10,25200,libéré,0.0
L2023-01024-2,CMD-2023-01024,2023-07-13,25300,libéré,0.0
L2023-01025-1,CMD-2023-01025,2023-07-30,16800,libéré,0.0
L2023-01025-2,CMD-2023-01025,2023-07-15,16800,rejeté,44016.0
L2023-01025-3,CMD-2023-01025,2023-07-11,16900,libéré,0.0
L2023-01026-1,CMD-2023-01026,2023-07-14,5800,libéré,0.0
L2023-01026-2,CMD-2023-01026,2023-07-10,5800,libéré,0.0
L2023-01026-3,CMD-2023-01026,2023-07-21,5900,libéré,0.0
L2023-01027-1,CMD-2023-01027,2023-07-27,8800,libéré,0.0
L2023-01027-2,CMD-2023-01027,2023-07-26,8800,libéré,0.0
L2023-01027-3,CMD-2023-01027,2023-07-26,8900,libéré,0.0
L2023-01028-1,CMD-2023-01028,2023-07-20,19000,libéré,0.0
L2023-01029-1,CMD-2023-01029,2023-07-28,44200,libéré,0.0
L2023-01030-1,CMD-2023-01030,2023-08-09,23500,libéré,0.0
L2023-01030-2,CMD-2023-01030,2023-08-11,23500,libéré,0.0
L2023-01031-1,CMD-2023-01031,2023-07-16,11700,libéré,0.0
L2023-01031-2,CMD-2023-01031,2023-07-24,11800,libéré,0.0
L2023-01032-1,CMD-2023-01032,2023-07-13,7500,libéré,0.0
L2023-01032-2,CMD-2023-01032,2023-07-21,7500,libéré,0.0
L2023-01033-1,CMD-2023-01033,2023-07-21,5000,libéré,0.0
L2023-01033-2,CMD-2023-01033,2023-07-11,5000,libéré,0.0
L2023-01033-3,CMD-2023-01033,2023-07-26,5100,libéré,0.0
L2023-01034-1,CMD-2023-01034,2023-07-15,80000,libéré,0.0
L2023-01035-1,CMD-2023-01035,2023-07-13,26000,libéré,0.0
L2023-01036-1,CMD-2023-01036,2023-08-01,13600,libéré,0.0
L2023-01036-2,CMD-2023-01036,2023-07-23,13600,libéré,0.0
L2023-01036-3,CMD-2023-01036,2023-07-21,13800,libéré,0.0
L2023-01037-1,CMD-2023-01037,2023-07-23,10300,libéré,0.0
L2023-01037-2,CMD-2023-01037,2023-07-30,10300,libéré,0.0
L2023-01037-3,CMD-2023-01037,2023-07-16,10400,libéré,0.0
L2023-01038-1,CMD-2023-01038,2023-07-25,13500,libéré,0.0
L2023-01038-2,CMD-2023-01038,2023-07-11,13500,libéré,0.0
L2023-01039-1,CMD-2023-01039,2023-07-12,50000,libéré,0.0
L2023-01039-2,CMD-2023-01039,2023-07-11,50000,libéré,0.0
L2023-01039-3,CMD-2023-01039,2023-07-31,50000,libéré,0.0
L2023-01040-1,CMD-2023-01040,2023-08-02,12100,libéré,0.0
L2023-01040-2,CMD-2023-01040,2023-08-07,12100,libéré,0.0
L2023-01040-3,CMD-2023-01040,2023-07-26,12300,libéré,0.0
L2023-01041-1,CMD-2023-01041,2023-07-23,12500,libéré,0.0
L2023-01041-2,CMD-2023-01041,2023-07-16,12500,libéré,0.0
L2023-01042-1,CMD-2023-01042,2023-07-11,5800,libéré,0.0
L2023-01042-2,CMD-2023-01042,2023-07-15,5800,libéré,0.0
L2023-01042-3,CMD-2023-01042,2023-07-19,5900,libéré,0.0
L2023-01043-1,CMD-2023-01043,2023-07-20,18500,libéré,0.0
L2023-01043-2,CMD-2023-01043,2023-07-15,18500,libéré,0.0
L2023-01044-1,CMD-2023-01044,2023-07-19,66000,libéré,0.0
L2023-01045-1,CMD-2023-01045,2023-07-15,10000,libéré,0.0
L2023-01046-1,CMD-2023-01046,2023-07-18,37500,retraité,13471.88
L2023-01046-2,CMD-2023-01046,2023-07-30,37500,libéré,0.0
L2023-01047-1,CMD-2023-01047,2023-07-12,22700,libéré,0.0
L2023-01047-2,CMD-2023-01047,2023-07-23,22800,rejeté,71500.8
L2023-01048-1,CMD-2023-01048,2023-07-23,12200,libéré,0.0
L2023-01048-2,CMD-2023-01048,2023-07-20,12300,libéré,0.0
L2023-01049-1,CMD-2023-01049,2023-08-05,20000,libéré,0.0
L2023-01050-1,CMD-2023-01050,2023-07-28,17000,libéré,0.0
L2023-01050-2,CMD-2023-01050,2023-07-26,17000,libéré,0.0
L2023-01051-1,CMD-2023-01051,2023-07-28,74500,libéré,0.0
L2023-01051-2,CMD-2023-01051,2023-07-20,74500,libéré,0.0
L2023-01052-1,CMD-2023-01052,2023-07-31,30200,libéré,0.0
L2023-01052-2,CMD-2023-01052,2023-08-04,30300,libéré,0.0
L2023-01053-1,CMD-2023-01053,2023-07-26,13700,libéré,0.0
L2023-01053-2,CMD-2023-01053,2023-07-23,13800,libéré,0.0
L2023-01054-1,CMD-2023-01054,2023-07-22,33500,libéré,0.0
L2023-01054-2,CMD-2023-01054,2023-07-19,33500,libéré,0.0
L2023-01055-1,CMD-2023-01055,2023-07-30,15500,libéré,0.0
L2023-01055-2,CMD-2023-01055,2023-07-30,15500,libéré,0.0
L2023-01055-3,CMD-2023-01055,2023-08-06,15500,libéré,0.0
L2023-01056-1,CMD-2023-01056,2023-07-16,31000,libéré,0.0
L2023-01057-1,CMD-2023-01057,2023-07-20,12500,libéré,0.0
L2023-01057-2,CMD-2023-01057,2023-07-17,12500,libéré,0.0
L2023-01058-1,CMD-2023-01058,2023-08-11,75000,rejeté,342450.0
L2023-01058-2,CMD-2023-01058,2023-07-21,75000,libéré,0.0
L2023-01059-1,CMD-2023-01059,2023-07-25,74000,libéré,0.0
L2023-01060-1,CMD-2023-01060,2023-07-28,21600,retraité,13776.48
L2023-01060-2,CMD-2023-01060,2023-07-22,21600,libéré,0.0
L2023-01060-3,CMD-2023-01060,2023-07-23,21800,libéré,0.0
L2023-01061-1,CMD-2023-01061,2023-07-19,25500,libéré,0.0
L2023-01061-2,CMD-2023-01061,2023-07-26,25500,libéré,0.0
L2023-01062-1,CMD-2023-01062,2023-07-19,54500,libéré,0.0
L2023-01062-2,CMD-2023-01062,2023-08-04,54500,libéré,0.0
L2023-01063-1,CMD-2023-01063,2023-07-16,38200,libéré,0.0
L2023-01063-2,CMD-2023-01063,2023-07-22,38300,libéré,0.0
L2023-01064-1,CMD-2023-01064,2023-07-31,9500,libéré,0.0
L2023-01064-2,CMD-2023-01064,2023-07-25,9500,libéré,0.0
L2023-01064-3,CMD-2023-01064,2023-08-02,9500,libéré,0.0
L2023-01065-1,CMD-2023-01065,2023-07-17,11000,libéré,0.0
L2023-01065-2,CMD-2023-01065,2023-07-27,11000,libéré,0.0
L2023-01065-3,CMD-2023-01065,2023-07-19,11000,libéré,0.0
L2023-01066-1,CMD-2023-01066,2023-07-21,27000,libéré,0.0
L2023-01067-1,CMD-2023-01067,2023-07-21,6200,libéré,0.0
L2023-01067-2,CMD-2023-01067,2023-07-19,6300,libéré,0.0
L2023-01068-1,CMD-2023-01068,2023-07-30,13000,libéré,0.0
L2023-01068-2,CMD-2023-01068,2023-07-30,13000,libéré,0.0
L2023-01069-1,CMD-2023-01069,2023-07-25,26500,libéré,0.0
L2023-01069-2,CMD-2023-01069,2023-07-22,26500,libéré,0.0
L2023-01070-1,CMD-2023-01070,2023-08-15,67000,libéré,0.0
L2023-01071-1,CMD-2023-01071,2023-08-04,78500,rejeté,169717.0
L2023-01072-1,CMD-2023-01072,2023-07-30,32500,libéré,0.0
L2023-01073-1,CMD-2023-01073,2023-08-05,30000,libéré,0.0
L2023-01073-2,CMD-2023-01073,2023-08-10,30000,libéré,0.0
L2023-01073-3,CMD-2023-01073,2023-08-16,30000,libéré,0.0
L2023-01074-1,CMD-2023-01074,2023-07-25,25200,libéré,0.0
L2023-01074-2,CMD-2023-01074,2023-08-05,25300,libéré,0.0
L2023-01075-1,CMD-2023-01075,2023-07-26,19100,libéré,0.0
L2023-01075-2,CMD-2023-01075,2023-07-18,19100,libéré,0.0
L2023-01075-3,CMD-2023-01075,2023-07-29,19300,libéré,0.0
L2023-01076-1,CMD-2023-01076,2023-07-27,54500,libéré,0.0
L2023-01077-1,CMD-2023-01077,2023-07-31,11500,libéré,0.0
L2023-01077-2,CMD-2023-01077,2023-07-19,11500,libéré,0.0
L2023-01078-1,CMD-2023-01078,2023-08-09,30800,libéré,0.0
L2023-01078-2,CMD-2023-01078,2023-08-05,30800,libéré,0.0
L2023-01078-3,CMD-2023-01078,2023-08-17,30900,libéré,0.0
L2023-01079-1,CMD-2023-01079,2023-08-13,14700,libéré,0.0
L2023-01079-2,CMD-2023-01079,2023-08-01,14800,libéré,0.0
L2023-01080-1,CMD-2023-01080,2023-07-19,64000,libéré,0.0
L2023-01080-2,CMD-2023-01080,2023-07-27,64000,libéré,0.0
L2023-01081-1,CMD-2023-01081,2023-07-18,75000,libéré,0.0
L2023-01081-2,CMD-2023-01081,2023-08-06,75000,libéré,0.0
L2023-01082-1,CMD-2023-01082,2023-07-29,14300,libéré,0.0
L2023-01082-2,CMD-2023-01082,2023-07-20,14300,libéré,0.0
L2023-01082-3,CMD-2023-01082,2023-08-02,14400,libéré,0.0
L2023-01083-1,CMD-2023-01083,2023-08-03,13500,libéré,0.0
L2023-01083-2,CMD-2023-01083,2023-07-24,13500,libéré,0.0
L2023-01084-1,CMD-2023-01084,2023-07-18,14700,retraité,8268.75
L2023-01084-2,CMD-2023-01084,2023-07-23,14800,libéré,0.0
L2023-01085-1,CMD-2023-01085,2023-07-19,7200,libéré,0.0
L2023-01085-2,CMD-2023-01085,2023-07-28,7300,libéré,0.0
L2023-01086-1,CMD-2023-01086,2023-07-19,18000,libéré,0.0
L2023-01086-2,CMD-2023-01086,2023-07-18,18000,libéré,0.0
L2023-01086-3,CMD-2023-01086,2023-07-26,18000,libéré,0.0
L2023-01087-1,CMD-2023-01087,2023-08-15,16000,libéré,0.0
L2023-01088-1,CMD-2023-01088,2023-08-02,5300,libéré,0.0
L2023-01088-2,CMD-2023-01088,2023-07-20,5300,libéré,0.0
L2023-01088-3,CMD-2023-01088,2023-07-22,5400,libéré,0.0
L2023-01089-1,CMD-2023-01089,2023-07-25,10600,libéré,0.0
L2023-01089-2,CMD-2023-01089,2023-07-22,10600,libéré,0.0
L2023-01089-3,CMD-2023-01089,2023-07-26,10600,libéré,0.0
L2023-01090-1,CMD-2023-01090,2023-08-17,30000,libéré,0.0
L2023-01091-1,CMD-2023-01091,2023-08-16,13000,libéré,0.0
L2023-01092-1,CMD-2023-01092,2023-08-13,14000,libéré,0.0
L2023-01092-2,CMD-2023-01092,2023-07-25,14000,libéré,0.0
L2023-01092-3,CMD-2023-01092,2023-07-24,14000,libéré,0.0
L2023-01093-1,CMD-2023-01093,2023-07-27,19500,libéré,0.0
L2023-01094-1,CMD-2023-01094,2023-08-03,54700,libéré,0.0
L2023-01094-2,CMD-2023-01094,2023-07-23,54800,libéré,0.0
L2023-01095-1,CMD-2023-01095,2023-08-13,6000,libéré,0.0
L2023-01095-2,CMD-2023-01095,2023-07-21,6000,rejeté,14382.0
L2023-01095-3,CMD-2023-01095,2023-08-01,6000,libéré,0.0
L2023-01096-1,CMD-2023-01096,2023-08-02,45800,libéré,0.0
L2023-01096-2,CMD-2023-01096,2023-07-19,45800,libéré,0.0
L2023-01096-3,CMD-2023-01096,2023-08-14,45900,libéré,0.0
L2023-01097-1,CMD-2023-01097,2023-07-31,50700,libéré,0.0
L2023-01097-2,CMD-2023-01097,2023-08-01,50800,libéré,0.0
L2023-01098-1,CMD-2023-01098,2023-08-03,34000,libéré,0.0
L2023-01098-2,CMD-2023-01098,2023-08-02,34000,libéré,0.0
L2023-01099-1,CMD-2023-01099,2023-07-22,8300,libéré,0.0
L2023-01099-2,CMD-2023-01099,2023-08-04,8300,libéré,0.0
L2023-01099-3,CMD-2023-01099,2023-08-12,8400,libéré,0.0
L2023-01100-1,CMD-2023-01100,2023-07-27,14500,libéré,0.0
L2023-01101-1,CMD-2023-01101,2023-07-27,13500,rejeté,68904.0
L2023-01101-2,CMD-2023-01101,2023-07-23,13500,libéré,0.0
L2023-01102-1,CMD-2023-01102,2023-07-23,24600,libéré,0.0
L2023-01102-2,CMD-2023-01102,2023-07-24,24600,libéré,0.0
L2023-01102-3,CMD-2023-01102,2023-08-10,24800,libéré,0.0
L2023-01103-1,CMD-2023-01103,2023-07-25,31700,libéré,0.0
L2023-01103-2,CMD-2023-01103,2023-08-07,31800,libéré,0.0
L2023-01104-1,CMD-2023-01104,2023-07-31,30700,libéré,0.0
L2023-01104-2,CMD-2023-01104,2023-07-30,30800,libéré,0.0
L2023-01105-1,CMD-2023-01105,2023-07-24,13000,libéré,0.0
L2023-01106-1,CMD-2023-01106,2023-08-07,18300,libéré,0.0
L2023-01106-2,CMD-2023-01106,2023-08-11,18300,libéré,0.0
L2023-01106-3,CMD-2023-01106,2023-08-12,18400,libéré,0.0
L2023-01107-1,CMD-2023-01107,2023-08-14,18600,libéré,0.0
L2023-01107-2,CMD-2023-01107,2023-07-31,18600,libéré,0.0
L2023-01107-3,CMD-2023-01107,2023-08-07,18800,libéré,0.0
L2023-01108-1,CMD-2023-01108,2023-07-30,17000,libéré,0.0
L2023-01108-2,CMD-2023-01108,2023-07-30,17000,libéré,0.0
L2023-01109-1,CMD-2023-01109,2023-08-16,25000,libéré,0.0
L2023-01110-1,CMD-2023-01110,2023-08-05,72000,libéré,0.0
L2023-01111-1,CMD-2023-01111,2023-08-03,14100,libéré,0.0
L2023-01111-2,CMD-2023-01111,2023-08-02,14100,rejeté,39522.3
L2023-01111-3,CMD-2023-01111,2023-08-09,14300,libéré,0.0
L2023-01112-1,CMD-2023-01112,2023-08-09,29000,libéré,0.0
L2023-01112-2,CMD-2023-01112,2023-08-15,29000,libéré,0.0
L2023-01113-1,CMD-2023-01113,2023-07-27,21500,libéré,0.0
L2023-01113-2,CMD-2023-01113,2023-08-08,21500,libéré,0.0
L2023-01114-1,CMD-2023-01114,2023-08-16,19000,libéré,0.0
L2023-01114-2,CMD-2023-01114,2023-08-03,19000,libéré,0.0
L2023-01114-3,CMD-2023-01114,2023-08-16,19000,libéré,0.0
L2023-01115-1,CMD-2023-01115,2023-08-12,22700,libéré,0.0
L2023-01115-2,CMD-2023-01115,2023-07-26,22800,libéré,0.0
L2023-01116-1,CMD-2023-01116,2023-07-25,19100,libéré,0.0
L2023-01116-2,CMD-2023-01116,2023-07-31,19100,retraité,8305.64
L2023-01116-3,CMD-2023-01116,2023-07-30,19300,libéré,0.0
L2023-01117-1,CMD-2023-01117,2023-08-09,14200,libéré,0.0
L2023-01117-2,CMD-2023-01117,2023-07-31,14300,libéré,0.0
L2023-01118-1,CMD-2023-01118,2023-08-01,21500,libéré,0.0
L2023-01118-2,CMD-2023-01118,2023-08-06,21500,libéré,0.0
L2023-01119-1,CMD-2023-01119,2023-08-09,48500,libéré,0.0
L2023-01120-1,CMD-2023-01120,2023-07-24,28000,libéré,0.0
L2023-01120-2,CMD-2023-01120,2023-08-04,28000,libéré,0.0
L2023-01120-3,CMD-2023-01120,2023-07-24,28000,libéré,0.0
L2023-01121-1,CMD-2023-01121,2023-07-30,29000,libéré,0.0
L2023-01121-2,CMD-2023-01121,2023-08-02,29000,libéré,0.0
L2023-01121-3,CMD-2023-01121,2023-08-12,29000,libéré,0.0
L2023-01122-1,CMD-2023-01122,2023-08-06,35000,libéré,0.0
L2023-01122-2,CMD-2023-01122,2023-07-23,35000,libéré,0.0
L2023-01123-1,CMD-2023-01123,2023-08-06,5500,libéré,0.0
L2023-01123-2,CMD-2023-01123,2023-08-07,5500,libéré,0.0
L2023-01123-3,CMD-2023-01123,2023-07-28,5500,libéré,0.0
L2023-01124-1,CMD-2023-01124,2023-07-30,13000,libéré,0.0
L2023-01124-2,CMD-2023-01124,2023-08-07,13000,libéré,0.0
L2023-01124-3,CMD-2023-01124,2023-08-02,13000,libéré,0.0
L2023-01125-1,CMD-2023-01125,2023-08-01,13600,retraité,8829.12
L2023-01125-2,CMD-2023-01125,2023-08-03,13600,retraité,8829.12
L2023-01125-3,CMD-2023-01125,2023-07-26,13800,libéré,0.0
L2023-01126-1,CMD-2023-01126,2023-08-05,28500,libéré,0.0
L2023-01126-2,CMD-2023-01126,2023-08-17,28500,libéré,0.0
L2023-01127-1,CMD-2023-01127,2023-07-24,9600,libéré,0.0
L2023-01127-2,CMD-2023-01127,2023-08-09,9600,libéré,0.0
L2023-01127-3,CMD-2023-01127,2023-07-24,9800,libéré,0.0
L2023-01128-1,CMD-2023-01128,2023-08-06,29500,libéré,0.0
L2023-01128-2,CMD-2023-01128,2023-07-25,29500,rejeté,144727.0
L2023-01129-1,CMD-2023-01129,2023-07-28,13500,libéré,0.0
L2023-01129-2,CMD-2023-01129,2023-07-30,13500,libéré,0.0
L2023-01130-1,CMD-2023-01130,2023-08-03,57000,libéré,0.0
L2023-01130-2,CMD-2023-01130,2023-07-27,57000,libéré,0.0
L2023-01131-1,CMD-2023-01131,2023-07-27,29200,libéré,0.0
L2023-01131-2,CMD-2023-01131,2023-08-11,29300,libéré,0.0
L2023-01132-1,CMD-2023-01132,2023-07-27,25500,libéré,0.0
L2023-01132-2,CMD-2023-01132,2023-08-26,25500,libéré,0.0
L2023-01133-1,CMD-2023-01133,2023-08-03,16300,libéré,0.0
L2023-01133-2,CMD-2023-01133,2023-07-26,16300,libéré,0.0
L2023-01133-3,CMD-2023-01133,2023-08-11,16400,libéré,0.0
L2023-01134-1,CMD-2023-01134,2023-07-30,5000,libéré,0.0
L2023-01134-2,CMD-2023-01134,2023-07-29,5000,libéré,0.0
L2023-01135-1,CMD-2023-01135,2023-08-03,21000,libéré,0.0
L2023-01136-1,CMD-2023-01136,2023-07-26,17000,libéré,0.0
L2023-01136-2,CMD-2023-01136,2023-08-09,17000,libéré,0.0
L2023-01136-3,CMD-2023-01136,2023-08-06,17000,retraité,6589.2
L2023-01137-1,CMD-2023-01137,2023-08-01,40100,libéré,0.0
L2023-01137-2,CMD-2023-01137,2023-08-06,40100,libéré,0.0
L2023-01137-3,CMD-2023-01137,2023-07-28,40300,rejeté,131095.9
L2023-01138-1,CMD-2023-01138,2023-08-16,69000,libéré,0.0
L2023-01139-1,CMD-2023-01139,2023-07-31,50000,libéré,0.0
L2023-01139-2,CMD-2023-01139,2023-08-01,50000,libéré,0.0
L2023-01139-3,CMD-2023-01139,2023-08-22,50000,libéré,0.0
L2023-01140-1,CMD-2023-01140,2023-08-02,24000,libéré,0.0
L2023-01141-1,CMD-2023-01141,2023-07-27,24500,libéré,0.0
L2023-01141-2,CMD-2023-01141,2023-07-29,24500,libéré,0.0
L2023-01142-1,CMD-2023-01142,2023-08-01,33500,libéré,0.0
L2023-01143-1,CMD-2023-01143,2023-08-10,8700,libéré,0.0
L2023-01143-2,CMD-2023-01143,2023-07-31,8800,libéré,0.0
L2023-01144-1,CMD-2023-01144,2023-08-17,12000,libéré,0.0
L2023-01144-2,CMD-2023-01144,2023-07-27,12000,libéré,0.0
L2023-01144-3,CMD-2023-01144,2023-08-02,12000,libéré,0.0
L2023-01145-1,CMD-2023-01145,2023-08-09,49000,libéré,0.0
L2023-01145-2,CMD-2023-01145,2023-07-30,49000,libéré,0.0
L2023-01146-1,CMD-2023-01146,2023-08-15,48500,libéré,0.0
L2023-01147-1,CMD-2023-01147,2023-07-28,10500,libéré,0.0
L2023-01147-2,CMD-2023-01147,2023-07-29,10500,libéré,0.0
L2023-01147-3,CMD-2023-01147,2023-08-02,10500,libéré,0.0
L2023-01148-1,CMD-2023-01148,2023-08-04,28000,libéré,0.0
L2023-01149-1,CMD-2023-01149,2023-08-31,6600,libéré,0.0
L2023-01149-2,CMD-2023-01149,2023-08-08,6600,libéré,0.0
L2023-01149-3,CMD-2023-01149,2023-08-18,6800,libéré,0.0
L2023-01150-1,CMD-2023-01150,2023-08-08,20500,libéré,0.0
L2023-01150-2,CMD-2023-01150,2023-08-20,20500,libéré,0.0
L2023-01151-1,CMD-2023-01151,2023-08-03,19300,libéré,0.0
L2023-01151-2,CMD-2023-01151,2023-08-11,19300,libéré,0.0
L2023-01151-3,CMD-2023-01151,2023-08-05,19400,libéré,0.0
L2023-01152-1,CMD-2023-01152,2023-08-02,29200,rejeté,90841.2
L2023-01152-2,CMD-2023-01152,2023-08-05,29300,libéré,0.0
L2023-01153-1,CMD-2023-01153,2023-08-09,24200,libéré,0.0
L2023-01153-2,CMD-2023-01153,2023-08-10,24300,libéré,0.0
L2023-01154-1,CMD-2023-01154,2023-07-31,37200,libéré,0.0
L2023-01154-2,CMD-2023-01154,2023-08-14,37300,libéré,0.0
L2023-01155-1,CMD-2023-01155,2023-08-08,6300,libéré,0.0
L2023-01155-2,CMD-2023-01155,2023-08-12,6300,libéré,0.0
L2023-01155-3,CMD-2023-01155,2023-07-29,6400,libéré,0.0
L2023-01156-1,CMD-2023-01156,2023-09-02,31200,libéré,0.0
L2023-01156-2,CMD-2023-01156,2023-08-11,31300,libéré,0.0
L2023-01157-1,CMD-2023-01157,2023-08-04,16000,libéré,0.0
L2023-01157-2,CMD-2023-01157,2023-08-15,16000,libéré,0.0
L2023-01157-3,CMD-2023-01157,2023-08-07,16000,libéré,0.0
L2023-01158-1,CMD-2023-01158,2023-08-10,66500,libéré,0.0
L2023-01159-1,CMD-2023-01159,2023-08-08,11000,libéré,0.0
L2023-01159-2,CMD-2023-01159,2023-08-11,11000,libéré,0.0
L2023-01160-1,CMD-2023-01160,2023-08-11,16500,libéré,0.0
L2023-01161-1,CMD-2023-01161,2023-08-10,8800,libéré,0.0
L2023-01161-2,CMD-2023-01161,2023-08-08,8800,libéré,0.0
L2023-01161-3,CMD-2023-01161,2023-08-21,8900,libéré,0.0
L2023-01162-1,CMD-2023-01162,2023-08-23,19800,libéré,0.0
L2023-01162-2,CMD-2023-01162,2023-08-27,19800,libéré,0.0
L2023-01162-3,CMD-2023-01162,2023-08-04,19900,libéré,0.0
L2023-01163-1,CMD-2023-01163,2023-08-19,23000,libéré,0.0
L2023-01163-2,CMD-2023-01163,2023-08-07,23000,libéré,0.0
L2023-01163-3,CMD-2023-01163,2023-08-20,23000,libéré,0.0
L2023-01164-1,CMD-2023-01164,2023-08-17,28800,libéré,0.0
L2023-01164-2,CMD-2023-01164,2023-08-09,28800,libéré,0.0
L2023-01164-3,CMD-2023-01164,2023-08-01,28900,libéré,0.0
L2023-01165-1,CMD-2023-01165,2023-08-05,16800,libéré,0.0
L2023-01165-2,CMD-2023-01165,2023-08-03,16800,libéré,0.0
L2023-01165-3,CMD-2023-01165,2023-08-14,16900,libéré,0.0
L2023-01166-1,CMD-2023-01166,2023-08-17,28100,libéré,0.0
L2023-01166-2,CMD-2023-01166,2023-08-02,28100,libéré,0.0
L2023-01166-3,CMD-2023-01166,2023-08-08,28300,libéré,0.0
L2023-01167-1,CMD-2023-01167,2023-08-02,43300,retraité,11164.9
L2023-01167-2,CMD-2023-01167,2023-08-12,43300,libéré,0.0
L2023-01167-3,CMD-2023-01167,2023-08-06,43400,libéré,0.0
L2023-01168-1,CMD-2023-01168,2023-08-08,22000,libéré,0.0
L2023-01169-1,CMD-2023-01169,2023-08-11,10000,libéré,0.0
L2023-01169-2,CMD-2023-01169,2023-08-16,10000,libéré,0.0
L2023-01169-3,CMD-2023-01169,2023-07-31,10000,libéré,0.0
L2023-01170-1,CMD-2023-01170,2023-08-13,17000,libéré,0.0
L2023-01170-2,CMD-2023-01170,2023-08-02,17000,libéré,0.0
L2023-01170-3,CMD-2023-01170,2023-08-06,17000,libéré,0.0
L2023-01171-1,CMD-2023-01171,2023-08-08,51000,libéré,0.0
L2023-01172-1,CMD-2023-01172,2023-08-05,21500,libéré,0.0
L2023-01173-1,CMD-2023-01173,2023-08-14,9000,rejeté,28611.0
L2023-01173-2,CMD-2023-01173,2023-08-02,9000,libéré,0.0
L2023-01174-1,CMD-2023-01174,2023-08-26,41500,libéré,0.0
L2023-01175-1,CMD-2023-01175,2023-08-22,12700,libéré,0.0
L2023-01175-2,CMD-2023-01175,2023-08-17,12800,libéré,0.0
L2023-01176-1,CMD-2023-01176,2023-08-21,19500,libéré,0.0
L2023-01176-2,CMD-2023-01176,2023-08-05,19500,libéré,0.0
L2023-01177-1,CMD-2023-01177,2023-08-05,12500,libéré,0.0
L2023-01178-1,CMD-2023-01178,2023-08-09,44500,libéré,0.0
L2023-01178-2,CMD-2023-01178,2023-08-29,44500,libéré,0.0
L2023-01178-3,CMD-2023-01178,2023-08-12,44500,libéré,0.0
L2023-01179-1,CMD-2023-01179,2023-08-15,21000,libéré,0.0
L2023-01179-2,CMD-2023-01179,2023-08-20,21000,libéré,0.0
L2023-01180-1,CMD-2023-01180,2023-08-21,12200,libéré,0.0
L2023-01180-2,CMD-2023-01180,2023-08-29,12300,libéré,0.0
L2023-01181-1,CMD-2023-01181,2023-08-20,5100,libéré,0.0
L2023-01181-2,CMD-2023-01181,2023-08-23,5100,libéré,0.0
L2023-01181-3,CMD-2023-01181,2023-08-13,5200,libéré,0.0
L2023-01182-1,CMD-2023-01182,2023-08-09,20500,libéré,0.0
L2023-01182-2,CMD-2023-01182,2023-08-16,20500,libéré,0.0
L2023-01183-1,CMD-2023-01183,2023-08-21,72000,rejeté,311040.0
L2023-01184-1,CMD-2023-01184,2023-08-19,17000,libéré,0.0
L2023-01184-2,CMD-2023-01184,2023-08-10,17000,libéré,0.0
L2023-01184-3,CMD-2023-01184,2023-08-26,17000,libéré,0.0
L2023-01185-1,CMD-2023-01185,2023-08-09,12000,libéré,0.0
L2023-01185-2,CMD-2023-01185,2023-08-14,12000,libéré,0.0
L2023-01185-3,CMD-2023-01185,2023-08-06,12000,libéré,0.0
L2023-01186-1,CMD-2023-01186,2023-08-18,10500,libéré,0.0
L2023-01187-1,CMD-2023-01187,2023-08-08,42200,libéré,0.0
L2023-01187-2,CMD-2023-01187,2023-08-08,42300,libéré,0.0
L2023-01188-1,CMD-2023-01188,2023-08-26,16600,rejeté,48140.0
L2023-01188-2,CMD-2023-01188,2023-08-28,16600,libéré,0.0
L2023-01188-3,CMD-2023-01188,2023-08-12,16800,libéré,0.0
L2023-01189-1,CMD-2023-01189,2023-08-10,24800,libéré,0.0
L2023-01189-2,CMD-2023-01189,2023-08-27,24800,libéré,0.0
L2023-01189-3,CMD-2023-01189,2023-08-31,24900,libéré,0.0
L2023-01190-1,CMD-2023-01190,2023-08-29,26000,libéré,0.0
L2023-01190-2,CMD-2023-01190,2023-08-24,26000,libéré,0.0
L2023-01191-1,CMD-2023-01191,2023-08-20,17600,libéré,0.0
L2023-01191-2,CMD-2023-01191,2023-08-21,17600,libéré,0.0
L2023-01191-3,CMD-2023-01191,2023-08-28,17800,libéré,0.0
L2023-01192-1,CMD-2023-01192,2023-08-15,5200,libéré,0.0
L2023-01192-2,CMD-2023-01192,2023-08-20,5300,libéré,0.0
L2023-01193-1,CMD-2023-01193,2023-08-19,15100,libéré,0.0
L2023-01193-2,CMD-2023-01193,2023-08-17,15100,libéré,0.0
L2023-01193-3,CMD-2023-01193,2023-08-14,15300,libéré,0.0
L2023-01194-1,CMD-2023-01194,2023-08-22,75500,libéré,0.0
L2023-01195-1,CMD-2023-01195,2023-08-14,18700,libéré,0.0
L2023-01195-2,CMD-2023-01195,2023-08-16,18800,libéré,0.0
L2023-01196-1,CMD-2023-01196,2023-08-21,33500,libéré,0.0
L2023-01197-1,CMD-2023-01197,2023-08-26,20800,libéré,0.0
L2023-01197-2,CMD-2023-01197,2023-08-17,20800,libéré,0.0
L2023-01197-3,CMD-2023-01197,2023-08-14,20900,libéré,0.0
L2023-01198-1,CMD-2023-01198,2023-08-15,30200,libéré,0.0
L2023-01198-2,CMD-2023-01198,2023-08-15,30300,libéré,0.0
L2023-01199-1,CMD-2023-01199,2023-08-21,8700,libéré,0.0
L2023-01199-2,CMD-2023-01199,2023-08-20,8800,libéré,0.0
L2023-01200-1,CMD-2023-01200,2023-08-08,6000,libéré,0.0
L2023-01200-2,CMD-2023-01200,2023-08-09,6000,libéré,0.0
L2023-01201-1,CMD-2023-01201,2023-08-26,29100,libéré,0.0
L2023-01201-2,CMD-2023-01201,2023-08-07,29100,libéré,0.0
L2023-01201-3,CMD-2023-01201,2023-08-21,29300,libéré,0.0
L2023-01202-1,CMD-2023-01202,2023-08-12,26700,libéré,0.0
L2023-01202-2,CMD-2023-01202,2023-08-25,26800,libéré,0.0
L2023-01203-1,CMD-2023-01203,2023-08-16,19700,libéré,0.0
L2023-01203-2,CMD-2023-01203,2023-08-21,19800,libéré,0.0
L2023-01204-1,CMD-2023-01204,2023-08-10,9800,libéré,0.0
L2023-01204-2,CMD-2023-01204,2023-08-19,9800,libéré,0.0
L2023-01204-3,CMD-2023-01204,2023-08-19,9900,libéré,0.0
L2023-01205-1,CMD-2023-01205,2023-09-02,54000,libéré,0.0
L2023-01205-2,CMD-2023-01205,2023-08-16,54000,libéré,0.0
L2023-01206-1,CMD-2023-01206,2023-08-20,48800,retraité,21733.08
L2023-01206-2,CMD-2023-01206,2023-08-19,48800,libéré,0.0
L2023-01206-3,CMD-2023-01206,2023-08-07,48900,retraité,21777.62
L2023-01207-1,CMD-2023-01207,2023-08-08,37000,libéré,0.0
L2023-01208-1,CMD-2023-01208,2023-08-17,50000,libéré,0.0
L2023-01208-2,CMD-2023-01208,2023-08-17,50000,libéré,0.0
L2023-01208-3,CMD-2023-01208,2023-09-02,50000,libéré,0.0
L2023-01209-1,CMD-2023-01209,2023-08-25,10500,libéré,0.0
L2023-01209-2,CMD-2023-01209,2023-08-21,10500,libéré,0.0
L2023-01209-3,CMD-2023-01209,2023-08-14,10500,libéré,0.0
L2023-01210-1,CMD-2023-01210,2023-09-02,49300,libéré,0.0
L2023-01210-2,CMD-2023-01210,2023-08-12,49300,libéré,0.0
L2023-01210-3,CMD-2023-01210,2023-09-03,49400,libéré,0.0
L2023-01211-1,CMD-2023-01211,2023-08-16,12500,libéré,0.0
L2023-01212-1,CMD-2023-01212,2023-08-15,11500,libéré,0.0
L2023-01213-1,CMD-2023-01213,2023-08-22,79000,libéré,0.0
L2023-01214-1,CMD-2023-01214,2023-08-16,26200,libéré,0.0
L2023-01214-2,CMD-2023-01214,2023-08-10,26300,rejeté,101439.1
L2023-01215-1,CMD-2023-01215,2023-09-02,12000,libéré,0.0
L2023-01215-2,CMD-2023-01215,2023-08-21,12000,libéré,0.0
L2023-01215-3,CMD-2023-01215,2023-08-22,12000,libéré,0.0
L2023-01216-1,CMD-2023-01216,2023-08-19,31300,libéré,0.0
L2023-01216-2,CMD-2023-01216,2023-08-18,31300,libéré,0.0
L2023-01216-3,CMD-2023-01216,2023-08-13,31400,libéré,0.0
L2023-01217-1,CMD-2023-01217,2023-08-15,21500,libéré,0.0
L2023-01218-1,CMD-2023-01218,2023-08-10,13200,libéré,0.0
L2023-01218-2,CMD-2023-01218,2023-08-11,13300,libéré,0.0
L2023-01219-1,CMD-2023-01219,2023-08-25,26000,libéré,0.0
L2023-01220-1,CMD-2023-01220,2023-08-12,37200,libéré,0.0
L2023-01220-2,CMD-2023-01220,2023-08-17,37300,libéré,0.0
L2023-01221-1,CMD-2023-01221,2023-09-07,9500,libéré,0.0
L2023-01221-2,CMD-2023-01221,2023-08-17,9600,libéré,0.0
L2023-01222-1,CMD-2023-01222,2023-08-23,58500,libéré,0.0
L2023-01223-1,CMD-2023-01223,2023-08-15,5800,libéré,0.0
L2023-01223-2,CMD-2023-01223,2023-08-31,5800,libéré,0.0
L2023-01223-3,CMD-2023-01223,2023-08-25,5900,libéré,0.0
L2023-01224-1,CMD-2023-01224,2023-08-13,9600,libéré,0.0
L2023-01224-2,CMD-2023-01224,2023-09-25,9600,libéré,0.0
L2023-01224-3,CMD-2023-01224,2023-08-19,9800,libéré,0.0
L2023-01225-1,CMD-2023-01225,2023-08-17,28000,libéré,0.0
L2023-01226-1,CMD-2023-01226,2023-09-09,39500,libéré,0.0
L2023-01227-1,CMD-2023-01227,2023-08-22,34000,libéré,0.0
L2023-01227-2,CMD-2023-01227,2023-08-16,34000,libéré,0.0
L2023-01228-1,CMD-2023-01228,2023-08-24,41500,libéré,0.0
L2023-01229-1,CMD-2023-01229,2023-08-27,46600,libéré,0.0
L2023-01229-2,CMD-2023-01229,2023-08-16,46600,libéré,0.0
L2023-01229-3,CMD-2023-01229,2023-08-20,46800,libéré,0.0
L2023-01230-1,CMD-2023-01230,2023-08-31,45000,libéré,0.0
L2023-01231-1,CMD-2023-01231,2023-08-19,6700,libéré,0.0
L2023-01231-2,CMD-2023-01231,2023-08-27,6800,libéré,0.0
L2023-01232-1,CMD-2023-01232,2023-08-15,27500,libéré,0.0
L2023-01233-1,CMD-2023-01233,2023-08-19,66200,libéré,0.0
L2023-01233-2,CMD-2023-01233,2023-08-25,66300,libéré,0.0
L2023-01234-1,CMD-2023-01234,2023-08-28,10000,libéré,0.0
L2023-01234-2,CMD-2023-01234,2023-08-23,10000,libéré,0.0
L2023-01235-1,CMD-2023-01235,2023-08-21,40600,libéré,0.0
L2023-01235-2,CMD-2023-01235,2023-08-13,40700,libéré,0.0
L2023-01236-1,CMD-2023-01236,2023-09-01,36000,libéré,0.0
L2023-01237-1,CMD-2023-01237,2023-08-23,5000,libéré,0.0
L2023-01237-2,CMD-2023-01237,2023-08-21,5000,libéré,0.0
L2023-01237-3,CMD-2023-01237,2023-09-04,5000,libéré,0.0
L2023-01238-1,CMD-2023-01238,2023-08-17,10000,libéré,0.0
L2023-01239-1,CMD-2023-01239,2023-08-25,21500,libéré,0.0
L2023-01240-1,CMD-2023-01240,2023-08-18,42000,libéré,0.0
L2023-01241-1,CMD-2023-01241,2023-08-24,15200,libéré,0.0
L2023-01241-2,CMD-2023-01241,2023-08-22,15300,libéré,0.0
L2023-01242-1,CMD-2023-01242,2023-08-18,31000,libéré,0.0
L2023-01242-2,CMD-2023-01242,2023-08-27,31000,libéré,0.0
L2023-01243-1,CMD-2023-01243,2023-08-26,11600,libéré,0.0
L2023-01243-2,CMD-2023-01243,2023-08-18,11600,libéré,0.0
L2023-01243-3,CMD-2023-01243,2023-08-18,11800,libéré,0.0
L2023-01244-1,CMD-2023-01244,2023-09-18,24500,libéré,0.0
L2023-01244-2,CMD-2023-01244,2023-09-12,24500,libéré,0.0
L2023-01245-1,CMD-2023-01245,2023-08-24,35200,libéré,0.0
L2023-01245-2,CMD-2023-01245,2023-09-09,35300,libéré,0.0
L2023-01246-1,CMD-2023-01246,2023-08-28,33500,libéré,0.0
L2023-01247-1,CMD-2023-01247,2023-09-01,74700,libéré,0.0
L2023-01247-2,CMD-2023-01247,2023-08-28,74800,libéré,0.0
L2023-01248-1,CMD-2023-01248,2023-08-19,35000,libéré,0.0
L2023-01248-2,CMD-2023-01248,2023-08-23,35000,libéré,0.0
L2023-01249-1,CMD-2023-01249,2023-08-20,17900,libéré,0.0
L2023-01250-1,CMD-2023-01250,2023-08-18,39000,libéré,0.0
L2023-01251-1,CMD-2023-01251,2023-08-23,34500,libéré,0.0
L2023-01252-1,CMD-2023-01252,2023-08-28,25000,libéré,0.0
L2023-01253-1,CMD-2023-01253,2023-09-17,10100,libéré,0.0
L2023-01253-2,CMD-2023-01253,2023-08-17,10100,libéré,0.0
L2023-01253-3,CMD-2023-01253,2023-08-20,10300,libéré,0.0
L2023-01254-1,CMD-2023-01254,2023-08-23,21700,libéré,0.0
L2023-01254-2,CMD-2023-01254,2023-08-16,21800,libéré,0.0
L2023-01255-1,CMD-2023-01255,2023-08-25,9400,libéré,0.0
L2023-01256-1,CMD-2023-01256,2023-09-04,18700,libéré,0.0
L2023-01256-2,CMD-2023-01256,2023-09-01,18800,libéré,0.0
L2023-01257-1,CMD-2023-01257,2023-08-22,12000,libéré,0.0
L2023-01257-2,CMD-2023-01257,2023-08-18,12000,retraité,5311.8
L2023-01257-3,CMD-2023-01257,2023-08-16,12000,libéré,0.0
L2023-01258-1,CMD-2023-01258,2023-08-24,13700,libéré,0.0
L2023-01258-2,CMD-2023-01258,2023-08-22,13800,libéré,0.0
L2023-01259-1,CMD-2023-01259,2023-08-19,28300,libéré,0.0
L2023-01259-2,CMD-2023-01259,2023-09-02,28300,libéré,0.0
L2023-01259-3,CMD-2023-01259,2023-08-24,28400,libéré,0.0
L2023-01260-1,CMD-2023-01260,2023-08-26,30500,libéré,0.0
L2023-01261-1,CMD-2023-01261,2023-09-09,47500,libéré,0.0
L2023-01261-2,CMD-2023-01261,2023-08-27,47500,libéré,0.0
L2023-01262-1,CMD-2023-01262,2023-09-17,17500,libéré,0.0
L2023-01262-2,CMD-2023-01262,2023-08-28,17500,libéré,0.0
L2023-01262-3,CMD-2023-01262,2023-08-25,17500,libéré,0.0
L2023-01263-1,CMD-2023-01263,2023-09-01,21600,rejeté,83635.2
L2023-01263-2,CMD-2023-01263,2023-08-22,21600,libéré,0.0
L2023-01263-3,CMD-2023-01263,2023-08-22,21800,rejeté,84409.6
L2023-01264-1,CMD-2023-01264,2023-09-06,9800,libéré,0.0
L2023-01264-2,CMD-2023-01264,2023-09-09,9800,libéré,0.0
L2023-01264-3,CMD-2023-01264,2023-09-11,9900,libéré,0.0
L2023-01265-1,CMD-2023-01265,2023-08-30,16500,libéré,0.0
L2023-01265-2,CMD-2023-01265,2023-08-23,16500,libéré,0.0
L2023-01266-1,CMD-2023-01266,2023-08-23,13700,libéré,0.0
L2023-01266-2,CMD-2023-01266,2023-08-24,13800,rejeté,48313.8
L2023-01267-1,CMD-2023-01267,2023-09-16,18000,libéré,0.0
L2023-01267-2,CMD-2023-01267,2023-09-13,18000,libéré,0.0
L2023-01267-3,CMD-2023-01267,2023-09-15,18000,libéré,0.0
L2023-01268-1,CMD-2023-01268,2023-08-19,17500,libéré,0.0
L2023-01269-1,CMD-2023-01269,2023-08-23,33000,libéré,0.0
L2023-01269-2,CMD-2023-01269,2023-08-23,33000,libéré,0.0
L2023-01269-3,CMD-2023-01269,2023-08-28,33000,libéré,0.0
L2023-01270-1,CMD-2023-01270,2023-08-30,13500,libéré,0.0
L2023-01270-2,CMD-2023-01270,2023-08-31,13500,libéré,0.0
L2023-01270-3,CMD-2023-01270,2023-08-31,13500,libéré,0.0
L2023-01271-1,CMD-2023-01271,2023-09-17,31600,libéré,0.0
L2023-01271-2,CMD-2023-01271,2023-09-18,31600,libéré,0.0
L2023-01271-3,CMD-2023-01271,2023-09-08,31800,libéré,0.0
L2023-01272-1,CMD-2023-01272,2023-09-12,25200,libéré,0.0
L2023-01272-2,CMD-2023-01272,2023-09-13,25300,libéré,0.0
L2023-01273-1,CMD-2023-01273,2023-08-27,43000,libéré,0.0
L2023-01273-2,CMD-2023-01273,2023-09-24,43000,libéré,0.0
L2023-01274-1,CMD-2023-01274,2023-09-15,54000,libéré,0.0
L2023-01275-1,CMD-2023-01275,2023-08-21,14300,libéré,0.0
L2023-01275-2,CMD-2023-01275,2023-09-03,14300,libéré,0.0
L2023-01275-3,CMD-2023-01275,2023-09-11,14400,libéré,0.0
L2023-01276-1,CMD-2023-01276,2023-08-22,13100,libéré,0.0
L2023-01276-2,CMD-2023-01276,2023-09-06,13100,libéré,0.0
L2023-01276-3,CMD-2023-01276,2023-09-06,13300,libéré,0.0
L2023-01277-1,CMD-2023-01277,2023-09-16,50500,libéré,0.0
L2023-01278-1,CMD-2023-01278,2023-09-16,62000,libéré,0.0
L2023-01279-1,CMD-2023-01279,2023-09-03,6400,libéré,0.0
L2023-01279-2,CMD-2023-01279,2023-08-22,6400,libéré,0.0
L2023-01279-3,CMD-2023-01279,2023-09-07,6500,libéré,0.0
L2023-01280-1,CMD-2023-01280,2023-08-22,6500,libéré,0.0
L2023-01280-2,CMD-2023-01280,2023-09-19,6500,libéré,0.0
L2023-01280-3,CMD-2023-01280,2023-09-15,6500,libéré,0.0
L2023-01281-1,CMD-2023-01281,2023-09-17,59000,libéré,0.0
L2023-01282-1,CMD-2023-01282,2023-08-30,58700,libéré,0.0
L2023-01282-2,CMD-2023-01282,2023-08-29,58800,libéré,0.0
L2023-01283-1,CMD-2023-01283,2023-09-23,23000,libéré,0.0
L2023-01283-2,CMD-2023-01283,2023-09-26,23000,libéré,0.0
L2023-01284-1,CMD-2023-01284,2023-08-22,19300,libéré,0.0
L2023-01284-2,CMD-2023-01284,2023-08-26,19300,libéré,0.0
L2023-01284-3,CMD-2023-01284,2023-08-29,19400,libéré,0.0
L2023-01285-1,CMD-2023-01285,2023-09-10,8800,libéré,0.0
L2023-01285-2,CMD-2023-01285,2023-09-13,8800,libéré,0.0
L2023-01285-3,CMD-2023-01285,2023-09-20,8800,libéré,0.0
L2023-01286-1,CMD-2023-01286,2023-09-02,24800,libéré,0.0
L2023-01286-2,CMD-2023-01286,2023-08-30,24800,libéré,0.0
L2023-01286-3,CMD-2023-01286,2023-08-29,24900,libéré,0.0
L2023-01287-1,CMD-2023-01287,2023-09-02,49000,libéré,0.0
L2023-01287-2,CMD-2023-01287,2023-08-30,49000,libéré,0.0
L2023-01288-1,CMD-2023-01288,2023-09-14,11000,libéré,0.0
L2023-01288-2,CMD-2023-01288,2023-09-03,11000,libéré,0.0
L2023-01288-3,CMD-2023-01288,2023-08-28,11000,libéré,0.0
L2023-01289-1,CMD-2023-01289,2023-09-02,57000,libéré,0.0
L2023-01290-1,CMD-2023-01290,2023-08-30,23000,libéré,0.0
L2023-01290-2,CMD-2023-01290,2023-09-02,23000,libéré,0.0
L2023-01290-3,CMD-2023-01290,2023-09-03,23000,libéré,0.0
L2023-01291-1,CMD-2023-01291,2023-09-18,60000,libéré,0.0
L2023-01292-1,CMD-2023-01292,2023-09-23,16200,libéré,0.0
L2023-01292-2,CMD-2023-01292,2023-08-29,16300,libéré,0.0
L2023-01293-1,CMD-2023-01293,2023-09-06,13500,libéré,0.0
L2023-01294-1,CMD-2023-01294,2023-08-27,29000,libéré,0.0
L2023-01294-2,CMD-2023-01294,2023-08-28,29000,libéré,0.0
L2023-01294-3,CMD-2023-01294,2023-09-10,29000,libéré,0.0
L2023-01295-1,CMD-2023-01295,2023-08-31,13100,libéré,0.0
L2023-01295-2,CMD-2023-01295,2023-09-27,13100,libéré,0.0
L2023-01295-3,CMD-2023-01295,2023-09-12,13300,libéré,0.0
L2023-01296-1,CMD-2023-01296,2023-09-08,12600,libéré,0.0
L2023-01296-2,CMD-2023-01296,2023-09-14,12600,libéré,0.0
L2023-01296-3,CMD-2023-01296,2023-09-10,12800,libéré,0.0
L2023-01297-1,CMD-2023-01297,2023-09-02,21500,libéré,0.0
L2023-01298-1,CMD-2023-01298,2023-09-09,11500,libéré,0.0
L2023-01299-1,CMD-2023-01299,2023-09-12,6500,libéré,0.0
L2023-01299-2,CMD-2023-01299,2023-08-27,6500,libéré,0.0
L2023-01300-1,CMD-2023-01300,2023-09-01,6800,libéré,0.0
L2023-01300-2,CMD-2023-01300,2023-08-28,6800,libéré,0.0
L2023-01300-3,CMD-2023-01300,2023-09-02,6900,libéré,0.0
L2023-01301-1,CMD-2023-01301,2023-09-02,38000,retraité,28614.0
L2023-01301-2,CMD-2023-01301,2023-09-04,38000,libéré,0.0
L2023-01301-3,CMD-2023-01301,2023-09-10,38000,libéré,0.0
L2023-01302-1,CMD-2023-01302,2023-09-15,17200,libéré,0.0
L2023-01302-2,CMD-2023-01302,2023-09-24,17300,libéré,0.0
L2023-01303-1,CMD-2023-01303,2023-09-15,20200,libéré,0.0
L2023-01303-2,CMD-2023-01303,2023-09-13,20300,retraité,12511.9
L2023-01304-1,CMD-2023-01304,2023-09-08,9000,libéré,0.0
L2023-01304-2,CMD-2023-01304,2023-09-01,9000,retraité,3430.35
L2023-01305-1,CMD-2023-01305,2023-09-13,35000,libéré,0.0
L2023-01305-2,CMD-2023-01305,2023-09-17,35000,libéré,0.0
L2023-01305-3,CMD-2023-01305,2023-09-14,35000,libéré,0.0
L2023-01306-1,CMD-2023-01306,2023-09-02,33500,libéré,0.0
L2023-01307-1,CMD-2023-01307,2023-08-28,48000,libéré,0.0
L2023-01308-1,CMD-2023-01308,2023-09-02,43600,libéré,0.0
L2023-01308-2,CMD-2023-01308,2023-09-21,43600,libéré,0.0
L2023-01308-3,CMD-2023-01308,2023-09-02,43800,libéré,0.0
L2023-01309-1,CMD-2023-01309,2023-09-30,25500,libéré,0.0
L2023-01310-1,CMD-2023-01310,2023-09-04,14100,libéré,0.0
L2023-01310-2,CMD-2023-01310,2023-09-11,14100,libéré,0.0
L2023-01310-3,CMD-2023-01310,2023-09-08,14300,libéré,0.0
L2023-01311-1,CMD-2023-01311,2023-08-29,50000,libéré,0.0
L2023-01311-2,CMD-2023-01311,2023-09-02,50000,libéré,0.0
L2023-01311-3,CMD-2023-01311,2023-09-12,50000,libéré,0.0
L2023-01312-1,CMD-2023-01312,2023-09-17,10000,libéré,0.0
L2023-01312-2,CMD-2023-01312,2023-09-01,10000,libéré,0.0
L2023-01312-3,CMD-2023-01312,2023-08-30,10000,libéré,0.0
L2023-01313-1,CMD-2023-01313,2023-09-09,21000,libéré,0.0
L2023-01313-2,CMD-2023-01313,2023-09-15,21000,libéré,0.0
L2023-01314-1,CMD-2023-01314,2023-09-15,75000,libéré,0.0
L2023-01314-2,CMD-2023-01314,2023-09-18,75000,libéré,0.0
L2023-01315-1,CMD-2023-01315,2023-09-05,19700,libéré,0.0
L2023-01315-2,CMD-2023-01315,2023-08-29,19800,libéré,0.0
L2023-01316-1,CMD-2023-01316,2023-09-09,27000,libéré,0.0
L2023-01317-1,CMD-2023-01317,2023-09-24,15300,libéré,0.0
L2023-01317-2,CMD-2023-01317,2023-09-11,15300,libéré,0.0
L2023-01317-3,CMD-2023-01317,2023-09-25,15400,libéré,0.0
L2023-01318-1,CMD-2023-01318,2023-09-04,45200,libéré,0.0
L2023-01318-2,CMD-2023-01318,2023-09-10,45300,libéré,0.0
L2023-01319-1,CMD-2023-01319,2023-10-01,14500,libéré,0.0
L2023-01319-2,CMD-2023-01319,2023-08-31,14500,libéré,0.0
L2023-01320-1,CMD-2023-01320,2023-09-20,63500,libéré,0.0
L2023-01321-1,CMD-2023-01321,2023-09-19,37500,libéré,0.0
L2023-01322-1,CMD-2023-01322,2023-09-17,18200,libéré,0.0
L2023-01322-2,CMD-2023-01322,2023-09-26,18300,libéré,0.0
L2023-01323-1,CMD-2023-01323,2023-09-13,9100,libéré,0.0
L2023-01323-2,CMD-2023-01323,2023-09-10,9100,libéré,0.0
L2023-01323-3,CMD-2023-01323,2023-09-06,9300,libéré,0.0
L2023-01324-1,CMD-2023-01324,2023-09-25,74500,libéré,0.0
L2023-01325-1,CMD-2023-01325,2023-09-07,45500,libéré,0.0
L2023-01326-1,CMD-2023-01326,2023-09-11,31800,libéré,0.0
L2023-01326-2,CMD-2023-01326,2023-09-06,31800,libéré,0.0
L2023-01326-3,CMD-2023-01326,2023-09-11,31900,libéré,0.0
L2023-01327-1,CMD-2023-01327,2023-10-06,18000,libéré,0.0
L2023-01327-2,CMD-2023-01327,2023-09-06,18000,libéré,0.0
L2023-01328-1,CMD-2023-01328,2023-09-14,15600,libéré,0.0
L2023-01328-2,CMD-2023-01328,2023-10-02,15600,libéré,0.0
L2023-01328-3,CMD-2023-01328,2023-09-30,15800,libéré,0.0
L2023-01329-1,CMD-2023-01329,2023-09-04,23000,libéré,0.0
L2023-01329-2,CMD-2023-01329,2023-09-07,23000,libéré,0.0
L2023-01330-1,CMD-2023-01330,2023-09-11,19700,libéré,0.0
L2023-01330-2,CMD-2023-01330,2023-09-04,19800,libéré,0.0
L2023-01331-1,CMD-2023-01331,2023-09-30,11000,libéré,0.0
L2023-01331-2,CMD-2023-01331,2023-09-14,11000,libéré,0.0
L2023-01331-3,CMD-2023-01331,2023-09-20,11000,retraité,5553.9
L2023-01332-1,CMD-2023-01332,2023-09-02,14000,libéré,0.0
L2023-01332-2,CMD-2023-01332,2023-09-11,14000,libéré,0.0
L2023-01332-3,CMD-2023-01332,2023-09-19,14000,libéré,0.0
L2023-01333-1,CMD-2023-01333,2023-09-16,21700,libéré,0.0
L2023-01333-2,CMD-2023-01333,2023-09-04,21800,libéré,0.0
L2023-01334-1,CMD-2023-01334,2023-09-28,6500,libéré,0.0
L2023-01334-2,CMD-2023-01334,2023-09-05,6500,libéré,0.0
L2023-01335-1,CMD-2023-01335,2023-09-19,33500,libéré,0.0
L2023-01335-2,CMD-2023-01335,2023-09-14,33500,libéré,0.0
L2023-01335-3,CMD-2023-01335,2023-09-12,33500,libéré,0.0
L2023-01336-1,CMD-2023-01336,2023-09-19,14500,libéré,0.0
L2023-01336-2,CMD-2023-01336,2023-09-11,14500,libéré,0.0
L2023-01336-3,CMD-2023-01336,2023-09-07,14500,libéré,0.0
L2023-01337-1,CMD-2023-01337,2023-09-07,18200,libéré,0.0
L2023-01337-2,CMD-2023-01337,2023-09-08,18300,libéré,0.0
L2023-01338-1,CMD-2023-01338,2023-09-06,6800,libéré,0.0
L2023-01338-2,CMD-2023-01338,2023-09-09,6800,libéré,0.0
L2023-01338-3,CMD-2023-01338,2023-09-10,6900,libéré,0.0
L2023-01339-1,CMD-2023-01339,2023-09-10,29500,libéré,0.0
L2023-01340-1,CMD-2023-01340,2023-09-24,12600,libéré,0.0
L2023-01341-1,CMD-2023-01341,2023-09-10,20200,libéré,0.0
L2023-01341-2,CMD-2023-01341,2023-09-13,20300,libéré,0.0
L2023-01342-1,CMD-2023-01342,2023-09-21,23500,libéré,0.0
L2023-01342-2,CMD-2023-01342,2023-09-08,23500,libéré,0.0
L2023-01343-1,CMD-2023-01343,2023-09-16,46500,libéré,0.0
L2023-01344-1,CMD-2023-01344,2023-09-21,59000,retraité,46551.0
L2023-01345-1,CMD-2023-01345,2023-09-26,32500,libéré,0.0
L2023-01346-1,CMD-2023-01346,2023-09-18,31200,libéré,0.0
L2023-01347-1,CMD-2023-01347,2023-09-14,19500,libéré,0.0
L2023-01348-1,CMD-2023-01348,2023-09-11,10800,libéré,0.0
L2023-01348-2,CMD-2023-01348,2023-10-05,10800,libéré,0.0
L2023-01348-3,CMD-2023-01348,2023-10-01,10900,libéré,0.0
L2023-01349-1,CMD-2023-01349,2023-10-03,59000,libéré,0.0
L2023-01350-1,CMD-2023-01350,2023-09-18,10700,libéré,0.0
L2023-01350-2,CMD-2023-01350,2023-09-17,10800,rejeté,41860.8
L2023-01351-1,CMD-2023-01351,2023-09-06,32200,libéré,0.0
L2023-01351-2,CMD-2023-01351,2023-09-10,32300,libéré,0.0
L2023-01352-1,CMD-2023-01352,2023-09-11,18000,libéré,0.0
L2023-01353-1,CMD-2023-01353,2023-09-08,31500,libéré,0.0
L2023-01354-1,CMD-2023-01354,2023-09-13,30000,libéré,0.0
L2023-01355-1,CMD-2023-01355,2023-09-07,17500,retraité,14143.5
L2023-01355-2,CMD-2023-01355,2023-09-20,17500,libéré,0.0
L2023-01355-3,CMD-2023-01355,2023-09-14,17500,libéré,0.0
L2023-01356-1,CMD-2023-01356,2023-09-06,28800,retraité,19954.08
L2023-01356-2,CMD-2023-01356,2023-09-17,28800,libéré,0.0
L2023-01356-3,CMD-2023-01356,2023-09-08,28900,libéré,0.0
L2023-01357-1,CMD-2023-01357,2023-09-19,13300,libéré,0.0
L2023-01357-2,CMD-2023-01357,2023-09-14,13300,libéré,0.0
L2023-01357-3,CMD-2023-01357,2023-09-20,13400,retraité,6397.83
L2023-01358-1,CMD-2023-01358,2023-09-17,14000,libéré,0.0
L2023-01358-2,CMD-2023-01358,2023-09-10,14000,libéré,0.0
L2023-01359-1,CMD-2023-01359,2023-10-03,30500,libéré,0.0
L2023-01360-1,CMD-2023-01360,2023-09-12,39000,libéré,0.0
L2023-01361-1,CMD-2023-01361,2023-10-02,19500,libéré,0.0
L2023-01362-1,CMD-2023-01362,2023-09-10,63000,libéré,0.0
L2023-01362-2,CMD-2023-01362,2023-09-09,63000,libéré,0.0
L2023-01363-1,CMD-2023-01363,2023-09-26,21700,libéré,0.0
L2023-01363-2,CMD-2023-01363,2023-09-25,21800,libéré,0.0
L2023-01364-1,CMD-2023-01364,2023-09-13,11300,libéré,0.0
L2023-01364-2,CMD-2023-01364,2023-09-10,11300,libéré,0.0
L2023-01364-3,CMD-2023-01364,2023-09-13,11400,libéré,0.0
L2023-01365-1,CMD-2023-01365,2023-10-09,22000,libéré,0.0
L2023-01365-2,CMD-2023-01365,2023-09-11,22000,libéré,0.0
L2023-01365-3,CMD-2023-01365,2023-09-25,22000,libéré,0.0
L2023-01366-1,CMD-2023-01366,2023-09-24,15600,libéré,0.0
L2023-01366-2,CMD-2023-01366,2023-09-22,15600,libéré,0.0
L2023-01366-3,CMD-2023-01366,2023-09-20,15800,libéré,0.0
L2023-01367-1,CMD-2023-01367,2023-10-01,10200,libéré,0.0
L2023-01367-2,CMD-2023-01367,2023-09-22,10300,libéré,0.0
L2023-01368-1,CMD-2023-01368,2023-09-08,7300,libéré,0.0
L2023-01368-2,CMD-2023-01368,2023-09-06,7300,libéré,0.0
L2023-01368-3,CMD-2023-01368,2023-09-10,7400,libéré,0.0
L2023-01369-1,CMD-2023-01369,2023-09-12,21000,libéré,0.0
L2023-01370-1,CMD-2023-01370,2023-09-26,11100,libéré,0.0
L2023-01370-2,CMD-2023-01370,2023-10-05,11100,libéré,0.0
L2023-01370-3,CMD-2023-01370,2023-09-13,11300,libéré,0.0
L2023-01371-1,CMD-2023-01371,2023-09-13,50000,libéré,0.0
L2023-01371-2,CMD-2023-01371,2023-09-14,50000,libéré,0.0
L2023-01371-3,CMD-2023-01371,2023-09-08,50000,libéré,0.0
L2023-01372-1,CMD-2023-01372,2023-09-24,59000,libéré,0.0
L2023-01373-1,CMD-2023-01373,2023-09-16,6800,libéré,0.0
L2023-01373-2,CMD-2023-01373,2023-09-24,6800,libéré,0.0
L2023-01373-3,CMD-2023-01373,2023-09-10,6900,libéré,0.0
L2023-01374-1,CMD-2023-01374,2023-09-22,8800,libéré,0.0
L2023-01374-2,CMD-2023-01374,2023-09-07,8800,libéré,0.0
L2023-01374-3,CMD-2023-01374,2023-09-17,8900,retraité,4190.56
L2023-01375-1,CMD-2023-01375,2023-09-22,37000,libéré,0.0
L2023-01376-1,CMD-2023-01376,2023-09-07,13100,rejeté,53539.7
L2023-01376-2,CMD-2023-01376,2023-09-30,13100,libéré,0.0
L2023-01376-3,CMD-2023-01376,2023-10-02,13300,libéré,0.0
L2023-01377-1,CMD-2023-01377,2023-09-17,20200,libéré,0.0
L2023-01377-2,CMD-2023-01377,2023-09-13,20300,libéré,0.0
L2023-01378-1,CMD-2023-01378,2023-09-16,10000,libéré,0.0
L2023-01379-1,CMD-2023-01379,2023-09-16,34800,libéré,0.0
L2023-01379-2,CMD-2023-01379,2023-09-07,34800,libéré,0.0
L2023-01379-3,CMD-2023-01379,2023-09-06,34900,libéré,0.0
L2023-01380-1,CMD-2023-01380,2023-09-09,11600,libéré,0.0
L2023-01380-2,CMD-2023-01380,2023-09-06,11600,libéré,0.0
L2023-01380-3,CMD-2023-01380,2023-09-09,11800,libéré,0.0
L2023-01381-1,CMD-2023-01381,2023-09-13,16700,libéré,0.0
L2023-01381-2,CMD-2023-01381,2023-09-19,16800,libéré,0.0
L2023-01382-1,CMD-2023-01382,2023-09-20,13500,libéré,0.0
L2023-01382-2,CMD-2023-01382,2023-09-17,13500,rejeté,57739.5
L2023-01383-1,CMD-2023-01383,2023-09-17,19200,retraité,15330.24
L2023-01383-2,CMD-2023-01383,2023-09-15,19300,libéré,0.0
L2023-01384-1,CMD-2023-01384,2023-09-28,45700,rejeté,128188.5
L2023-01384-2,CMD-2023-01384,2023-09-19,45800,libéré,0.0
L2023-01385-1,CMD-2023-01385,2023-09-26,36500,libéré,0.0
L2023-01386-1,CMD-2023-01386,2023-09-26,9600,libéré,0.0
L2023-01386-2,CMD-2023-01386,2023-09-20,9600,libéré,0.0
L2023-01386-3,CMD-2023-01386,2023-09-10,9800,libéré,0.0
L2023-01387-1,CMD-2023-01387,2023-09-30,26000,libéré,0.0
L2023-01388-1,CMD-2023-01388,2023-09-27,20700,libéré,0.0
L2023-01388-2,CMD-2023-01388,2023-09-10,20800,libéré,0.0
L2023-01389-1,CMD-2023-01389,2023-09-11,14800,libéré,0.0
L2023-01389-2,CMD-2023-01389,2023-09-25,14800,libéré,0.0
L2023-01389-3,CMD-2023-01389,2023-09-23,14900,libéré,0.0
L2023-01390-1,CMD-2023-01390,2023-09-13,36500,libéré,0.0
L2023-01391-1,CMD-2023-01391,2023-09-15,44500,libéré,0.0
L2023-01391-2,CMD-2023-01391,2023-09-19,44500,libéré,0.0
L2023-01392-1,CMD-2023-01392,2023-09-21,50500,libéré,0.0
L2023-01393-1,CMD-2023-01393,2023-09-18,36000,libéré,0.0
L2023-01394-1,CMD-2023-01394,2023-09-19,10300,libéré,0.0
L2023-01394-2,CMD-2023-01394,2023-10-13,10300,libéré,0.0
L2023-01394-3,CMD-2023-01394,2023-10-01,10400,libéré,0.0
L2023-01395-1,CMD-2023-01395,2023-10-07,6500,libéré,0.0
L2023-01395-2,CMD-2023-01395,2023-10-08,6500,retraité,5688.15
L2023-01396-1,CMD-2023-01396,2023-09-15,16000,libéré,0.0
L2023-01397-1,CMD-2023-01397,2023-09-14,24600,libéré,0.0
L2023-01397-2,CMD-2023-01397,2023-09-29,24600,libéré,0.0
L2023-01397-3,CMD-2023-01397,2023-09-21,24800,libéré,0.0
L2023-01398-1,CMD-2023-01398,2023-09-12,20500,retraité,15307.35
L2023-01399-1,CMD-2023-01399,2023-09-16,65200,libéré,0.0
L2023-01399-2,CMD-2023-01399,2023-10-12,65300,libéré,0.0
L2023-01400-1,CMD-2023-01400,2023-09-19,31500,libéré,0.0
L2023-01400-2,CMD-2023-01400,2023-10-01,31500,libéré,0.0
L2023-01401-1,CMD-2023-01401,2023-09-12,18700,libéré,0.0
L2023-01401-2,CMD-2023-01401,2023-10-12,18800,libéré,0.0
L2023-01402-1,CMD-2023-01402,2023-09-29,12700,libéré,0.0
L2023-01402-2,CMD-2023-01402,2023-09-20,12800,libéré,0.0
L2023-01403-1,CMD-2023-01403,2023-09-19,5000,libéré,0.0
L2023-01403-2,CMD-2023-01403,2023-10-04,5000,libéré,0.0
L2023-01404-1,CMD-2023-01404,2023-09-21,14200,libéré,0.0
L2023-01404-2,CMD-2023-01404,2023-09-29,14300,rejeté,62805.6
L2023-01405-1,CMD-2023-01405,2023-09-27,32700,libéré,0.0
L2023-01405-2,CMD-2023-01405,2023-09-13,32800,libéré,0.0
L2023-01406-1,CMD-2023-01406,2023-09-17,19800,libéré,0.0
L2023-01406-2,CMD-2023-01406,2023-09-14,19800,libéré,0.0
L2023-01406-3,CMD-2023-01406,2023-09-13,19900,libéré,0.0
L2023-01407-1,CMD-2023-01407,2023-09-24,47600,libéré,0.0
L2023-01407-2,CMD-2023-01407,2023-09-23,47600,libéré,0.0
L2023-01407-3,CMD-2023-01407,2023-09-23,47800,libéré,0.0
L2023-01408-1,CMD-2023-01408,2023-09-14,15500,libéré,0.0
L2023-01408-2,CMD-2023-01408,2023-10-12,15500,libéré,0.0
L2023-01408-3,CMD-2023-01408,2023-10-13,15500,libéré,0.0
L2023-01409-1,CMD-2023-01409,2023-09-28,13000,libéré,0.0
L2023-01409-2,CMD-2023-01409,2023-09-22,13000,libéré,0.0
L2023-01410-1,CMD-2023-01410,2023-09-18,19300,libéré,0.0
L2023-01410-2,CMD-2023-01410,2023-09-18,19300,libéré,0.0
L2023-01410-3,CMD-2023-01410,2023-09-16,19400,libéré,0.0
L2023-01411-1,CMD-2023-01411,2023-10-06,22500,libéré,0.0
L2023-01412-1,CMD-2023-01412,2023-09-17,14600,libéré,0.0
L2023-01412-2,CMD-2023-01412,2023-09-24,14600,libéré,0.0
L2023-01412-3,CMD-2023-01412,2023-09-30,14800,libéré,0.0
L2023-01413-1,CMD-2023-01413,2023-09-17,14100,libéré,0.0
L2023-01413-2,CMD-2023-01413,2023-09-16,14200,libéré,0.0
L2023-01414-1,CMD-2023-01414,2023-10-02,11000,libéré,0.0
L2023-01414-2,CMD-2023-01414,2023-09-24,11000,libéré,0.0
L2023-01414-3,CMD-2023-01414,2023-09-21,11000,libéré,0.0
L2023-01415-1,CMD-2023-01415,2023-10-26,15000,libéré,0.0
L2023-01415-2,CMD-2023-01415,2023-09-23,15000,libéré,0.0
L2023-01415-3,CMD-2023-01415,2023-10-08,15000,libéré,0.0
L2023-01416-1,CMD-2023-01416,2023-09-16,19500,rejeté,58480.5
L2023-01416-2,CMD-2023-01416,2023-10-01,19500,libéré,0.0
L2023-01417-1,CMD-2023-01417,2023-09-15,37500,libéré,0.0
L2023-01418-1,CMD-2023-01418,2023-09-20,64000,libéré,0.0
L2023-01419-1,CMD-2023-01419,2023-09-17,6100,libéré,0.0
L2023-01419-2,CMD-2023-01419,2023-09-16,6100,libéré,0.0
L2023-01419-3,CMD-2023-01419,2023-09-27,6300,libéré,0.0
L2023-01420-1,CMD-2023-01420,2023-09-30,68500,libéré,0.0
L2023-01421-1,CMD-2023-01421,2023-09-30,29300,libéré,0.0
L2023-01421-2,CMD-2023-01421,2023-09-17,29300,libéré,0.0
L2023-01421-3,CMD-2023-01421,2023-09-27,29400,libéré,0.0
L2023-01422-1,CMD-2023-01422,2023-10-20,8300,libéré,0.0
L2023-01422-2,CMD-2023-01422,2023-10-06,8300,libéré,0.0
L2023-01422-3,CMD-2023-01422,2023-10-19,8400,libéré,0.0
L2023-01423-1,CMD-2023-01423,2023-09-23,25000,libéré,0.0
L2023-01423-2,CMD-2023-01423,2023-09-24,25000,libéré,0.0
L2023-01423-3,CMD-2023-01423,2023-09-24,25000,libéré,0.0
L2023-01424-1,CMD-2023-01424,2023-09-21,40300,libéré,0.0
L2023-01424-2,CMD-2023-01424,2023-09-17,40300,libéré,0.0
L2023-01424-3,CMD-2023-01424,2023-09-27,40400,libéré,0.0
L2023-01425-1,CMD-2023-01425,2023-09-16,26000,libéré,0.0
L2023-01426-1,CMD-2023-01426,2023-09-26,29500,libéré,0.0
L2023-01426-2,CMD-2023-01426,2023-10-01,29500,libéré,0.0
L2023-01426-3,CMD-2023-01426,2023-10-01,29600,rejeté,77700.0
L2023-01427-1,CMD-2023-01427,2023-10-01,16200,libéré,0.0
L2023-01427-2,CMD-2023-01427,2023-09-20,16300,libéré,0.0
L2023-01428-1,CMD-2023-01428,2023-09-22,26300,libéré,0.0
L2023-01428-2,CMD-2023-01428,2023-09-29,26300,libéré,0.0
L2023-01428-3,CMD-2023-01428,2023-09-27,26400,libéré,0.0
L2023-01429-1,CMD-2023-01429,2023-10-13,14000,rejeté,55062.0
L2023-01429-2,CMD-2023-01429,2023-09-19,14000,libéré,0.0
L2023-01430-1,CMD-2023-01430,2023-10-07,18700,libéré,0.0
L2023-01430-2,CMD-2023-01430,2023-10-16,18800,libéré,0.0
L2023-01431-1,CMD-2023-01431,2023-09-29,50000,libéré,0.0
L2023-01431-2,CMD-2023-01431,2023-10-05,50000,libéré,0.0
L2023-01431-3,CMD-2023-01431,2023-10-02,50000,libéré,0.0
L2023-01432-1,CMD-2023-01432,2023-09-25,77000,libéré,0.0
L2023-01433-1,CMD-2023-01433,2023-09-20,15000,libéré,0.0
L2023-01433-2,CMD-2023-01433,2023-09-30,15000,libéré,0.0
L2023-01434-1,CMD-2023-01434,2023-09-27,37500,libéré,0.0
L2023-01434-2,CMD-2023-01434,2023-10-11,37500,libéré,0.0
L2023-01434-3,CMD-2023-01434,2023-10-11,37500,libéré,0.0
L2023-01435-1,CMD-2023-01435,2023-10-08,23500,libéré,0.0
L2023-01436-1,CMD-2023-01436,2023-09-27,12500,libéré,0.0
L2023-01436-2,CMD-2023-01436,2023-10-09,12500,libéré,0.0
L2023-01437-1,CMD-2023-01437,2023-09-21,44500,libéré,0.0
L2023-01437-2,CMD-2023-01437,2023-10-09,44500,libéré,0.0
L2023-01437-3,CMD-2023-01437,2023-10-16,44500,libéré,0.0
L2023-01438-1,CMD-2023-01438,2023-10-14,20500,libéré,0.0
L2023-01438-2,CMD-2023-01438,2023-09-29,20500,libéré,0.0
L2023-01439-1,CMD-2023-01439,2023-09-22,14600,libéré,0.0
L2023-01439-2,CMD-2023-01439,2023-10-10,14600,libéré,0.0
L2023-01439-3,CMD-2023-01439,2023-10-06,14800,libéré,0.0
L2023-01440-1,CMD-2023-01440,2023-09-30,9000,libéré,0.0
L2023-01440-2,CMD-2023-01440,2023-09-27,9000,libéré,0.0
L2023-01441-1,CMD-2023-01441,2023-09-30,5500,libéré,0.0
L2023-01441-2,CMD-2023-01441,2023-09-25,5500,libéré,0.0
L2023-01441-3,CMD-2023-01441,2023-09-30,5500,libéré,0.0
L2023-01442-1,CMD-2023-01442,2023-09-22,36000,libéré,0.0
L2023-01443-1,CMD-2023-01443,2023-09-26,7200,libéré,0.0
L2023-01443-2,CMD-2023-01443,2023-09-25,7300,libéré,0.0
L2023-01444-1,CMD-2023-01444,2023-09-25,14500,libéré,0.0
L2023-01444-2,CMD-2023-01444,2023-10-03,14500,libéré,0.0
L2023-01444-3,CMD-2023-01444,2023-09-26,14500,libéré,0.0
L2023-01445-1,CMD-2023-01445,2023-09-29,15300,libéré,0.0
L2023-01445-2,CMD-2023-01445,2023-10-01,15300,libéré,0.0
L2023-01445-3,CMD-2023-01445,2023-09-20,15400,libéré,0.0
L2023-01446-1,CMD-2023-01446,2023-10-06,28500,libéré,0.0
L2023-01446-2,CMD-2023-01446,2023-09-29,28500,libéré,0.0
L2023-01446-3,CMD-2023-01446,2023-09-28,28500,libéré,0.0
L2023-01447-1,CMD-2023-01447,2023-10-01,11200,libéré,0.0
L2023-01447-2,CMD-2023-01447,2023-10-03,11300,libéré,0.0
L2023-01448-1,CMD-2023-01448,2023-10-13,14300,libéré,0.0
L2023-01448-2,CMD-2023-01448,2023-09-22,14300,libéré,0.0
L2023-01448-3,CMD-2023-01448,2023-09-26,14400,libéré,0.0
L2023-01449-1,CMD-2023-01449,2023-09-28,13000,libéré,0.0
L2023-01449-2,CMD-2023-01449,2023-09-21,13000,libéré,0.0
L2023-01450-1,CMD-2023-01450,2023-09-24,35000,libéré,0.0
L2023-01451-1,CMD-2023-01451,2023-10-18,46000,libéré,0.0
L2023-01452-1,CMD-2023-01452,2023-10-09,58000,libéré,0.0
L2023-01453-1,CMD-2023-01453,2023-10-07,28500,libéré,0.0
L2023-01454-1,CMD-2023-01454,2023-09-23,38500,libéré,0.0
L2023-01455-1,CMD-2023-01455,2023-10-02,15800,libéré,0.0
L2023-01455-2,CMD-2023-01455,2023-09-26,15800,libéré,0.0
L2023-01455-3,CMD-2023-01455,2023-10-13,15900,libéré,0.0
L2023-01456-1,CMD-2023-01456,2023-10-13,25200,retraité,10965.78
L2023-01456-2,CMD-2023-01456,2023-09-30,25300,libéré,0.0
L2023-01457-1,CMD-2023-01457,2023-09-24,11000,libéré,0.0
L2023-01457-2,CMD-2023-01457,2023-10-15,11000,libéré,0.0
L2023-01457-3,CMD-2023-01457,2023-09-28,11000,libéré,0.0
L2023-01458-1,CMD-2023-01458,2023-10-01,22200,libéré,0.0
L2023-01458-2,CMD-2023-01458,2023-10-17,22300,rejeté,89445.3
L2023-01459-1,CMD-2023-01459,2023-10-03,35500,libéré,0.0
L2023-01459-2,CMD-2023-01459,2023-09-30,35500,libéré,0.0
L2023-01460-1,CMD-2023-01460,2023-10-16,28700,libéré,0.0
L2023-01460-2,CMD-2023-01460,2023-10-25,28800,libéré,0.0
L2023-01461-1,CMD-2023-01461,2023-09-20,14000,libéré,0.0
L2023-01461-2,CMD-2023-01461,2023-09-26,14000,libéré,0.0
L2023-01461-3,CMD-2023-01461,2023-09-20,14000,libéré,0.0
L2023-01462-1,CMD-2023-01462,2023-09-25,11000,libéré,0.0
L2023-01462-2,CMD-2023-01462,2023-10-01,11000,libéré,0.0
L2023-01462-3,CMD-2023-01462,2023-10-02,11000,libéré,0.0
L2023-01463-1,CMD-2023-01463,2023-09-26,55500,libéré,0.0
L2023-01464-1,CMD-2023-01464,2023-10-09,11200,libéré,0.0
L2023-01464-2,CMD-2023-01464,2023-10-02,11300,libéré,0.0
L2023-01465-1,CMD-2023-01465,2023-10-05,75000,libéré,0.0
L2023-01465-2,CMD-2023-01465,2023-10-19,75000,libéré,0.0
L2023-01466-1,CMD-2023-01466,2023-10-12,25000,libéré,0.0
L2023-01467-1,CMD-2023-01467,2023-09-29,9800,libéré,0.0
L2023-01467-2,CMD-2023-01467,2023-09-25,9800,libéré,0.0
L2023-01467-3,CMD-2023-01467,2023-09-26,9900,libéré,0.0
L2023-01468-1,CMD-2023-01468,2023-09-24,7300,libéré,0.0
L2023-01468-2,CMD-2023-01468,2023-10-02,7300,libéré,0.0
L2023-01468-3,CMD-2023-01468,2023-10-14,7400,libéré,0.0
L2023-01469-1,CMD-2023-01469,2023-10-12,50500,libéré,0.0
L2023-01469-2,CMD-2023-01469,2023-10-05,50500,libéré,0.0
L2023-01470-1,CMD-2023-01470,2023-10-21,30000,libéré,0.0
L2023-01471-1,CMD-2023-01471,2023-10-16,20000,libéré,0.0
L2023-01472-1,CMD-2023-01472,2023-09-28,50000,libéré,0.0
L2023-01472-2,CMD-2023-01472,2023-10-02,50000,libéré,0.0
L2023-01472-3,CMD-2023-01472,2023-10-07,50000,libéré,0.0
L2023-01473-1,CMD-2023-01473,2023-10-05,73500,libéré,0.0
L2023-01474-1,CMD-2023-01474,2023-09-29,9800,libéré,0.0
L2023-01474-2,CMD-2023-01474,2023-10-09,9800,libéré,0.0
L2023-01474-3,CMD-2023-01474,2023-10-05,9900,libéré,0.0
L2023-01475-1,CMD-2023-01475,2023-09-29,31000,libéré,0.0
L2023-01475-2,CMD-2023-01475,2023-10-11,31000,libéré,0.0
L2023-01476-1,CMD-2023-01476,2023-09-26,54000,libéré,0.0
L2023-01477-1,CMD-2023-01477,2023-10-04,7600,libéré,0.0
L2023-01477-2,CMD-2023-01477,2023-10-13,7600,libéré,0.0
L2023-01478-1,CMD-2023-01478,2023-10-05,10200,retraité,3672.0
L2023-01478-2,CMD-2023-01478,2023-09-27,10300,libéré,0.0
L2023-01479-1,CMD-2023-01479,2023-10-19,49000,rejeté,117698.0
L2023-01480-1,CMD-2023-01480,2023-09-26,6500,libéré,0.0
L2023-01480-2,CMD-2023-01480,2023-10-10,6500,libéré,0.0
L2023-01480-3,CMD-2023-01480,2023-09-25,6500,libéré,0.0
L2023-01481-1,CMD-2023-01481,2023-09-27,34000,libéré,0.0
L2023-01481-2,CMD-2023-01481,2023-09-28,34000,libéré,0.0
L2023-01481-3,CMD-2023-01481,2023-10-03,34000,libéré,0.0
L2023-01482-1,CMD-2023-01482,2023-10-03,22500,libéré,0.0
L2023-01482-2,CMD-2023-01482,2023-10-04,22500,libéré,0.0
L2023-01483-1,CMD-2023-01483,2023-10-04,38700,libéré,0.0
L2023-01483-2,CMD-2023-01483,2023-09-26,38800,libéré,0.0
L2023-01484-1,CMD-2023-01484,2023-09-26,18200,libéré,0.0
L2023-01484-2,CMD-2023-01484,2023-09-30,18300,libéré,0.0
L2023-01485-1,CMD-2023-01485,2023-10-14,6800,libéré,0.0
L2023-01485-2,CMD-2023-01485,2023-09-28,6800,libéré,0.0
L2023-01485-3,CMD-2023-01485,2023-09-28,6900,libéré,0.0
L2023-01486-1,CMD-2023-01486,2023-10-22,69000,libéré,0.0
L2023-01487-1,CMD-2023-01487,2023-10-05,7000,rejeté,21756.0
L2023-01487-2,CMD-2023-01487,2023-10-07,7000,libéré,0.0
L2023-01488-1,CMD-2023-01488,2023-10-16,47500,libéré,0.0
L2023-01489-1,CMD-2023-01489,2023-10-14,22200,libéré,0.0
L2023-01489-2,CMD-2023-01489,2023-10-15,22300,libéré,0.0
L2023-01490-1,CMD-2023-01490,2023-10-07,11000,libéré,0.0
L2023-01490-2,CMD-2023-01490,2023-10-11,11000,libéré,0.0
L2023-01491-1,CMD-2023-01491,2023-10-06,6300,libéré,0.0
L2023-01491-2,CMD-2023-01491,2023-10-22,6300,libéré,0.0
L2023-01491-3,CMD-2023-01491,2023-10-05,6400,libéré,0.0
L2023-01492-1,CMD-2023-01492,2023-10-22,26000,libéré,0.0
L2023-01492-2,CMD-2023-01492,2023-10-01,26000,libéré,0.0
L2023-01493-1,CMD-2023-01493,2023-10-15,16800,libéré,0.0
L2023-01493-2,CMD-2023-01493,2023-10-09,16800,libéré,0.0
L2023-01493-3,CMD-2023-01493,2023-10-17,16900,libéré,0.0
L2023-01494-1,CMD-2023-01494,2023-09-28,13600,libéré,0.0
L2023-01494-2,CMD-2023-01494,2023-10-01,13600,libéré,0.0
L2023-01494-3,CMD-2023-01494,2023-10-01,13800,retraité,6487.38
L2023-01495-1,CMD-2023-01495,2023-10-08,26500,libéré,0.0
L2023-01496-1,CMD-2023-01496,2023-10-04,8100,libéré,0.0
L2023-01496-2,CMD-2023-01496,2023-09-30,8100,libéré,0.0
L2023-01496-3,CMD-2023-01496,2023-10-04,8300,libéré,0.0
L2023-01497-1,CMD-2023-01497,2023-10-21,18700,retraité,9783.84
L2023-01497-2,CMD-2023-01497,2023-10-07,18800,libéré,0.0
L2023-01498-1,CMD-2023-01498,2023-10-12,7000,libéré,0.0
L2023-01498-2,CMD-2023-01498,2023-10-29,7000,libéré,0.0
L2023-01499-1,CMD-2023-01499,2023-10-05,15500,libéré,0.0
L2023-01499-2,CMD-2023-01499,2023-10-03,15500,libéré,0.0
L2023-01500-1,CMD-2023-01500,2023-10-02,10000,libéré,0.0
L2023-01501-1,CMD-2023-01501,2023-09-29,16000,libéré,0.0
L2023-01502-1,CMD-2023-01502,2023-09-27,47200,libéré,0.0
L2023-01502-2,CMD-2023-01502,2023-10-15,47300,libéré,0.0
L2023-01503-1,CMD-2023-01503,2023-09-30,9800,libéré,0.0
L2023-01503-2,CMD-2023-01503,2023-10-10,9800,libéré,0.0
L2023-01503-3,CMD-2023-01503,2023-10-05,9800,libéré,0.0
L2023-01504-1,CMD-2023-01504,2023-10-07,12200,libéré,0.0
L2023-01504-2,CMD-2023-01504,2023-10-02,12300,libéré,0.0
L2023-01505-1,CMD-2023-01505,2023-10-11,20600,libéré,0.0
L2023-01505-2,CMD-2023-01505,2023-10-03,20600,libéré,0.0
L2023-01505-3,CMD-2023-01505,2023-10-07,20800,retraité,8255.52
L2023-01506-1,CMD-2023-01506,2023-10-03,50000,libéré,0.0
L2023-01507-1,CMD-2023-01507,2023-10-03,6500,libéré,0.0
L2023-01507-2,CMD-2023-01507,2023-10-14,6500,libéré,0.0
L2023-01507-3,CMD-2023-01507,2023-10-18,6500,libéré,0.0
L2023-01508-1,CMD-2023-01508,2023-10-06,15000,libéré,0.0
L2023-01508-2,CMD-2023-01508,2023-10-10,15000,libéré,0.0
L2023-01509-1,CMD-2023-01509,2023-10-09,9800,libéré,0.0
L2023-01509-2,CMD-2023-01509,2023-10-26,9800,libéré,0.0
L2023-01509-3,CMD-2023-01509,2023-10-14,9900,libéré,0.0
L2023-01510-1,CMD-2023-01510,2023-10-01,36800,libéré,0.0
L2023-01510-2,CMD-2023-01510,2023-10-13,36800,libéré,0.0
L2023-01510-3,CMD-2023-01510,2023-10-06,36900,libéré,0.0
L2023-01511-1,CMD-2023-01511,2023-10-25,9500,libéré,0.0
L2023-01511-2,CMD-2023-01511,2023-10-15,9500,libéré,0.0
L2023-01511-3,CMD-2023-01511,2023-10-08,9500,libéré,0.0
L2023-01512-1,CMD-2023-01512,2023-10-11,13500,libéré,0.0
L2023-01512-2,CMD-2023-01512,2023-10-17,13500,libéré,0.0
L2023-01512-3,CMD-2023-01512,2023-10-13,13500,libéré,0.0
L2023-01513-1,CMD-2023-01513,2023-09-30,6500,libéré,0.0
L2023-01513-2,CMD-2023-01513,2023-10-13,6500,libéré,0.0
L2023-01513-3,CMD-2023-01513,2023-10-07,6500,libéré,0.0
L2023-01514-1,CMD-2023-01514,2023-10-10,16000,libéré,0.0
L2023-01515-1,CMD-2023-01515,2023-10-15,13000,libéré,0.0
L2023-01515-2,CMD-2023-01515,2023-10-17,13000,libéré,0.0
L2023-01515-3,CMD-2023-01515,2023-10-09,13000,libéré,0.0
L2023-01516-1,CMD-2023-01516,2023-10-15,18500,libéré,0.0
L2023-01517-1,CMD-2023-01517,2023-10-11,30500,libéré,0.0
L2023-01517-2,CMD-2023-01517,2023-10-13,30500,libéré,0.0
L2023-01518-1,CMD-2023-01518,2023-10-09,25800,libéré,0.0
L2023-01518-2,CMD-2023-01518,2023-10-10,25800,libéré,0.0
L2023-01518-3,CMD-2023-01518,2023-10-05,25900,libéré,0.0
L2023-01519-1,CMD-2023-01519,2023-11-02,7500,libéré,0.0
L2023-01519-2,CMD-2023-01519,2023-10-18,7500,libéré,0.0
L2023-01520-1,CMD-2023-01520,2023-10-04,37000,rejeté,89170.0
L2023-01521-1,CMD-2023-01521,2023-10-04,64500,libéré,0.0
L2023-01522-1,CMD-2023-01522,2023-11-10,52500,libéré,0.0
L2023-01523-1,CMD-2023-01523,2023-10-16,26000,libéré,0.0
L2023-01524-1,CMD-2023-01524,2023-10-08,12800,libéré,0.0
L2023-01524-2,CMD-2023-01524,2023-10-12,12800,libéré,0.0
L2023-01524-3,CMD-2023-01524,2023-10-03,12900,libéré,0.0
L2023-01525-1,CMD-2023-01525,2023-10-05,69200,libéré,0.0
L2023-01525-2,CMD-2023-01525,2023-10-02,69300,libéré,0.0
L2023-01526-1,CMD-2023-01526,2023-10-08,36000,libéré,0.0
L2023-01527-1,CMD-2023-01527,2023-10-27,27500,libéré,0.0
L2023-01527-2,CMD-2023-01527,2023-10-12,27500,libéré,0.0
L2023-01528-1,CMD-2023-01528,2023-10-26,14500,libéré,0.0
L2023-01528-2,CMD-2023-01528,2023-10-11,14500,libéré,0.0
L2023-01528-3,CMD-2023-01528,2023-10-24,14500,libéré,0.0
L2023-01529-1,CMD-2023-01529,2023-10-12,10500,libéré,0.0
L2023-01529-2,CMD-2023-01529,2023-10-07,10500,libéré,0.0
L2023-01529-3,CMD-2023-01529,2023-10-03,10500,libéré,0.0
L2023-01530-1,CMD-2023-01530,2023-10-15,15000,libéré,0.0
L2023-01531-1,CMD-2023-01531,2023-10-13,21700,libéré,0.0
L2023-01531-2,CMD-2023-01531,2023-10-30,21800,libéré,0.0
L2023-01532-1,CMD-2023-01532,2023-10-10,11100,libéré,0.0
L2023-01532-2,CMD-2023-01532,2023-10-10,11100,libéré,0.0
L2023-01532-3,CMD-2023-01532,2023-10-15,11300,libéré,0.0
L2023-01533-1,CMD-2023-01533,2023-10-05,26500,libéré,0.0
L2023-01534-1,CMD-2023-01534,2023-10-26,34500,libéré,0.0
L2023-01535-1,CMD-2023-01535,2023-10-28,79000,retraité,36486.15
L2023-01536-1,CMD-2023-01536,2023-10-04,35000,libéré,0.0
L2023-01536-2,CMD-2023-01536,2023-10-19,35000,libéré,0.0
L2023-01536-3,CMD-2023-01536,2023-10-17,35000,libéré,0.0
L2023-01537-1,CMD-2023-01537,2023-10-20,27600,libéré,0.0
L2023-01537-2,CMD-2023-01537,2023-10-03,27600,libéré,0.0
L2023-01537-3,CMD-2023-01537,2023-10-19,27800,libéré,0.0
L2023-01538-1,CMD-2023-01538,2023-10-12,34500,libéré,0.0
L2023-01539-1,CMD-2023-01539,2023-10-31,24500,libéré,0.0
L2023-01540-1,CMD-2023-01540,2023-10-06,31500,libéré,0.0
L2023-01540-2,CMD-2023-01540,2023-10-05,31500,libéré,0.0
L2023-01541-1,CMD-2023-01541,2023-10-16,54700,libéré,0.0
L2023-01541-2,CMD-2023-01541,2023-10-06,54800,libéré,0.0
L2023-01542-1,CMD-2023-01542,2023-10-12,15000,libéré,0.0
L2023-01542-2,CMD-2023-01542,2023-10-15,15000,libéré,0.0
L2023-01543-1,CMD-2023-01543,2023-10-07,13600,libéré,0.0
L2023-01543-2,CMD-2023-01543,2023-10-04,13600,libéré,0.0
L2023-01543-3,CMD-2023-01543,2023-10-07,13800,libéré,0.0
L2023-01544-1,CMD-2023-01544,2023-11-09,14000,libéré,0.0
L2023-01544-2,CMD-2023-01544,2023-11-04,14000,libéré,0.0
L2023-01545-1,CMD-2023-01545,2023-10-06,50000,libéré,0.0
L2023-01545-2,CMD-2023-01545,2023-10-17,50000,libéré,0.0
L2023-01545-3,CMD-2023-01545,2023-10-12,50000,libéré,0.0
L2023-01546-1,CMD-2023-01546,2023-11-01,5000,libéré,0.0
L2023-01546-2,CMD-2023-01546,2023-10-07,5000,libéré,0.0
L2023-01547-1,CMD-2023-01547,2023-10-08,5700,retraité,2727.45
L2023-01547-2,CMD-2023-01547,2023-10-20,5800,libéré,0.0
L2023-01548-1,CMD-2023-01548,2023-10-07,67500,libéré,0.0
L2023-01549-1,CMD-2023-01549,2023-10-08,37700,libéré,0.0
L2023-01549-2,CMD-2023-01549,2023-10-11,37800,libéré,0.0
L2023-01550-1,CMD-2023-01550,2023-10-04,21500,libéré,0.0
L2023-01550-2,CMD-2023-01550,2023-10-06,21500,libéré,0.0
L2023-01550-3,CMD-2023-01550,2023-11-03,21500,libéré,0.0
L2023-01551-1,CMD-2023-01551,2023-10-17,13000,libéré,0.0
L2023-01551-2,CMD-2023-01551,2023-10-08,13000,libéré,0.0
L2023-01552-1,CMD-2023-01552,2023-10-29,9900,libéré,0.0
L2023-01552-2,CMD-2023-01552,2023-10-22,9900,libéré,0.0
L2023-01552-3,CMD-2023-01552,2023-10-27,9900,libéré,0.0
L2023-01553-1,CMD-2023-01553,2023-10-15,32100,libéré,0.0
L2023-01553-2,CMD-2023-01553,2023-10-27,32100,libéré,0.0
L2023-01553-3,CMD-2023-01553,2023-10-11,32300,libéré,0.0
L2023-01554-1,CMD-2023-01554,2023-10-09,15700,libéré,0.0
L2023-01554-2,CMD-2023-01554,2023-10-12,15800,libéré,0.0
L2023-01555-1,CMD-2023-01555,2023-10-18,16300,libéré,0.0
L2023-01555-2,CMD-2023-01555,2023-10-12,16300,libéré,0.0
L2023-01555-3,CMD-2023-01555,2023-10-12,16400,libéré,0.0
L2023-01556-1,CMD-2023-01556,2023-10-23,34000,libéré,0.0
L2023-01556-2,CMD-2023-01556,2023-11-02,34000,libéré,0.0
L2023-01557-1,CMD-2023-01557,2023-10-18,7600,libéré,0.0
L2023-01557-2,CMD-2023-01557,2023-11-03,7600,libéré,0.0
L2023-01557-3,CMD-2023-01557,2023-10-26,7800,libéré,0.0
L2023-01558-1,CMD-2023-01558,2023-10-21,15800,libéré,0.0
L2023-01558-2,CMD-2023-01558,2023-10-13,15800,libéré,0.0
L2023-01558-3,CMD-2023-01558,2023-10-11,15900,libéré,0.0
L2023-01559-1,CMD-2023-01559,2023-10-20,11200,libéré,0.0
L2023-01559-2,CMD-2023-01559,2023-10-15,11300,libéré,0.0
L2023-01560-1,CMD-2023-01560,2023-10-12,37700,libéré,0.0
L2023-01560-2,CMD-2023-01560,2023-10-30,37800,libéré,0.0
L2023-01561-1,CMD-2023-01561,2023-10-13,41000,libéré,0.0
L2023-01562-1,CMD-2023-01562,2023-10-09,46500,libéré,0.0
L2023-01562-2,CMD-2023-01562,2023-10-08,46500,libéré,0.0
L2023-01563-1,CMD-2023-01563,2023-10-16,22000,libéré,0.0
L2023-01563-2,CMD-2023-01563,2023-10-09,22000,libéré,0.0
L2023-01564-1,CMD-2023-01564,2023-11-02,39200,libéré,0.0
L2023-01564-2,CMD-2023-01564,2023-10-15,39300,retraité,24558.57
L2023-01565-1,CMD-2023-01565,2023-10-13,8800,libéré,0.0
L2023-01565-2,CMD-2023-01565,2023-10-20,8800,libéré,0.0
L2023-01565-3,CMD-2023-01565,2023-10-20,8900,libéré,0.0
L2023-01566-1,CMD-2023-01566,2023-10-22,22000,libéré,0.0
L2023-01566-2,CMD-2023-01566,2023-10-08,22000,rejeté,92092.0
L2023-01566-3,CMD-2023-01566,2023-10-09,22000,rejeté,92092.0
L2023-01567-1,CMD-2023-01567,2023-10-31,62500,libéré,0.0
L2023-01568-1,CMD-2023-01568,2023-10-19,8600,libéré,0.0
L2023-01568-2,CMD-2023-01568,2023-10-21,8600,libéré,0.0
L2023-01568-3,CMD-2023-01568,2023-10-12,8800,libéré,0.0
L2023-01569-1,CMD-2023-01569,2023-10-15,9300,libéré,0.0
L2023-01569-2,CMD-2023-01569,2023-10-30,9300,libéré,0.0
L2023-01569-3,CMD-2023-01569,2023-11-04,9400,libéré,0.0
L2023-01570-1,CMD-2023-01570,2023-10-21,9200,libéré,0.0
L2023-01570-2,CMD-2023-01570,2023-10-10,9300,libéré,0.0
L2023-01571-1,CMD-2023-01571,2023-10-10,6000,libéré,0.0
L2023-01571-2,CMD-2023-01571,2023-10-18,6000,libéré,0.0
L2023-01572-1,CMD-2023-01572,2023-11-03,22000,libéré,0.0
L2023-01572-2,CMD-2023-01572,2023-10-22,22000,libéré,0.0
L2023-01573-1,CMD-2023-01573,2023-10-19,14800,libéré,0.0
L2023-01573-2,CMD-2023-01573,2023-10-21,14800,libéré,0.0
L2023-01573-3,CMD-2023-01573,2023-10-14,14900,libéré,0.0
L2023-01574-1,CMD-2023-01574,2023-11-01,13100,libéré,0.0
L2023-01574-2,CMD-2023-01574,2023-10-26,13100,libéré,0.0
L2023-01574-3,CMD-2023-01574,2023-10-10,13300,libéré,0.0
L2023-01575-1,CMD-2023-01575,2023-10-30,12800,libéré,0.0
L2023-01575-2,CMD-2023-01575,2023-10-14,12800,libéré,0.0
L2023-01575-3,CMD-2023-01575,2023-10-10,12900,libéré,0.0
L2023-01576-1,CMD-2023-01576,2023-10-25,65000,libéré,0.0
L2023-01577-1,CMD-2023-01577,2023-11-07,51500,libéré,0.0
L2023-01578-1,CMD-2023-01578,2023-10-30,10600,libéré,0.0
L2023-01578-2,CMD-2023-01578,2023-10-31,10600,libéré,0.0
L2023-01578-3,CMD-2023-01578,2023-10-29,10800,libéré,0.0
L2023-01579-1,CMD-2023-01579,2023-10-25,24100,libéré,0.0
L2023-01579-2,CMD-2023-01579,2023-10-23,24100,libéré,0.0
L2023-01580-1,CMD-2023-01580,2023-10-30,9200,libéré,0.0
L2023-01580-2,CMD-2023-01580,2023-10-13,9300,libéré,0.0
L2023-01581-1,CMD-2023-01581,2023-10-16,21500,libéré,0.0
L2023-01582-1,CMD-2023-01582,2023-10-20,22700,libéré,0.0
L2023-01582-2,CMD-2023-01582,2023-10-20,22800,libéré,0.0
L2023-01583-1,CMD-2023-01583,2023-10-11,24700,libéré,0.0
L2023-01583-2,CMD-2023-01583,2023-10-21,24800,libéré,0.0
L2023-01584-1,CMD-2023-01584,2023-10-17,6000,libéré,0.0
L2023-01584-2,CMD-2023-01584,2023-11-03,6000,libéré,0.0
L2023-01585-1,CMD-2023-01585,2023-10-21,65000,libéré,0.0
L2023-01586-1,CMD-2023-01586,2023-11-02,25000,libéré,0.0
L2023-01587-1,CMD-2023-01587,2023-10-19,10600,libéré,0.0
L2023-01587-2,CMD-2023-01587,2023-10-10,10600,libéré,0.0
L2023-01587-3,CMD-2023-01587,2023-10-23,10800,libéré,0.0
L2023-01588-1,CMD-2023-01588,2023-10-12,58000,libéré,0.0
L2023-01589-1,CMD-2023-01589,2023-10-12,8100,libéré,0.0
L2023-01589-2,CMD-2023-01589,2023-10-26,8100,libéré,0.0
L2023-01589-3,CMD-2023-01589,2023-10-11,8300,libéré,0.0
L2023-01590-1,CMD-2023-01590,2023-10-24,17500,libéré,0.0
L2023-01590-2,CMD-2023-01590,2023-10-25,17500,libéré,0.0
L2023-01591-1,CMD-2023-01591,2023-10-13,36500,libéré,0.0
L2023-01592-1,CMD-2023-01592,2023-11-08,20000,libéré,0.0
L2023-01592-2,CMD-2023-01592,2023-11-10,20000,libéré,0.0
L2023-01593-1,CMD-2023-01593,2023-10-13,10000,libéré,0.0
L2023-01594-1,CMD-2023-01594,2023-10-13,5000,libéré,0.0
L2023-01594-2,CMD-2023-01594,2023-10-12,5000,libéré,0.0
L2023-01595-1,CMD-2023-01595,2023-11-03,52700,libéré,0.0
L2023-01595-2,CMD-2023-01595,2023-11-03,52800,libéré,0.0
L2023-01596-1,CMD-2023-01596,2023-11-01,53500,libéré,0.0
L2023-01597-1,CMD-2023-01597,2023-11-09,26200,libéré,0.0
L2023-01597-2,CMD-2023-01597,2023-11-08,26300,libéré,0.0
L2023-01598-1,CMD-2023-01598,2023-10-23,59000,libéré,0.0
L2023-01599-1,CMD-2023-01599,2023-11-06,18000,libéré,0.0
L2023-01599-2,CMD-2023-01599,2023-11-05,18000,libéré,0.0
L2023-01599-3,CMD-2023-01599,2023-11-02,18000,libéré,0.0
L2023-01600-1,CMD-2023-01600,2023-10-14,8000,libéré,0.0
L2023-01600-2,CMD-2023-01600,2023-10-21,8000,libéré,0.0
L2023-01600-3,CMD-2023-01600,2023-10-18,8000,libéré,0.0
L2023-01601-1,CMD-2023-01601,2023-10-20,8100,libéré,0.0
L2023-01601-2,CMD-2023-01601,2023-10-30,8100,libéré,0.0
L2023-01601-3,CMD-2023-01601,2023-11-06,8300,libéré,0.0
L2023-01602-1,CMD-2023-01602,2023-11-04,36000,libéré,0.0
L2023-01603-1,CMD-2023-01603,2023-10-29,21000,libéré,0.0
L2023-01603-2,CMD-2023-01603,2023-11-02,21000,libéré,0.0
L2023-01604-1,CMD-2023-01604,2023-10-16,10200,libéré,0.0
L2023-01604-2,CMD-2023-01604,2023-11-03,10300,libéré,0.0
L2023-01605-1,CMD-2023-01605,2023-10-26,9000,libéré,0.0
L2023-01605-2,CMD-2023-01605,2023-11-08,9000,libéré,0.0
L2023-01606-1,CMD-2023-01606,2023-11-10,14300,libéré,0.0
L2023-01606-2,CMD-2023-01606,2023-10-30,14300,libéré,0.0
L2023-01606-3,CMD-2023-01606,2023-10-27,14400,libéré,0.0
L2023-01607-1,CMD-2023-01607,2023-10-25,13000,libéré,0.0
L2023-01607-2,CMD-2023-01607,2023-11-04,13000,retraité,7589.4
L2023-01607-3,CMD-2023-01607,2023-11-06,13000,libéré,0.0
L2023-01608-1,CMD-2023-01608,2023-10-27,43000,libéré,0.0
L2023-01609-1,CMD-2023-01609,2023-10-23,35000,libéré,0.0
L2023-01609-2,CMD-2023-01609,2023-11-03,35000,libéré,0.0
L2023-01609-3,CMD-2023-01609,2023-10-19,35000,libéré,0.0
L2023-01610-1,CMD-2023-01610,2023-11-12,17100,libéré,0.0
L2023-01610-2,CMD-2023-01610,2023-11-04,17100,libéré,0.0
L2023-01610-3,CMD-2023-01610,2023-11-04,17300,libéré,0.0
L2023-01611-1,CMD-2023-01611,2023-11-03,12000,libéré,0.0
L2023-01611-2,CMD-2023-01611,2023-10-28,12000,libéré,0.0
L2023-01611-3,CMD-2023-01611,2023-11-18,12000,retraité,5389.2
L2023-01612-1,CMD-2023-01612,2023-11-09,51000,libéré,0.0
L2023-01613-1,CMD-2023-01613,2023-10-24,15200,libéré,0.0
L2023-01613-2,CMD-2023-01613,2023-10-19,15300,libéré,0.0
L2023-01614-1,CMD-2023-01614,2023-11-17,6300,libéré,0.0
L2023-01614-2,CMD-2023-01614,2023-11-12,6300,libéré,0.0
L2023-01614-3,CMD-2023-01614,2023-11-18,6400,libéré,0.0
L2023-01615-1,CMD-2023-01615,2023-10-23,13500,libéré,0.0
L2023-01616-1,CMD-2023-01616,2023-10-22,8500,libéré,0.0
L2023-01616-2,CMD-2023-01616,2023-10-24,8500,libéré,0.0
L2023-01617-1,CMD-2023-01617,2023-11-06,33000,libéré,0.0
L2023-01618-1,CMD-2023-01618,2023-10-21,22100,libéré,0.0
L2023-01618-2,CMD-2023-01618,2023-10-20,22100,libéré,0.0
L2023-01618-3,CMD-2023-01618,2023-10-21,22300,libéré,0.0
L2023-01619-1,CMD-2023-01619,2023-10-23,26500,libéré,0.0
L2023-01620-1,CMD-2023-01620,2023-10-30,29200,libéré,0.0
L2023-01620-2,CMD-2023-01620,2023-11-03,29300,libéré,0.0
L2023-01621-1,CMD-2023-01621,2023-10-22,32500,libéré,0.0
L2023-01622-1,CMD-2023-01622,2023-11-05,19200,rejeté,69216.0
L2023-01622-2,CMD-2023-01622,2023-11-06,19300,libéré,0.0
L2023-01623-1,CMD-2023-01623,2023-10-22,17500,libéré,0.0
L2023-01623-2,CMD-2023-01623,2023-11-01,17500,libéré,0.0
L2023-01623-3,CMD-2023-01623,2023-10-24,17500,libéré,0.0
L2023-01624-1,CMD-2023-01624,2023-10-25,28000,libéré,0.0
L2023-01625-1,CMD-2023-01625,2023-10-24,43500,libéré,0.0
L2023-01625-2,CMD-2023-01625,2023-11-13,43500,libéré,0.0
L2023-01626-1,CMD-2023-01626,2023-11-12,8000,libéré,0.0
L2023-01626-2,CMD-2023-01626,2023-11-02,8000,libéré,0.0
L2023-01627-1,CMD-2023-01627,2023-11-07,9200,libéré,0.0
L2023-01627-2,CMD-2023-01627,2023-10-23,9300,libéré,0.0
L2023-01628-1,CMD-2023-01628,2023-11-06,14000,rejeté,42364.0
L2023-01629-1,CMD-2023-01629,2023-11-02,32500,libéré,0.0
L2023-01630-1,CMD-2023-01630,2023-11-03,34500,libéré,0.0
L2023-01630-2,CMD-2023-01630,2023-10-29,34500,rejeté,111193.5
L2023-01630-3,CMD-2023-01630,2023-11-02,34500,libéré,0.0
L2023-01631-1,CMD-2023-01631,2023-10-24,29000,libéré,0.0
L2023-01632-1,CMD-2023-01632,2023-11-02,14500,libéré,0.0
L2023-01633-1,CMD-2023-01633,2023-10-29,71000,libéré,0.0
L2023-01634-1,CMD-2023-01634,2023-10-28,33500,libéré,0.0
L2023-01635-1,CMD-2023-01635,2023-10-30,36000,libéré,0.0
L2023-01635-2,CMD-2023-01635,2023-11-04,36000,libéré,0.0
L2023-01636-1,CMD-2023-01636,2023-10-31,30500,libéré,0.0
L2023-01636-2,CMD-2023-01636,2023-11-01,30500,libéré,0.0
L2023-01637-1,CMD-2023-01637,2023-10-29,75500,libéré,0.0
L2023-01638-1,CMD-2023-01638,2023-11-04,24200,libéré,0.0
L2023-01638-2,CMD-2023-01638,2023-10-26,24300,rejeté,70105.5
L2023-01639-1,CMD-2023-01639,2023-10-31,12900,libéré,0.0
L2023-01639-2,CMD-2023-01639,2023-11-06,12900,libéré,0.0
L2023-01640-1,CMD-2023-01640,2023-11-04,27600,libéré,0.0
L2023-01640-2,CMD-2023-01640,2023-11-14,27600,libéré,0.0
L2023-01640-3,CMD-2023-01640,2023-11-11,27800,libéré,0.0
L2023-01641-1,CMD-2023-01641,2023-10-25,12600,libéré,0.0
L2023-01641-2,CMD-2023-01641,2023-11-01,12600,libéré,0.0
L2023-01641-3,CMD-2023-01641,2023-11-09,12800,libéré,0.0
L2023-01642-1,CMD-2023-01642,2023-10-24,18700,libéré,0.0
L2023-01642-2,CMD-2023-01642,2023-11-12,18800,libéré,0.0
L2023-01643-1,CMD-2023-01643,2023-11-14,39800,libéré,0.0
L2023-01643-2,CMD-2023-01643,2023-10-31,39800,libéré,0.0
L2023-01643-3,CMD-2023-01643,2023-11-08,39900,libéré,0.0
L2023-01644-1,CMD-2023-01644,2023-11-16,12800,libéré,0.0
L2023-01644-2,CMD-2023-01644,2023-10-30,12800,libéré,0.0
L2023-01644-3,CMD-2023-01644,2023-10-30,12900,libéré,0.0
L2023-01645-1,CMD-2023-01645,2023-10-28,14200,libéré,0.0
L2023-01645-2,CMD-2023-01645,2023-10-31,14300,libéré,0.0
L2023-01646-1,CMD-2023-01646,2023-11-13,7500,libéré,0.0
L2023-01646-2,CMD-2023-01646,2023-11-08,7500,libéré,0.0
L2023-01647-1,CMD-2023-01647,2023-11-10,26000,libéré,0.0
L2023-01647-2,CMD-2023-01647,2023-11-05,26000,libéré,0.0
L2023-01648-1,CMD-2023-01648,2023-10-30,14100,libéré,0.0
L2023-01648-2,CMD-2023-01648,2023-10-31,14100,libéré,0.0
L2023-01648-3,CMD-2023-01648,2023-10-28,14300,libéré,0.0
L2023-01649-1,CMD-2023-01649,2023-10-27,60500,libéré,0.0
L2023-01650-1,CMD-2023-01650,2023-11-08,36700,libéré,0.0
L2023-01650-2,CMD-2023-01650,2023-11-11,36800,libéré,0.0
L2023-01651-1,CMD-2023-01651,2023-11-02,22500,libéré,0.0
L2023-01651-2,CMD-2023-01651,2023-10-29,22500,libéré,0.0
L2023-01652-1,CMD-2023-01652,2023-11-19,34000,libéré,0.0
L2023-01653-1,CMD-2023-01653,2023-11-04,55500,libéré,0.0
L2023-01654-1,CMD-2023-01654,2023-10-26,50000,libéré,0.0
L2023-01655-1,CMD-2023-01655,2023-11-23,50000,libéré,0.0
L2023-01656-1,CMD-2023-01656,2023-10-31,30200,libéré,0.0
L2023-01656-2,CMD-2023-01656,2023-11-03,30300,retraité,12344.22
L2023-01657-1,CMD-2023-01657,2023-11-10,20500,libéré,0.0
L2023-01657-2,CMD-2023-01657,2023-11-20,20500,libéré,0.0
L2023-01658-1,CMD-2023-01658,2023-11-06,43000,libéré,0.0
L2023-01659-1,CMD-2023-01659,2023-11-10,13000,libéré,0.0
L2023-01659-2,CMD-2023-01659,2023-11-15,13000,libéré,0.0
L2023-01660-1,CMD-2023-01660,2023-11-16,55500,libéré,0.0
L2023-01661-1,CMD-2023-01661,2023-11-02,37500,libéré,0.0
L2023-01662-1,CMD-2023-01662,2023-11-10,25200,rejeté,86788.8
L2023-01662-2,CMD-2023-01662,2023-11-03,25300,libéré,0.0
L2023-01663-1,CMD-2023-01663,2023-11-07,38700,libéré,0.0
L2023-01663-2,CMD-2023-01663,2023-10-30,38800,libéré,0.0
L2023-01664-1,CMD-2023-01664,2023-11-03,15700,libéré,0.0
L2023-01664-2,CMD-2023-01664,2023-11-10,15800,libéré,0.0
L2023-01665-1,CMD-2023-01665,2023-11-04,6600,libéré,0.0
L2023-01665-2,CMD-2023-01665,2023-11-01,6600,libéré,0.0
L2023-01665-3,CMD-2023-01665,2023-11-06,6800,libéré,0.0
L2023-01666-1,CMD-2023-01666,2023-11-05,21000,libéré,0.0
L2023-01667-1,CMD-2023-01667,2023-12-16,8100,libéré,0.0
L2023-01667-2,CMD-2023-01667,2023-11-12,8100,libéré,0.0
L2023-01667-3,CMD-2023-01667,2023-11-11,8300,libéré,0.0
L2023-01668-1,CMD-2023-01668,2023-11-14,41000,libéré,0.0
L2023-01669-1,CMD-2023-01669,2023-11-05,51000,libéré,0.0
L2023-01669-2,CMD-2023-01669,2023-11-08,51000,libéré,0.0
L2023-01670-1,CMD-2023-01670,2023-11-16,10000,libéré,0.0
L2023-01671-1,CMD-2023-01671,2023-11-05,39000,libéré,0.0
L2023-01672-1,CMD-2023-01672,2023-11-20,7700,libéré,0.0
L2023-01672-2,CMD-2023-01672,2023-11-24,7800,libéré,0.0
L2023-01673-1,CMD-2023-01673,2023-11-28,34000,libéré,0.0
L2023-01674-1,CMD-2023-01674,2023-11-18,17500,libéré,0.0
L2023-01674-2,CMD-2023-01674,2023-11-11,17500,libéré,0.0
L2023-01675-1,CMD-2023-01675,2023-11-23,14200,libéré,0.0
L2023-01675-2,CMD-2023-01675,2023-11-28,14300,libéré,0.0
L2023-01676-1,CMD-2023-01676,2023-11-20,59000,libéré,0.0
L2023-01677-1,CMD-2023-01677,2023-11-08,21700,libéré,0.0
L2023-01677-2,CMD-2023-01677,2023-11-05,21800,libéré,0.0
L2023-01678-1,CMD-2023-01678,2023-11-08,7800,libéré,0.0
L2023-01678-2,CMD-2023-01678,2023-11-09,7800,libéré,0.0
L2023-01678-3,CMD-2023-01678,2023-11-05,7900,libéré,0.0
L2023-01679-1,CMD-2023-01679,2023-10-31,10300,retraité,7059.1
L2023-01679-2,CMD-2023-01679,2023-11-01,10300,libéré,0.0
L2023-01679-3,CMD-2023-01679,2023-10-31,10400,libéré,0.0
L2023-01680-1,CMD-2023-01680,2023-11-16,34000,retraité,19206.6
L2023-01680-2,CMD-2023-01680,2023-11-22,34000,libéré,0.0
L2023-01681-1,CMD-2023-01681,2023-11-03,71000,libéré,0.0
L2023-01682-1,CMD-2023-01682,2023-11-06,44000,libéré,0.0
L2023-01683-1,CMD-2023-01683,2023-11-08,14600,libéré,0.0
L2023-01683-2,CMD-2023-01683,2023-11-04,14600,libéré,0.0
L2023-01683-3,CMD-2023-01683,2023-11-06,14800,libéré,0.0
L2023-01684-1,CMD-2023-01684,2023-11-21,62000,libéré,0.0
L2023-01685-1,CMD-2023-01685,2023-11-09,12100,libéré,0.0
L2023-01685-2,CMD-2023-01685,2023-11-13,12100,libéré,0.0
L2023-01685-3,CMD-2023-01685,2023-11-23,12300,libéré,0.0
L2023-01686-1,CMD-2023-01686,2023-11-10,26000,rejeté,65546.0
L2023-01687-1,CMD-2023-01687,2023-11-07,6200,libéré,0.0
L2023-01687-2,CMD-2023-01687,2023-11-03,6300,libéré,0.0
L2023-01688-1,CMD-2023-01688,2023-11-23,19500,libéré,0.0
L2023-01689-1,CMD-2023-01689,2023-11-16,12000,libéré,0.0
L2023-01689-2,CMD-2023-01689,2023-11-08,12000,libéré,0.0
L2023-01690-1,CMD-2023-01690,2023-11-05,28000,libéré,0.0
L2023-01690-2,CMD-2023-01690,2023-11-08,28000,libéré,0.0
L2023-01691-1,CMD-2023-01691,2023-11-05,20500,libéré,0.0
L2023-01692-1,CMD-2023-01692,2023-11-05,13500,libéré,0.0
L2023-01692-2,CMD-2023-01692,2023-11-10,13500,libéré,0.0
L2023-01692-3,CMD-2023-01692,2023-11-02,13500,libéré,0.0
L2023-01693-1,CMD-2023-01693,2023-11-20,9000,libéré,0.0
L2023-01693-2,CMD-2023-01693,2023-11-13,9000,libéré,0.0
L2023-01694-1,CMD-2023-01694,2023-11-28,7600,libéré,0.0
L2023-01694-2,CMD-2023-01694,2023-12-10,7600,libéré,0.0
L2023-01694-3,CMD-2023-01694,2023-11-20,7800,libéré,0.0
L2023-01695-1,CMD-2023-01695,2023-11-12,21500,libéré,0.0
L2023-01696-1,CMD-2023-01696,2023-11-22,48500,libéré,0.0
L2023-01696-2,CMD-2023-01696,2023-11-11,48500,libéré,0.0
L2023-01697-1,CMD-2023-01697,2023-11-27,72000,libéré,0.0
L2023-01697-2,CMD-2023-01697,2023-11-08,72000,libéré,0.0
L2023-01698-1,CMD-2023-01698,2023-11-10,32500,libéré,0.0
L2023-01699-1,CMD-2023-01699,2023-11-06,5600,libéré,0.0
L2023-01699-2,CMD-2023-01699,2023-11-14,5600,libéré,0.0
L2023-01699-3,CMD-2023-01699,2023-11-19,5800,libéré,0.0
L2023-01700-1,CMD-2023-01700,2023-11-21,31700,libéré,0.0
L2023-01700-2,CMD-2023-01700,2023-11-06,31800,libéré,0.0
L2023-01701-1,CMD-2023-01701,2023-11-08,12400,libéré,0.0
L2023-01701-2,CMD-2023-01701,2023-11-16,12500,libéré,0.0
L2023-01702-1,CMD-2023-01702,2023-12-04,6100,libéré,0.0
L2023-01702-2,CMD-2023-01702,2023-12-05,6100,libéré,0.0
L2023-01702-3,CMD-2023-01702,2023-12-06,6300,libéré,0.0
L2023-01703-1,CMD-2023-01703,2023-11-09,39000,libéré,0.0
L2023-01704-1,CMD-2023-01704,2023-11-20,39500,libéré,0.0
L2023-01705-1,CMD-2023-01705,2023-11-14,12200,libéré,0.0
L2023-01705-2,CMD-2023-01705,2023-11-30,12300,libéré,0.0
L2023-01706-1,CMD-2023-01706,2023-11-26,13300,libéré,0.0
L2023-01706-2,CMD-2023-01706,2023-11-16,13300,libéré,0.0
L2023-01706-3,CMD-2023-01706,2023-11-15,13400,libéré,0.0
L2023-01707-1,CMD-2023-01707,2023-11-09,19700,libéré,0.0
L2023-01707-2,CMD-2023-01707,2023-11-14,19800,libéré,0.0
L2023-01708-1,CMD-2023-01708,2023-11-16,27000,libéré,0.0
L2023-01708-2,CMD-2023-01708,2023-11-11,27000,libéré,0.0
L2023-01709-1,CMD-2023-01709,2023-11-23,77500,libéré,0.0
L2023-01710-1,CMD-2023-01710,2023-11-26,42500,libéré,0.0
L2023-01711-1,CMD-2023-01711,2023-11-24,21700,libéré,0.0
L2023-01711-2,CMD-2023-01711,2023-11-07,21800,libéré,0.0
L2023-01712-1,CMD-2023-01712,2023-11-10,7700,libéré,0.0
L2023-01712-2,CMD-2023-01712,2023-11-18,7800,libéré,0.0
L2023-01713-1,CMD-2023-01713,2023-11-08,9500,libéré,0.0
L2023-01713-2,CMD-2023-01713,2023-11-20,9500,libéré,0.0
L2023-01714-1,CMD-2023-01714,2023-11-21,42500,libéré,0.0
L2023-01715-1,CMD-2023-01715,2023-11-15,6500,libéré,0.0
L2023-01715-2,CMD-2023-01715,2023-11-09,6500,libéré,0.0
L2023-01716-1,CMD-2023-01716,2023-11-09,58000,libéré,0.0
L2023-01716-2,CMD-2023-01716,2023-11-08,58000,libéré,0.0
L2023-01717-1,CMD-2023-01717,2023-12-02,18000,libéré,0.0
L2023-01717-2,CMD-2023-01717,2023-11-25,18000,libéré,0.0
L2023-01717-3,CMD-2023-01717,2023-12-04,18000,retraité,5046.3
L2023-01718-1,CMD-2023-01718,2023-11-09,29000,libéré,0.0
L2023-01719-1,CMD-2023-01719,2023-11-22,25500,libéré,0.0
L2023-01720-1,CMD-2023-01720,2023-11-17,27000,libéré,0.0
L2023-01721-1,CMD-2023-01721,2023-11-11,25500,rejeté,75837.0
L2023-01722-1,CMD-2023-01722,2023-11-09,8000,libéré,0.0
L2023-01722-2,CMD-2023-01722,2023-11-12,8000,libéré,0.0
L2023-01722-3,CMD-2023-01722,2023-11-17,8000,libéré,0.0
L2023-01723-1,CMD-2023-01723,2023-11-25,7100,libéré,0.0
L2023-01723-2,CMD-2023-01723,2023-11-14,7100,libéré,0.0
L2023-01723-3,CMD-2023-01723,2023-11-08,7300,libéré,0.0
L2023-01724-1,CMD-2023-01724,2023-11-10,11200,rejeté,54868.8
L2023-01724-2,CMD-2023-01724,2023-12-02,11300,libéré,0.0
L2023-01725-1,CMD-2023-01725,2023-11-21,27000,libéré,0.0
L2023-01726-1,CMD-2023-01726,2023-12-10,31700,libéré,0.0
L2023-01726-2,CMD-2023-01726,2023-11-29,31800,libéré,0.0
L2023-01727-1,CMD-2023-01727,2023-11-29,32200,libéré,0.0
L2023-01727-2,CMD-2023-01727,2023-11-24,32300,rejeté,165149.9
L2023-01728-1,CMD-2023-01728,2023-12-08,11000,libéré,0.0
L2023-01729-1,CMD-2023-01729,2023-11-14,31700,libéré,0.0
L2023-01729-2,CMD-2023-01729,2023-11-12,31800,libéré,0.0
L2023-01730-1,CMD-2023-01730,2023-11-16,34600,libéré,0.0
L2023-01730-2,CMD-2023-01730,2023-11-14,34600,libéré,0.0
L2023-01730-3,CMD-2023-01730,2023-11-14,34800,libéré,0.0
L2023-01731-1,CMD-2023-01731,2023-11-21,11800,libéré,0.0
L2023-01731-2,CMD-2023-01731,2023-11-20,11800,libéré,0.0
L2023-01731-3,CMD-2023-01731,2023-11-14,11900,libéré,0.0
L2023-01732-1,CMD-2023-01732,2023-11-30,26700,libéré,0.0
L2023-01732-2,CMD-2023-01732,2023-11-21,26800,libéré,0.0
L2023-01733-1,CMD-2023-01733,2023-11-18,19000,libéré,0.0
L2023-01734-1,CMD-2023-01734,2023-11-25,55000,libéré,0.0
L2023-01734-2,CMD-2023-01734,2023-12-10,55000,libéré,0.0
L2023-01735-1,CMD-2023-01735,2023-11-30,40000,libéré,0.0
L2023-01736-1,CMD-2023-01736,2023-11-14,23500,libéré,0.0
L2023-01736-2,CMD-2023-01736,2023-11-17,23500,libéré,0.0
L2023-01736-3,CMD-2023-01736,2023-11-24,23500,rejeté,67609.5
L2023-01737-1,CMD-2023-01737,2023-11-14,10300,libéré,0.0
L2023-01737-2,CMD-2023-01737,2023-11-20,10300,libéré,0.0
L2023-01737-3,CMD-2023-01737,2023-11-14,10400,libéré,0.0
L2023-01738-1,CMD-2023-01738,2023-11-22,16700,libéré,0.0
L2023-01738-2,CMD-2023-01738,2023-11-14,16800,libéré,0.0
L2023-01739-1,CMD-2023-01739,2023-11-18,65000,libéré,0.0
L2023-01740-1,CMD-2023-01740,2023-11-18,12300,libéré,0.0
L2023-01740-2,CMD-2023-01740,2023-11-29,12300,libéré,0.0
L2023-01740-3,CMD-2023-01740,2023-12-09,12400,libéré,0.0
L2023-01741-1,CMD-2023-01741,2023-11-13,17000,libéré,0.0
L2023-01741-2,CMD-2023-01741,2023-12-08,17000,libéré,0.0
L2023-01741-3,CMD-2023-01741,2023-11-26,17000,libéré,0.0
L2023-01742-1,CMD-2023-01742,2023-11-26,50000,libéré,0.0
L2023-01742-2,CMD-2023-01742,2023-11-13,50000,libéré,0.0
L2023-01742-3,CMD-2023-01742,2023-11-16,50000,rejeté,225000.0
L2023-01743-1,CMD-2023-01743,2023-11-14,46500,libéré,0.0
L2023-01744-1,CMD-2023-01744,2023-11-13,11500,libéré,0.0
L2023-01744-2,CMD-2023-01744,2023-12-01,11500,rejeté,62583.0
L2023-01744-3,CMD-2023-01744,2023-12-09,11500,libéré,0.0
L2023-01745-1,CMD-2023-01745,2023-12-02,10800,libéré,0.0
L2023-01745-2,CMD-2023-01745,2023-11-26,10800,libéré,0.0
L2023-01745-3,CMD-2023-01745,2023-12-07,10900,libéré,0.0
L2023-01746-1,CMD-2023-01746,2023-11-17,37000,libéré,0.0
L2023-01747-1,CMD-2023-01747,2023-11-26,38000,libéré,0.0
L2023-01748-1,CMD-2023-01748,2023-11-19,51000,libéré,0.0
L2023-01749-1,CMD-2023-01749,2023-11-14,8800,libéré,0.0
L2023-01749-2,CMD-2023-01749,2023-12-09,8800,libéré,0.0
L2023-01749-3,CMD-2023-01749,2023-12-06,8900,libéré,0.0
L2023-01750-1,CMD-2023-01750,2023-12-05,35500,libéré,0.0
L2023-01750-2,CMD-2023-01750,2023-12-03,35500,libéré,0.0
L2023-01750-3,CMD-2023-01750,2023-12-02,35500,libéré,0.0
L2023-01751-1,CMD-2023-01751,2023-12-29,6500,libéré,0.0
L2023-01751-2,CMD-2023-01751,2023-12-27,6500,libéré,0.0
L2023-01751-3,CMD-2023-01751,2023-11-23,6500,libéré,0.0
L2023-01752-1,CMD-2023-01752,2023-12-07,61000,libéré,0.0
L2023-01753-1,CMD-2023-01753,2023-11-26,53500,rejeté,159109.0
L2023-01754-1,CMD-2023-01754,2023-11-21,10100,libéré,0.0
L2023-01754-2,CMD-2023-01754,2023-11-18,10100,libéré,0.0
L2023-01754-3,CMD-2023-01754,2023-11-25,10300,libéré,0.0
L2023-01755-1,CMD-2023-01755,2023-12-08,18100,libéré,0.0
L2023-01755-2,CMD-2023-01755,2023-11-15,18100,libéré,0.0
L2023-01755-3,CMD-2023-01755,2023-11-23,18300,libéré,0.0
L2023-01756-1,CMD-2023-01756,2023-11-25,13500,retraité,5829.97
L2023-01756-2,CMD-2023-01756,2023-11-23,13500,libéré,0.0
L2023-01756-3,CMD-2023-01756,2023-12-09,13500,libéré,0.0
L2023-01757-1,CMD-2023-01757,2023-11-20,13600,libéré,0.0
L2023-01757-2,CMD-2023-01757,2023-11-22,13600,libéré,0.0
L2023-01757-3,CMD-2023-01757,2023-11-15,13800,libéré,0.0
L2023-01758-1,CMD-2023-01758,2023-12-07,30500,libéré,0.0
L2023-01758-2,CMD-2023-01758,2023-12-05,30500,libéré,0.0
L2023-01759-1,CMD-2023-01759,2023-11-27,14300,libéré,0.0
L2023-01759-2,CMD-2023-01759,2023-11-24,14300,libéré,0.0
L2023-01759-3,CMD-2023-01759,2023-12-03,14400,libéré,0.0
L2023-01760-1,CMD-2023-01760,2023-11-21,44000,libéré,0.0
L2023-01760-2,CMD-2023-01760,2023-11-24,44000,libéré,0.0
L2023-01761-1,CMD-2023-01761,2023-11-21,6700,libéré,0.0
L2023-01761-2,CMD-2023-01761,2023-11-29,6800,libéré,0.0
L2023-01762-1,CMD-2023-01762,2023-12-05,8500,libéré,0.0
L2023-01762-2,CMD-2023-01762,2023-11-18,8500,libéré,0.0
L2023-01762-3,CMD-2023-01762,2023-11-21,8500,libéré,0.0
L2023-01763-1,CMD-2023-01763,2023-11-28,19500,libéré,0.0
L2023-01764-1,CMD-2023-01764,2023-12-02,9000,libéré,0.0
L2023-01764-2,CMD-2023-01764,2023-11-20,9000,libéré,0.0
L2023-01765-1,CMD-2023-01765,2023-11-26,12200,libéré,0.0
L2023-01765-2,CMD-2023-01765,2023-12-12,12300,libéré,0.0
L2023-01766-1,CMD-2023-01766,2023-11-22,11100,libéré,0.0
L2023-01766-2,CMD-2023-01766,2023-11-21,11100,libéré,0.0
L2023-01766-3,CMD-2023-01766,2023-11-23,11300,libéré,0.0
L2023-01767-1,CMD-2023-01767,2023-11-26,58500,rejeté,239382.0
L2023-01768-1,CMD-2023-01768,2023-11-26,16300,libéré,0.0
L2023-01768-2,CMD-2023-01768,2023-12-07,16300,libéré,0.0
L2023-01768-3,CMD-2023-01768,2023-11-25,16400,libéré,0.0
L2023-01769-1,CMD-2023-01769,2023-11-26,19700,retraité,15581.71
L2023-01769-2,CMD-2023-01769,2023-11-25,19800,retraité,15660.81
L2023-01770-1,CMD-2023-01770,2023-11-20,24100,libéré,0.0
L2023-01770-2,CMD-2023-01770,2023-11-25,24100,libéré,0.0
L2023-01770-3,CMD-2023-01770,2023-12-03,24300,libéré,0.0
L2023-01771-1,CMD-2023-01771,2023-12-19,7300,retraité,4683.32
L2023-01771-2,CMD-2023-01771,2023-12-03,7300,libéré,0.0
L2023-01771-3,CMD-2023-01771,2023-11-20,7400,libéré,0.0
L2023-01772-1,CMD-2023-01772,2023-11-23,20500,libéré,0.0
L2023-01773-1,CMD-2023-01773,2023-11-23,39500,libéré,0.0
L2023-01774-1,CMD-2023-01774,2023-12-04,32000,libéré,0.0
L2023-01775-1,CMD-2023-01775,2023-12-16,21700,libéré,0.0
L2023-01775-2,CMD-2023-01775,2023-11-27,21800,libéré,0.0
L2023-01776-1,CMD-2023-01776,2023-11-26,37000,libéré,0.0
L2023-01776-2,CMD-2023-01776,2023-12-06,37000,libéré,0.0
L2023-01777-1,CMD-2023-01777,2023-11-23,17500,libéré,0.0
L2023-01777-2,CMD-2023-01777,2023-11-21,17500,libéré,0.0
L2023-01777-3,CMD-2023-01777,2023-11-23,17600,libéré,0.0
L2023-01778-1,CMD-2023-01778,2023-12-03,17500,libéré,0.0
L2023-01779-1,CMD-2023-01779,2023-12-10,30100,libéré,0.0
L2023-01779-2,CMD-2023-01779,2023-11-26,30100,libéré,0.0
L2023-01779-3,CMD-2023-01779,2023-11-26,30300,libéré,0.0
L2023-01780-1,CMD-2023-01780,2023-11-23,11500,libéré,0.0
L2023-01780-2,CMD-2023-01780,2023-11-29,11500,libéré,0.0
L2023-01781-1,CMD-2023-01781,2023-12-05,28000,libéré,0.0
L2023-01782-1,CMD-2023-01782,2023-12-03,6700,libéré,0.0
L2023-01782-2,CMD-2023-01782,2023-11-26,6800,libéré,0.0
L2023-01783-1,CMD-2023-01783,2023-12-02,9700,libéré,0.0
L2023-01784-1,CMD-2023-01784,2023-11-30,21500,libéré,0.0
L2023-01784-2,CMD-2023-01784,2023-11-29,21500,libéré,0.0
L2023-01784-3,CMD-2023-01784,2023-11-27,21500,libéré,0.0
L2023-01785-1,CMD-2023-01785,2023-11-23,51000,libéré,0.0
L2023-01786-1,CMD-2023-01786,2023-11-25,71500,rejeté,309523.5
L2023-01787-1,CMD-2023-01787,2023-12-10,16700,libéré,0.0
L2023-01787-2,CMD-2023-01787,2023-11-23,16800,libéré,0.0
L2023-01788-1,CMD-2023-01788,2023-11-24,12600,libéré,0.0
L2023-01788-2,CMD-2023-01788,2023-12-09,12600,libéré,0.0
L2023-01788-3,CMD-2023-01788,2023-11-22,12800,libéré,0.0
L2023-01789-1,CMD-2023-01789,2023-12-03,11800,libéré,0.0
L2023-01789-2,CMD-2023-01789,2023-11-22,11800,retraité,5950.74
L2023-01789-3,CMD-2023-01789,2023-11-30,11900,libéré,0.0
L2023-01790-1,CMD-2023-01790,2023-11-30,20000,libéré,0.0
L2023-01790-2,CMD-2023-01790,2023-12-06,20000,libéré,0.0
L2023-01791-1,CMD-2023-01791,2023-12-03,10800,libéré,0.0
L2023-01791-2,CMD-2023-01791,2023-12-12,10800,libéré,0.0
L2023-01791-3,CMD-2023-01791,2023-12-12,10900,libéré,0.0
L2023-01792-1,CMD-2023-01792,2023-12-11,39500,libéré,0.0
L2023-01792-2,CMD-2023-01792,2023-11-25,39500,libéré,0.0
L2023-01792-3,CMD-2023-01792,2023-11-27,39500,libéré,0.0
L2023-01793-1,CMD-2023-01793,2023-12-12,19000,libéré,0.0
L2023-01793-2,CMD-2023-01793,2023-12-04,19000,libéré,0.0
L2023-01794-1,CMD-2023-01794,2023-12-20,31000,libéré,0.0
L2023-01794-2,CMD-2023-01794,2023-12-16,31000,libéré,0.0
L2023-01794-3,CMD-2023-01794,2023-11-22,31000,libéré,0.0
L2023-01795-1,CMD-2023-01795,2023-11-27,15000,libéré,0.0
L2023-01796-1,CMD-2023-01796,2023-12-11,42700,libéré,0.0
L2023-01796-2,CMD-2023-01796,2023-12-01,42800,libéré,0.0
L2023-01797-1,CMD-2023-01797,2023-12-17,66500,rejeté,356706.0
L2023-01798-1,CMD-2023-01798,2023-11-24,25500,libéré,0.0
L2023-01799-1,CMD-2023-01799,2023-11-27,46000,libéré,0.0
L2023-01800-1,CMD-2023-01800,2023-11-27,9500,libéré,0.0
L2023-01800-2,CMD-2023-01800,2023-12-07,9500,libéré,0.0
L2023-01800-3,CMD-2023-01800,2023-12-05,9500,libéré,0.0
L2023-01801-1,CMD-2023-01801,2023-11-29,13600,libéré,0.0
L2023-01801-2,CMD-2023-01801,2023-11-25,13600,libéré,0.0
L2023-01801-3,CMD-2023-01801,2023-11-25,13800,libéré,0.0
L2023-01802-1,CMD-2023-01802,2023-11-22,67000,libéré,0.0
L2023-01803-1,CMD-2023-01803,2023-12-17,22000,libéré,0.0
L2023-01803-2,CMD-2023-01803,2023-12-11,22000,libéré,0.0
L2023-01804-1,CMD-2023-01804,2023-12-24,22500,libéré,0.0
L2023-01805-1,CMD-2023-01805,2023-12-07,21000,libéré,0.0
L2023-01805-2,CMD-2023-01805,2023-11-28,21000,libéré,0.0
L2023-01805-3,CMD-2023-01805,2023-12-09,21000,libéré,0.0
L2023-01806-1,CMD-2023-01806,2023-11-25,21000,libéré,0.0
L2023-01806-2,CMD-2023-01806,2023-12-04,21000,libéré,0.0
L2023-01807-1,CMD-2023-01807,2023-11-26,15000,libéré,0.0
L2023-01808-1,CMD-2023-01808,2023-11-28,40500,libéré,0.0
L2023-01809-1,CMD-2023-01809,2023-11-29,45500,libéré,0.0
L2023-01810-1,CMD-2023-01810,2023-12-01,20800,libéré,0.0
L2023-01810-2,CMD-2023-01810,2023-12-05,20800,retraité,9965.28
L2023-01810-3,CMD-2023-01810,2023-12-06,20900,libéré,0.0
L2023-01811-1,CMD-2023-01811,2023-12-07,8000,libéré,0.0
L2023-01811-2,CMD-2023-01811,2023-11-26,8000,libéré,0.0
L2023-01812-1,CMD-2023-01812,2023-12-03,6500,libéré,0.0
L2023-01812-2,CMD-2023-01812,2023-12-15,6500,libéré,0.0
L2023-01812-3,CMD-2023-01812,2023-11-28,6500,libéré,0.0
L2023-01813-1,CMD-2023-01813,2023-11-28,22000,libéré,0.0
L2023-01813-2,CMD-2023-01813,2023-12-14,22000,libéré,0.0
L2023-01814-1,CMD-2023-01814,2023-11-28,21000,libéré,0.0
L2023-01815-1,CMD-2023-01815,2023-12-01,49000,libéré,0.0
L2023-01815-2,CMD-2023-01815,2023-12-01,49000,libéré,0.0
L2023-01816-1,CMD-2023-01816,2023-12-08,50500,libéré,0.0
L2023-01817-1,CMD-2023-01817,2023-11-29,11700,libéré,0.0
L2023-01817-2,CMD-2023-01817,2023-11-28,11800,libéré,0.0
L2023-01818-1,CMD-2023-01818,2023-11-28,25800,libéré,0.0
L2023-01818-2,CMD-2023-01818,2023-12-08,25800,libéré,0.0
L2023-01818-3,CMD-2023-01818,2023-12-17,25900,libéré,0.0
L2023-01819-1,CMD-2023-01819,2023-12-02,46000,libéré,0.0
L2023-01820-1,CMD-2023-01820,2023-12-13,15000,libéré,0.0
L2023-01820-2,CMD-2023-01820,2023-12-08,15000,libéré,0.0
L2023-01820-3,CMD-2023-01820,2023-11-30,15000,libéré,0.0
L2023-01821-1,CMD-2023-01821,2023-12-09,22500,retraité,8771.62
L2023-01821-2,CMD-2023-01821,2023-12-20,22500,libéré,0.0
L2023-01822-1,CMD-2023-01822,2023-12-12,27500,libéré,0.0
L2023-01823-1,CMD-2023-01823,2023-12-05,25100,retraité,6897.48
L2023-01823-2,CMD-2023-01823,2024-01-01,25100,libéré,0.0
L2023-01823-3,CMD-2023-01823,2023-12-16,25300,libéré,0.0
L2023-01824-1,CMD-2023-01824,2023-12-21,69500,libéré,0.0
L2023-01825-1,CMD-2023-01825,2023-12-08,44500,libéré,0.0
L2023-01826-1,CMD-2023-01826,2023-12-20,47500,libéré,0.0
L2023-01826-2,CMD-2023-01826,2023-12-06,47500,libéré,0.0
L2023-01826-3,CMD-2023-01826,2023-12-25,47500,libéré,0.0
L2023-01827-1,CMD-2023-01827,2023-12-19,23300,retraité,6969.03
L2023-01827-2,CMD-2023-01827,2023-12-04,23300,libéré,0.0
L2023-01827-3,CMD-2023-01827,2023-12-06,23400,libéré,0.0
L2023-01828-1,CMD-2023-01828,2023-12-16,27000,libéré,0.0
L2023-01828-2,CMD-2023-01828,2023-12-18,27000,libéré,0.0
L2023-01829-1,CMD-2023-01829,2023-12-13,15300,libéré,0.0
L2023-01829-2,CMD-2023-01829,2023-12-07,15300,libéré,0.0
L2023-01829-3,CMD-2023-01829,2023-12-18,15400,libéré,0.0
L2023-01830-1,CMD-2023-01830,2023-11-28,30000,libéré,0.0
L2023-01831-1,CMD-2023-01831,2023-12-05,9000,libéré,0.0
L2023-01831-2,CMD-2023-01831,2023-12-04,9000,libéré,0.0
L2023-01831-3,CMD-2023-01831,2023-12-13,9000,libéré,0.0
L2023-01832-1,CMD-2023-01832,2023-12-20,12800,libéré,0.0
L2023-01832-2,CMD-2023-01832,2023-12-16,12800,libéré,0.0
L2023-01832-3,CMD-2023-01832,2023-12-23,12900,libéré,0.0
L2023-01833-1,CMD-2023-01833,2023-12-20,32500,libéré,0.0
L2023-01833-2,CMD-2023-01833,2023-12-31,32500,libéré,0.0
L2023-01833-3,CMD-2023-01833,2023-12-31,32500,libéré,0.0
L2023-01834-1,CMD-2023-01834,2023-12-13,66500,libéré,0.0
L2023-01835-1,CMD-2023-01835,2023-12-15,20500,libéré,0.0
L2023-01835-2,CMD-2023-01835,2023-12-06,20500,libéré,0.0
L2023-01836-1,CMD-2023-01836,2023-12-16,6100,libéré,0.0
L2023-01836-2,CMD-2023-01836,2024-01-01,6100,libéré,0.0
L2023-01836-3,CMD-2023-01836,2023-12-30,6300,libéré,0.0
L2023-01837-1,CMD-2023-01837,2023-12-18,31000,libéré,0.0
L2023-01838-1,CMD-2023-01838,2023-12-11,12300,libéré,0.0
L2023-01838-2,CMD-2023-01838,2023-12-05,12300,libéré,0.0
L2023-01838-3,CMD-2023-01838,2023-12-15,12500,libéré,0.0
L2023-01839-1,CMD-2023-01839,2023-12-03,45000,libéré,0.0
L2023-01840-1,CMD-2023-01840,2023-12-07,25000,libéré,0.0
L2023-01841-1,CMD-2023-01841,2023-12-03,24000,libéré,0.0
L2023-01841-2,CMD-2023-01841,2023-12-12,24000,libéré,0.0
L2023-01842-1,CMD-2023-01842,2023-12-13,30700,libéré,0.0
L2023-01842-2,CMD-2023-01842,2023-12-22,30800,libéré,0.0
L2023-01843-1,CMD-2023-01843,2023-12-03,41500,libéré,0.0
L2023-01843-2,CMD-2023-01843,2023-12-11,41500,libéré,0.0
L2023-01844-1,CMD-2023-01844,2023-12-02,32100,libéré,0.0
L2023-01844-2,CMD-2023-01844,2023-12-10,32100,libéré,0.0
L2023-01844-3,CMD-2023-01844,2023-12-02,32300,libéré,0.0
L2023-01845-1,CMD-2023-01845,2023-12-19,9600,libéré,0.0
L2023-01845-2,CMD-2023-01845,2023-12-13,9600,libéré,0.0
L2023-01845-3,CMD-2023-01845,2023-12-22,9800,libéré,0.0
L2023-01846-1,CMD-2023-01846,2023-12-29,12600,libéré,0.0
L2023-01846-2,CMD-2023-01846,2024-01-04,12600,libéré,0.0
L2023-01846-3,CMD-2023-01846,2023-12-30,12800,libéré,0.0
L2023-01847-1,CMD-2023-01847,2023-12-10,21600,rejeté,95342.4
L2023-01847-2,CMD-2023-01847,2023-12-04,21600,retraité,14301.36
L2023-01847-3,CMD-2023-01847,2023-12-07,21800,libéré,0.0
L2023-01848-1,CMD-2023-01848,2023-12-14,6600,libéré,0.0
L2023-01848-2,CMD-2023-01848,2023-12-19,6600,libéré,0.0
L2023-01848-3,CMD-2023-01848,2023-12-30,6800,libéré,0.0
L2023-01849-1,CMD-2023-01849,2023-12-18,17200,libéré,0.0
L2023-01849-2,CMD-2023-01849,2023-12-05,17300,libéré,0.0
L2023-01850-1,CMD-2023-01850,2023-12-05,47000,libéré,0.0
L2023-01851-1,CMD-2023-01851,2023-12-28,21000,libéré,0.0
L2023-01852-1,CMD-2023-01852,2023-12-09,12300,libéré,0.0
L2023-01852-2,CMD-2023-01852,2023-12-13,12300,libéré,0.0
L2023-01852-3,CMD-2023-01852,2023-12-11,12400,libéré,0.0
L2023-01853-1,CMD-2023-01853,2023-12-03,8500,libéré,0.0
L2023-01853-2,CMD-2023-01853,2023-12-12,8500,libéré,0.0
L2023-01854-1,CMD-2023-01854,2023-12-07,61000,libéré,0.0
L2023-01855-1,CMD-2023-01855,2023-12-17,59000,libéré,0.0
L2023-01856-1,CMD-2023-01856,2023-12-27,6100,libéré,0.0
L2023-01856-2,CMD-2023-01856,2023-12-05,6100,libéré,0.0
L2023-01856-3,CMD-2023-01856,2023-12-12,6300,libéré,0.0
L2023-01857-1,CMD-2023-01857,2023-12-11,41000,libéré,0.0
L2023-01858-1,CMD-2023-01858,2023-12-14,76500,libéré,0.0
L2023-01859-1,CMD-2023-01859,2023-12-04,5600,libéré,0.0
L2023-01859-2,CMD-2023-01859,2023-12-16,5600,libéré,0.0
L2023-01859-3,CMD-2023-01859,2023-12-09,5800,libéré,0.0
L2023-01860-1,CMD-2023-01860,2023-12-23,15000,libéré,0.0
L2023-01860-2,CMD-2023-01860,2024-01-03,15000,libéré,0.0
L2023-01861-1,CMD-2023-01861,2023-12-18,55700,libéré,0.0
L2023-01861-2,CMD-2023-01861,2023-12-06,55800,libéré,0.0
L2023-01862-1,CMD-2023-01862,2023-12-12,60500,libéré,0.0
L2023-01863-1,CMD-2023-01863,2023-12-06,70200,rejeté,198806.4
L2023-01863-2,CMD-2023-01863,2024-01-04,70300,libéré,0.0
L2023-01864-1,CMD-2023-01864,2023-12-20,25300,libéré,0.0
L2023-01864-2,CMD-2023-01864,2023-12-27,25300,libéré,0.0
L2023-01864-3,CMD-2023-01864,2023-12-27,25400,libéré,0.0
L2023-01865-1,CMD-2023-01865,2023-12-06,9000,libéré,0.0
L2023-01865-2,CMD-2023-01865,2023-12-17,9000,libéré,0.0
L2023-01866-1,CMD-2023-01866,2023-12-22,8300,libéré,0.0
L2023-01866-2,CMD-2023-01866,2023-12-23,8300,libéré,0.0
L2023-01866-3,CMD-2023-01866,2024-01-04,8400,libéré,0.0
L2023-01867-1,CMD-2023-01867,2023-12-09,9500,libéré,0.0
L2023-01867-2,CMD-2023-01867,2023-12-07,9500,libéré,0.0
L2023-01868-1,CMD-2023-01868,2024-01-03,57700,retraité,28526.88
L2023-01868-2,CMD-2023-01868,2023-12-25,57800,libéré,0.0
L2023-01869-1,CMD-2023-01869,2023-12-13,14800,libéré,0.0
L2023-01869-2,CMD-2023-01869,2023-12-06,14800,libéré,0.0
L2023-01869-3,CMD-2023-01869,2023-12-07,14900,libéré,0.0
L2023-01870-1,CMD-2023-01870,2023-12-12,14000,libéré,0.0
L2023-01871-1,CMD-2023-01871,2023-12-13,44500,libéré,0.0
L2023-01872-1,CMD-2023-01872,2023-12-06,5000,libéré,0.0
L2023-01872-2,CMD-2023-01872,2023-12-22,5000,libéré,0.0
L2023-01873-1,CMD-2023-01873,2023-12-26,16700,libéré,0.0
L2023-01873-2,CMD-2023-01873,2023-12-13,16800,libéré,0.0
L2023-01874-1,CMD-2023-01874,2023-12-17,18500,libéré,0.0
L2023-01874-2,CMD-2023-01874,2023-12-17,18500,libéré,0.0
L2023-01874-3,CMD-2023-01874,2023-12-18,18500,libéré,0.0
L2023-01875-1,CMD-2023-01875,2023-12-12,67500,libéré,0.0
L2023-01876-1,CMD-2023-01876,2023-12-22,12200,libéré,0.0
L2023-01876-2,CMD-2023-01876,2023-12-05,12300,libéré,0.0
L2023-01877-1,CMD-2023-01877,2023-12-16,13200,libéré,0.0
L2023-01877-2,CMD-2023-01877,2024-01-03,13300,libéré,0.0
L2023-01878-1,CMD-2023-01878,2023-12-10,7000,retraité,3920.7
L2023-01878-2,CMD-2023-01878,2023-12-21,7000,libéré,0.0
L2023-01879-1,CMD-2023-01879,2023-12-18,21000,libéré,0.0
L2023-01880-1,CMD-2023-01880,2023-12-16,22600,libéré,0.0
L2023-01880-2,CMD-2023-01880,2024-01-08,22600,libéré,0.0
L2023-01880-3,CMD-2023-01880,2023-12-21,22800,libéré,0.0
L2023-01881-1,CMD-2023-01881,2024-01-06,26000,libéré,0.0
L2023-01881-2,CMD-2023-01881,2023-12-29,26000,libéré,0.0
L2023-01882-1,CMD-2023-01882,2023-12-06,17300,libéré,0.0
L2023-01882-2,CMD-2023-01882,2023-12-17,17300,libéré,0.0
L2023-01882-3,CMD-2023-01882,2023-12-13,17400,libéré,0.0
L2023-01883-1,CMD-2023-01883,2023-12-19,34000,libéré,0.0
L2023-01884-1,CMD-2023-01884,2023-12-15,6000,libéré,0.0
L2023-01884-2,CMD-2023-01884,2023-12-13,6000,libéré,0.0
L2023-01884-3,CMD-2023-01884,2023-12-11,6000,libéré,0.0
L2023-01885-1,CMD-2023-01885,2023-12-24,27700,libéré,0.0
L2023-01885-2,CMD-2023-01885,2023-12-18,27800,libéré,0.0
L2023-01886-1,CMD-2023-01886,2023-12-16,12300,libéré,0.0
L2023-01886-2,CMD-2023-01886,2023-12-20,12300,libéré,0.0
L2023-01886-3,CMD-2023-01886,2023-12-14,12400,libéré,0.0
L2023-01887-1,CMD-2023-01887,2023-12-27,49500,libéré,0.0
L2023-01887-2,CMD-2023-01887,2023-12-11,49500,libéré,0.0
L2023-01888-1,CMD-2023-01888,2023-12-09,22000,rejeté,63646.0
L2023-01888-2,CMD-2023-01888,2023-12-09,22000,libéré,0.0
L2023-01889-1,CMD-2023-01889,2023-12-15,29600,rejeté,88415.2
L2023-01889-2,CMD-2023-01889,2023-12-10,29600,libéré,0.0
L2023-01889-3,CMD-2023-01889,2023-12-13,29800,libéré,0.0
L2023-01890-1,CMD-2023-01890,2023-12-18,27000,libéré,0.0
L2023-01891-1,CMD-2023-01891,2023-12-17,26500,libéré,0.0
L2023-01891-2,CMD-2023-01891,2023-12-14,26500,libéré,0.0
L2023-01892-1,CMD-2023-01892,2023-12-11,5000,libéré,0.0
L2023-01892-2,CMD-2023-01892,2023-12-19,5000,libéré,0.0
L2023-01893-1,CMD-2023-01893,2023-12-26,26500,libéré,0.0
L2023-01893-2,CMD-2023-01893,2023-12-24,26500,libéré,0.0
L2023-01893-3,CMD-2023-01893,2024-01-05,26500,libéré,0.0
L2023-01894-1,CMD-2023-01894,2024-01-04,14500,libéré,0.0
L2023-01895-1,CMD-2023-01895,2023-12-19,15000,libéré,0.0
L2023-01895-2,CMD-2023-01895,2023-12-14,15000,libéré,0.0
L2023-01896-1,CMD-2023-01896,2024-01-06,60500,libéré,0.0
L2023-01897-1,CMD-2023-01897,2023-12-17,21500,libéré,0.0
L2023-01898-1,CMD-2023-01898,2023-12-11,31500,libéré,0.0
L2023-01898-2,CMD-2023-01898,2023-12-28,31500,libéré,0.0
L2023-01899-1,CMD-2023-01899,2023-12-23,9000,libéré,0.0
L2023-01899-2,CMD-2023-01899,2023-12-29,9000,libéré,0.0
L2023-01900-1,CMD-2023-01900,2023-12-12,27500,libéré,0.0
L2023-01901-1,CMD-2023-01901,2024-01-04,52500,libéré,0.0
L2023-01902-1,CMD-2023-01902,2024-01-15,11500,rejeté,61858.5
L2023-01903-1,CMD-2023-01903,2024-01-02,9800,libéré,0.0
L2023-01903-2,CMD-2023-01903,2023-12-20,9800,libéré,0.0
L2023-01903-3,CMD-2023-01903,2023-12-19,9900,retraité,7095.33
L2023-01904-1,CMD-2023-01904,2023-12-12,15500,libéré,0.0
L2023-01905-1,CMD-2023-01905,2023-12-15,28000,libéré,0.0
L2023-01905-2,CMD-2023-01905,2023-12-21,28000,libéré,0.0
L2023-01906-1,CMD-2023-01906,2024-01-07,55000,libéré,0.0
L2023-01907-1,CMD-2023-01907,2023-12-22,28800,libéré,0.0
L2023-01908-1,CMD-2023-01908,2023-12-30,22500,libéré,0.0
L2023-01908-2,CMD-2023-01908,2023-12-12,22500,libéré,0.0
L2023-01909-1,CMD-2023-01909,2024-01-02,20800,libéré,0.0
L2023-01909-2,CMD-2023-01909,2023-12-26,20800,libéré,0.0
L2023-01909-3,CMD-2023-01909,2023-12-16,20900,libéré,0.0
L2023-01910-1,CMD-2023-01910,2023-12-28,12300,libéré,0.0
L2023-01910-2,CMD-2023-01910,2023-12-18,12300,libéré,0.0
L2023-01910-3,CMD-2023-01910,2023-12-25,12400,libéré,0.0
L2023-01911-1,CMD-2023-01911,2023-12-27,8300,libéré,0.0
L2023-01911-2,CMD-2023-01911,2023-12-24,8300,libéré,0.0
L2023-01911-3,CMD-2023-01911,2023-12-27,8400,libéré,0.0
L2023-01912-1,CMD-2023-01912,2023-12-18,22500,libéré,0.0
L2023-01912-2,CMD-2023-01912,2023-12-17,22500,libéré,0.0
L2023-01913-1,CMD-2023-01913,2023-12-13,51500,libéré,0.0
L2023-01914-1,CMD-2023-01914,2023-12-25,13700,libéré,0.0
L2023-01914-2,CMD-2023-01914,2023-12-15,13800,libéré,0.0
L2023-01915-1,CMD-2023-01915,2023-12-18,6600,libéré,0.0
L2023-01915-2,CMD-2023-01915,2023-12-27,6600,libéré,0.0
L2023-01915-3,CMD-2023-01915,2023-12-18,6800,libéré,0.0
L2023-01916-1,CMD-2023-01916,2023-12-25,6300,libéré,0.0
L2023-01916-2,CMD-2023-01916,2023-12-29,6300,libéré,0.0
L2023-01916-3,CMD-2023-01916,2023-12-16,6400,libéré,0.0
L2023-01917-1,CMD-2023-01917,2023-12-19,19000,libéré,0.0
L2023-01917-2,CMD-2023-01917,2023-12-15,19000,libéré,0.0
L2023-01918-1,CMD-2023-01918,2023-12-16,28200,libéré,0.0
L2023-01918-2,CMD-2023-01918,2023-12-21,28300,libéré,0.0
L2023-01919-1,CMD-2023-01919,2023-12-29,39000,libéré,0.0
L2023-01920-1,CMD-2023-01920,2023-12-13,34200,libéré,0.0
L2023-01920-2,CMD-2023-01920,2023-12-21,34300,libéré,0.0
L2023-01921-1,CMD-2023-01921,2023-12-21,30800,libéré,0.0
L2023-01921-2,CMD-2023-01921,2023-12-14,30800,libéré,0.0
L2023-01921-3,CMD-2023-01921,2023-12-22,30900,libéré,0.0
L2023-01922-1,CMD-2023-01922,2023-12-29,14200,libéré,0.0
L2023-01922-2,CMD-2023-01922,2024-01-03,14300,libéré,0.0
L2023-01923-1,CMD-2023-01923,2023-12-27,9100,libéré,0.0
L2023-01923-2,CMD-2023-01923,2023-12-21,9100,libéré,0.0
L2023-01923-3,CMD-2023-01923,2024-01-03,9300,libéré,0.0
L2023-01924-1,CMD-2023-01924,2024-01-04,50000,libéré,0.0
L2023-01924-2,CMD-2023-01924,2023-12-30,50000,libéré,0.0
L2023-01924-3,CMD-2023-01924,2023-12-26,50000,libéré,0.0
L2023-01925-1,CMD-2023-01925,2024-01-05,9300,libéré,0.0
L2023-01925-2,CMD-2023-01925,2023-12-19,9300,libéré,0.0
L2023-01925-3,CMD-2023-01925,2023-12-26,9400,libéré,0.0
L2023-01926-1,CMD-2023-01926,2023-12-16,6100,libéré,0.0
L2023-01926-2,CMD-2023-01926,2023-12-27,6100,libéré,0.0
L2023-01926-3,CMD-2023-01926,2023-12-26,6300,libéré,0.0
L2023-01927-1,CMD-2023-01927,2023-12-29,32700,libéré,0.0
L2023-01927-2,CMD-2023-01927,2024-01-06,32800,libéré,0.0
L2023-01928-1,CMD-2023-01928,2024-01-01,66500,libéré,0.0
L2023-01928-2,CMD-2023-01928,2023-12-24,66500,libéré,0.0
L2023-01929-1,CMD-2023-01929,2023-12-28,10300,libéré,0.0
L2023-01929-2,CMD-2023-01929,2023-12-17,10300,libéré,0.0
L2023-01929-3,CMD-2023-01929,2023-12-23,10400,libéré,0.0
L2023-01930-1,CMD-2023-01930,2024-01-04,35000,libéré,0.0
L2023-01931-1,CMD-2023-01931,2023-12-22,8300,libéré,0.0
L2023-01931-2,CMD-2023-01931,2024-01-05,8300,libéré,0.0
L2023-01931-3,CMD-2023-01931,2024-01-05,8400,libéré,0.0
L2023-01932-1,CMD-2023-01932,2024-01-08,22000,libéré,0.0
L2023-01933-1,CMD-2023-01933,2023-12-24,41600,libéré,0.0
L2023-01933-2,CMD-2023-01933,2024-01-14,41600,libéré,0.0
L2023-01933-3,CMD-2023-01933,2023-12-25,41800,libéré,0.0
L2023-01934-1,CMD-2023-01934,2023-12-20,6300,libéré,0.0
L2023-01934-2,CMD-2023-01934,2023-12-22,6300,libéré,0.0
L2023-01934-3,CMD-2023-01934,2024-01-12,6400,libéré,0.0
L2023-01935-1,CMD-2023-01935,2023-12-21,27700,libéré,0.0
L2023-01935-2,CMD-2023-01935,2023-12-26,27800,libéré,0.0
L2023-01936-1,CMD-2023-01936,2023-12-28,5300,libéré,0.0
L2023-01936-2,CMD-2023-01936,2023-12-18,5300,retraité,2252.24
L2023-01936-3,CMD-2023-01936,2023-12-17,5400,libéré,0.0
L2023-01937-1,CMD-2023-01937,2023-12-17,23500,libéré,0.0
L2023-01937-2,CMD-2023-01937,2023-12-27,23500,libéré,0.0
L2023-01938-1,CMD-2023-01938,2023-12-18,20000,retraité,8487.0
L2023-01939-1,CMD-2023-01939,2024-01-13,6500,libéré,0.0
L2023-01939-2,CMD-2023-01939,2024-01-05,6500,libéré,0.0
L2023-01940-1,CMD-2023-01940,2024-01-04,7100,libéré,0.0
L2023-01940-2,CMD-2023-01940,2024-01-10,7100,libéré,0.0
L2023-01940-3,CMD-2023-01940,2024-01-02,7300,libéré,0.0
L2023-01941-1,CMD-2023-01941,2023-12-23,10600,libéré,0.0
L2023-01941-2,CMD-2023-01941,2023-12-20,10600,libéré,0.0
L2023-01941-3,CMD-2023-01941,2024-01-06,10800,libéré,0.0
L2023-01942-1,CMD-2023-01942,2023-12-30,20700,libéré,0.0
L2023-01942-2,CMD-2023-01942,2023-12-22,20800,libéré,0.0
L2023-01943-1,CMD-2023-01943,2024-01-01,43000,libéré,0.0
L2023-01944-1,CMD-2023-01944,2024-01-15,10000,libéré,0.0
L2023-01944-2,CMD-2023-01944,2023-12-25,10000,libéré,0.0
L2023-01945-1,CMD-2023-01945,2023-12-20,40500,libéré,0.0
L2023-01946-1,CMD-2023-01946,2024-01-12,76000,libéré,0.0
L2023-01947-1,CMD-2023-01947,2023-12-21,55000,libéré,0.0
L2023-01948-1,CMD-2023-01948,2023-12-29,8200,libéré,0.0
L2023-01948-2,CMD-2023-01948,2023-12-27,8300,libéré,0.0
L2023-01949-1,CMD-2023-01949,2023-12-28,41000,libéré,0.0
L2023-01950-1,CMD-2023-01950,2023-12-25,11000,libéré,0.0
L2023-01950-2,CMD-2023-01950,2024-01-01,11000,libéré,0.0
L2023-01950-3,CMD-2023-01950,2023-12-30,11000,libéré,0.0
L2023-01951-1,CMD-2023-01951,2024-01-08,13600,libéré,0.0
L2023-01951-2,CMD-2023-01951,2024-01-06,13600,libéré,0.0
L2023-01951-3,CMD-2023-01951,2024-01-08,13800,libéré,0.0
L2023-01952-1,CMD-2023-01952,2023-12-25,12700,libéré,0.0
L2023-01952-2,CMD-2023-01952,2024-01-08,12800,libéré,0.0
L2023-01953-1,CMD-2023-01953,2024-01-01,72500,libéré,0.0
L2023-01954-1,CMD-2023-01954,2023-12-25,21500,libéré,0.0
L2023-01954-2,CMD-2023-01954,2023-12-20,21500,libéré,0.0
L2023-01955-1,CMD-2023-01955,2023-12-26,26800,libéré,0.0
L2023-01955-2,CMD-2023-01955,2023-12-25,26800,libéré,0.0
L2023-01955-3,CMD-2023-01955,2023-12-22,26900,libéré,0.0
L2023-01956-1,CMD-2023-01956,2024-01-01,9700,libéré,0.0
L2023-01956-2,CMD-2023-01956,2023-12-29,9800,libéré,0.0
L2023-01957-1,CMD-2023-01957,2023-12-29,28700,libéré,0.0
L2023-01957-2,CMD-2023-01957,2023-12-27,28800,libéré,0.0
L2023-01958-1,CMD-2023-01958,2023-12-24,40100,libéré,0.0
L2023-01958-2,CMD-2023-01958,2023-12-31,40100,libéré,0.0
L2023-01958-3,CMD-2023-01958,2024-01-01,40300,libéré,0.0
L2023-01959-1,CMD-2023-01959,2024-01-12,8500,libéré,0.0
L2023-01959-2,CMD-2023-01959,2024-01-05,8500,libéré,0.0
L2023-01959-3,CMD-2023-01959,2023-12-28,8500,libéré,0.0
L2023-01960-1,CMD-2023-01960,2024-01-22,79500,libéré,0.0
L2023-01961-1,CMD-2023-01961,2024-01-04,32200,libéré,0.0
L2023-01962-1,CMD-2023-01962,2023-12-26,66000,libéré,0.0
L2023-01963-1,CMD-2023-01963,2023-12-27,25300,libéré,0.0
L2023-01963-2,CMD-2023-01963,2023-12-23,25300,libéré,0.0
L2023-01963-3,CMD-2023-01963,2024-01-05,25400,libéré,0.0
L2023-01964-1,CMD-2023-01964,2024-01-25,38500,libéré,0.0
L2023-01965-1,CMD-2023-01965,2023-12-26,17500,libéré,0.0
L2023-01966-1,CMD-2023-01966,2024-01-16,31200,libéré,0.0
L2023-01966-2,CMD-2023-01966,2024-01-18,31300,libéré,0.0
L2023-01967-1,CMD-2023-01967,2023-12-27,34000,libéré,0.0
L2023-01968-1,CMD-2023-01968,2023-12-25,48500,libéré,0.0
L2023-01969-1,CMD-2023-01969,2023-12-24,36000,libéré,0.0
L2023-01970-1,CMD-2023-01970,2023-12-30,41500,libéré,0.0
L2023-01971-1,CMD-2023-01971,2023-12-30,49700,libéré,0.0
L2023-01971-2,CMD-2023-01971,2024-01-04,49800,libéré,0.0
L2023-01972-1,CMD-2023-01972,2023-12-30,9600,libéré,0.0
L2023-01972-2,CMD-2023-01972,2023-12-27,9600,libéré,0.0
L2023-01972-3,CMD-2023-01972,2023-12-31,9800,rejeté,29713.6
L2023-01973-1,CMD-2023-01973,2023-12-24,22000,libéré,0.0
L2023-01974-1,CMD-2023-01974,2024-01-05,17200,libéré,0.0
L2023-01974-2,CMD-2023-01974,2023-12-31,17300,libéré,0.0
L2023-01975-1,CMD-2023-01975,2023-12-29,19500,libéré,0.0
L2023-01976-1,CMD-2023-01976,2024-01-01,9300,libéré,0.0
L2023-01976-2,CMD-2023-01976,2024-01-05,9300,libéré,0.0
L2023-01976-3,CMD-2023-01976,2024-01-07,9400,libéré,0.0
L2023-01977-1,CMD-2023-01977,2024-01-03,14200,libéré,0.0
L2023-01977-2,CMD-2023-01977,2024-01-16,14300,libéré,0.0
L2023-01978-1,CMD-2023-01978,2024-01-09,12500,libéré,0.0
L2023-01979-1,CMD-2023-01979,2023-12-31,51500,libéré,0.0
L2023-01980-1,CMD-2023-01980,2023-12-27,8700,libéré,0.0
L2023-01980-2,CMD-2023-01980,2024-01-04,8800,libéré,0.0
L2023-01981-1,CMD-2023-01981,2024-01-22,26500,libéré,0.0
L2023-01982-1,CMD-2023-01982,2023-12-29,20200,libéré,0.0
L2023-01982-2,CMD-2023-01982,2024-01-08,20300,libéré,0.0
L2023-01983-1,CMD-2023-01983,2024-01-12,30000,libéré,0.0
L2023-01984-1,CMD-2023-01984,2024-01-05,6000,rejeté,17340.0
L2023-01984-2,CMD-2023-01984,2024-01-09,6000,libéré,0.0
L2023-01984-3,CMD-2023-01984,2024-01-01,6000,libéré,0.0
L2023-01985-1,CMD-2023-01985,2024-01-07,6000,libéré,0.0
L2023-01985-2,CMD-2023-01985,2023-12-28,6000,libéré,0.0
L2023-01986-1,CMD-2023-01986,2024-01-30,12000,libéré,0.0
L2023-01987-1,CMD-2023-01987,2024-01-11,10600,libéré,0.0
L2023-01987-2,CMD-2023-01987,2023-12-31,10600,retraité,5283.57
L2023-01987-3,CMD-2023-01987,2024-01-02,10800,libéré,0.0
L2023-01988-1,CMD-2023-01988,2024-01-01,16800,libéré,0.0
L2023-01988-2,CMD-2023-01988,2024-01-04,16800,libéré,0.0
L2023-01988-3,CMD-2023-01988,2024-01-07,16900,libéré,0.0
L2023-01989-1,CMD-2023-01989,2024-01-02,16200,libéré,0.0
L2023-01989-2,CMD-2023-01989,2024-01-11,16300,libéré,0.0
L2023-01990-1,CMD-2023-01990,2024-01-20,18700,libéré,0.0
L2023-01990-2,CMD-2023-01990,2024-01-01,18800,libéré,0.0
L2023-01991-1,CMD-2023-01991,2024-01-12,8300,libéré,0.0
L2023-01991-2,CMD-2023-01991,2024-01-13,8300,libéré,0.0
L2023-01991-3,CMD-2023-01991,2024-01-03,8400,libéré,0.0
L2023-01992-1,CMD-2023-01992,2024-01-09,8500,libéré,0.0
L2023-01992-2,CMD-2023-01992,2024-01-22,8500,libéré,0.0
L2023-01993-1,CMD-2023-01993,2024-01-22,60000,libéré,0.0
L2023-01993-2,CMD-2023-01993,2024-01-02,60000,libéré,0.0
L2023-01994-1,CMD-2023-01994,2024-01-20,17300,libéré,0.0
L2023-01994-2,CMD-2023-01994,2024-01-20,17300,libéré,0.0
L2023-01994-3,CMD-2023-01994,2024-01-15,17400,libéré,0.0
L2023-01995-1,CMD-2023-01995,2024-01-17,16700,libéré,0.0
L2023-01995-2,CMD-2023-01995,2024-01-21,16800,libéré,0.0
L2023-01996-1,CMD-2023-01996,2024-01-08,21700,libéré,0.0
L2023-01996-2,CMD-2023-01996,2024-01-15,21800,libéré,0.0
L2023-01997-1,CMD-2023-01997,2024-01-03,33500,libéré,0.0
L2023-01998-1,CMD-2023-01998,2024-01-11,38000,libéré,0.0
L2023-01999-1,CMD-2023-01999,2024-01-01,15000,libéré,0.0
L2023-01999-2,CMD-2023-01999,2024-01-01,15000,libéré,0.0
L2023-02000-1,CMD-2023-02000,2024-01-16,27500,libéré,0.0
L2023-02001-1,CMD-2023-02001,2024-01-03,30000,libéré,0.0
L2023-02002-1,CMD-2023-02002,2024-02-03,17000,libéré,0.0
L2023-02002-2,CMD-2023-02002,2024-02-01,17000,rejeté,31467.0
L2023-02002-3,CMD-2023-02002,2024-01-31,17000,libéré,0.0
L2023-02003-1,CMD-2023-02003,2024-01-03,61000,libéré,0.0
L2023-02004-1,CMD-2023-02004,2024-01-08,59700,libéré,0.0
L2023-02004-2,CMD-2023-02004,2024-01-14,59800,libéré,0.0
L2023-02005-1,CMD-2023-02005,2024-01-13,35000,libéré,0.0
L2023-02006-1,CMD-2023-02006,2024-01-06,18500,libéré,0.0
L2023-02007-1,CMD-2023-02007,2024-01-09,32500,libéré,0.0
L2023-02008-1,CMD-2023-02008,2024-01-07,29700,libéré,0.0
L2023-02008-2,CMD-2023-02008,2024-01-08,29800,libéré,0.0
L2023-02009-1,CMD-2023-02009,2024-01-01,45000,libéré,0.0
L2023-02010-1,CMD-2023-02010,2024-01-18,54500,libéré,0.0
L2023-02011-1,CMD-2023-02011,2024-01-03,6500,retraité,2641.28
L2023-02011-2,CMD-2023-02011,2024-01-17,6500,libéré,0.0
L2023-02012-1,CMD-2023-02012,2024-01-04,10200,libéré,0.0
L2023-02012-2,CMD-2023-02012,2024-01-11,10300,libéré,0.0
L2023-02013-1,CMD-2023-02013,2024-01-01,77000,libéré,0.0
L2023-02014-1,CMD-2023-02014,2024-01-02,33300,libéré,0.0
L2023-02014-2,CMD-2023-02014,2024-01-22,33300,libéré,0.0
L2023-02014-3,CMD-2023-02014,2024-01-23,33400,libéré,0.0
L2023-02015-1,CMD-2023-02015,2024-01-09,14200,libéré,0.0
L2023-02015-2,CMD-2023-02015,2024-01-18,14300,libéré,0.0
L2023-02016-1,CMD-2023-02016,2024-02-06,8000,libéré,0.0
L2023-02016-2,CMD-2023-02016,2024-01-12,8000,libéré,0.0
L2023-02016-3,CMD-2023-02016,2024-02-02,8000,libéré,0.0
L2023-02017-1,CMD-2023-02017,2024-01-15,11600,libéré,0.0
L2023-02017-2,CMD-2023-02017,2024-01-15,11600,libéré,0.0
L2023-02017-3,CMD-2023-02017,2024-01-15,11800,libéré,0.0
L2023-02018-1,CMD-2023-02018,2024-01-07,64200,libéré,0.0
L2023-02018-2,CMD-2023-02018,2024-01-23,64300,libéré,0.0
L2023-02019-1,CMD-2023-02019,2024-01-04,31000,libéré,0.0
L2023-02020-1,CMD-2023-02020,2024-01-21,20300,libéré,0.0
L2023-02020-2,CMD-2023-02020,2024-01-28,20300,libéré,0.0
L2023-02021-1,CMD-2023-02021,2024-01-21,14000,libéré,0.0
L2023-02022-1,CMD-2023-02022,2024-01-21,12500,libéré,0.0
L2023-02022-2,CMD-2023-02022,2024-01-10,12500,libéré,0.0
L2023-02023-1,CMD-2023-02023,2024-02-05,16700,libéré,0.0
L2023-02023-2,CMD-2023-02023,2024-01-27,16800,libéré,0.0
L2023-02024-1,CMD-2023-02024,2024-01-09,24700,libéré,0.0
L2023-02024-2,CMD-2023-02024,2024-01-05,24800,retraité,15434.28
L2023-02025-1,CMD-2023-02025,2024-01-26,6600,libéré,0.0
L2023-02025-2,CMD-2023-02025,2024-01-10,6600,libéré,0.0
L2023-02025-3,CMD-2023-02025,2024-01-09,6800,libéré,0.0
L2023-02026-1,CMD-2023-02026,2024-01-14,44500,retraité,21126.38
L2023-02026-2,CMD-2023-02026,2024-01-09,44500,libéré,0.0
L2023-02027-1,CMD-2023-02027,2024-01-04,32500,libéré,0.0
L2023-02027-2,CMD-2023-02027,2024-01-20,32500,libéré,0.0
L2023-02028-1,CMD-2023-02028,2024-01-20,20700,libéré,0.0
L2023-02028-2,CMD-2023-02028,2024-01-14,20800,libéré,0.0
L2023-02029-1,CMD-2023-02029,2024-01-28,37500,libéré,0.0
L2024-00001-1,CMD-2024-00001,2024-01-17,21700,libéré,0.0
L2024-00001-2,CMD-2024-00001,2024-01-23,21800,libéré,0.0
L2024-00002-1,CMD-2024-00002,2024-01-23,54500,libéré,0.0
L2024-00003-1,CMD-2024-00003,2024-01-09,20000,libéré,0.0
L2024-00003-2,CMD-2024-00003,2024-01-13,20000,libéré,0.0
L2024-00003-3,CMD-2024-00003,2024-01-11,20000,libéré,0.0
L2024-00004-1,CMD-2024-00004,2024-02-01,51500,libéré,0.0
L2024-00005-1,CMD-2024-00005,2024-01-12,37400,libéré,0.0
L2024-00006-1,CMD-2024-00006,2024-01-25,19100,libéré,0.0
L2024-00006-2,CMD-2024-00006,2024-02-01,19100,libéré,0.0
L2024-00006-3,CMD-2024-00006,2024-02-04,19300,libéré,0.0
L2024-00007-1,CMD-2024-00007,2024-01-15,32200,libéré,0.0
L2024-00007-2,CMD-2024-00007,2024-02-06,32300,rejeté,110466.0
L2024-00008-1,CMD-2024-00008,2024-01-22,12600,libéré,0.0
L2024-00008-2,CMD-2024-00008,2024-01-30,12600,libéré,0.0
L2024-00008-3,CMD-2024-00008,2024-01-24,12800,retraité,6892.8
L2024-00009-1,CMD-2024-00009,2024-01-13,31000,libéré,0.0
L2024-00010-1,CMD-2024-00010,2024-01-21,45000,libéré,0.0
L2024-00011-1,CMD-2024-00011,2024-02-04,75500,libéré,0.0
L2024-00012-1,CMD-2024-00012,2024-01-24,13500,libéré,0.0
L2024-00012-2,CMD-2024-00012,2024-01-14,13500,libéré,0.0
L2024-00013-1,CMD-2024-00013,2024-01-16,14300,libéré,0.0
L2024-00013-2,CMD-2024-00013,2024-01-16,14300,libéré,0.0
L2024-00013-3,CMD-2024-00013,2024-01-22,14400,libéré,0.0
L2024-00014-1,CMD-2024-00014,2024-02-01,56500,libéré,0.0
L2024-00015-1,CMD-2024-00015,2024-01-08,11500,libéré,0.0
L2024-00015-2,CMD-2024-00015,2024-01-08,11500,libéré,0.0
L2024-00016-1,CMD-2024-00016,2024-01-09,46000,rejeté,236164.0
L2024-00016-2,CMD-2024-00016,2024-01-25,46000,libéré,0.0
L2024-00017-1,CMD-2024-00017,2024-01-18,35000,libéré,0.0
L2024-00018-1,CMD-2024-00018,2024-01-23,51500,libéré,0.0
L2024-00018-2,CMD-2024-00018,2024-01-27,51500,retraité,35218.28
L2024-00019-1,CMD-2024-00019,2024-01-21,35500,libéré,0.0
L2024-00020-1,CMD-2024-00020,2024-01-13,20000,libéré,0.0
L2024-00021-1,CMD-2024-00021,2024-01-30,38500,libéré,0.0
L2024-00022-1,CMD-2024-00022,2024-01-16,12700,libéré,0.0
L2024-00022-2,CMD-2024-00022,2024-02-05,12800,libéré,0.0
L2024-00023-1,CMD-2024-00023,2024-01-30,10500,libéré,0.0
L2024-00023-2,CMD-2024-00023,2024-01-19,10500,libéré,0.0
L2024-00023-3,CMD-2024-00023,2024-01-24,10500,libéré,0.0
L2024-00024-1,CMD-2024-00024,2024-01-16,26200,libéré,0.0
L2024-00024-2,CMD-2024-00024,2024-01-13,26300,libéré,0.0
L2024-00025-1,CMD-2024-00025,2024-01-27,23500,libéré,0.0
L2024-00026-1,CMD-2024-00026,2024-01-16,43000,libéré,0.0
L2024-00027-1,CMD-2024-00027,2024-01-27,10600,libéré,0.0
L2024-00027-2,CMD-2024-00027,2024-01-20,10600,libéré,0.0
L2024-00027-3,CMD-2024-00027,2024-02-09,10800,libéré,0.0
L2024-00028-1,CMD-2024-00028,2024-01-21,22000,libéré,0.0
L2024-00029-1,CMD-2024-00029,2024-01-24,13600,libéré,0.0
L2024-00029-2,CMD-2024-00029,2024-02-07,13600,libéré,0.0
L2024-00029-3,CMD-2024-00029,2024-01-11,13800,libéré,0.0
L2024-00030-1,CMD-2024-00030,2024-01-23,11200,libéré,0.0
L2024-00030-2,CMD-2024-00030,2024-01-10,11300,libéré,0.0
L2024-00031-1,CMD-2024-00031,2024-01-16,13800,libéré,0.0
L2024-00031-2,CMD-2024-00031,2024-01-14,13800,libéré,0.0
L2024-00031-3,CMD-2024-00031,2024-01-18,13900,libéré,0.0
L2024-00032-1,CMD-2024-00032,2024-01-10,48200,libéré,0.0
L2024-00032-2,CMD-2024-00032,2024-01-10,48300,libéré,0.0
L2024-00033-1,CMD-2024-00033,2024-01-18,14000,libéré,0.0
L2024-00034-1,CMD-2024-00034,2024-02-08,76000,libéré,0.0
L2024-00035-1,CMD-2024-00035,2024-01-18,19000,libéré,0.0
L2024-00036-1,CMD-2024-00036,2024-01-24,29500,libéré,0.0
L2024-00036-2,CMD-2024-00036,2024-02-02,29500,libéré,0.0
L2024-00037-1,CMD-2024-00037,2024-01-27,55000,libéré,0.0
L2024-00038-1,CMD-2024-00038,2024-01-29,24200,libéré,0.0
L2024-00038-2,CMD-2024-00038,2024-01-15,24300,libéré,0.0
L2024-00039-1,CMD-2024-00039,2024-01-27,21600,libéré,0.0
L2024-00039-2,CMD-2024-00039,2024-01-18,21600,libéré,0.0
L2024-00039-3,CMD-2024-00039,2024-01-25,21800,libéré,0.0
L2024-00040-1,CMD-2024-00040,2024-01-29,41000,libéré,0.0
L2024-00040-2,CMD-2024-00040,2024-01-16,41000,libéré,0.0
L2024-00041-1,CMD-2024-00041,2024-01-23,12000,libéré,0.0
L2024-00041-2,CMD-2024-00041,2024-01-24,12000,libéré,0.0
L2024-00041-3,CMD-2024-00041,2024-01-16,12000,libéré,0.0
L2024-00042-1,CMD-2024-00042,2024-01-16,40000,libéré,0.0
L2024-00043-1,CMD-2024-00043,2024-01-22,7600,libéré,0.0
L2024-00043-2,CMD-2024-00043,2024-02-02,7600,libéré,0.0
L2024-00043-3,CMD-2024-00043,2024-01-26,7800,libéré,0.0
L2024-00044-1,CMD-2024-00044,2024-01-21,5200,libéré,0.0
L2024-00044-2,CMD-2024-00044,2024-01-17,5300,libéré,0.0
L2024-00045-1,CMD-2024-00045,2024-01-15,13200,libéré,0.0
L2024-00045-2,CMD-2024-00045,2024-01-29,13300,libéré,0.0
L2024-00046-1,CMD-2024-00046,2024-01-15,13500,libéré,0.0
L2024-00046-2,CMD-2024-00046,2024-01-16,13500,libéré,0.0
L2024-00047-1,CMD-2024-00047,2024-01-20,11800,libéré,0.0
L2024-00047-2,CMD-2024-00047,2024-01-14,11800,libéré,0.0
L2024-00047-3,CMD-2024-00047,2024-01-18,11900,libéré,0.0
L2024-00048-1,CMD-2024-00048,2024-02-15,58500,libéré,0.0
L2024-00048-2,CMD-2024-00048,2024-01-17,58500,libéré,0.0
L2024-00049-1,CMD-2024-00049,2024-01-23,27500,libéré,0.0
L2024-00050-1,CMD-2024-00050,2024-01-21,58500,libéré,0.0
L2024-00051-1,CMD-2024-00051,2024-02-14,24700,libéré,0.0
L2024-00051-2,CMD-2024-00051,2024-01-23,24800,libéré,0.0
L2024-00052-1,CMD-2024-00052,2024-02-05,14500,libéré,0.0
L2024-00053-1,CMD-2024-00053,2024-01-20,19500,libéré,0.0
L2024-00054-1,CMD-2024-00054,2024-02-02,14500,libéré,0.0
L2024-00055-1,CMD-2024-00055,2024-01-31,22200,libéré,0.0
L2024-00055-2,CMD-2024-00055,2024-02-03,22300,libéré,0.0
L2024-00056-1,CMD-2024-00056,2024-01-22,12600,libéré,0.0
L2024-00056-2,CMD-2024-00056,2024-01-20,12600,libéré,0.0
L2024-00056-3,CMD-2024-00056,2024-01-15,12800,retraité,9273.6
L2024-00057-1,CMD-2024-00057,2024-01-28,8300,libéré,0.0
L2024-00057-2,CMD-2024-00057,2024-01-29,8300,rejeté,30867.7
L2024-00057-3,CMD-2024-00057,2024-02-08,8400,libéré,0.0
L2024-00058-1,CMD-2024-00058,2024-01-26,31100,libéré,0.0
L2024-00058-2,CMD-2024-00058,2024-01-17,31100,libéré,0.0
L2024-00058-3,CMD-2024-00058,2024-01-17,31300,libéré,0.0
L2024-00059-1,CMD-2024-00059,2024-01-26,13500,libéré,0.0
L2024-00059-2,CMD-2024-00059,2024-01-17,13500,libéré,0.0
L2024-00060-1,CMD-2024-00060,2024-02-04,22000,libéré,0.0
L2024-00060-2,CMD-2024-00060,2024-01-17,22000,libéré,0.0
L2024-00061-1,CMD-2024-00061,2024-01-26,28700,libéré,0.0
L2024-00061-2,CMD-2024-00061,2024-01-21,28800,libéré,0.0
L2024-00062-1,CMD-2024-00062,2024-02-09,21200,libéré,0.0
L2024-00062-2,CMD-2024-00062,2024-02-06,21300,libéré,0.0
L2024-00063-1,CMD-2024-00063,2024-02-19,16500,libéré,0.0
L2024-00064-1,CMD-2024-00064,2024-01-24,10700,libéré,0.0
L2024-00064-2,CMD-2024-00064,2024-02-01,10800,libéré,0.0
L2024-00065-1,CMD-2024-00065,2024-01-24,9600,libéré,0.0
L2024-00065-2,CMD-2024-00065,2024-01-25,9600,libéré,0.0
L2024-00065-3,CMD-2024-00065,2024-01-28,9800,libéré,0.0
L2024-00066-1,CMD-2024-00066,2024-01-21,10000,libéré,0.0
L2024-00066-2,CMD-2024-00066,2024-01-27,10000,libéré,0.0
L2024-00066-3,CMD-2024-00066,2024-02-07,10000,libéré,0.0
L2024-00067-1,CMD-2024-00067,2024-01-16,26300,libéré,0.0
L2024-00067-2,CMD-2024-00067,2024-01-17,26300,libéré,0.0
L2024-00067-3,CMD-2024-00067,2024-01-26,26400,libéré,0.0
L2024-00068-1,CMD-2024-00068,2024-01-22,8300,libéré,0.0
L2024-00068-2,CMD-2024-00068,2024-01-20,8300,libéré,0.0
L2024-00068-3,CMD-2024-00068,2024-01-17,8400,libéré,0.0
L2024-00069-1,CMD-2024-00069,2024-01-20,31800,libéré,0.0
L2024-00069-2,CMD-2024-00069,2024-01-25,31800,libéré,0.0
L2024-00069-3,CMD-2024-00069,2024-02-04,31900,libéré,0.0
L2024-00070-1,CMD-2024-00070,2024-02-04,38000,libéré,0.0
L2024-00071-1,CMD-2024-00071,2024-02-04,8500,libéré,0.0
L2024-00071-2,CMD-2024-00071,2024-02-05,8500,libéré,0.0
L2024-00071-3,CMD-2024-00071,2024-02-14,8500,libéré,0.0
L2024-00072-1,CMD-2024-00072,2024-01-19,18700,libéré,0.0
L2024-00072-2,CMD-2024-00072,2024-01-18,18800,libéré,0.0
L2024-00073-1,CMD-2024-00073,2024-01-28,75000,libéré,0.0
L2024-00073-2,CMD-2024-00073,2024-01-29,75000,libéré,0.0
L2024-00074-1,CMD-2024-00074,2024-02-06,40000,libéré,0.0
L2024-00075-1,CMD-2024-00075,2024-01-29,7700,libéré,0.0
L2024-00075-2,CMD-2024-00075,2024-01-30,7800,libéré,0.0
L2024-00076-1,CMD-2024-00076,2024-01-26,58000,libéré,0.0
L2024-00077-1,CMD-2024-00077,2024-02-02,50000,libéré,0.0
L2024-00077-2,CMD-2024-00077,2024-02-04,50000,libéré,0.0
L2024-00077-3,CMD-2024-00077,2024-01-25,50000,libéré,0.0
L2024-00078-1,CMD-2024-00078,2024-02-11,49500,libéré,0.0
L2024-00079-1,CMD-2024-00079,2024-01-23,23500,libéré,0.0
L2024-00079-2,CMD-2024-00079,2024-01-26,23500,libéré,0.0
L2024-00079-3,CMD-2024-00079,2024-01-25,23500,libéré,0.0
L2024-00080-1,CMD-2024-00080,2024-01-31,6000,libéré,0.0
L2024-00080-2,CMD-2024-00080,2024-02-12,6000,libéré,0.0
L2024-00081-1,CMD-2024-00081,2024-01-29,61000,libéré,0.0
L2024-00082-1,CMD-2024-00082,2024-02-09,11000,libéré,0.0
L2024-00082-2,CMD-2024-00082,2024-02-06,11000,libéré,0.0
L2024-00082-3,CMD-2024-00082,2024-01-31,11000,libéré,0.0
L2024-00083-1,CMD-2024-00083,2024-01-26,11500,libéré,0.0
L2024-00083-2,CMD-2024-00083,2024-02-18,11500,libéré,0.0
L2024-00083-3,CMD-2024-00083,2024-02-06,11500,libéré,0.0
L2024-00084-1,CMD-2024-00084,2024-01-29,20300,libéré,0.0
L2024-00084-2,CMD-2024-00084,2024-01-29,20300,libéré,0.0
L2024-00084-3,CMD-2024-00084,2024-01-23,20400,retraité,5501.88
L2024-00085-1,CMD-2024-00085,2024-01-30,18500,libéré,0.0
L2024-00085-2,CMD-2024-00085,2024-01-21,18500,libéré,0.0
L2024-00086-1,CMD-2024-00086,2024-01-31,13500,libéré,0.0
L2024-00086-2,CMD-2024-00086,2024-01-28,13500,libéré,0.0
L2024-00087-1,CMD-2024-00087,2024-02-01,27200,libéré,0.0
L2024-00087-2,CMD-2024-00087,2024-02-16,27300,libéré,0.0
L2024-00088-1,CMD-2024-00088,2024-01-24,32500,libéré,0.0
L2024-00089-1,CMD-2024-00089,2024-01-31,23200,libéré,0.0
L2024-00089-2,CMD-2024-00089,2024-02-22,23300,retraité,15101.89
L2024-00090-1,CMD-2024-00090,2024-01-27,37500,libéré,0.0
L2024-00091-1,CMD-2024-00091,2024-02-04,73500,libéré,0.0
L2024-00092-1,CMD-2024-00092,2024-01-28,13000,libéré,0.0
L2024-00092-2,CMD-2024-00092,2024-01-30,13000,libéré,0.0
L2024-00093-1,CMD-2024-00093,2024-01-26,7500,libéré,0.0
L2024-00093-2,CMD-2024-00093,2024-01-24,7500,libéré,0.0
L2024-00093-3,CMD-2024-00093,2024-01-27,7500,libéré,0.0
L2024-00094-1,CMD-2024-00094,2024-02-25,21300,libéré,0.0
L2024-00094-2,CMD-2024-00094,2024-01-23,21300,libéré,0.0
L2024-00094-3,CMD-2024-00094,2024-01-31,21400,libéré,0.0
L2024-00095-1,CMD-2024-00095,2024-01-31,13300,retraité,7549.08
L2024-00095-2,CMD-2024-00095,2024-02-09,13300,libéré,0.0
L2024-00095-3,CMD-2024-00095,2024-02-20,13400,libéré,0.0
L2024-00096-1,CMD-2024-00096,2024-01-30,29500,libéré,0.0
L2024-00096-2,CMD-2024-00096,2024-02-02,29500,libéré,0.0
L2024-00097-1,CMD-2024-00097,2024-01-25,35700,libéré,0.0
L2024-00097-2,CMD-2024-00097,2024-02-17,35800,libéré,0.0
L2024-00098-1,CMD-2024-00098,2024-02-08,15600,libéré,0.0
L2024-00098-2,CMD-2024-00098,2024-01-23,15600,libéré,0.0
L2024-00098-3,CMD-2024-00098,2024-02-19,15800,libéré,0.0
L2024-00099-1,CMD-2024-00099,2024-03-01,55500,libéré,0.0
L2024-00100-1,CMD-2024-00100,2024-02-09,12100,libéré,0.0
L2024-00100-2,CMD-2024-00100,2024-02-08,12100,libéré,0.0
L2024-00100-3,CMD-2024-00100,2024-01-23,12300,libéré,0.0
L2024-00101-1,CMD-2024-00101,2024-02-02,12000,libéré,0.0
L2024-00101-2,CMD-2024-00101,2024-01-29,12000,libéré,0.0
L2024-00102-1,CMD-2024-00102,2024-01-29,5100,libéré,0.0
L2024-00102-2,CMD-2024-00102,2024-01-29,5100,libéré,0.0
L2024-00102-3,CMD-2024-00102,2024-02-08,5300,retraité,3130.71
L2024-00103-1,CMD-2024-00103,2024-01-27,14300,libéré,0.0
L2024-00103-2,CMD-2024-00103,2024-01-25,14300,libéré,0.0
L2024-00103-3,CMD-2024-00103,2024-01-23,14400,libéré,0.0
L2024-00104-1,CMD-2024-00104,2024-02-13,39000,libéré,0.0
L2024-00105-1,CMD-2024-00105,2024-01-24,21300,libéré,0.0
L2024-00105-2,CMD-2024-00105,2024-02-07,21300,libéré,0.0
L2024-00105-3,CMD-2024-00105,2024-01-27,21400,libéré,0.0
L2024-00106-1,CMD-2024-00106,2024-01-29,18000,libéré,0.0
L2024-00106-2,CMD-2024-00106,2024-02-03,18000,libéré,0.0
L2024-00107-1,CMD-2024-00107,2024-01-29,28000,libéré,0.0
L2024-00107-2,CMD-2024-00107,2024-02-05,28000,libéré,0.0
L2024-00108-1,CMD-2024-00108,2024-01-25,56000,libéré,0.0
L2024-00109-1,CMD-2024-00109,2024-02-01,31700,libéré,0.0
L2024-00109-2,CMD-2024-00109,2024-02-03,31800,libéré,0.0
L2024-00110-1,CMD-2024-00110,2024-01-28,8800,libéré,0.0
L2024-00110-2,CMD-2024-00110,2024-01-28,8800,libéré,0.0
L2024-00110-3,CMD-2024-00110,2024-02-05,8900,libéré,0.0
L2024-00111-1,CMD-2024-00111,2024-02-10,47700,libéré,0.0
L2024-00111-2,CMD-2024-00111,2024-01-29,47800,libéré,0.0
L2024-00112-1,CMD-2024-00112,2024-01-27,46200,libéré,0.0
L2024-00112-2,CMD-2024-00112,2024-02-07,46300,libéré,0.0
L2024-00113-1,CMD-2024-00113,2024-02-03,12500,libéré,0.0
L2024-00113-2,CMD-2024-00113,2024-02-08,12500,libéré,0.0
L2024-00114-1,CMD-2024-00114,2024-02-02,16700,libéré,0.0
L2024-00114-2,CMD-2024-00114,2024-02-10,16800,libéré,0.0
L2024-00115-1,CMD-2024-00115,2024-02-16,14300,libéré,0.0
L2024-00116-1,CMD-2024-00116,2024-02-02,26600,libéré,0.0
L2024-00116-2,CMD-2024-00116,2024-02-13,26700,libéré,0.0
L2024-00117-1,CMD-2024-00117,2024-02-11,56000,libéré,0.0
L2024-00118-1,CMD-2024-00118,2024-01-28,14500,libéré,0.0
L2024-00118-2,CMD-2024-00118,2024-02-11,14500,libéré,0.0
L2024-00118-3,CMD-2024-00118,2024-02-10,14500,libéré,0.0
L2024-00119-1,CMD-2024-00119,2024-02-05,5600,libéré,0.0
L2024-00119-2,CMD-2024-00119,2024-02-08,5600,libéré,0.0
L2024-00119-3,CMD-2024-00119,2024-02-15,5800,libéré,0.0
L2024-00120-1,CMD-2024-00120,2024-02-04,19000,libéré,0.0
L2024-00120-2,CMD-2024-00120,2024-02-11,19000,libéré,0.0
L2024-00120-3,CMD-2024-00120,2024-02-05,19000,libéré,0.0
L2024-00121-1,CMD-2024-00121,2024-02-03,52500,libéré,0.0
L2024-00122-1,CMD-2024-00122,2024-02-20,16100,libéré,0.0
L2024-00122-2,CMD-2024-00122,2024-02-15,16100,libéré,0.0
L2024-00122-3,CMD-2024-00122,2024-01-29,16300,libéré,0.0
L2024-00123-1,CMD-2024-00123,2024-01-29,11000,libéré,0.0
L2024-00123-2,CMD-2024-00123,2024-02-06,11000,libéré,0.0
L2024-00124-1,CMD-2024-00124,2024-02-17,6800,libéré,0.0
L2024-00124-2,CMD-2024-00124,2024-02-03,6800,retraité,3838.26
L2024-00124-3,CMD-2024-00124,2024-01-30,6900,libéré,0.0
L2024-00125-1,CMD-2024-00125,2024-02-01,33500,libéré,0.0
L2024-00125-2,CMD-2024-00125,2024-01-31,33500,libéré,0.0
L2024-00126-1,CMD-2024-00126,2024-02-01,14500,libéré,0.0
L2024-00126-2,CMD-2024-00126,2024-02-05,14500,libéré,0.0
L2024-00126-3,CMD-2024-00126,2024-02-04,14500,libéré,0.0
L2024-00127-1,CMD-2024-00127,2024-01-28,23700,libéré,0.0
L2024-00127-2,CMD-2024-00127,2024-02-09,23800,libéré,0.0
L2024-00128-1,CMD-2024-00128,2024-02-19,15700,libéré,0.0
L2024-00128-2,CMD-2024-00128,2024-01-28,15800,libéré,0.0
L2024-00129-1,CMD-2024-00129,2024-02-14,22500,libéré,0.0
L2024-00130-1,CMD-2024-00130,2024-02-08,75500,libéré,0.0
L2024-00131-1,CMD-2024-00131,2024-02-25,26000,libéré,0.0
L2024-00132-1,CMD-2024-00132,2024-02-21,9100,libéré,0.0
L2024-00132-2,CMD-2024-00132,2024-02-18,9100,libéré,0.0
L2024-00132-3,CMD-2024-00132,2024-01-31,9300,libéré,0.0
L2024-00133-1,CMD-2024-00133,2024-02-21,36000,libéré,0.0
L2024-00134-1,CMD-2024-00134,2024-01-29,50000,libéré,0.0
L2024-00134-2,CMD-2024-00134,2024-02-12,50000,libéré,0.0
L2024-00134-3,CMD-2024-00134,2024-02-03,50000,libéré,0.0
L2024-00135-1,CMD-2024-00135,2024-02-08,49300,libéré,0.0
L2024-00135-2,CMD-2024-00135,2024-02-09,49300,libéré,0.0
L2024-00135-3,CMD-2024-00135,2024-02-10,49400,libéré,0.0
L2024-00136-1,CMD-2024-00136,2024-02-05,32000,libéré,0.0
L2024-00136-2,CMD-2024-00136,2024-02-13,32000,libéré,0.0
L2024-00137-1,CMD-2024-00137,2024-02-20,11800,libéré,0.0
L2024-00137-2,CMD-2024-00137,2024-02-12,11800,libéré,0.0
L2024-00137-3,CMD-2024-00137,2024-02-19,11900,libéré,0.0
L2024-00138-1,CMD-2024-00138,2024-02-18,15700,libéré,0.0
L2024-00138-2,CMD-2024-00138,2024-01-29,15800,libéré,0.0
L2024-00139-1,CMD-2024-00139,2024-02-11,27600,libéré,0.0
L2024-00139-2,CMD-2024-00139,2024-02-19,27600,libéré,0.0
L2024-00139-3,CMD-2024-00139,2024-02-25,27800,libéré,0.0
L2024-00140-1,CMD-2024-00140,2024-02-22,36500,libéré,0.0
L2024-00140-2,CMD-2024-00140,2024-02-29,36500,libéré,0.0
L2024-00141-1,CMD-2024-00141,2024-02-13,8100,libéré,0.0
L2024-00141-2,CMD-2024-00141,2024-02-23,8100,libéré,0.0
L2024-00141-3,CMD-2024-00141,2024-02-03,8300,libéré,0.0
L2024-00142-1,CMD-2024-00142,2024-02-07,38500,libéré,0.0
L2024-00143-1,CMD-2024-00143,2024-03-01,11000,libéré,0.0
L2024-00144-1,CMD-2024-00144,2024-02-11,17900,libéré,0.0
L2024-00144-2,CMD-2024-00144,2024-02-11,17900,libéré,0.0
L2024-00144-3,CMD-2024-00144,2024-02-22,18100,libéré,0.0
L2024-00145-1,CMD-2024-00145,2024-02-08,9000,libéré,0.0
L2024-00145-2,CMD-2024-00145,2024-02-01,9000,libéré,0.0
L2024-00145-3,CMD-2024-00145,2024-02-03,9000,libéré,0.0
L2024-00146-1,CMD-2024-00146,2024-02-03,52700,retraité,33343.29
L2024-00146-2,CMD-2024-00146,2024-02-01,52800,libéré,0.0
L2024-00147-1,CMD-2024-00147,2024-02-05,19200,libéré,0.0
L2024-00147-2,CMD-2024-00147,2024-02-11,19300,libéré,0.0
L2024-00148-1,CMD-2024-00148,2024-02-09,6100,retraité,3057.93
L2024-00148-2,CMD-2024-00148,2024-02-07,6100,retraité,3057.93
L2024-00148-3,CMD-2024-00148,2024-02-03,6300,libéré,0.0
L2024-00149-1,CMD-2024-00149,2024-02-02,35500,libéré,0.0
L2024-00150-1,CMD-2024-00150,2024-02-13,10000,libéré,0.0
L2024-00151-1,CMD-2024-00151,2024-02-10,16500,libéré,0.0
L2024-00152-1,CMD-2024-00152,2024-02-09,10000,rejeté,44940.0
L2024-00153-1,CMD-2024-00153,2024-02-07,6100,libéré,0.0
L2024-00153-2,CMD-2024-00153,2024-02-16,6200,retraité,2788.14
L2024-00154-1,CMD-2024-00154,2024-02-23,25700,libéré,0.0
L2024-00154-2,CMD-2024-00154,2024-02-16,25800,libéré,0.0
L2024-00155-1,CMD-2024-00155,2024-02-18,36500,libéré,0.0
L2024-00155-2,CMD-2024-00155,2024-02-17,36500,libéré,0.0
L2024-00156-1,CMD-2024-00156,2024-02-09,67000,libéré,0.0
L2024-00157-1,CMD-2024-00157,2024-02-16,49800,libéré,0.0
L2024-00157-2,CMD-2024-00157,2024-02-19,49800,libéré,0.0
L2024-00157-3,CMD-2024-00157,2024-02-14,49900,retraité,32163.04
L2024-00158-1,CMD-2024-00158,2024-02-18,6500,libéré,0.0
L2024-00158-2,CMD-2024-00158,2024-02-12,6500,libéré,0.0
L2024-00158-3,CMD-2024-00158,2024-02-07,6500,libéré,0.0
L2024-00159-1,CMD-2024-00159,2024-02-03,18600,libéré,0.0
L2024-00159-2,CMD-2024-00159,2024-02-27,18600,libéré,0.0
L2024-00159-3,CMD-2024-00159,2024-02-07,18800,libéré,0.0
L2024-00160-1,CMD-2024-00160,2024-02-14,22500,libéré,0.0
L2024-00160-2,CMD-2024-00160,2024-02-11,22500,libéré,0.0
L2024-00161-1,CMD-2024-00161,2024-02-16,41500,libéré,0.0
L2024-00162-1,CMD-2024-00162,2024-02-10,15500,libéré,0.0
L2024-00163-1,CMD-2024-00163,2024-02-11,15000,libéré,0.0
L2024-00164-1,CMD-2024-00164,2024-02-16,11500,libéré,0.0
L2024-00164-2,CMD-2024-00164,2024-02-19,11500,libéré,0.0
L2024-00164-3,CMD-2024-00164,2024-02-23,11500,libéré,0.0
L2024-00165-1,CMD-2024-00165,2024-02-26,5500,libéré,0.0
L2024-00165-2,CMD-2024-00165,2024-02-29,5500,libéré,0.0
L2024-00166-1,CMD-2024-00166,2024-02-10,46500,libéré,0.0
L2024-00166-2,CMD-2024-00166,2024-02-10,46500,libéré,0.0
L2024-00167-1,CMD-2024-00167,2024-02-09,8700,libéré,0.0
L2024-00167-2,CMD-2024-00167,2024-02-06,8800,rejeté,36696.0
L2024-00168-1,CMD-2024-00168,2024-02-13,21800,libéré,0.0
L2024-00168-2,CMD-2024-00168,2024-02-26,21800,libéré,0.0
L2024-00168-3,CMD-2024-00168,2024-02-28,21900,libéré,0.0
L2024-00169-1,CMD-2024-00169,2024-02-20,25100,libéré,0.0
L2024-00169-2,CMD-2024-00169,2024-02-29,25100,libéré,0.0
L2024-00169-3,CMD-2024-00169,2024-02-18,25300,libéré,0.0
L2024-00170-1,CMD-2024-00170,2024-02-15,16700,libéré,0.0
L2024-00170-2,CMD-2024-00170,2024-02-15,16800,libéré,0.0
L2024-00171-1,CMD-2024-00171,2024-02-20,10000,libéré,0.0
L2024-00172-1,CMD-2024-00172,2024-02-13,49500,libéré,0.0
L2024-00172-2,CMD-2024-00172,2024-02-20,49500,libéré,0.0
L2024-00173-1,CMD-2024-00173,2024-02-11,13600,libéré,0.0
L2024-00173-2,CMD-2024-00173,2024-02-10,13600,libéré,0.0
L2024-00173-3,CMD-2024-00173,2024-02-12,13800,libéré,0.0
L2024-00174-1,CMD-2024-00174,2024-02-25,7500,libéré,0.0
L2024-00174-2,CMD-2024-00174,2024-02-18,7500,libéré,0.0
L2024-00175-1,CMD-2024-00175,2024-02-22,20100,rejeté,57566.4
L2024-00175-2,CMD-2024-00175,2024-02-25,20100,libéré,0.0
L2024-00175-3,CMD-2024-00175,2024-02-05,20300,libéré,0.0
L2024-00176-1,CMD-2024-00176,2024-02-11,57500,retraité,26125.12
L2024-00177-1,CMD-2024-00177,2024-03-03,13500,libéré,0.0
L2024-00177-2,CMD-2024-00177,2024-02-06,13500,libéré,0.0
L2024-00178-1,CMD-2024-00178,2024-02-06,12300,libéré,0.0
L2024-00178-2,CMD-2024-00178,2024-02-13,12300,libéré,0.0
L2024-00178-3,CMD-2024-00178,2024-02-15,12400,libéré,0.0
L2024-00179-1,CMD-2024-00179,2024-02-25,55500,libéré,0.0
L2024-00180-1,CMD-2024-00180,2024-02-13,23000,libéré,0.0
L2024-00181-1,CMD-2024-00181,2024-02-27,6500,libéré,0.0
L2024-00181-2,CMD-2024-00181,2024-02-27,6500,libéré,0.0
L2024-00182-1,CMD-2024-00182,2024-02-27,56000,libéré,0.0
L2024-00183-1,CMD-2024-00183,2024-02-22,21700,libéré,0.0
L2024-00183-2,CMD-2024-00183,2024-03-01,21700,libéré,0.0
L2024-00183-3,CMD-2024-00183,2024-02-14,21900,libéré,0.0
L2024-00184-1,CMD-2024-00184,2024-03-01,14000,libéré,0.0
L2024-00185-1,CMD-2024-00185,2024-02-19,10000,libéré,0.0
L2024-00186-1,CMD-2024-00186,2024-02-23,17500,libéré,0.0
L2024-00187-1,CMD-2024-00187,2024-02-11,47000,libéré,0.0
L2024-00188-1,CMD-2024-00188,2024-03-03,64500,libéré,0.0
L2024-00189-1,CMD-2024-00189,2024-02-20,5500,libéré,0.0
L2024-00189-2,CMD-2024-00189,2024-02-19,5500,libéré,0.0
L2024-00189-3,CMD-2024-00189,2024-02-20,5500,libéré,0.0
L2024-00190-1,CMD-2024-00190,2024-02-07,30500,rejeté,98179.5
L2024-00191-1,CMD-2024-00191,2024-03-13,23500,libéré,0.0
L2024-00192-1,CMD-2024-00192,2024-02-16,15300,retraité,9694.08
L2024-00192-2,CMD-2024-00192,2024-02-13,15300,libéré,0.0
L2024-00192-3,CMD-2024-00192,2024-02-08,15400,rejeté,65049.6
L2024-00193-1,CMD-2024-00193,2024-02-14,23500,libéré,0.0
L2024-00194-1,CMD-2024-00194,2024-02-26,16500,libéré,0.0
L2024-00194-2,CMD-2024-00194,2024-02-08,16500,libéré,0.0
L2024-00194-3,CMD-2024-00194,2024-02-24,16500,libéré,0.0
L2024-00195-1,CMD-2024-00195,2024-02-18,28200,libéré,0.0
L2024-00195-2,CMD-2024-00195,2024-02-10,28300,libéré,0.0
L2024-00196-1,CMD-2024-00196,2024-02-10,5800,libéré,0.0
L2024-00196-2,CMD-2024-00196,2024-02-10,5800,libéré,0.0
L2024-00196-3,CMD-2024-00196,2024-02-19,5900,libéré,0.0
L2024-00197-1,CMD-2024-00197,2024-02-21,21300,libéré,0.0
L2024-00197-2,CMD-2024-00197,2024-02-07,21300,libéré,0.0
L2024-00197-3,CMD-2024-00197,2024-02-24,21400,libéré,0.0
L2024-00198-1,CMD-2024-00198,2024-02-26,11000,libéré,0.0
L2024-00199-1,CMD-2024-00199,2024-02-27,23200,libéré,0.0
L2024-00199-2,CMD-2024-00199,2024-02-28,23300,libéré,0.0
L2024-00200-1,CMD-2024-00200,2024-03-02,13000,libéré,0.0
L2024-00201-1,CMD-2024-00201,2024-03-12,17300,libéré,0.0
L2024-00201-2,CMD-2024-00201,2024-03-16,17300,libéré,0.0
L2024-00201-3,CMD-2024-00201,2024-02-18,17400,libéré,0.0
L2024-00202-1,CMD-2024-00202,2024-02-19,40500,retraité,18060.97
L2024-00203-1,CMD-2024-00203,2024-02-22,17000,libéré,0.0
L2024-00203-2,CMD-2024-00203,2024-02-27,17000,libéré,0.0
L2024-00204-1,CMD-2024-00204,2024-03-11,9200,libéré,0.0
L2024-00204-2,CMD-2024-00204,2024-02-10,9300,libéré,0.0
L2024-00205-1,CMD-2024-00205,2024-02-17,9500,libéré,0.0
L2024-00205-2,CMD-2024-00205,2024-02-25,9500,libéré,0.0
L2024-00205-3,CMD-2024-00205,2024-02-14,9500,libéré,0.0
L2024-00206-1,CMD-2024-00206,2024-03-06,15600,rejeté,49514.4
L2024-00206-2,CMD-2024-00206,2024-02-27,15600,libéré,0.0
L2024-00206-3,CMD-2024-00206,2024-02-24,15800,libéré,0.0
L2024-00207-1,CMD-2024-00207,2024-02-10,38000,libéré,0.0
L2024-00207-2,CMD-2024-00207,2024-02-10,38000,libéré,0.0
L2024-00208-1,CMD-2024-00208,2024-02-10,45500,retraité,35524.12
L2024-00209-1,CMD-2024-00209,2024-02-14,9000,libéré,0.0
L2024-00209-2,CMD-2024-00209,2024-02-12,9000,libéré,0.0
L2024-00210-1,CMD-2024-00210,2024-02-16,46500,rejeté,147544.5
L2024-00211-1,CMD-2024-00211,2024-02-14,46500,retraité,39220.42
L2024-00212-1,CMD-2024-00212,2024-02-28,40200,rejeté,199633.2
L2024-00212-2,CMD-2024-00212,2024-02-12,40300,libéré,0.0
L2024-00213-1,CMD-2024-00213,2024-02-13,8600,libéré,0.0
L2024-00213-2,CMD-2024-00213,2024-02-26,8600,libéré,0.0
L2024-00213-3,CMD-2024-00213,2024-02-12,8800,libéré,0.0
L2024-00214-1,CMD-2024-00214,2024-03-11,12300,libéré,0.0
L2024-00214-2,CMD-2024-00214,2024-03-28,12300,libéré,0.0
L2024-00214-3,CMD-2024-00214,2024-03-14,12400,libéré,0.0
L2024-00215-1,CMD-2024-00215,2024-03-21,33500,libéré,0.0
L2024-00216-1,CMD-2024-00216,2024-03-15,31500,libéré,0.0
L2024-00217-1,CMD-2024-00217,2024-02-19,21200,libéré,0.0
L2024-00217-2,CMD-2024-00217,2024-02-18,21300,libéré,0.0
L2024-00218-1,CMD-2024-00218,2024-02-12,53000,libéré,0.0
L2024-00219-1,CMD-2024-00219,2024-02-25,37000,libéré,0.0
L2024-00220-1,CMD-2024-00220,2024-03-01,12300,retraité,3206.61
L2024-00220-2,CMD-2024-00220,2024-02-13,12300,libéré,0.0
L2024-00220-3,CMD-2024-00220,2024-02-18,12400,libéré,0.0
L2024-00221-1,CMD-2024-00221,2024-02-19,15500,libéré,0.0
L2024-00222-1,CMD-2024-00222,2024-02-15,50000,libéré,0.0
L2024-00222-2,CMD-2024-00222,2024-02-15,50000,libéré,0.0
L2024-00222-3,CMD-2024-00222,2024-02-20,50000,libéré,0.0
L2024-00223-1,CMD-2024-00223,2024-03-04,11000,libéré,0.0
L2024-00223-2,CMD-2024-00223,2024-02-25,11000,libéré,0.0
L2024-00224-1,CMD-2024-00224,2024-02-21,8600,libéré,0.0
L2024-00224-2,CMD-2024-00224,2024-03-13,8600,retraité,2401.98
L2024-00224-3,CMD-2024-00224,2024-02-27,8800,libéré,0.0
L2024-00225-1,CMD-2024-00225,2024-02-20,5000,libéré,0.0
L2024-00225-2,CMD-2024-00225,2024-02-18,5000,libéré,0.0
L2024-00226-1,CMD-2024-00226,2024-02-27,26700,rejeté,41812.2
L2024-00226-2,CMD-2024-00226,2024-02-26,26800,rejeté,41968.8
L2024-00227-1,CMD-2024-00227,2024-02-28,15800,libéré,0.0
L2024-00227-2,CMD-2024-00227,2024-02-28,15800,libéré,0.0
L2024-00227-3,CMD-2024-00227,2024-02-18,15900,libéré,0.0
L2024-00228-1,CMD-2024-00228,2024-02-22,27500,libéré,0.0
L2024-00229-1,CMD-2024-00229,2024-02-18,35000,libéré,0.0
L2024-00229-2,CMD-2024-00229,2024-03-07,35000,libéré,0.0
L2024-00230-1,CMD-2024-00230,2024-03-01,75000,libéré,0.0
L2024-00231-1,CMD-2024-00231,2024-02-26,71000,libéré,0.0
L2024-00232-1,CMD-2024-00232,2024-02-26,9200,libéré,0.0
L2024-00232-2,CMD-2024-00232,2024-02-25,9300,retraité,2554.24
L2024-00233-1,CMD-2024-00233,2024-02-21,61500,libéré,0.0
L2024-00234-1,CMD-2024-00234,2024-02-17,33000,libéré,0.0
L2024-00234-2,CMD-2024-00234,2024-02-23,33000,libéré,0.0
L2024-00235-1,CMD-2024-00235,2024-02-28,46000,libéré,0.0
L2024-00236-1,CMD-2024-00236,2024-03-01,6300,libéré,0.0
L2024-00236-2,CMD-2024-00236,2024-03-01,6300,libéré,0.0
L2024-00236-3,CMD-2024-00236,2024-03-05,6400,libéré,0.0
L2024-00237-1,CMD-2024-00237,2024-03-08,40500,libéré,0.0
L2024-00237-2,CMD-2024-00237,2024-03-13,40500,libéré,0.0
L2024-00238-1,CMD-2024-00238,2024-02-26,41000,retraité,22244.55
L2024-00238-2,CMD-2024-00238,2024-03-13,41000,libéré,0.0
L2024-00238-3,CMD-2024-00238,2024-03-10,41000,libéré,0.0
L2024-00239-1,CMD-2024-00239,2024-03-02,29000,libéré,0.0
L2024-00239-2,CMD-2024-00239,2024-03-01,29000,retraité,19635.9
L2024-00239-3,CMD-2024-00239,2024-02-26,29200,libéré,0.0
L2024-00240-1,CMD-2024-00240,2024-02-21,17800,libéré,0.0
L2024-00240-2,CMD-2024-00240,2024-02-26,17800,libéré,0.0
L2024-00240-3,CMD-2024-00240,2024-03-08,17900,libéré,0.0
L2024-00241-1,CMD-2024-00241,2024-03-14,9100,libéré,0.0
L2024-00241-2,CMD-2024-00241,2024-03-16,9100,libéré,0.0
L2024-00241-3,CMD-2024-00241,2024-03-05,9300,libéré,0.0
L2024-00242-1,CMD-2024-00242,2024-02-22,10500,libéré,0.0
L2024-00242-2,CMD-2024-00242,2024-02-21,10500,libéré,0.0
L2024-00242-3,CMD-2024-00242,2024-03-14,10500,libéré,0.0
L2024-00243-1,CMD-2024-00243,2024-02-19,12500,libéré,0.0
L2024-00243-2,CMD-2024-00243,2024-03-01,12500,libéré,0.0
L2024-00244-1,CMD-2024-00244,2024-03-10,45000,rejeté,89370.0
L2024-00245-1,CMD-2024-00245,2024-02-28,34500,retraité,9076.95
L2024-00246-1,CMD-2024-00246,2024-02-23,19100,libéré,0.0
L2024-00246-2,CMD-2024-00246,2024-03-04,19100,libéré,0.0
L2024-00246-3,CMD-2024-00246,2024-03-04,19300,libéré,0.0
L2024-00247-1,CMD-2024-00247,2024-03-01,7800,libéré,0.0
L2024-00247-2,CMD-2024-00247,2024-03-11,7800,libéré,0.0
L2024-00247-3,CMD-2024-00247,2024-03-05,7900,libéré,0.0
L2024-00248-1,CMD-2024-00248,2024-03-05,14700,libéré,0.0
L2024-00248-2,CMD-2024-00248,2024-03-01,14800,libéré,0.0
L2024-00249-1,CMD-2024-00249,2024-02-23,28500,libéré,0.0
L2024-00250-1,CMD-2024-00250,2024-03-07,80000,libéré,0.0
L2024-00251-1,CMD-2024-00251,2024-03-18,17400,retraité,8378.1
L2024-00251-2,CMD-2024-00251,2024-02-28,17400,libéré,0.0
L2024-00252-1,CMD-2024-00252,2024-02-21,16500,libéré,0.0
L2024-00252-2,CMD-2024-00252,2024-02-21,16500,libéré,0.0
L2024-00252-3,CMD-2024-00252,2024-02-23,16500,libéré,0.0
L2024-00253-1,CMD-2024-00253,2024-03-06,63000,libéré,0.0
L2024-00254-1,CMD-2024-00254,2024-03-06,12000,libéré,0.0
L2024-00254-2,CMD-2024-00254,2024-03-07,12000,libéré,0.0
L2024-00254-3,CMD-2024-00254,2024-03-07,12000,libéré,0.0
L2024-00255-1,CMD-2024-00255,2024-02-28,7200,libéré,0.0
L2024-00255-2,CMD-2024-00255,2024-03-12,7300,libéré,0.0
L2024-00256-1,CMD-2024-00256,2024-02-23,15500,libéré,0.0
L2024-00256-2,CMD-2024-00256,2024-02-25,15500,libéré,0.0
L2024-00256-3,CMD-2024-00256,2024-02-29,15500,libéré,0.0
L2024-00257-1,CMD-2024-00257,2024-03-01,18500,libéré,0.0
L2024-00257-2,CMD-2024-00257,2024-03-02,18500,libéré,0.0
L2024-00258-1,CMD-2024-00258,2024-03-06,19200,libéré,0.0
L2024-00258-2,CMD-2024-00258,2024-03-08,19300,libéré,0.0
L2024-00259-1,CMD-2024-00259,2024-03-08,16100,libéré,0.0
L2024-00259-2,CMD-2024-00259,2024-03-02,16100,libéré,0.0
L2024-00259-3,CMD-2024-00259,2024-03-09,16300,libéré,0.0
L2024-00260-1,CMD-2024-00260,2024-03-13,27200,libéré,0.0
L2024-00260-2,CMD-2024-00260,2024-03-18,27300,libéré,0.0
L2024-00261-1,CMD-2024-00261,2024-03-04,21700,libéré,0.0
L2024-00261-2,CMD-2024-00261,2024-02-22,21800,libéré,0.0
L2024-00262-1,CMD-2024-00262,2024-03-04,21500,libéré,0.0
L2024-00262-2,CMD-2024-00262,2024-03-01,21500,libéré,0.0
L2024-00263-1,CMD-2024-00263,2024-02-29,32000,libéré,0.0
L2024-00263-2,CMD-2024-00263,2024-02-23,32000,libéré,0.0
L2024-00263-3,CMD-2024-00263,2024-03-06,32000,libéré,0.0
L2024-00264-1,CMD-2024-00264,2024-02-27,21500,libéré,0.0
L2024-00265-1,CMD-2024-00265,2024-02-28,21700,libéré,0.0
L2024-00265-2,CMD-2024-00265,2024-03-08,21800,libéré,0.0
L2024-00266-1,CMD-2024-00266,2024-03-16,11700,libéré,0.0
L2024-00266-2,CMD-2024-00266,2024-03-10,11800,libéré,0.0
L2024-00267-1,CMD-2024-00267,2024-03-07,49000,libéré,0.0
L2024-00267-2,CMD-2024-00267,2024-03-02,49000,libéré,0.0
L2024-00268-1,CMD-2024-00268,2024-02-27,20200,libéré,0.0
L2024-00268-2,CMD-2024-00268,2024-03-20,20300,libéré,0.0
L2024-00269-1,CMD-2024-00269,2024-03-03,10000,libéré,0.0
L2024-00270-1,CMD-2024-00270,2024-03-08,45500,libéré,0.0
L2024-00271-1,CMD-2024-00271,2024-02-25,7000,libéré,0.0
L2024-00271-2,CMD-2024-00271,2024-03-10,7000,rejeté,21791.0
L2024-00271-3,CMD-2024-00271,2024-03-08,7000,retraité,3268.65
L2024-00272-1,CMD-2024-00272,2024-03-16,29000,libéré,0.0
L2024-00272-2,CMD-2024-00272,2024-02-27,29000,libéré,0.0
L2024-00273-1,CMD-2024-00273,2024-02-26,43000,libéré,0.0
L2024-00274-1,CMD-2024-00274,2024-03-06,21500,libéré,0.0
L2024-00275-1,CMD-2024-00275,2024-03-15,11800,rejeté,28154.8
L2024-00275-2,CMD-2024-00275,2024-03-31,11800,libéré,0.0
L2024-00275-3,CMD-2024-00275,2024-03-08,11900,libéré,0.0
L2024-00276-1,CMD-2024-00276,2024-02-26,15200,libéré,0.0
L2024-00276-2,CMD-2024-00276,2024-03-07,15300,libéré,0.0
L2024-00277-1,CMD-2024-00277,2024-03-01,55000,libéré,0.0
L2024-00277-2,CMD-2024-00277,2024-02-29,55000,rejeté,155375.0
L2024-00278-1,CMD-2024-00278,2024-02-29,49000,libéré,0.0
L2024-00279-1,CMD-2024-00279,2024-03-15,18200,libéré,0.0
L2024-00279-2,CMD-2024-00279,2024-03-10,18300,libéré,0.0
L2024-00280-1,CMD-2024-00280,2024-03-24,23000,libéré,0.0
L2024-00280-2,CMD-2024-00280,2024-03-12,23100,libéré,0.0
L2024-00281-1,CMD-2024-00281,2024-03-16,34000,libéré,0.0
L2024-00282-1,CMD-2024-00282,2024-03-09,32500,libéré,0.0
L2024-00283-1,CMD-2024-00283,2024-03-11,22000,libéré,0.0
L2024-00284-1,CMD-2024-00284,2024-03-29,37500,libéré,0.0
L2024-00285-1,CMD-2024-00285,2024-03-18,11100,libéré,0.0
L2024-00285-2,CMD-2024-00285,2024-03-12,11100,libéré,0.0
L2024-00285-3,CMD-2024-00285,2024-02-27,11300,libéré,0.0
L2024-00286-1,CMD-2024-00286,2024-03-12,14000,libéré,0.0
L2024-00286-2,CMD-2024-00286,2024-02-27,14000,libéré,0.0
L2024-00287-1,CMD-2024-00287,2024-03-03,73500,libéré,0.0
L2024-00288-1,CMD-2024-00288,2024-03-07,11000,libéré,0.0
L2024-00288-2,CMD-2024-00288,2024-03-08,11000,libéré,0.0
L2024-00289-1,CMD-2024-00289,2024-03-28,16300,libéré,0.0
L2024-00289-2,CMD-2024-00289,2024-03-02,16300,libéré,0.0
L2024-00289-3,CMD-2024-00289,2024-03-26,16400,libéré,0.0
L2024-00290-1,CMD-2024-00290,2024-03-30,28000,libéré,0.0
L2024-00291-1,CMD-2024-00291,2024-03-14,75000,libéré,0.0
L2024-00291-2,CMD-2024-00291,2024-03-08,75000,libéré,0.0
L2024-00292-1,CMD-2024-00292,2024-03-22,50500,libéré,0.0
L2024-00293-1,CMD-2024-00293,2024-03-06,22100,libéré,0.0
L2024-00293-2,CMD-2024-00293,2024-03-06,22100,libéré,0.0
L2024-00293-3,CMD-2024-00293,2024-03-10,22300,libéré,0.0
L2024-00294-1,CMD-2024-00294,2024-03-03,20500,libéré,0.0
L2024-00294-2,CMD-2024-00294,2024-03-02,20500,libéré,0.0
L2024-00294-3,CMD-2024-00294,2024-03-06,20500,libéré,0.0
L2024-00295-1,CMD-2024-00295,2024-03-18,50000,libéré,0.0
L2024-00295-2,CMD-2024-00295,2024-03-07,50000,libéré,0.0
L2024-00295-3,CMD-2024-00295,2024-04-15,50000,libéré,0.0
L2024-00296-1,CMD-2024-00296,2024-03-05,14700,libéré,0.0
L2024-00296-2,CMD-2024-00296,2024-03-16,14800,libéré,0.0
L2024-00297-1,CMD-2024-00297,2024-03-14,16600,libéré,0.0
L2024-00297-2,CMD-2024-00297,2024-03-15,16600,libéré,0.0
L2024-00297-3,CMD-2024-00297,2024-02-29,16800,libéré,0.0
L2024-00298-1,CMD-2024-00298,2024-03-30,38500,libéré,0.0
L2024-00299-1,CMD-2024-00299,2024-03-08,9600,libéré,0.0
L2024-00299-2,CMD-2024-00299,2024-03-17,9600,libéré,0.0
L2024-00299-3,CMD-2024-00299,2024-03-02,9800,libéré,0.0
L2024-00300-1,CMD-2024-00300,2024-03-09,30000,libéré,0.0
L2024-00300-2,CMD-2024-00300,2024-03-02,30000,libéré,0.0
L2024-00300-3,CMD-2024-00300,2024-03-07,30000,libéré,0.0
L2024-00301-1,CMD-2024-00301,2024-03-18,18000,libéré,0.0
L2024-00302-1,CMD-2024-00302,2024-03-05,9000,libéré,0.0
L2024-00302-2,CMD-2024-00302,2024-03-17,9000,rejeté,43236.0
L2024-00302-3,CMD-2024-00302,2024-04-03,9000,libéré,0.0
L2024-00303-1,CMD-2024-00303,2024-03-15,48500,libéré,0.0
L2024-00303-2,CMD-2024-00303,2024-03-11,48500,libéré,0.0
L2024-00304-1,CMD-2024-00304,2024-03-16,25500,libéré,0.0
L2024-00304-2,CMD-2024-00304,2024-03-06,25500,libéré,0.0
L2024-00305-1,CMD-2024-00305,2024-03-16,34000,rejeté,77656.0
L2024-00305-2,CMD-2024-00305,2024-03-14,34000,libéré,0.0
L2024-00306-1,CMD-2024-00306,2024-03-11,13000,libéré,0.0
L2024-00306-2,CMD-2024-00306,2024-03-15,13000,libéré,0.0
L2024-00306-3,CMD-2024-00306,2024-03-11,13100,libéré,0.0
L2024-00307-1,CMD-2024-00307,2024-03-08,65500,libéré,0.0
L2024-00307-2,CMD-2024-00307,2024-03-02,65500,libéré,0.0
L2024-00308-1,CMD-2024-00308,2024-03-15,17000,libéré,0.0
L2024-00308-2,CMD-2024-00308,2024-03-15,17000,libéré,0.0
L2024-00309-1,CMD-2024-00309,2024-03-06,20500,libéré,0.0
L2024-00309-2,CMD-2024-00309,2024-03-04,20500,libéré,0.0
L2024-00310-1,CMD-2024-00310,2024-03-27,39000,libéré,0.0
L2024-00311-1,CMD-2024-00311,2024-03-12,10300,rejeté,31456.2
L2024-00311-2,CMD-2024-00311,2024-03-22,10300,libéré,0.0
L2024-00311-3,CMD-2024-00311,2024-03-16,10400,libéré,0.0
L2024-00312-1,CMD-2024-00312,2024-03-16,17000,libéré,0.0
L2024-00312-2,CMD-2024-00312,2024-03-04,17000,libéré,0.0
L2024-00312-3,CMD-2024-00312,2024-03-23,17000,libéré,0.0
L2024-00313-1,CMD-2024-00313,2024-03-09,9500,libéré,0.0
L2024-00313-2,CMD-2024-00313,2024-03-20,9500,libéré,0.0
L2024-00313-3,CMD-2024-00313,2024-03-26,9500,libéré,0.0
L2024-00314-1,CMD-2024-00314,2024-03-09,22000,libéré,0.0
L2024-00315-1,CMD-2024-00315,2024-03-05,36500,libéré,0.0
L2024-00316-1,CMD-2024-00316,2024-03-04,28200,libéré,0.0
L2024-00316-2,CMD-2024-00316,2024-03-09,28300,libéré,0.0
L2024-00317-1,CMD-2024-00317,2024-03-21,18600,libéré,0.0
L2024-00317-2,CMD-2024-00317,2024-04-05,18600,libéré,0.0
L2024-00317-3,CMD-2024-00317,2024-03-18,18800,libéré,0.0
L2024-00318-1,CMD-2024-00318,2024-03-06,10100,libéré,0.0
L2024-00318-2,CMD-2024-00318,2024-03-20,10100,libéré,0.0
L2024-00318-3,CMD-2024-00318,2024-03-07,10300,libéré,0.0
L2024-00319-1,CMD-2024-00319,2024-03-15,13500,libéré,0.0
L2024-00319-2,CMD-2024-00319,2024-03-07,13500,libéré,0.0
L2024-00319-3,CMD-2024-00319,2024-03-31,13500,libéré,0.0
L2024-00320-1,CMD-2024-00320,2024-03-13,5100,libéré,0.0
L2024-00320-2,CMD-2024-00320,2024-03-11,5100,libéré,0.0
L2024-00320-3,CMD-2024-00320,2024-03-12,5300,libéré,0.0
L2024-00321-1,CMD-2024-00321,2024-03-22,11100,libéré,0.0
L2024-00321-2,CMD-2024-00321,2024-03-18,11100,libéré,0.0
L2024-00321-3,CMD-2024-00321,2024-03-10,11300,libéré,0.0
L2024-00322-1,CMD-2024-00322,2024-03-11,10000,libéré,0.0
L2024-00322-2,CMD-2024-00322,2024-03-09,10000,libéré,0.0
L2024-00322-3,CMD-2024-00322,2024-03-31,10000,libéré,0.0
L2024-00323-1,CMD-2024-00323,2024-03-19,21800,libéré,0.0
L2024-00323-2,CMD-2024-00323,2024-03-25,21800,libéré,0.0
L2024-00323-3,CMD-2024-00323,2024-03-19,21900,libéré,0.0
L2024-00324-1,CMD-2024-00324,2024-03-07,18800,libéré,0.0
L2024-00324-2,CMD-2024-00324,2024-03-10,18800,libéré,0.0
L2024-00324-3,CMD-2024-00324,2024-03-25,18900,retraité,8329.23
L2024-00325-1,CMD-2024-00325,2024-03-16,7700,libéré,0.0
L2024-00325-2,CMD-2024-00325,2024-03-09,7800,libéré,0.0
L2024-00326-1,CMD-2024-00326,2024-03-14,48100,libéré,0.0
L2024-00326-2,CMD-2024-00326,2024-03-13,48100,libéré,0.0
L2024-00326-3,CMD-2024-00326,2024-03-08,48300,libéré,0.0
L2024-00327-1,CMD-2024-00327,2024-03-24,14600,libéré,0.0
L2024-00327-2,CMD-2024-00327,2024-04-03,14700,libéré,0.0
L2024-00328-1,CMD-2024-00328,2024-03-12,14200,libéré,0.0
L2024-00328-2,CMD-2024-00328,2024-03-17,14300,libéré,0.0
L2024-00329-1,CMD-2024-00329,2024-03-23,71500,libéré,0.0
L2024-00330-1,CMD-2024-00330,2024-03-07,16100,libéré,0.0
L2024-00330-2,CMD-2024-00330,2024-03-06,16100,libéré,0.0
L2024-00330-3,CMD-2024-00330,2024-03-09,16300,libéré,0.0
L2024-00331-1,CMD-2024-00331,2024-04-05,46000,libéré,0.0
L2024-00332-1,CMD-2024-00332,2024-03-20,10500,libéré,0.0
L2024-00332-2,CMD-2024-00332,2024-03-18,10500,libéré,0.0
L2024-00332-3,CMD-2024-00332,2024-03-14,10500,libéré,0.0
L2024-00333-1,CMD-2024-00333,2024-03-18,25700,libéré,0.0
L2024-00333-2,CMD-2024-00333,2024-03-13,25800,libéré,0.0
L2024-00334-1,CMD-2024-00334,2024-03-13,29500,libéré,0.0
L2024-00335-1,CMD-2024-00335,2024-03-08,50000,libéré,0.0
L2024-00335-2,CMD-2024-00335,2024-03-07,50000,libéré,0.0
L2024-00335-3,CMD-2024-00335,2024-03-18,50000,libéré,0.0
L2024-00336-1,CMD-2024-00336,2024-03-06,40800,libéré,0.0
L2024-00336-2,CMD-2024-00336,2024-03-16,40800,libéré,0.0
L2024-00336-3,CMD-2024-00336,2024-03-08,40900,libéré,0.0
L2024-00337-1,CMD-2024-00337,2024-03-11,8000,libéré,0.0
L2024-00337-2,CMD-2024-00337,2024-03-25,8000,libéré,0.0
L2024-00338-1,CMD-2024-00338,2024-03-11,20300,libéré,0.0
L2024-00338-2,CMD-2024-00338,2024-03-23,20300,libéré,0.0
L2024-00338-3,CMD-2024-00338,2024-03-21,20400,libéré,0.0
L2024-00339-1,CMD-2024-00339,2024-03-20,13000,libéré,0.0
L2024-00339-2,CMD-2024-00339,2024-03-31,13000,libéré,0.0
L2024-00340-1,CMD-2024-00340,2024-03-23,13700,libéré,0.0
L2024-00340-2,CMD-2024-00340,2024-04-12,13800,libéré,0.0
L2024-00341-1,CMD-2024-00341,2024-03-30,35500,libéré,0.0
L2024-00341-2,CMD-2024-00341,2024-04-01,35500,libéré,0.0
L2024-00341-3,CMD-2024-00341,2024-03-16,35500,retraité,17173.12
L2024-00342-1,CMD-2024-00342,2024-03-16,13700,libéré,0.0
L2024-00342-2,CMD-2024-00342,2024-03-24,13800,libéré,0.0
L2024-00343-1,CMD-2024-00343,2024-03-26,44000,libéré,0.0
L2024-00344-1,CMD-2024-00344,2024-03-14,10200,libéré,0.0
L2024-00344-2,CMD-2024-00344,2024-03-18,10300,libéré,0.0
L2024-00345-1,CMD-2024-00345,2024-03-26,44500,libéré,0.0
L2024-00346-1,CMD-2024-00346,2024-03-24,12500,rejeté,24212.5
L2024-00346-2,CMD-2024-00346,2024-03-18,12500,libéré,0.0
L2024-00347-1,CMD-2024-00347,2024-03-20,14500,libéré,0.0
L2024-00347-2,CMD-2024-00347,2024-03-20,14500,libéré,0.0
L2024-00347-3,CMD-2024-00347,2024-03-15,14500,libéré,0.0
L2024-00348-1,CMD-2024-00348,2024-03-15,35000,libéré,0.0
L2024-00349-1,CMD-2024-00349,2024-03-29,59500,libéré,0.0
L2024-00350-1,CMD-2024-00350,2024-03-22,26700,retraité,12027.02
L2024-00351-1,CMD-2024-00351,2024-03-30,13000,libéré,0.0
L2024-00351-2,CMD-2024-00351,2024-03-26,13000,libéré,0.0
L2024-00352-1,CMD-2024-00352,2024-04-11,22000,libéré,0.0
L2024-00352-2,CMD-2024-00352,2024-03-19,22000,libéré,0.0
L2024-00353-1,CMD-2024-00353,2024-04-05,36700,libéré,0.0
L2024-00353-2,CMD-2024-00353,2024-04-04,36800,libéré,0.0
L2024-00354-1,CMD-2024-00354,2024-03-15,23500,libéré,0.0
L2024-00354-2,CMD-2024-00354,2024-03-15,23500,libéré,0.0
L2024-00354-3,CMD-2024-00354,2024-03-12,23500,libéré,0.0
L2024-00355-1,CMD-2024-00355,2024-04-09,35000,rejeté,66045.0
L2024-00356-1,CMD-2024-00356,2024-03-23,14000,libéré,0.0
L2024-00356-2,CMD-2024-00356,2024-03-16,14000,libéré,0.0
L2024-00357-1,CMD-2024-00357,2024-04-07,21300,libéré,0.0
L2024-00357-2,CMD-2024-00357,2024-03-24,21300,libéré,0.0
L2024-00357-3,CMD-2024-00357,2024-03-20,21400,libéré,0.0
L2024-00358-1,CMD-2024-00358,2024-04-04,13800,libéré,0.0
L2024-00358-2,CMD-2024-00358,2024-03-28,13800,libéré,0.0
L2024-00358-3,CMD-2024-00358,2024-03-14,13900,libéré,0.0
L2024-00359-1,CMD-2024-00359,2024-03-28,16000,libéré,0.0
L2024-00360-1,CMD-2024-00360,2024-03-12,27500,libéré,0.0
L2024-00360-2,CMD-2024-00360,2024-03-22,27500,rejeté,75652.5
L2024-00361-1,CMD-2024-00361,2024-03-25,13500,libéré,0.0
L2024-00361-2,CMD-2024-00361,2024-03-19,13500,rejeté,43173.0
L2024-00361-3,CMD-2024-00361,2024-03-17,13500,libéré,0.0
L2024-00362-1,CMD-2024-00362,2024-04-06,5000,libéré,0.0
L2024-00362-2,CMD-2024-00362,2024-04-17,5000,libéré,0.0
L2024-00363-1,CMD-2024-00363,2024-03-13,12500,libéré,0.0
L2024-00363-2,CMD-2024-00363,2024-03-14,12500,libéré,0.0
L2024-00363-3,CMD-2024-00363,2024-03-24,12500,libéré,0.0
L2024-00364-1,CMD-2024-00364,2024-03-29,31000,libéré,0.0
L2024-00365-1,CMD-2024-00365,2024-04-05,23000,libéré,0.0
L2024-00365-2,CMD-2024-00365,2024-03-27,23000,libéré,0.0
L2024-00366-1,CMD-2024-00366,2024-03-14,30000,libéré,0.0
L2024-00366-2,CMD-2024-00366,2024-03-21,30000,libéré,0.0
L2024-00367-1,CMD-2024-00367,2024-03-20,30000,libéré,0.0
L2024-00367-2,CMD-2024-00367,2024-03-29,30000,libéré,0.0
L2024-00368-1,CMD-2024-00368,2024-04-04,54500,libéré,0.0
L2024-00369-1,CMD-2024-00369,2024-03-13,8800,libéré,0.0
L2024-00369-2,CMD-2024-00369,2024-03-18,8800,retraité,5166.48
L2024-00369-3,CMD-2024-00369,2024-03-16,8900,libéré,0.0
L2024-00370-1,CMD-2024-00370,2024-03-16,28000,libéré,0.0
L2024-00371-1,CMD-2024-00371,2024-03-18,8800,libéré,0.0
L2024-00371-2,CMD-2024-00371,2024-03-29,8800,libéré,0.0
L2024-00371-3,CMD-2024-00371,2024-03-19,8900,libéré,0.0
L2024-00372-1,CMD-2024-00372,2024-03-19,46000,libéré,0.0
L2024-00373-1,CMD-2024-00373,2024-04-02,10000,libéré,0.0
L2024-00373-2,CMD-2024-00373,2024-04-10,10000,libéré,0.0
L2024-00373-3,CMD-2024-00373,2024-04-17,10000,libéré,0.0
L2024-00374-1,CMD-2024-00374,2024-04-01,13600,libéré,0.0
L2024-00374-2,CMD-2024-00374,2024-03-15,13600,libéré,0.0
L2024-00374-3,CMD-2024-00374,2024-03-14,13800,rejeté,60168.0
L2024-00375-1,CMD-2024-00375,2024-03-20,39700,libéré,0.0
L2024-00375-2,CMD-2024-00375,2024-04-01,39800,libéré,0.0
L2024-00376-1,CMD-2024-00376,2024-03-24,8000,libéré,0.0
L2024-00376-2,CMD-2024-00376,2024-03-25,8000,libéré,0.0
L2024-00377-1,CMD-2024-00377,2024-03-29,27100,libéré,0.0
L2024-00377-2,CMD-2024-00377,2024-04-14,27100,libéré,0.0
L2024-00377-3,CMD-2024-00377,2024-03-28,27300,libéré,0.0
L2024-00378-1,CMD-2024-00378,2024-03-23,7300,libéré,0.0
L2024-00378-2,CMD-2024-00378,2024-03-30,7300,retraité,4851.94
L2024-00378-3,CMD-2024-00378,2024-03-31,7400,libéré,0.0
L2024-00379-1,CMD-2024-00379,2024-03-26,40700,libéré,0.0
L2024-00379-2,CMD-2024-00379,2024-03-29,40800,libéré,0.0
L2024-00380-1,CMD-2024-00380,2024-04-02,21300,libéré,0.0
L2024-00380-2,CMD-2024-00380,2024-03-18,21300,libéré,0.0
L2024-00380-3,CMD-2024-00380,2024-04-01,21400,libéré,0.0
L2024-00381-1,CMD-2024-00381,2024-03-19,14000,libéré,0.0
L2024-00381-2,CMD-2024-00381,2024-03-23,14000,libéré,0.0
L2024-00381-3,CMD-2024-00381,2024-04-02,14000,libéré,0.0
L2024-00382-1,CMD-2024-00382,2024-04-05,69000,libéré,0.0
L2024-00383-1,CMD-2024-00383,2024-03-18,5200,libéré,0.0
L2024-00383-2,CMD-2024-00383,2024-03-20,5300,libéré,0.0
L2024-00384-1,CMD-2024-00384,2024-03-19,45200,libéré,0.0
L2024-00384-2,CMD-2024-00384,2024-03-25,45300,libéré,0.0
L2024-00385-1,CMD-2024-00385,2024-03-27,30500,libéré,0.0
L2024-00386-1,CMD-2024-00386,2024-04-02,11500,libéré,0.0
L2024-00386-2,CMD-2024-00386,2024-03-18,11500,libéré,0.0
L2024-00387-1,CMD-2024-00387,2024-03-29,5700,libéré,0.0
L2024-00387-2,CMD-2024-00387,2024-04-01,5800,libéré,0.0
L2024-00388-1,CMD-2024-00388,2024-03-25,40000,libéré,0.0
L2024-00389-1,CMD-2024-00389,2024-03-22,11000,libéré,0.0
L2024-00390-1,CMD-2024-00390,2024-03-27,31500,libéré,0.0
L2024-00391-1,CMD-2024-00391,2024-03-23,46500,libéré,0.0
L2024-00391-2,CMD-2024-00391,2024-03-29,46500,libéré,0.0
L2024-00392-1,CMD-2024-00392,2024-03-22,7000,libéré,0.0
L2024-00392-2,CMD-2024-00392,2024-04-06,7000,libéré,0.0
L2024-00393-1,CMD-2024-00393,2024-03-29,14200,libéré,0.0
L2024-00393-2,CMD-2024-00393,2024-03-21,14300,libéré,0.0
L2024-00394-1,CMD-2024-00394,2024-03-18,28700,libéré,0.0
L2024-00394-2,CMD-2024-00394,2024-03-18,28800,libéré,0.0
L2024-00395-1,CMD-2024-00395,2024-03-23,7500,libéré,0.0
L2024-00395-2,CMD-2024-00395,2024-03-30,7500,libéré,0.0
L2024-00395-3,CMD-2024-00395,2024-04-04,7500,libéré,0.0
L2024-00396-1,CMD-2024-00396,2024-04-05,9100,libéré,0.0
L2024-00396-2,CMD-2024-00396,2024-04-16,9100,libéré,0.0
L2024-00396-3,CMD-2024-00396,2024-04-05,9300,libéré,0.0
L2024-00397-1,CMD-2024-00397,2024-03-31,21000,libéré,0.0
L2024-00398-1,CMD-2024-00398,2024-03-31,30700,libéré,0.0
L2024-00398-2,CMD-2024-00398,2024-03-30,30800,libéré,0.0
L2024-00399-1,CMD-2024-00399,2024-03-23,38100,libéré,0.0
L2024-00399-2,CMD-2024-00399,2024-03-22,38100,libéré,0.0
L2024-00399-3,CMD-2024-00399,2024-03-23,38300,libéré,0.0
L2024-00400-1,CMD-2024-00400,2024-04-02,13500,libéré,0.0
L2024-00400-2,CMD-2024-00400,2024-04-07,13500,libéré,0.0
L2024-00401-1,CMD-2024-00401,2024-04-04,9700,libéré,0.0
L2024-00401-2,CMD-2024-00401,2024-03-22,9800,libéré,0.0
L2024-00402-1,CMD-2024-00402,2024-03-27,11500,libéré,0.0
L2024-00403-1,CMD-2024-00403,2024-03-30,11700,libéré,0.0
L2024-00403-2,CMD-2024-00403,2024-04-01,11800,libéré,0.0
L2024-00404-1,CMD-2024-00404,2024-03-25,9800,libéré,0.0
L2024-00404-2,CMD-2024-00404,2024-04-03,9800,rejeté,41865.6
L2024-00404-3,CMD-2024-00404,2024-03-28,9900,libéré,0.0
L2024-00405-1,CMD-2024-00405,2024-04-02,18500,libéré,0.0
L2024-00405-2,CMD-2024-00405,2024-04-07,18500,libéré,0.0
L2024-00405-3,CMD-2024-00405,2024-03-19,18500,libéré,0.0
L2024-00406-1,CMD-2024-00406,2024-03-21,38700,rejeté,178445.7
L2024-00406-2,CMD-2024-00406,2024-04-02,38800,libéré,0.0
L2024-00407-1,CMD-2024-00407,2024-03-26,29000,libéré,0.0
L2024-00408-1,CMD-2024-00408,2024-03-23,8700,libéré,0.0
L2024-00408-2,CMD-2024-00408,2024-04-04,8800,libéré,0.0
L2024-00409-1,CMD-2024-00409,2024-03-28,36500,libéré,0.0
L2024-00410-1,CMD-2024-00410,2024-03-25,20500,libéré,0.0
L2024-00411-1,CMD-2024-00411,2024-03-29,22000,libéré,0.0
L2024-00412-1,CMD-2024-00412,2024-03-25,11500,libéré,0.0
L2024-00412-2,CMD-2024-00412,2024-03-21,11500,libéré,0.0
L2024-00412-3,CMD-2024-00412,2024-03-28,11600,libéré,0.0
L2024-00413-1,CMD-2024-00413,2024-03-26,8100,libéré,0.0
L2024-00413-2,CMD-2024-00413,2024-03-20,8100,libéré,0.0
L2024-00413-3,CMD-2024-00413,2024-03-22,8300,libéré,0.0
L2024-00414-1,CMD-2024-00414,2024-04-04,12200,libéré,0.0
L2024-00414-2,CMD-2024-00414,2024-03-24,12300,libéré,0.0
L2024-00415-1,CMD-2024-00415,2024-04-07,40000,libéré,0.0
L2024-00416-1,CMD-2024-00416,2024-03-20,22000,retraité,8461.2
L2024-00417-1,CMD-2024-00417,2024-04-07,19500,libéré,0.0
L2024-00418-1,CMD-2024-00418,2024-04-05,48000,libéré,0.0
L2024-00418-2,CMD-2024-00418,2024-04-10,48000,libéré,0.0
L2024-00419-1,CMD-2024-00419,2024-03-24,65000,libéré,0.0
L2024-00420-1,CMD-2024-00420,2024-03-31,27100,libéré,0.0
L2024-00420-2,CMD-2024-00420,2024-04-02,27100,libéré,0.0
L2024-00420-3,CMD-2024-00420,2024-04-04,27300,libéré,0.0
L2024-00421-1,CMD-2024-00421,2024-04-15,18500,libéré,0.0
L2024-00422-1,CMD-2024-00422,2024-04-14,15000,libéré,0.0
L2024-00423-1,CMD-2024-00423,2024-04-06,59000,libéré,0.0
L2024-00424-1,CMD-2024-00424,2024-04-15,28100,libéré,0.0
L2024-00424-2,CMD-2024-00424,2024-04-17,28100,libéré,0.0
L2024-00424-3,CMD-2024-00424,2024-04-04,28300,libéré,0.0
L2024-00425-1,CMD-2024-00425,2024-03-23,40200,libéré,0.0
L2024-00425-2,CMD-2024-00425,2024-04-08,40300,libéré,0.0
L2024-00426-1,CMD-2024-00426,2024-03-24,20500,libéré,0.0
L2024-00426-2,CMD-2024-00426,2024-05-04,20500,libéré,0.0
L2024-00427-1,CMD-2024-00427,2024-04-12,64700,libéré,0.0
L2024-00427-2,CMD-2024-00427,2024-04-13,64800,libéré,0.0
L2024-00428-1,CMD-2024-00428,2024-03-30,19300,libéré,0.0
L2024-00428-2,CMD-2024-00428,2024-03-30,19300,libéré,0.0
L2024-00428-3,CMD-2024-00428,2024-04-01,19400,libéré,0.0
L2024-00429-1,CMD-2024-00429,2024-03-24,40200,libéré,0.0
L2024-00429-2,CMD-2024-00429,2024-04-06,40300,libéré,0.0
L2024-00430-1,CMD-2024-00430,2024-03-29,18000,libéré,0.0
L2024-00431-1,CMD-2024-00431,2024-04-04,45100,libéré,0.0
L2024-00431-2,CMD-2024-00431,2024-03-30,45100,libéré,0.0
L2024-00431-3,CMD-2024-00431,2024-04-07,45300,libéré,0.0
L2024-00432-1,CMD-2024-00432,2024-03-25,40500,libéré,0.0
L2024-00432-2,CMD-2024-00432,2024-04-05,40500,libéré,0.0
L2024-00433-1,CMD-2024-00433,2024-04-06,37200,libéré,0.0
L2024-00433-2,CMD-2024-00433,2024-03-28,37300,libéré,0.0
L2024-00434-1,CMD-2024-00434,2024-04-03,25000,libéré,0.0
L2024-00434-2,CMD-2024-00434,2024-03-28,25000,libéré,0.0
L2024-00435-1,CMD-2024-00435,2024-04-11,13500,libéré,0.0
L2024-00435-2,CMD-2024-00435,2024-03-29,13500,libéré,0.0
L2024-00435-3,CMD-2024-00435,2024-04-10,13500,libéré,0.0
L2024-00436-1,CMD-2024-00436,2024-04-15,44000,libéré,0.0
L2024-00437-1,CMD-2024-00437,2024-03-24,39500,libéré,0.0
L2024-00438-1,CMD-2024-00438,2024-03-28,13000,libéré,0.0
L2024-00438-2,CMD-2024-00438,2024-03-25,13000,libéré,0.0
L2024-00438-3,CMD-2024-00438,2024-03-31,13000,libéré,0.0
L2024-00439-1,CMD-2024-00439,2024-03-27,45500,libéré,0.0
L2024-00439-2,CMD-2024-00439,2024-03-27,45500,libéré,0.0
L2024-00439-3,CMD-2024-00439,2024-04-03,45500,libéré,0.0
L2024-00440-1,CMD-2024-00440,2024-03-24,35300,libéré,0.0
L2024-00440-2,CMD-2024-00440,2024-04-11,35300,libéré,0.0
L2024-00440-3,CMD-2024-00440,2024-04-16,35400,retraité,22142.7
L2024-00441-1,CMD-2024-00441,2024-03-28,23700,libéré,0.0
L2024-00441-2,CMD-2024-00441,2024-03-27,23800,libéré,0.0
L2024-00442-1,CMD-2024-00442,2024-04-11,23500,libéré,0.0
L2024-00443-1,CMD-2024-00443,2024-03-25,8100,libéré,0.0
L2024-00443-2,CMD-2024-00443,2024-03-28,8100,libéré,0.0
L2024-00443-3,CMD-2024-00443,2024-04-13,8300,libéré,0.0
L2024-00444-1,CMD-2024-00444,2024-04-16,9100,libéré,0.0
L2024-00444-2,CMD-2024-00444,2024-04-04,9100,libéré,0.0
L2024-00444-3,CMD-2024-00444,2024-03-29,9300,libéré,0.0
L2024-00445-1,CMD-2024-00445,2024-04-09,45700,libéré,0.0
L2024-00445-2,CMD-2024-00445,2024-03-26,45800,libéré,0.0
L2024-00446-1,CMD-2024-00446,2024-03-31,10000,libéré,0.0
L2024-00446-2,CMD-2024-00446,2024-03-28,10000,libéré,0.0
L2024-00447-1,CMD-2024-00447,2024-04-06,29800,libéré,0.0
L2024-00447-2,CMD-2024-00447,2024-04-08,29800,libéré,0.0
L2024-00447-3,CMD-2024-00447,2024-03-26,29900,libéré,0.0
L2024-00448-1,CMD-2024-00448,2024-04-16,9800,libéré,0.0
L2024-00448-2,CMD-2024-00448,2024-04-07,9800,libéré,0.0
L2024-00448-3,CMD-2024-00448,2024-04-16,9900,libéré,0.0
L2024-00449-1,CMD-2024-00449,2024-04-13,36000,libéré,0.0
L2024-00450-1,CMD-2024-00450,2024-03-30,15600,libéré,0.0
L2024-00450-2,CMD-2024-00450,2024-04-03,15600,rejeté,65317.2
L2024-00450-3,CMD-2024-00450,2024-03-26,15800,libéré,0.0
L2024-00451-1,CMD-2024-00451,2024-04-09,22700,libéré,0.0
L2024-00451-2,CMD-2024-00451,2024-04-03,22800,libéré,0.0
L2024-00452-1,CMD-2024-00452,2024-04-02,33000,libéré,0.0
L2024-00453-1,CMD-2024-00453,2024-04-07,41700,libéré,0.0
L2024-00453-2,CMD-2024-00453,2024-03-28,41800,libéré,0.0
L2024-00454-1,CMD-2024-00454,2024-04-09,11000,libéré,0.0
L2024-00454-2,CMD-2024-00454,2024-04-09,11000,libéré,0.0
L2024-00454-3,CMD-2024-00454,2024-04-11,11000,libéré,0.0
L2024-00455-1,CMD-2024-00455,2024-04-08,5700,libéré,0.0
L2024-00455-2,CMD-2024-00455,2024-03-30,5800,libéré,0.0
L2024-00456-1,CMD-2024-00456,2024-03-31,48000,libéré,0.0
L2024-00456-2,CMD-2024-00456,2024-04-16,48000,libéré,0.0
L2024-00457-1,CMD-2024-00457,2024-03-30,17100,libéré,0.0
L2024-00457-2,CMD-2024-00457,2024-04-03,17100,libéré,0.0
L2024-00457-3,CMD-2024-00457,2024-03-28,17300,libéré,0.0
L2024-00458-1,CMD-2024-00458,2024-03-31,51000,libéré,0.0
L2024-00458-2,CMD-2024-00458,2024-03-28,51000,libéré,0.0
L2024-00459-1,CMD-2024-00459,2024-04-02,24500,libéré,0.0
L2024-00460-1,CMD-2024-00460,2024-04-13,17200,libéré,0.0
L2024-00460-2,CMD-2024-00460,2024-04-05,17300,libéré,0.0
L2024-00461-1,CMD-2024-00461,2024-03-30,50500,libéré,0.0
L2024-00462-1,CMD-2024-00462,2024-04-23,44500,libéré,0.0
L2024-00463-1,CMD-2024-00463,2024-03-30,41500,libéré,0.0
L2024-00464-1,CMD-2024-00464,2024-03-30,25000,retraité,12506.25
L2024-00464-2,CMD-2024-00464,2024-04-08,25000,libéré,0.0
L2024-00465-1,CMD-2024-00465,2024-04-01,6800,libéré,0.0
L2024-00465-2,CMD-2024-00465,2024-04-09,6800,libéré,0.0
L2024-00465-3,CMD-2024-00465,2024-04-17,6900,libéré,0.0
L2024-00466-1,CMD-2024-00466,2024-04-15,50000,libéré,0.0
L2024-00466-2,CMD-2024-00466,2024-04-16,50000,retraité,25207.5
L2024-00466-3,CMD-2024-00466,2024-04-03,50000,libéré,0.0
L2024-00467-1,CMD-2024-00467,2024-04-23,39000,libéré,0.0
L2024-00468-1,CMD-2024-00468,2024-04-08,65500,libéré,0.0
L2024-00469-1,CMD-2024-00469,2024-04-10,14000,libéré,0.0
L2024-00470-1,CMD-2024-00470,2024-04-11,16600,libéré,0.0
L2024-00470-2,CMD-2024-00470,2024-04-11,16600,libéré,0.0
L2024-00470-3,CMD-2024-00470,2024-03-31,16800,libéré,0.0
L2024-00471-1,CMD-2024-00471,2024-04-08,56500,libéré,0.0
L2024-00471-2,CMD-2024-00471,2024-04-28,56500,libéré,0.0
L2024-00472-1,CMD-2024-00472,2024-04-10,20700,libéré,0.0
L2024-00472-2,CMD-2024-00472,2024-04-06,20800,libéré,0.0
L2024-00473-1,CMD-2024-00473,2024-04-14,12500,libéré,0.0
L2024-00474-1,CMD-2024-00474,2024-04-03,11500,libéré,0.0
L2024-00474-2,CMD-2024-00474,2024-04-07,11500,retraité,5066.32
L2024-00475-1,CMD-2024-00475,2024-04-10,10800,rejeté,31471.2
L2024-00475-2,CMD-2024-00475,2024-04-21,10800,libéré,0.0
L2024-00475-3,CMD-2024-00475,2024-04-27,10900,libéré,0.0
L2024-00476-1,CMD-2024-00476,2024-04-07,25500,libéré,0.0
L2024-00477-1,CMD-2024-00477,2024-04-02,6800,libéré,0.0
L2024-00477-2,CMD-2024-00477,2024-04-02,6800,libéré,0.0
L2024-00477-3,CMD-2024-00477,2024-04-05,6900,libéré,0.0
L2024-00478-1,CMD-2024-00478,2024-04-23,54500,libéré,0.0
L2024-00479-1,CMD-2024-00479,2024-04-04,11000,retraité,7426.65
L2024-00479-2,CMD-2024-00479,2024-04-13,11000,libéré,0.0
L2024-00480-1,CMD-2024-00480,2024-04-25,56000,libéré,0.0
L2024-00481-1,CMD-2024-00481,2024-04-16,50000,libéré,0.0
L2024-00481-2,CMD-2024-00481,2024-04-04,50000,libéré,0.0
L2024-00481-3,CMD-2024-00481,2024-04-18,50000,libéré,0.0
L2024-00482-1,CMD-2024-00482,2024-04-09,11300,libéré,0.0
L2024-00482-2,CMD-2024-00482,2024-04-08,11300,libéré,0.0
L2024-00482-3,CMD-2024-00482,2024-04-12,11400,libéré,0.0
L2024-00483-1,CMD-2024-00483,2024-04-15,10000,libéré,0.0
L2024-00484-1,CMD-2024-00484,2024-04-06,31800,libéré,0.0
L2024-00484-2,CMD-2024-00484,2024-04-16,31800,libéré,0.0
L2024-00484-3,CMD-2024-00484,2024-04-17,31900,retraité,18986.88
L2024-00485-1,CMD-2024-00485,2024-04-14,9600,rejeté,15676.8
L2024-00486-1,CMD-2024-00486,2024-04-26,27100,libéré,0.0
L2024-00486-2,CMD-2024-00486,2024-04-30,27200,libéré,0.0
L2024-00487-1,CMD-2024-00487,2024-04-08,13200,libéré,0.0
L2024-00487-2,CMD-2024-00487,2024-04-05,13300,libéré,0.0
L2024-00488-1,CMD-2024-00488,2024-04-08,24500,libéré,0.0
L2024-00488-2,CMD-2024-00488,2024-04-09,24500,libéré,0.0
L2024-00489-1,CMD-2024-00489,2024-04-19,11600,libéré,0.0
L2024-00489-2,CMD-2024-00489,2024-04-18,11600,libéré,0.0
L2024-00489-3,CMD-2024-00489,2024-04-17,11800,libéré,0.0
L2024-00490-1,CMD-2024-00490,2024-04-09,20000,libéré,0.0
L2024-00491-1,CMD-2024-00491,2024-04-18,15500,libéré,0.0
L2024-00491-2,CMD-2024-00491,2024-04-06,15500,libéré,0.0
L2024-00491-3,CMD-2024-00491,2024-04-08,15500,libéré,0.0
L2024-00492-1,CMD-2024-00492,2024-04-09,19600,libéré,0.0
L2024-00492-2,CMD-2024-00492,2024-04-17,19600,libéré,0.0
L2024-00492-3,CMD-2024-00492,2024-04-15,19800,libéré,0.0
L2024-00493-1,CMD-2024-00493,2024-05-06,15600,libéré,0.0
L2024-00493-2,CMD-2024-00493,2024-04-28,15600,libéré,0.0
L2024-00493-3,CMD-2024-00493,2024-04-12,15800,libéré,0.0
L2024-00494-1,CMD-2024-00494,2024-04-15,78000,libéré,0.0
L2024-00495-1,CMD-2024-00495,2024-04-18,16600,libéré,0.0
L2024-00495-2,CMD-2024-00495,2024-04-12,16600,libéré,0.0
L2024-00495-3,CMD-2024-00495,2024-04-22,16800,libéré,0.0
L2024-00496-1,CMD-2024-00496,2024-05-06,28500,libéré,0.0
L2024-00496-2,CMD-2024-00496,2024-05-07,28500,libéré,0.0
L2024-00497-1,CMD-2024-00497,2024-04-07,10000,retraité,4207.5
L2024-00497-2,CMD-2024-00497,2024-04-18,10000,libéré,0.0
L2024-00498-1,CMD-2024-00498,2024-04-10,14200,libéré,0.0
L2024-00498-2,CMD-2024-00498,2024-04-24,14300,libéré,0.0
L2024-00499-1,CMD-2024-00499,2024-05-04,50000,libéré,0.0
L2024-00499-2,CMD-2024-00499,2024-05-10,50000,libéré,0.0
L2024-00499-3,CMD-2024-00499,2024-04-30,50000,libéré,0.0
L2024-00500-1,CMD-2024-00500,2024-04-19,11600,libéré,0.0
L2024-00500-2,CMD-2024-00500,2024-04-12,11600,libéré,0.0
L2024-00500-3,CMD-2024-00500,2024-04-13,11800,libéré,0.0
L2024-00501-1,CMD-2024-00501,2024-04-12,42700,libéré,0.0
L2024-00501-2,CMD-2024-00501,2024-04-18,42800,libéré,0.0
L2024-00502-1,CMD-2024-00502,2024-04-18,13000,libéré,0.0
L2024-00503-1,CMD-2024-00503,2024-05-03,16100,libéré,0.0
L2024-00503-2,CMD-2024-00503,2024-04-28,16100,libéré,0.0
L2024-00503-3,CMD-2024-00503,2024-04-15,16300,libéré,0.0
L2024-00504-1,CMD-2024-00504,2024-04-18,16200,libéré,0.0
L2024-00504-2,CMD-2024-00504,2024-04-09,16300,libéré,0.0
L2024-00505-1,CMD-2024-00505,2024-04-08,18500,libéré,0.0
L2024-00506-1,CMD-2024-00506,2024-04-12,44500,retraité,20058.38
L2024-00506-2,CMD-2024-00506,2024-04-07,44500,libéré,0.0
L2024-00507-1,CMD-2024-00507,2024-04-21,17800,libéré,0.0
L2024-00507-2,CMD-2024-00507,2024-04-23,17800,libéré,0.0
L2024-00507-3,CMD-2024-00507,2024-04-23,17900,libéré,0.0
L2024-00508-1,CMD-2024-00508,2024-04-27,13000,libéré,0.0
L2024-00508-2,CMD-2024-00508,2024-05-04,13000,libéré,0.0
L2024-00509-1,CMD-2024-00509,2024-04-11,9300,libéré,0.0
L2024-00509-2,CMD-2024-00509,2024-04-15,9300,libéré,0.0
L2024-00509-3,CMD-2024-00509,2024-04-16,9400,libéré,0.0
L2024-00510-1,CMD-2024-00510,2024-04-09,46800,libéré,0.0
L2024-00510-2,CMD-2024-00510,2024-05-01,46800,libéré,0.0
L2024-00510-3,CMD-2024-00510,2024-05-08,46900,libéré,0.0
L2024-00511-1,CMD-2024-00511,2024-04-21,36000,libéré,0.0
L2024-00512-1,CMD-2024-00512,2024-04-10,14000,libéré,0.0
L2024-00512-2,CMD-2024-00512,2024-04-23,14000,libéré,0.0
L2024-00513-1,CMD-2024-00513,2024-04-17,68000,libéré,0.0
L2024-00514-1,CMD-2024-00514,2024-04-22,25200,libéré,0.0
L2024-00514-2,CMD-2024-00514,2024-04-28,25300,libéré,0.0
L2024-00515-1,CMD-2024-00515,2024-04-26,22600,libéré,0.0
L2024-00515-2,CMD-2024-00515,2024-05-06,22600,libéré,0.0
L2024-00515-3,CMD-2024-00515,2024-05-02,22800,libéré,0.0
L2024-00516-1,CMD-2024-00516,2024-05-09,5700,libéré,0.0
L2024-00516-2,CMD-2024-00516,2024-04-17,5800,libéré,0.0
L2024-00517-1,CMD-2024-00517,2024-04-28,22500,libéré,0.0
L2024-00517-2,CMD-2024-00517,2024-05-13,22500,libéré,0.0
L2024-00517-3,CMD-2024-00517,2024-05-14,22500,libéré,0.0
L2024-00518-1,CMD-2024-00518,2024-04-09,50500,libéré,0.0
L2024-00519-1,CMD-2024-00519,2024-04-09,74500,libéré,0.0
L2024-00520-1,CMD-2024-00520,2024-04-14,46000,libéré,0.0
L2024-00520-2,CMD-2024-00520,2024-04-12,46000,libéré,0.0
L2024-00521-1,CMD-2024-00521,2024-04-18,8100,libéré,0.0
L2024-00521-2,CMD-2024-00521,2024-04-20,8100,libéré,0.0
L2024-00521-3,CMD-2024-00521,2024-05-04,8300,libéré,0.0
L2024-00522-1,CMD-2024-00522,2024-05-01,7700,libéré,0.0
L2024-00522-2,CMD-2024-00522,2024-04-21,7800,libéré,0.0
L2024-00523-1,CMD-2024-00523,2024-04-25,13000,libéré,0.0
L2024-00523-2,CMD-2024-00523,2024-04-18,13000,libéré,0.0
L2024-00523-3,CMD-2024-00523,2024-05-02,13000,libéré,0.0
L2024-00524-1,CMD-2024-00524,2024-04-26,10300,libéré,0.0
L2024-00524-2,CMD-2024-00524,2024-04-19,10300,libéré,0.0
L2024-00524-3,CMD-2024-00524,2024-04-12,10400,libéré,0.0
L2024-00525-1,CMD-2024-00525,2024-04-10,5200,libéré,0.0
L2024-00525-2,CMD-2024-00525,2024-04-17,5300,libéré,0.0
L2024-00526-1,CMD-2024-00526,2024-04-14,23500,libéré,0.0
L2024-00526-2,CMD-2024-00526,2024-04-16,23500,libéré,0.0
L2024-00526-3,CMD-2024-00526,2024-05-06,23500,libéré,0.0
L2024-00527-1,CMD-2024-00527,2024-04-12,15800,libéré,0.0
L2024-00527-2,CMD-2024-00527,2024-04-09,15800,libéré,0.0
L2024-00527-3,CMD-2024-00527,2024-04-17,15900,libéré,0.0
L2024-00528-1,CMD-2024-00528,2024-04-19,21700,libéré,0.0
L2024-00528-2,CMD-2024-00528,2024-04-19,21800,libéré,0.0
L2024-00529-1,CMD-2024-00529,2024-04-10,13800,libéré,0.0
L2024-00529-2,CMD-2024-00529,2024-04-22,13800,libéré,0.0
L2024-00529-3,CMD-2024-00529,2024-04-22,13900,libéré,0.0
L2024-00530-1,CMD-2024-00530,2024-04-25,40500,libéré,0.0
L2024-00531-1,CMD-2024-00531,2024-04-29,21000,libéré,0.0
L2024-00531-2,CMD-2024-00531,2024-04-13,21000,libéré,0.0
L2024-00532-1,CMD-2024-00532,2024-04-21,45300,libéré,0.0
L2024-00532-2,CMD-2024-00532,2024-04-13,45300,libéré,0.0
L2024-00532-3,CMD-2024-00532,2024-04-11,45400,libéré,0.0
L2024-00533-1,CMD-2024-00533,2024-04-16,12500,libéré,0.0
L2024-00533-2,CMD-2024-00533,2024-04-23,12500,libéré,0.0
L2024-00533-3,CMD-2024-00533,2024-04-10,12500,libéré,0.0
L2024-00534-1,CMD-2024-00534,2024-05-05,26000,libéré,0.0
L2024-00535-1,CMD-2024-00535,2024-04-10,22800,libéré,0.0
L2024-00535-2,CMD-2024-00535,2024-04-12,22800,libéré,0.0
L2024-00535-3,CMD-2024-00535,2024-04-12,22900,libéré,0.0
L2024-00536-1,CMD-2024-00536,2024-04-23,44500,retraité,12802.65
L2024-00536-2,CMD-2024-00536,2024-04-17,44500,libéré,0.0
L2024-00537-1,CMD-2024-00537,2024-04-16,27000,libéré,0.0
L2024-00538-1,CMD-2024-00538,2024-05-01,14800,libéré,0.0
L2024-00538-2,CMD-2024-00538,2024-05-02,14800,libéré,0.0
L2024-00538-3,CMD-2024-00538,2024-04-29,14900,libéré,0.0
L2024-00539-1,CMD-2024-00539,2024-05-03,34500,libéré,0.0
L2024-00540-1,CMD-2024-00540,2024-04-23,71000,libéré,0.0
L2024-00541-1,CMD-2024-00541,2024-04-13,10000,retraité,6286.5
L2024-00541-2,CMD-2024-00541,2024-04-13,10000,libéré,0.0
L2024-00542-1,CMD-2024-00542,2024-05-05,13800,libéré,0.0
L2024-00542-2,CMD-2024-00542,2024-04-14,13800,libéré,0.0
L2024-00542-3,CMD-2024-00542,2024-04-25,13900,libéré,0.0
L2024-00543-1,CMD-2024-00543,2024-04-17,14000,libéré,0.0
L2024-00543-2,CMD-2024-00543,2024-04-20,14000,libéré,0.0
L2024-00544-1,CMD-2024-00544,2024-04-27,14800,libéré,0.0
L2024-00544-2,CMD-2024-00544,2024-04-21,14800,rejeté,41987.6
L2024-00544-3,CMD-2024-00544,2024-04-19,14900,libéré,0.0
L2024-00545-1,CMD-2024-00545,2024-04-22,16200,libéré,0.0
L2024-00545-2,CMD-2024-00545,2024-05-07,16300,libéré,0.0
L2024-00546-1,CMD-2024-00546,2024-04-19,29500,libéré,0.0
L2024-00546-2,CMD-2024-00546,2024-04-19,29500,libéré,0.0
L2024-00547-1,CMD-2024-00547,2024-04-25,12200,libéré,0.0
L2024-00547-2,CMD-2024-00547,2024-04-16,12300,libéré,0.0
L2024-00548-1,CMD-2024-00548,2024-04-17,21500,libéré,0.0
L2024-00549-1,CMD-2024-00549,2024-05-15,34000,libéré,0.0
L2024-00549-2,CMD-2024-00549,2024-04-20,34000,libéré,0.0
L2024-00550-1,CMD-2024-00550,2024-04-21,63000,libéré,0.0
L2024-00551-1,CMD-2024-00551,2024-05-03,11500,libéré,0.0
L2024-00551-2,CMD-2024-00551,2024-05-04,11500,libéré,0.0
L2024-00552-1,CMD-2024-00552,2024-04-28,42700,libéré,0.0
L2024-00552-2,CMD-2024-00552,2024-04-25,42800,libéré,0.0
L2024-00553-1,CMD-2024-00553,2024-04-18,53600,libéré,0.0
L2024-00554-1,CMD-2024-00554,2024-04-23,9700,libéré,0.0
L2024-00554-2,CMD-2024-00554,2024-04-28,9800,libéré,0.0
L2024-00555-1,CMD-2024-00555,2024-04-25,12200,libéré,0.0
L2024-00555-2,CMD-2024-00555,2024-04-22,12300,libéré,0.0
L2024-00556-1,CMD-2024-00556,2024-05-04,11300,libéré,0.0
L2024-00556-2,CMD-2024-00556,2024-05-04,11300,libéré,0.0
L2024-00556-3,CMD-2024-00556,2024-05-03,11400,libéré,0.0
L2024-00557-1,CMD-2024-00557,2024-04-16,19000,libéré,0.0
L2024-00557-2,CMD-2024-00557,2024-04-26,19000,libéré,0.0
L2024-00558-1,CMD-2024-00558,2024-04-25,19000,libéré,0.0
L2024-00558-2,CMD-2024-00558,2024-05-04,19000,libéré,0.0
L2024-00559-1,CMD-2024-00559,2024-04-21,58000,libéré,0.0
L2024-00560-1,CMD-2024-00560,2024-04-26,13000,libéré,0.0
L2024-00561-1,CMD-2024-00561,2024-04-28,16700,libéré,0.0
L2024-00561-2,CMD-2024-00561,2024-05-04,16800,libéré,0.0
L2024-00562-1,CMD-2024-00562,2024-04-20,17000,libéré,0.0
L2024-00562-2,CMD-2024-00562,2024-04-25,17000,libéré,0.0
L2024-00563-1,CMD-2024-00563,2024-04-23,9800,libéré,0.0
L2024-00563-2,CMD-2024-00563,2024-04-25,9800,libéré,0.0
L2024-00563-3,CMD-2024-00563,2024-04-24,9900,libéré,0.0
L2024-00564-1,CMD-2024-00564,2024-05-09,11000,libéré,0.0
L2024-00565-1,CMD-2024-00565,2024-05-03,23100,libéré,0.0
L2024-00565-2,CMD-2024-00565,2024-04-30,23100,libéré,0.0
L2024-00565-3,CMD-2024-00565,2024-04-16,23300,libéré,0.0
L2024-00566-1,CMD-2024-00566,2024-04-25,12300,libéré,0.0
L2024-00566-2,CMD-2024-00566,2024-04-23,12300,libéré,0.0
L2024-00566-3,CMD-2024-00566,2024-04-16,12400,libéré,0.0
L2024-00567-1,CMD-2024-00567,2024-04-27,31700,libéré,0.0
L2024-00567-2,CMD-2024-00567,2024-05-03,31800,libéré,0.0
L2024-00568-1,CMD-2024-00568,2024-04-19,68000,libéré,0.0
L2024-00569-1,CMD-2024-00569,2024-04-22,65500,rejeté,351145.5
L2024-00570-1,CMD-2024-00570,2024-04-30,17200,libéré,0.0
L2024-00570-2,CMD-2024-00570,2024-04-23,17300,libéré,0.0
L2024-00571-1,CMD-2024-00571,2024-05-05,29700,libéré,0.0
L2024-00571-2,CMD-2024-00571,2024-05-10,29800,libéré,0.0
L2024-00572-1,CMD-2024-00572,2024-04-27,27600,libéré,0.0
L2024-00572-2,CMD-2024-00572,2024-05-07,27600,libéré,0.0
L2024-00572-3,CMD-2024-00572,2024-04-29,27800,libéré,0.0
L2024-00573-1,CMD-2024-00573,2024-04-23,21000,libéré,0.0
L2024-00573-2,CMD-2024-00573,2024-04-26,21000,libéré,0.0
L2024-00573-3,CMD-2024-00573,2024-05-22,21000,libéré,0.0
L2024-00574-1,CMD-2024-00574,2024-05-04,31200,libéré,0.0
L2024-00574-2,CMD-2024-00574,2024-05-06,31300,libéré,0.0
L2024-00575-1,CMD-2024-00575,2024-04-21,12500,libéré,0.0
L2024-00575-2,CMD-2024-00575,2024-04-21,12500,libéré,0.0
L2024-00575-3,CMD-2024-00575,2024-04-27,12500,libéré,0.0
L2024-00576-1,CMD-2024-00576,2024-05-15,75000,retraité,40983.75
L2024-00576-2,CMD-2024-00576,2024-04-26,75000,libéré,0.0
L2024-00577-1,CMD-2024-00577,2024-04-25,9000,libéré,0.0
L2024-00577-2,CMD-2024-00577,2024-05-03,9000,libéré,0.0
L2024-00578-1,CMD-2024-00578,2024-04-24,40500,rejeté,161635.5
L2024-00579-1,CMD-2024-00579,2024-04-25,54000,libéré,0.0
L2024-00579-2,CMD-2024-00579,2024-05-08,54000,libéré,0.0
L2024-00580-1,CMD-2024-00580,2024-05-04,19700,libéré,0.0
L2024-00580-2,CMD-2024-00580,2024-04-30,19800,libéré,0.0
L2024-00581-1,CMD-2024-00581,2024-04-24,27500,libéré,0.0
L2024-00581-2,CMD-2024-00581,2024-04-27,27500,libéré,0.0
L2024-00581-3,CMD-2024-00581,2024-04-28,27500,libéré,0.0
L2024-00582-1,CMD-2024-00582,2024-04-24,27500,libéré,0.0
L2024-00582-2,CMD-2024-00582,2024-04-22,27500,libéré,0.0
L2024-00583-1,CMD-2024-00583,2024-04-22,37500,libéré,0.0
L2024-00583-2,CMD-2024-00583,2024-05-20,37500,libéré,0.0
L2024-00584-1,CMD-2024-00584,2024-04-26,5000,libéré,0.0
L2024-00584-2,CMD-2024-00584,2024-04-24,5000,libéré,0.0
L2024-00585-1,CMD-2024-00585,2024-04-21,16700,libéré,0.0
L2024-00585-2,CMD-2024-00585,2024-04-30,16800,libéré,0.0
L2024-00586-1,CMD-2024-00586,2024-05-18,10000,libéré,0.0
L2024-00586-2,CMD-2024-00586,2024-05-13,10000,libéré,0.0
L2024-00587-1,CMD-2024-00587,2024-04-27,7000,retraité,5032.65
L2024-00587-2,CMD-2024-00587,2024-05-05,7000,libéré,0.0
L2024-00588-1,CMD-2024-00588,2024-05-17,16800,libéré,0.0
L2024-00588-2,CMD-2024-00588,2024-04-22,16800,libéré,0.0
L2024-00588-3,CMD-2024-00588,2024-04-30,16900,libéré,0.0
L2024-00589-1,CMD-2024-00589,2024-05-11,10100,libéré,0.0
L2024-00589-2,CMD-2024-00589,2024-05-06,10100,libéré,0.0
L2024-00589-3,CMD-2024-00589,2024-05-24,10300,libéré,0.0
L2024-00590-1,CMD-2024-00590,2024-04-24,8500,libéré,0.0
L2024-00590-2,CMD-2024-00590,2024-04-26,8500,libéré,0.0
L2024-00591-1,CMD-2024-00591,2024-05-03,71500,libéré,0.0
L2024-00592-1,CMD-2024-00592,2024-04-26,41000,libéré,0.0
L2024-00593-1,CMD-2024-00593,2024-04-29,16700,libéré,0.0
L2024-00593-2,CMD-2024-00593,2024-04-26,16800,libéré,0.0
L2024-00594-1,CMD-2024-00594,2024-05-10,14700,libéré,0.0
L2024-00594-2,CMD-2024-00594,2024-05-17,14800,libéré,0.0
L2024-00595-1,CMD-2024-00595,2024-05-14,23500,libéré,0.0
L2024-00595-2,CMD-2024-00595,2024-04-29,23500,libéré,0.0
L2024-00595-3,CMD-2024-00595,2024-05-12,23500,libéré,0.0
L2024-00596-1,CMD-2024-00596,2024-04-25,17000,libéré,0.0
L2024-00596-2,CMD-2024-00596,2024-05-27,17000,libéré,0.0
L2024-00597-1,CMD-2024-00597,2024-04-29,18700,libéré,0.0
L2024-00597-2,CMD-2024-00597,2024-05-06,18800,libéré,0.0
L2024-00598-1,CMD-2024-00598,2024-05-13,32000,libéré,0.0
L2024-00598-2,CMD-2024-00598,2024-04-25,32000,retraité,22761.6
L2024-00599-1,CMD-2024-00599,2024-05-15,9700,libéré,0.0
L2024-00599-2,CMD-2024-00599,2024-05-05,9800,libéré,0.0
L2024-00600-1,CMD-2024-00600,2024-05-10,10300,libéré,0.0
L2024-00600-2,CMD-2024-00600,2024-05-11,10300,libéré,0.0
L2024-00600-3,CMD-2024-00600,2024-05-05,10400,libéré,0.0
L2024-00601-1,CMD-2024-00601,2024-04-22,15300,libéré,0.0
L2024-00601-2,CMD-2024-00601,2024-04-24,15300,libéré,0.0
L2024-00601-3,CMD-2024-00601,2024-04-27,15400,libéré,0.0
L2024-00602-1,CMD-2024-00602,2024-05-12,61000,libéré,0.0
L2024-00602-2,CMD-2024-00602,2024-04-27,61000,libéré,0.0
L2024-00603-1,CMD-2024-00603,2024-04-23,9000,retraité,4226.85
L2024-00603-2,CMD-2024-00603,2024-05-01,9000,libéré,0.0
L2024-00603-3,CMD-2024-00603,2024-05-03,9000,libéré,0.0
L2024-00604-1,CMD-2024-00604,2024-05-04,31500,libéré,0.0
L2024-00605-1,CMD-2024-00605,2024-04-28,28600,libéré,0.0
L2024-00605-2,CMD-2024-00605,2024-05-05,28600,libéré,0.0
L2024-00605-3,CMD-2024-00605,2024-05-01,28800,libéré,0.0
L2024-00606-1,CMD-2024-00606,2024-04-30,28500,libéré,0.0
L2024-00606-2,CMD-2024-00606,2024-04-28,28500,libéré,0.0
L2024-00607-1,CMD-2024-00607,2024-04-23,32000,libéré,0.0
L2024-00608-1,CMD-2024-00608,2024-04-29,14000,libéré,0.0
L2024-00608-2,CMD-2024-00608,2024-04-26,14000,libéré,0.0
L2024-00608-3,CMD-2024-00608,2024-04-26,14000,libéré,0.0
L2024-00609-1,CMD-2024-00609,2024-05-06,13700,libéré,0.0
L2024-00609-2,CMD-2024-00609,2024-05-05,13800,libéré,0.0
L2024-00610-1,CMD-2024-00610,2024-04-29,23800,libéré,0.0
L2024-00610-2,CMD-2024-00610,2024-04-26,23800,libéré,0.0
L2024-00610-3,CMD-2024-00610,2024-05-02,23900,libéré,0.0
L2024-00611-1,CMD-2024-00611,2024-04-26,39500,libéré,0.0
L2024-00612-1,CMD-2024-00612,2024-05-25,52500,libéré,0.0
L2024-00613-1,CMD-2024-00613,2024-05-21,12000,libéré,0.0
L2024-00613-2,CMD-2024-00613,2024-05-15,12000,libéré,0.0
L2024-00614-1,CMD-2024-00614,2024-05-19,12600,libéré,0.0
L2024-00614-2,CMD-2024-00614,2024-05-07,12600,libéré,0.0
L2024-00614-3,CMD-2024-00614,2024-05-12,12800,libéré,0.0
L2024-00615-1,CMD-2024-00615,2024-04-26,46000,libéré,0.0
L2024-00615-2,CMD-2024-00615,2024-04-30,46000,libéré,0.0
L2024-00615-3,CMD-2024-00615,2024-05-14,46000,libéré,0.0
L2024-00616-1,CMD-2024-00616,2024-04-27,26200,libéré,0.0
L2024-00616-2,CMD-2024-00616,2024-05-03,26300,libéré,0.0
L2024-00617-1,CMD-2024-00617,2024-05-06,63000,libéré,0.0
L2024-00618-1,CMD-2024-00618,2024-05-15,62200,retraité,25107.03
L2024-00618-2,CMD-2024-00618,2024-05-10,62300,libéré,0.0
L2024-00619-1,CMD-2024-00619,2024-05-09,13600,libéré,0.0
L2024-00619-2,CMD-2024-00619,2024-05-03,13600,libéré,0.0
L2024-00619-3,CMD-2024-00619,2024-05-07,13800,libéré,0.0
L2024-00620-1,CMD-2024-00620,2024-05-06,16100,libéré,0.0
L2024-00620-2,CMD-2024-00620,2024-04-25,16100,libéré,0.0
L2024-00620-3,CMD-2024-00620,2024-04-29,16300,libéré,0.0
L2024-00621-1,CMD-2024-00621,2024-04-28,13000,libéré,0.0
L2024-00621-2,CMD-2024-00621,2024-05-05,13000,libéré,0.0
L2024-00621-3,CMD-2024-00621,2024-04-29,13000,libéré,0.0
L2024-00622-1,CMD-2024-00622,2024-05-06,32500,libéré,0.0
L2024-00622-2,CMD-2024-00622,2024-04-29,32500,retraité,22600.5
L2024-00622-3,CMD-2024-00622,2024-05-01,32500,libéré,0.0
L2024-00623-1,CMD-2024-00623,2024-05-26,32000,libéré,0.0
L2024-00623-2,CMD-2024-00623,2024-05-10,32000,libéré,0.0
L2024-00624-1,CMD-2024-00624,2024-05-24,9100,libéré,0.0
L2024-00624-2,CMD-2024-00624,2024-05-01,9100,libéré,0.0
L2024-00624-3,CMD-2024-00624,2024-05-20,9300,libéré,0.0
L2024-00625-1,CMD-2024-00625,2024-05-09,11200,libéré,0.0
L2024-00625-2,CMD-2024-00625,2024-05-05,11300,libéré,0.0
L2024-00626-1,CMD-2024-00626,2024-05-12,21500,libéré,0.0
L2024-00626-2,CMD-2024-00626,2024-05-18,21500,libéré,0.0
L2024-00627-1,CMD-2024-00627,2024-05-01,21500,libéré,0.0
L2024-00628-1,CMD-2024-00628,2024-05-05,14100,libéré,0.0
L2024-00628-2,CMD-2024-00628,2024-05-01,14100,libéré,0.0
L2024-00628-3,CMD-2024-00628,2024-05-01,14300,libéré,0.0
L2024-00629-1,CMD-2024-00629,2024-05-23,28500,libéré,0.0
L2024-00629-2,CMD-2024-00629,2024-05-04,28500,libéré,0.0
L2024-00630-1,CMD-2024-00630,2024-05-12,75000,retraité,34762.5
L2024-00630-2,CMD-2024-00630,2024-04-28,75000,libéré,0.0
L2024-00631-1,CMD-2024-00631,2024-05-09,13100,libéré,0.0
L2024-00631-2,CMD-2024-00631,2024-05-04,13100,rejeté,37767.3
L2024-00631-3,CMD-2024-00631,2024-05-08,13300,libéré,0.0
L2024-00632-1,CMD-2024-00632,2024-05-05,7200,libéré,0.0
L2024-00632-2,CMD-2024-00632,2024-05-13,7300,libéré,0.0
L2024-00633-1,CMD-2024-00633,2024-05-23,20500,libéré,0.0
L2024-00633-2,CMD-2024-00633,2024-05-17,20500,libéré,0.0
L2024-00634-1,CMD-2024-00634,2024-04-30,17000,libéré,0.0
L2024-00634-2,CMD-2024-00634,2024-04-30,17000,libéré,0.0
L2024-00634-3,CMD-2024-00634,2024-05-06,17000,libéré,0.0
L2024-00635-1,CMD-2024-00635,2024-05-15,15000,libéré,0.0
L2024-00636-1,CMD-2024-00636,2024-05-03,19300,libéré,0.0
L2024-00636-2,CMD-2024-00636,2024-05-06,19300,libéré,0.0
L2024-00636-3,CMD-2024-00636,2024-05-10,19400,libéré,0.0
L2024-00637-1,CMD-2024-00637,2024-05-16,18700,libéré,0.0
L2024-00637-2,CMD-2024-00637,2024-05-01,18800,libéré,0.0
L2024-00638-1,CMD-2024-00638,2024-05-10,17000,libéré,0.0
L2024-00638-2,CMD-2024-00638,2024-05-03,17000,libéré,0.0
L2024-00639-1,CMD-2024-00639,2024-05-15,48500,libéré,0.0
L2024-00640-1,CMD-2024-00640,2024-05-02,21200,libéré,0.0
L2024-00640-2,CMD-2024-00640,2024-05-07,21300,libéré,0.0
L2024-00641-1,CMD-2024-00641,2024-05-20,27500,libéré,0.0
L2024-00641-2,CMD-2024-00641,2024-05-11,27500,libéré,0.0
L2024-00642-1,CMD-2024-00642,2024-05-01,47000,libéré,0.0
L2024-00643-1,CMD-2024-00643,2024-05-21,6300,libéré,0.0
L2024-00643-2,CMD-2024-00643,2024-05-08,6300,libéré,0.0
L2024-00643-3,CMD-2024-00643,2024-05-20,6400,libéré,0.0
L2024-00644-1,CMD-2024-00644,2024-05-06,6700,libéré,0.0
L2024-00644-2,CMD-2024-00644,2024-05-11,6800,libéré,0.0
L2024-00645-1,CMD-2024-00645,2024-05-01,29700,libéré,0.0
L2024-00645-2,CMD-2024-00645,2024-05-03,29800,libéré,0.0
L2024-00646-1,CMD-2024-00646,2024-05-10,6100,libéré,0.0
L2024-00646-2,CMD-2024-00646,2024-05-13,6100,libéré,0.0
L2024-00646-3,CMD-2024-00646,2024-05-12,6300,libéré,0.0
L2024-00647-1,CMD-2024-00647,2024-05-31,40700,libéré,0.0
L2024-00647-2,CMD-2024-00647,2024-05-29,40800,libéré,0.0
L2024-00648-1,CMD-2024-00648,2024-05-16,18200,libéré,0.0
L2024-00648-2,CMD-2024-00648,2024-05-18,18300,libéré,0.0
L2024-00649-1,CMD-2024-00649,2024-04-30,13500,libéré,0.0
L2024-00650-1,CMD-2024-00650,2024-05-17,10000,libéré,0.0
L2024-00651-1,CMD-2024-00651,2024-04-30,8100,libéré,0.0
L2024-00651-2,CMD-2024-00651,2024-05-07,8100,libéré,0.0
L2024-00651-3,CMD-2024-00651,2024-05-15,8300,libéré,0.0
L2024-00652-1,CMD-2024-00652,2024-05-10,47500,libéré,0.0
L2024-00652-2,CMD-2024-00652,2024-05-03,47500,libéré,0.0
L2024-00653-1,CMD-2024-00653,2024-04-30,59000,libéré,0.0
L2024-00654-1,CMD-2024-00654,2024-05-04,38500,libéré,0.0
L2024-00654-2,CMD-2024-00654,2024-05-09,38500,libéré,0.0
L2024-00655-1,CMD-2024-00655,2024-05-04,30500,libéré,0.0
L2024-00656-1,CMD-2024-00656,2024-05-10,31800,libéré,0.0
L2024-00656-2,CMD-2024-00656,2024-05-15,31800,libéré,0.0
L2024-00656-3,CMD-2024-00656,2024-05-20,31900,libéré,0.0
L2024-00657-1,CMD-2024-00657,2024-05-29,61000,libéré,0.0
L2024-00658-1,CMD-2024-00658,2024-05-06,25600,libéré,0.0
L2024-00658-2,CMD-2024-00658,2024-05-06,25600,libéré,0.0
L2024-00658-3,CMD-2024-00658,2024-05-15,25800,libéré,0.0
L2024-00659-1,CMD-2024-00659,2024-05-10,19500,libéré,0.0
L2024-00659-2,CMD-2024-00659,2024-05-24,19500,libéré,0.0
L2024-00659-3,CMD-2024-00659,2024-05-18,19500,libéré,0.0
L2024-00660-1,CMD-2024-00660,2024-05-31,39000,rejeté,217620.0
L2024-00661-1,CMD-2024-00661,2024-05-09,12500,libéré,0.0
L2024-00661-2,CMD-2024-00661,2024-05-15,12500,libéré,0.0
L2024-00662-1,CMD-2024-00662,2024-05-19,33000,libéré,0.0
L2024-00663-1,CMD-2024-00663,2024-05-15,24000,libéré,0.0
L2024-00664-1,CMD-2024-00664,2024-05-14,35700,rejeté,68615.4
L2024-00664-2,CMD-2024-00664,2024-05-22,35800,libéré,0.0
L2024-00665-1,CMD-2024-00665,2024-05-13,36500,libéré,0.0
L2024-00666-1,CMD-2024-00666,2024-05-20,48200,libéré,0.0
L2024-00666-2,CMD-2024-00666,2024-05-16,48300,libéré,0.0
L2024-00667-1,CMD-2024-00667,2024-05-16,48200,libéré,0.0
L2024-00667-2,CMD-2024-00667,2024-05-21,48300,libéré,0.0
L2024-00668-1,CMD-2024-00668,2024-05-22,10200,libéré,0.0
L2024-00668-2,CMD-2024-00668,2024-05-09,10300,libéré,0.0
L2024-00669-1,CMD-2024-00669,2024-05-10,30500,libéré,0.0
L2024-00669-2,CMD-2024-00669,2024-05-07,30500,libéré,0.0
L2024-00669-3,CMD-2024-00669,2024-05-05,30500,libéré,0.0
L2024-00670-1,CMD-2024-00670,2024-06-07,12800,libéré,0.0
L2024-00670-2,CMD-2024-00670,2024-05-13,12800,libéré,0.0
L2024-00670-3,CMD-2024-00670,2024-05-10,12900,libéré,0.0
L2024-00671-1,CMD-2024-00671,2024-05-11,7500,libéré,0.0
L2024-00671-2,CMD-2024-00671,2024-05-08,7500,libéré,0.0
L2024-00671-3,CMD-2024-00671,2024-05-17,7700,libéré,0.0
L2024-00672-1,CMD-2024-00672,2024-05-25,22500,libéré,0.0
L2024-00672-2,CMD-2024-00672,2024-05-25,22500,libéré,0.0
L2024-00673-1,CMD-2024-00673,2024-05-09,34500,libéré,0.0
L2024-00674-1,CMD-2024-00674,2024-05-11,9300,libéré,0.0
L2024-00674-2,CMD-2024-00674,2024-05-06,9300,libéré,0.0
L2024-00674-3,CMD-2024-00674,2024-05-06,9400,libéré,0.0
L2024-00675-1,CMD-2024-00675,2024-05-15,20500,libéré,0.0
L2024-00676-1,CMD-2024-00676,2024-05-22,20500,libéré,0.0
L2024-00677-1,CMD-2024-00677,2024-05-21,13500,libéré,0.0
L2024-00678-1,CMD-2024-00678,2024-05-10,14800,libéré,0.0
L2024-00678-2,CMD-2024-00678,2024-05-16,14800,libéré,0.0
L2024-00678-3,CMD-2024-00678,2024-05-13,14900,libéré,0.0
L2024-00679-1,CMD-2024-00679,2024-05-11,7700,libéré,0.0
L2024-00679-2,CMD-2024-00679,2024-05-29,7800,libéré,0.0
L2024-00680-1,CMD-2024-00680,2024-05-31,33800,libéré,0.0
L2024-00680-2,CMD-2024-00680,2024-05-28,33800,libéré,0.0
L2024-00680-3,CMD-2024-00680,2024-05-30,33900,libéré,0.0
L2024-00681-1,CMD-2024-00681,2024-06-05,34200,libéré,0.0
L2024-00681-2,CMD-2024-00681,2024-05-18,34300,libéré,0.0
L2024-00682-1,CMD-2024-00682,2024-05-16,13500,libéré,0.0
L2024-00682-2,CMD-2024-00682,2024-05-11,13500,libéré,0.0
L2024-00682-3,CMD-2024-00682,2024-05-09,13500,libéré,0.0
L2024-00683-1,CMD-2024-00683,2024-06-02,9700,libéré,0.0
L2024-00683-2,CMD-2024-00683,2024-06-02,9800,libéré,0.0
L2024-00684-1,CMD-2024-00684,2024-06-11,19200,libéré,0.0
L2024-00684-2,CMD-2024-00684,2024-06-06,19300,retraité,8800.8
L2024-00685-1,CMD-2024-00685,2024-05-13,23500,rejeté,94423.0
L2024-00686-1,CMD-2024-00686,2024-05-23,11600,libéré,0.0
L2024-00686-2,CMD-2024-00686,2024-05-14,11600,libéré,0.0
L2024-00686-3,CMD-2024-00686,2024-05-09,11800,libéré,0.0
L2024-00687-1,CMD-2024-00687,2024-06-02,10100,libéré,0.0
L2024-00687-2,CMD-2024-00687,2024-05-19,10100,libéré,0.0
L2024-00687-3,CMD-2024-00687,2024-06-06,10300,libéré,0.0
L2024-00688-1,CMD-2024-00688,2024-05-26,44500,libéré,0.0
L2024-00689-1,CMD-2024-00689,2024-05-20,17500,libéré,0.0
L2024-00690-1,CMD-2024-00690,2024-05-11,17000,libéré,0.0
L2024-00690-2,CMD-2024-00690,2024-05-13,17000,libéré,0.0
L2024-00691-1,CMD-2024-00691,2024-05-18,11300,libéré,0.0
L2024-00691-2,CMD-2024-00691,2024-05-13,11300,libéré,0.0
L2024-00691-3,CMD-2024-00691,2024-05-12,11400,libéré,0.0
L2024-00692-1,CMD-2024-00692,2024-05-21,14000,libéré,0.0
L2024-00692-2,CMD-2024-00692,2024-05-24,14000,libéré,0.0
L2024-00693-1,CMD-2024-00693,2024-05-17,16000,libéré,0.0
L2024-00693-2,CMD-2024-00693,2024-05-25,16000,libéré,0.0
L2024-00693-3,CMD-2024-00693,2024-05-23,16000,libéré,0.0
L2024-00694-1,CMD-2024-00694,2024-05-18,15700,libéré,0.0
L2024-00694-2,CMD-2024-00694,2024-05-18,15800,retraité,9145.83
L2024-00695-1,CMD-2024-00695,2024-05-19,15000,libéré,0.0
L2024-00696-1,CMD-2024-00696,2024-06-01,37000,libéré,0.0
L2024-00696-2,CMD-2024-00696,2024-05-19,37000,libéré,0.0
L2024-00697-1,CMD-2024-00697,2024-05-22,11200,libéré,0.0
L2024-00697-2,CMD-2024-00697,2024-05-23,11300,libéré,0.0
L2024-00698-1,CMD-2024-00698,2024-06-21,40000,libéré,0.0
L2024-00699-1,CMD-2024-00699,2024-06-09,15200,libéré,0.0
L2024-00699-2,CMD-2024-00699,2024-05-30,15300,libéré,0.0
L2024-00700-1,CMD-2024-00700,2024-05-13,17700,libéré,0.0
L2024-00700-2,CMD-2024-00700,2024-05-19,17800,libéré,0.0
L2024-00701-1,CMD-2024-00701,2024-05-24,35700,libéré,0.0
L2024-00701-2,CMD-2024-00701,2024-06-01,35800,libéré,0.0
L2024-00702-1,CMD-2024-00702,2024-05-17,9600,libéré,0.0
L2024-00702-2,CMD-2024-00702,2024-05-26,9600,libéré,0.0
L2024-00702-3,CMD-2024-00702,2024-05-21,9800,libéré,0.0
L2024-00703-1,CMD-2024-00703,2024-05-17,62000,libéré,0.0
L2024-00704-1,CMD-2024-00704,2024-05-12,21800,libéré,0.0
L2024-00704-2,CMD-2024-00704,2024-05-12,21800,retraité,10826.97
L2024-00704-3,CMD-2024-00704,2024-05-15,21900,libéré,0.0
L2024-00705-1,CMD-2024-00705,2024-05-13,27000,libéré,0.0
L2024-00706-1,CMD-2024-00706,2024-05-15,26700,libéré,0.0
L2024-00706-2,CMD-2024-00706,2024-05-26,26800,libéré,0.0
L2024-00707-1,CMD-2024-00707,2024-05-23,8500,libéré,0.0
L2024-00707-2,CMD-2024-00707,2024-06-05,8500,libéré,0.0
L2024-00707-3,CMD-2024-00707,2024-05-25,8500,rejeté,27293.5
L2024-00708-1,CMD-2024-00708,2024-06-06,49000,libéré,0.0
L2024-00709-1,CMD-2024-00709,2024-05-26,39500,libéré,0.0
L2024-00710-1,CMD-2024-00710,2024-05-20,35200,libéré,0.0
L2024-00710-2,CMD-2024-00710,2024-05-30,35300,libéré,0.0
L2024-00711-1,CMD-2024-00711,2024-05-27,14200,retraité,10500.9
L2024-00711-2,CMD-2024-00711,2024-05-20,14300,libéré,0.0
L2024-00712-1,CMD-2024-00712,2024-05-18,43100,libéré,0.0
L2024-00712-2,CMD-2024-00712,2024-06-01,43100,libéré,0.0
L2024-00712-3,CMD-2024-00712,2024-05-25,43300,libéré,0.0
L2024-00713-1,CMD-2024-00713,2024-05-22,18200,libéré,0.0
L2024-00713-2,CMD-2024-00713,2024-05-26,18300,libéré,0.0
L2024-00714-1,CMD-2024-00714,2024-05-19,70000,libéré,0.0
L2024-00715-1,CMD-2024-00715,2024-06-03,8300,libéré,0.0
L2024-00715-2,CMD-2024-00715,2024-05-27,8300,libéré,0.0
L2024-00715-3,CMD-2024-00715,2024-05-30,8400,libéré,0.0
L2024-00716-1,CMD-2024-00716,2024-05-14,61500,libéré,0.0
L2024-00717-1,CMD-2024-00717,2024-05-17,34000,libéré,0.0
L2024-00718-1,CMD-2024-00718,2024-05-31,11000,libéré,0.0
L2024-00719-1,CMD-2024-00719,2024-06-07,28500,libéré,0.0
L2024-00719-2,CMD-2024-00719,2024-05-24,28500,libéré,0.0
L2024-00719-3,CMD-2024-00719,2024-05-29,28500,libéré,0.0
L2024-00720-1,CMD-2024-00720,2024-05-23,9000,libéré,0.0
L2024-00720-2,CMD-2024-00720,2024-06-15,9000,libéré,0.0
L2024-00721-1,CMD-2024-00721,2024-06-08,75000,libéré,0.0
L2024-00722-1,CMD-2024-00722,2024-05-30,12000,libéré,0.0
L2024-00723-1,CMD-2024-00723,2024-05-19,12600,libéré,0.0
L2024-00723-2,CMD-2024-00723,2024-05-31,12600,libéré,0.0
L2024-00723-3,CMD-2024-00723,2024-06-17,12800,libéré,0.0
L2024-00724-1,CMD-2024-00724,2024-05-20,39500,libéré,0.0
L2024-00725-1,CMD-2024-00725,2024-05-20,11200,libéré,0.0
L2024-00725-2,CMD-2024-00725,2024-05-21,11300,libéré,0.0
L2024-00726-1,CMD-2024-00726,2024-06-02,29800,libéré,0.0
L2024-00727-1,CMD-2024-00727,2024-05-25,14500,libéré,0.0
L2024-00727-2,CMD-2024-00727,2024-05-28,14500,libéré,0.0
L2024-00728-1,CMD-2024-00728,2024-05-19,46500,libéré,0.0
L2024-00729-1,CMD-2024-00729,2024-06-01,50000,rejeté,230350.0
L2024-00730-1,CMD-2024-00730,2024-05-26,14000,libéré,0.0
L2024-00730-2,CMD-2024-00730,2024-05-28,14000,libéré,0.0
L2024-00731-1,CMD-2024-00731,2024-05-28,5500,libéré,0.0
L2024-00731-2,CMD-2024-00731,2024-05-28,5500,libéré,0.0
L2024-00732-1,CMD-2024-00732,2024-05-20,33500,libéré,0.0
L2024-00733-1,CMD-2024-00733,2024-05-30,16600,libéré,0.0
L2024-00733-2,CMD-2024-00733,2024-05-23,16600,libéré,0.0
L2024-00733-3,CMD-2024-00733,2024-05-29,16800,retraité,7146.72
L2024-00734-1,CMD-2024-00734,2024-05-25,38700,libéré,0.0
L2024-00734-2,CMD-2024-00734,2024-05-19,38800,libéré,0.0
L2024-00735-1,CMD-2024-00735,2024-05-20,8800,libéré,0.0
L2024-00735-2,CMD-2024-00735,2024-06-11,8800,libéré,0.0
L2024-00735-3,CMD-2024-00735,2024-05-26,8900,libéré,0.0
L2024-00736-1,CMD-2024-00736,2024-06-08,19000,libéré,0.0
L2024-00736-2,CMD-2024-00736,2024-06-07,19000,libéré,0.0
L2024-00737-1,CMD-2024-00737,2024-05-24,22000,libéré,0.0
L2024-00738-1,CMD-2024-00738,2024-05-25,10000,libéré,0.0
L2024-00739-1,CMD-2024-00739,2024-05-27,25500,libéré,0.0
L2024-00740-1,CMD-2024-00740,2024-05-30,72500,retraité,34876.12
L2024-00741-1,CMD-2024-00741,2024-05-26,60500,libéré,0.0
L2024-00742-1,CMD-2024-00742,2024-05-26,11000,libéré,0.0
L2024-00743-1,CMD-2024-00743,2024-06-02,6000,libéré,0.0
L2024-00743-2,CMD-2024-00743,2024-05-21,6000,libéré,0.0
L2024-00744-1,CMD-2024-00744,2024-05-23,42500,libéré,0.0
L2024-00744-2,CMD-2024-00744,2024-06-02,42500,libéré,0.0
L2024-00745-1,CMD-2024-00745,2024-06-04,5200,libéré,0.0
L2024-00745-2,CMD-2024-00745,2024-05-26,5300,libéré,0.0
L2024-00746-1,CMD-2024-00746,2024-06-19,18000,libéré,0.0
L2024-00746-2,CMD-2024-00746,2024-06-13,18000,libéré,0.0
L2024-00747-1,CMD-2024-00747,2024-06-21,6600,libéré,0.0
L2024-00747-2,CMD-2024-00747,2024-06-03,6600,libéré,0.0
L2024-00747-3,CMD-2024-00747,2024-06-11,6800,libéré,0.0
L2024-00748-1,CMD-2024-00748,2024-06-04,14000,libéré,0.0
L2024-00748-2,CMD-2024-00748,2024-06-08,14000,libéré,0.0
L2024-00748-3,CMD-2024-00748,2024-06-02,14000,libéré,0.0
L2024-00749-1,CMD-2024-00749,2024-05-28,45000,rejeté,236565.0
L2024-00749-2,CMD-2024-00749,2024-05-26,45000,libéré,0.0
L2024-00749-3,CMD-2024-00749,2024-05-23,45000,libéré,0.0
L2024-00750-1,CMD-2024-00750,2024-05-24,13500,libéré,0.0
L2024-00750-2,CMD-2024-00750,2024-05-30,13500,libéré,0.0
L2024-00751-1,CMD-2024-00751,2024-05-30,23000,libéré,0.0
L2024-00752-1,CMD-2024-00752,2024-05-28,17000,libéré,0.0
L2024-00752-2,CMD-2024-00752,2024-05-31,17000,libéré,0.0
L2024-00752-3,CMD-2024-00752,2024-06-20,17000,rejeté,97274.0
L2024-00753-1,CMD-2024-00753,2024-05-26,27800,libéré,0.0
L2024-00753-2,CMD-2024-00753,2024-05-30,27800,libéré,0.0
L2024-00753-3,CMD-2024-00753,2024-06-18,27900,libéré,0.0
L2024-00754-1,CMD-2024-00754,2024-06-06,17500,libéré,0.0
L2024-00754-2,CMD-2024-00754,2024-06-02,17500,libéré,0.0
L2024-00754-3,CMD-2024-00754,2024-06-02,17500,libéré,0.0
L2024-00755-1,CMD-2024-00755,2024-05-29,26500,rejeté,90974.5
L2024-00756-1,CMD-2024-00756,2024-05-31,17000,libéré,0.0
L2024-00757-1,CMD-2024-00757,2024-06-04,17500,retraité,7893.38
L2024-00758-1,CMD-2024-00758,2024-06-24,28700,libéré,0.0
L2024-00758-2,CMD-2024-00758,2024-06-06,28800,libéré,0.0
L2024-00759-1,CMD-2024-00759,2024-06-02,22600,libéré,0.0
L2024-00759-2,CMD-2024-00759,2024-06-08,22600,libéré,0.0
L2024-00759-3,CMD-2024-00759,2024-05-27,22800,libéré,0.0
L2024-00760-1,CMD-2024-00760,2024-06-03,27800,libéré,0.0
L2024-00760-2,CMD-2024-00760,2024-06-12,27800,libéré,0.0
L2024-00760-3,CMD-2024-00760,2024-05-31,27900,libéré,0.0
L2024-00761-1,CMD-2024-00761,2024-05-27,16500,libéré,0.0
L2024-00761-2,CMD-2024-00761,2024-06-12,16500,libéré,0.0
L2024-00762-1,CMD-2024-00762,2024-05-27,50000,libéré,0.0
L2024-00763-1,CMD-2024-00763,2024-06-07,13500,libéré,0.0
L2024-00763-2,CMD-2024-00763,2024-05-31,13500,libéré,0.0
L2024-00764-1,CMD-2024-00764,2024-06-14,19000,libéré,0.0
L2024-00764-2,CMD-2024-00764,2024-06-22,19000,libéré,0.0
L2024-00765-1,CMD-2024-00765,2024-06-10,17200,libéré,0.0
L2024-00765-2,CMD-2024-00765,2024-06-03,17300,libéré,0.0
L2024-00766-1,CMD-2024-00766,2024-05-29,27700,libéré,0.0
L2024-00766-2,CMD-2024-00766,2024-06-16,27800,libéré,0.0
L2024-00767-1,CMD-2024-00767,2024-06-11,53500,libéré,0.0
L2024-00768-1,CMD-2024-00768,2024-06-29,8600,libéré,0.0
L2024-00768-2,CMD-2024-00768,2024-06-23,8600,libéré,0.0
L2024-00768-3,CMD-2024-00768,2024-06-17,8800,libéré,0.0
L2024-00769-1,CMD-2024-00769,2024-06-05,10800,libéré,0.0
L2024-00769-2,CMD-2024-00769,2024-06-09,10800,libéré,0.0
L2024-00769-3,CMD-2024-00769,2024-05-28,10900,libéré,0.0
L2024-00770-1,CMD-2024-00770,2024-05-30,7800,libéré,0.0
L2024-00770-2,CMD-2024-00770,2024-06-19,7800,libéré,0.0
L2024-00770-3,CMD-2024-00770,2024-06-06,7900,libéré,0.0
L2024-00771-1,CMD-2024-00771,2024-06-03,39500,libéré,0.0
L2024-00772-1,CMD-2024-00772,2024-06-05,19000,libéré,0.0
L2024-00772-2,CMD-2024-00772,2024-06-07,19000,libéré,0.0
L2024-00773-1,CMD-2024-00773,2024-05-28,19000,libéré,0.0
L2024-00773-2,CMD-2024-00773,2024-06-05,19000,libéré,0.0
L2024-00774-1,CMD-2024-00774,2024-05-28,12600,libéré,0.0
L2024-00774-2,CMD-2024-00774,2024-06-12,12600,libéré,0.0
L2024-00774-3,CMD-2024-00774,2024-05-29,12800,libéré,0.0
L2024-00775-1,CMD-2024-00775,2024-05-31,11800,libéré,0.0
L2024-00775-2,CMD-2024-00775,2024-05-31,11800,libéré,0.0
L2024-00775-3,CMD-2024-00775,2024-05-28,11900,libéré,0.0
L2024-00776-1,CMD-2024-00776,2024-06-21,9200,libéré,0.0
L2024-00776-2,CMD-2024-00776,2024-06-27,9300,libéré,0.0
L2024-00777-1,CMD-2024-00777,2024-06-04,11000,libéré,0.0
L2024-00777-2,CMD-2024-00777,2024-06-08,11000,retraité,6329.4
L2024-00777-3,CMD-2024-00777,2024-05-29,11000,libéré,0.0
L2024-00778-1,CMD-2024-00778,2024-06-18,22200,libéré,0.0
L2024-00778-2,CMD-2024-00778,2024-06-16,22300,libéré,0.0
L2024-00779-1,CMD-2024-00779,2024-05-30,30200,libéré,0.0
L2024-00779-2,CMD-2024-00779,2024-06-03,30300,retraité,18948.1
L2024-00780-1,CMD-2024-00780,2024-06-20,11800,libéré,0.0
L2024-00780-2,CMD-2024-00780,2024-05-30,11800,libéré,0.0
L2024-00780-3,CMD-2024-00780,2024-06-19,11900,libéré,0.0
L2024-00781-1,CMD-2024-00781,2024-06-03,64000,libéré,0.0
L2024-00782-1,CMD-2024-00782,2024-06-18,23500,libéré,0.0
L2024-00782-2,CMD-2024-00782,2024-06-19,23500,libéré,0.0
L2024-00783-1,CMD-2024-00783,2024-06-02,13000,libéré,0.0
L2024-00783-2,CMD-2024-00783,2024-06-08,13000,libéré,0.0
L2024-00784-1,CMD-2024-00784,2024-05-29,18100,libéré,0.0
L2024-00784-2,CMD-2024-00784,2024-06-12,18100,libéré,0.0
L2024-00784-3,CMD-2024-00784,2024-06-03,18300,libéré,0.0
L2024-00785-1,CMD-2024-00785,2024-06-03,26200,libéré,0.0
L2024-00785-2,CMD-2024-00785,2024-06-23,26300,libéré,0.0
L2024-00786-1,CMD-2024-00786,2024-06-16,9500,libéré,0.0
L2024-00786-2,CMD-2024-00786,2024-06-14,9500,libéré,0.0
L2024-00787-1,CMD-2024-00787,2024-06-01,38000,libéré,0.0
L2024-00788-1,CMD-2024-00788,2024-06-05,21000,libéré,0.0
L2024-00788-2,CMD-2024-00788,2024-05-31,21000,libéré,0.0
L2024-00789-1,CMD-2024-00789,2024-06-21,13600,libéré,0.0
L2024-00789-2,CMD-2024-00789,2024-06-26,13600,libéré,0.0
L2024-00789-3,CMD-2024-00789,2024-06-23,13800,libéré,0.0
L2024-00790-1,CMD-2024-00790,2024-05-31,7600,libéré,0.0
L2024-00790-2,CMD-2024-00790,2024-06-09,7600,rejeté,24069.2
L2024-00790-3,CMD-2024-00790,2024-05-30,7800,libéré,0.0
L2024-00791-1,CMD-2024-00791,2024-06-11,18600,libéré,0.0
L2024-00791-2,CMD-2024-00791,2024-06-07,18600,libéré,0.0
L2024-00791-3,CMD-2024-00791,2024-06-10,18800,libéré,0.0
L2024-00792-1,CMD-2024-00792,2024-06-17,32300,libéré,0.0
L2024-00792-2,CMD-2024-00792,2024-06-01,32300,libéré,0.0
L2024-00792-3,CMD-2024-00792,2024-06-07,32400,libéré,0.0
L2024-00793-1,CMD-2024-00793,2024-06-01,7000,libéré,0.0
L2024-00793-2,CMD-2024-00793,2024-06-09,7000,libéré,0.0
L2024-00793-3,CMD-2024-00793,2024-06-14,7000,libéré,0.0
L2024-00794-1,CMD-2024-00794,2024-06-20,13000,libéré,0.0
L2024-00794-2,CMD-2024-00794,2024-05-30,13000,libéré,0.0
L2024-00794-3,CMD-2024-00794,2024-06-14,13000,retraité,6009.9
L2024-00795-1,CMD-2024-00795,2024-06-11,50000,libéré,0.0
L2024-00795-2,CMD-2024-00795,2024-06-11,50000,libéré,0.0
L2024-00795-3,CMD-2024-00795,2024-06-05,50000,libéré,0.0
L2024-00796-1,CMD-2024-00796,2024-06-17,16700,libéré,0.0
L2024-00797-1,CMD-2024-00797,2024-06-05,10300,libéré,0.0
L2024-00797-2,CMD-2024-00797,2024-06-10,10300,libéré,0.0
L2024-00797-3,CMD-2024-00797,2024-06-06,10400,libéré,0.0
L2024-00798-1,CMD-2024-00798,2024-06-21,18700,libéré,0.0
L2024-00798-2,CMD-2024-00798,2024-07-03,18800,libéré,0.0
L2024-00799-1,CMD-2024-00799,2024-06-19,14000,libéré,0.0
L2024-00799-2,CMD-2024-00799,2024-06-04,14000,libéré,0.0
L2024-00799-3,CMD-2024-00799,2024-06-08,14000,libéré,0.0
L2024-00800-1,CMD-2024-00800,2024-06-03,14900,libéré,0.0
L2024-00801-1,CMD-2024-00801,2024-06-05,12700,libéré,0.0
L2024-00801-2,CMD-2024-00801,2024-06-06,12800,libéré,0.0
L2024-00802-1,CMD-2024-00802,2024-06-14,14500,libéré,0.0
L2024-00802-2,CMD-2024-00802,2024-06-05,14500,libéré,0.0
L2024-00802-3,CMD-2024-00802,2024-06-24,14500,libéré,0.0
L2024-00803-1,CMD-2024-00803,2024-06-11,28500,libéré,0.0
L2024-00803-2,CMD-2024-00803,2024-06-06,28500,libéré,0.0
L2024-00804-1,CMD-2024-00804,2024-06-24,6300,libéré,0.0
L2024-00804-2,CMD-2024-00804,2024-07-06,6300,libéré,0.0
L2024-00804-3,CMD-2024-00804,2024-06-16,6400,libéré,0.0
L2024-00805-1,CMD-2024-00805,2024-06-10,11300,libéré,0.0
L2024-00805-2,CMD-2024-00805,2024-06-13,11300,libéré,0.0
L2024-00805-3,CMD-2024-00805,2024-06-11,11400,libéré,0.0
L2024-00806-1,CMD-2024-00806,2024-06-16,32500,libéré,0.0
L2024-00807-1,CMD-2024-00807,2024-06-02,13100,libéré,0.0
L2024-00807-2,CMD-2024-00807,2024-06-17,13100,libéré,0.0
L2024-00807-3,CMD-2024-00807,2024-06-21,13300,libéré,0.0
L2024-00808-1,CMD-2024-00808,2024-06-24,18000,libéré,0.0
L2024-00808-2,CMD-2024-00808,2024-06-25,18000,libéré,0.0
L2024-00809-1,CMD-2024-00809,2024-06-11,28000,libéré,0.0
L2024-00809-2,CMD-2024-00809,2024-06-14,28000,libéré,0.0
L2024-00809-3,CMD-2024-00809,2024-06-06,28000,libéré,0.0
L2024-00810-1,CMD-2024-00810,2024-06-06,45700,libéré,0.0
L2024-00810-2,CMD-2024-00810,2024-06-23,45800,libéré,0.0
L2024-00811-1,CMD-2024-00811,2024-06-09,15500,libéré,0.0
L2024-00811-2,CMD-2024-00811,2024-06-04,15500,libéré,0.0
L2024-00811-3,CMD-2024-00811,2024-06-12,15500,libéré,0.0
L2024-00812-1,CMD-2024-00812,2024-06-09,21500,libéré,0.0
L2024-00812-2,CMD-2024-00812,2024-06-05,21500,libéré,0.0
L2024-00813-1,CMD-2024-00813,2024-06-20,20800,libéré,0.0
L2024-00813-2,CMD-2024-00813,2024-06-24,20800,libéré,0.0
L2024-00813-3,CMD-2024-00813,2024-07-05,20900,libéré,0.0
L2024-00814-1,CMD-2024-00814,2024-06-16,41000,libéré,0.0
L2024-00815-1,CMD-2024-00815,2024-06-12,13200,libéré,0.0
L2024-00815-2,CMD-2024-00815,2024-06-15,13300,libéré,0.0
L2024-00816-1,CMD-2024-00816,2024-06-05,61500,libéré,0.0
L2024-00817-1,CMD-2024-00817,2024-06-08,22200,libéré,0.0
L2024-00817-2,CMD-2024-00817,2024-06-20,22300,libéré,0.0
L2024-00818-1,CMD-2024-00818,2024-06-17,5000,libéré,0.0
L2024-00818-2,CMD-2024-00818,2024-06-06,5000,libéré,0.0
L2024-00819-1,CMD-2024-00819,2024-06-14,12500,libéré,0.0
L2024-00819-2,CMD-2024-00819,2024-06-05,12500,libéré,0.0
L2024-00819-3,CMD-2024-00819,2024-06-17,12500,rejeté,35925.0
L2024-00820-1,CMD-2024-00820,2024-06-12,73100,libéré,0.0
L2024-00821-1,CMD-2024-00821,2024-06-30,18200,libéré,0.0
L2024-00821-2,CMD-2024-00821,2024-06-15,18300,libéré,0.0
L2024-00822-1,CMD-2024-00822,2024-06-12,52500,libéré,0.0
L2024-00823-1,CMD-2024-00823,2024-06-28,8300,libéré,0.0
L2024-00823-2,CMD-2024-00823,2024-06-12,8300,libéré,0.0
L2024-00823-3,CMD-2024-00823,2024-06-26,8400,libéré,0.0
L2024-00824-1,CMD-2024-00824,2024-06-12,28200,libéré,0.0
L2024-00824-2,CMD-2024-00824,2024-06-06,28300,libéré,0.0
L2024-00825-1,CMD-2024-00825,2024-06-28,11700,libéré,0.0
L2024-00825-2,CMD-2024-00825,2024-06-24,11800,libéré,0.0
L2024-00826-1,CMD-2024-00826,2024-06-11,33500,libéré,0.0
L2024-00827-1,CMD-2024-00827,2024-06-17,20000,libéré,0.0
L2024-00828-1,CMD-2024-00828,2024-06-17,17500,libéré,0.0
L2024-00828-2,CMD-2024-00828,2024-07-05,17500,libéré,0.0
L2024-00829-1,CMD-2024-00829,2024-06-16,25000,libéré,0.0
L2024-00829-2,CMD-2024-00829,2024-06-16,25000,libéré,0.0
L2024-00830-1,CMD-2024-00830,2024-06-09,14500,libéré,0.0
L2024-00830-2,CMD-2024-00830,2024-06-12,14500,libéré,0.0
L2024-00830-3,CMD-2024-00830,2024-06-15,14500,libéré,0.0
L2024-00831-1,CMD-2024-00831,2024-06-18,23100,libéré,0.0
L2024-00831-2,CMD-2024-00831,2024-06-14,23100,libéré,0.0
L2024-00831-3,CMD-2024-00831,2024-06-08,23300,libéré,0.0
L2024-00832-1,CMD-2024-00832,2024-06-18,19500,libéré,0.0
L2024-00832-2,CMD-2024-00832,2024-06-29,19500,libéré,0.0
L2024-00832-3,CMD-2024-00832,2024-07-04,19500,retraité,13703.62
L2024-00833-1,CMD-2024-00833,2024-06-11,22500,libéré,0.0
L2024-00833-2,CMD-2024-00833,2024-06-22,22500,libéré,0.0
L2024-00834-1,CMD-2024-00834,2024-06-16,17600,libéré,0.0
L2024-00834-2,CMD-2024-00834,2024-06-24,17600,libéré,0.0
L2024-00834-3,CMD-2024-00834,2024-06-21,17800,libéré,0.0
L2024-00835-1,CMD-2024-00835,2024-07-03,33500,libéré,0.0
L2024-00836-1,CMD-2024-00836,2024-06-27,11200,libéré,0.0
L2024-00836-2,CMD-2024-00836,2024-06-10,11300,libéré,0.0
L2024-00837-1,CMD-2024-00837,2024-06-08,65000,libéré,0.0
L2024-00838-1,CMD-2024-00838,2024-07-06,20000,libéré,0.0
L2024-00839-1,CMD-2024-00839,2024-07-03,12700,libéré,0.0
L2024-00839-2,CMD-2024-00839,2024-06-28,12800,libéré,0.0
L2024-00840-1,CMD-2024-00840,2024-06-12,35500,libéré,0.0
L2024-00841-1,CMD-2024-00841,2024-06-21,8800,rejeté,28626.4
L2024-00841-2,CMD-2024-00841,2024-06-13,8800,libéré,0.0
L2024-00841-3,CMD-2024-00841,2024-06-10,8900,libéré,0.0
L2024-00842-1,CMD-2024-00842,2024-07-06,18100,libéré,0.0
L2024-00842-2,CMD-2024-00842,2024-06-16,18100,libéré,0.0
L2024-00842-3,CMD-2024-00842,2024-06-26,18300,rejeté,59493.3
L2024-00843-1,CMD-2024-00843,2024-06-13,12600,libéré,0.0
L2024-00843-2,CMD-2024-00843,2024-06-12,12600,libéré,0.0
L2024-00843-3,CMD-2024-00843,2024-06-09,12800,libéré,0.0
L2024-00844-1,CMD-2024-00844,2024-06-17,18100,libéré,0.0
L2024-00844-2,CMD-2024-00844,2024-06-16,18100,libéré,0.0
L2024-00844-3,CMD-2024-00844,2024-06-21,18300,libéré,0.0
L2024-00845-1,CMD-2024-00845,2024-06-10,31000,libéré,0.0
L2024-00845-2,CMD-2024-00845,2024-06-13,31000,libéré,0.0
L2024-00846-1,CMD-2024-00846,2024-06-17,13800,libéré,0.0
L2024-00846-2,CMD-2024-00846,2024-07-03,13800,libéré,0.0
L2024-00846-3,CMD-2024-00846,2024-06-12,13900,rejeté,45008.2
L2024-00847-1,CMD-2024-00847,2024-06-19,10700,libéré,0.0
L2024-00847-2,CMD-2024-00847,2024-06-10,10800,libéré,0.0
L2024-00848-1,CMD-2024-00848,2024-06-18,11700,libéré,0.0
L2024-00848-2,CMD-2024-00848,2024-06-10,11800,libéré,0.0
L2024-00849-1,CMD-2024-00849,2024-06-10,15000,libéré,0.0
L2024-00849-2,CMD-2024-00849,2024-06-28,15000,libéré,0.0
L2024-00850-1,CMD-2024-00850,2024-06-16,23500,libéré,0.0
L2024-00850-2,CMD-2024-00850,2024-06-25,23500,libéré,0.0
L2024-00851-1,CMD-2024-00851,2024-06-12,14500,libéré,0.0
L2024-00852-1,CMD-2024-00852,2024-07-05,22700,libéré,0.0
L2024-00852-2,CMD-2024-00852,2024-06-23,22800,libéré,0.0
L2024-00853-1,CMD-2024-00853,2024-06-18,30800,rejeté,131300.4
L2024-00853-2,CMD-2024-00853,2024-06-14,30800,libéré,0.0
L2024-00853-3,CMD-2024-00853,2024-06-20,30900,libéré,0.0
L2024-00854-1,CMD-2024-00854,2024-06-18,8100,libéré,0.0
L2024-00854-2,CMD-2024-00854,2024-07-06,8100,libéré,0.0
L2024-00854-3,CMD-2024-00854,2024-06-29,8300,libéré,0.0
L2024-00855-1,CMD-2024-00855,2024-06-29,27000,libéré,0.0
L2024-00855-2,CMD-2024-00855,2024-06-27,27000,libéré,0.0
L2024-00855-3,CMD-2024-00855,2024-06-24,27000,libéré,0.0
L2024-00856-1,CMD-2024-00856,2024-06-15,32000,libéré,0.0
L2024-00857-1,CMD-2024-00857,2024-06-16,29100,libéré,0.0
L2024-00857-2,CMD-2024-00857,2024-06-15,29100,libéré,0.0
L2024-00857-3,CMD-2024-00857,2024-06-13,29300,libéré,0.0
L2024-00858-1,CMD-2024-00858,2024-06-27,10000,libéré,0.0
L2024-00858-2,CMD-2024-00858,2024-07-01,10000,libéré,0.0
L2024-00858-3,CMD-2024-00858,2024-07-01,10000,libéré,0.0
L2024-00859-1,CMD-2024-00859,2024-06-23,13300,libéré,0.0
L2024-00859-2,CMD-2024-00859,2024-06-24,13300,libéré,0.0
L2024-00859-3,CMD-2024-00859,2024-06-20,13400,libéré,0.0
L2024-00860-1,CMD-2024-00860,2024-06-12,36100,libéré,0.0
L2024-00860-2,CMD-2024-00860,2024-07-01,36100,retraité,26479.35
L2024-00860-3,CMD-2024-00860,2024-07-04,36300,libéré,0.0
L2024-00861-1,CMD-2024-00861,2024-06-14,11100,libéré,0.0
L2024-00861-2,CMD-2024-00861,2024-06-26,11100,libéré,0.0
L2024-00861-3,CMD-2024-00861,2024-07-05,11300,libéré,0.0
L2024-00862-1,CMD-2024-00862,2024-06-14,5600,libéré,0.0
L2024-00862-2,CMD-2024-00862,2024-06-30,5600,libéré,0.0
L2024-00862-3,CMD-2024-00862,2024-07-06,5800,libéré,0.0
L2024-00863-1,CMD-2024-00863,2024-06-14,49700,libéré,0.0
L2024-00863-2,CMD-2024-00863,2024-06-24,49800,libéré,0.0
L2024-00864-1,CMD-2024-00864,2024-06-28,14000,libéré,0.0
L2024-00865-1,CMD-2024-00865,2024-07-11,10200,libéré,0.0
L2024-00865-2,CMD-2024-00865,2024-07-09,10300,libéré,0.0
L2024-00866-1,CMD-2024-00866,2024-06-24,18000,libéré,0.0
L2024-00866-2,CMD-2024-00866,2024-06-20,18000,retraité,14291.1
L2024-00867-1,CMD-2024-00867,2024-06-17,13700,libéré,0.0
L2024-00867-2,CMD-2024-00867,2024-06-22,13800,libéré,0.0
L2024-00868-1,CMD-2024-00868,2024-06-22,6600,libéré,0.0
L2024-00868-2,CMD-2024-00868,2024-06-22,6600,libéré,0.0
L2024-00868-3,CMD-2024-00868,2024-06-18,6800,libéré,0.0
L2024-00869-1,CMD-2024-00869,2024-06-16,32300,libéré,0.0
L2024-00869-2,CMD-2024-00869,2024-06-30,32300,libéré,0.0
L2024-00869-3,CMD-2024-00869,2024-07-03,32400,libéré,0.0
L2024-00870-1,CMD-2024-00870,2024-06-20,17500,libéré,0.0
L2024-00870-2,CMD-2024-00870,2024-07-07,17500,libéré,0.0
L2024-00870-3,CMD-2024-00870,2024-06-25,17500,libéré,0.0
L2024-00871-1,CMD-2024-00871,2024-07-02,13500,libéré,0.0
L2024-00872-1,CMD-2024-00872,2024-06-15,16000,retraité,6376.8
L2024-00872-2,CMD-2024-00872,2024-06-18,16000,libéré,0.0
L2024-00873-1,CMD-2024-00873,2024-06-16,11600,libéré,0.0
L2024-00873-2,CMD-2024-00873,2024-07-11,11600,libéré,0.0
L2024-00873-3,CMD-2024-00873,2024-07-10,11800,rejeté,65431.0
L2024-00874-1,CMD-2024-00874,2024-06-25,23000,libéré,0.0
L2024-00875-1,CMD-2024-00875,2024-07-04,39000,libéré,0.0
L2024-00876-1,CMD-2024-00876,2024-06-18,35000,libéré,0.0
L2024-00876-2,CMD-2024-00876,2024-06-12,35000,libéré,0.0
L2024-00877-1,CMD-2024-00877,2024-06-26,29800,libéré,0.0
L2024-00877-2,CMD-2024-00877,2024-07-02,29800,libéré,0.0
L2024-00877-3,CMD-2024-00877,2024-06-23,29900,libéré,0.0
L2024-00878-1,CMD-2024-00878,2024-06-20,48000,rejeté,149088.0
L2024-00879-1,CMD-2024-00879,2024-06-20,51200,libéré,0.0
L2024-00879-2,CMD-2024-00879,2024-06-23,51300,libéré,0.0
L2024-00880-1,CMD-2024-00880,2024-06-20,10000,libéré,0.0
L2024-00881-1,CMD-2024-00881,2024-06-22,14000,rejeté,47012.0
L2024-00882-1,CMD-2024-00882,2024-06-19,8500,libéré,0.0
L2024-00882-2,CMD-2024-00882,2024-07-13,8500,libéré,0.0
L2024-00882-3,CMD-2024-00882,2024-07-07,8500,libéré,0.0
L2024-00883-1,CMD-2024-00883,2024-07-05,49000,libéré,0.0
L2024-00884-1,CMD-2024-00884,2024-06-23,12500,libéré,0.0
L2024-00884-2,CMD-2024-00884,2024-06-23,12500,libéré,0.0
L2024-00885-1,CMD-2024-00885,2024-06-20,64500,libéré,0.0
L2024-00886-1,CMD-2024-00886,2024-07-05,23200,rejeté,95514.4
L2024-00886-2,CMD-2024-00886,2024-07-06,23300,libéré,0.0
L2024-00887-1,CMD-2024-00887,2024-07-07,34000,libéré,0.0
L2024-00888-1,CMD-2024-00888,2024-06-23,55000,libéré,0.0
L2024-00889-1,CMD-2024-00889,2024-06-18,22000,libéré,0.0
L2024-00889-2,CMD-2024-00889,2024-06-21,22000,libéré,0.0
L2024-00890-1,CMD-2024-00890,2024-06-22,8100,libéré,0.0
L2024-00890-2,CMD-2024-00890,2024-06-20,8100,libéré,0.0
L2024-00890-3,CMD-2024-00890,2024-06-20,8300,libéré,0.0
L2024-00891-1,CMD-2024-00891,2024-06-19,8700,libéré,0.0
L2024-00891-2,CMD-2024-00891,2024-06-23,8800,libéré,0.0
L2024-00892-1,CMD-2024-00892,2024-07-06,24200,libéré,0.0
L2024-00892-2,CMD-2024-00892,2024-06-29,24300,libéré,0.0
L2024-00893-1,CMD-2024-00893,2024-07-02,32800,libéré,0.0
L2024-00893-2,CMD-2024-00893,2024-06-28,32800,libéré,0.0
L2024-00893-3,CMD-2024-00893,2024-06-25,32900,libéré,0.0
L2024-00894-1,CMD-2024-00894,2024-06-19,39500,libéré,0.0
L2024-00894-2,CMD-2024-00894,2024-06-19,39500,retraité,29328.75
L2024-00895-1,CMD-2024-00895,2024-06-19,11600,libéré,0.0
L2024-00895-2,CMD-2024-00895,2024-07-14,11600,libéré,0.0
L2024-00895-3,CMD-2024-00895,2024-06-19,11800,libéré,0.0
L2024-00896-1,CMD-2024-00896,2024-06-24,21200,libéré,0.0
L2024-00896-2,CMD-2024-00896,2024-06-24,21300,libéré,0.0
L2024-00897-1,CMD-2024-00897,2024-07-09,8000,libéré,0.0
L2024-00897-2,CMD-2024-00897,2024-06-25,8000,libéré,0.0
L2024-00897-3,CMD-2024-00897,2024-06-30,8000,libéré,0.0
L2024-00898-1,CMD-2024-00898,2024-06-19,8500,libéré,0.0
L2024-00898-2,CMD-2024-00898,2024-06-24,8500,libéré,0.0
L2024-00899-1,CMD-2024-00899,2024-06-26,16500,libéré,0.0
L2024-00899-2,CMD-2024-00899,2024-06-25,16500,libéré,0.0
L2024-00900-1,CMD-2024-00900,2024-07-16,18500,rejeté,47415.5
L2024-00901-1,CMD-2024-00901,2024-06-22,79500,libéré,0.0
L2024-00902-1,CMD-2024-00902,2024-07-08,15700,libéré,0.0
L2024-00902-2,CMD-2024-00902,2024-07-08,15800,libéré,0.0
L2024-00903-1,CMD-2024-00903,2024-07-01,43700,libéré,0.0
L2024-00903-2,CMD-2024-00903,2024-06-25,43800,libéré,0.0
L2024-00904-1,CMD-2024-00904,2024-07-01,6000,libéré,0.0
L2024-00904-2,CMD-2024-00904,2024-06-24,6000,libéré,0.0
L2024-00904-3,CMD-2024-00904,2024-06-30,6000,rejeté,23844.0
L2024-00905-1,CMD-2024-00905,2024-07-05,12500,libéré,0.0
L2024-00905-2,CMD-2024-00905,2024-07-02,12500,libéré,0.0
L2024-00906-1,CMD-2024-00906,2024-06-26,36500,libéré,0.0
L2024-00907-1,CMD-2024-00907,2024-07-07,10100,libéré,0.0
L2024-00907-2,CMD-2024-00907,2024-06-22,10100,retraité,4947.99
L2024-00907-3,CMD-2024-00907,2024-06-22,10300,libéré,0.0
L2024-00908-1,CMD-2024-00908,2024-06-28,27800,libéré,0.0
L2024-00908-2,CMD-2024-00908,2024-06-24,27800,libéré,0.0
L2024-00908-3,CMD-2024-00908,2024-06-30,27900,retraité,22435.78
L2024-00909-1,CMD-2024-00909,2024-06-30,7000,libéré,0.0
L2024-00909-2,CMD-2024-00909,2024-06-27,7000,libéré,0.0
L2024-00910-1,CMD-2024-00910,2024-07-10,39000,rejeté,196365.0
L2024-00910-2,CMD-2024-00910,2024-07-06,39000,libéré,0.0
L2024-00911-1,CMD-2024-00911,2024-07-11,31000,libéré,0.0
L2024-00912-1,CMD-2024-00912,2024-07-15,5500,libéré,0.0
L2024-00912-2,CMD-2024-00912,2024-07-06,5500,libéré,0.0
L2024-00913-1,CMD-2024-00913,2024-06-29,74000,libéré,0.0
L2024-00914-1,CMD-2024-00914,2024-07-04,11800,libéré,0.0
L2024-00914-2,CMD-2024-00914,2024-06-30,11800,libéré,0.0
L2024-00914-3,CMD-2024-00914,2024-06-26,11900,libéré,0.0
L2024-00915-1,CMD-2024-00915,2024-07-03,12700,libéré,0.0
L2024-00915-2,CMD-2024-00915,2024-06-30,12800,libéré,0.0
L2024-00916-1,CMD-2024-00916,2024-07-05,75000,libéré,0.0
L2024-00916-2,CMD-2024-00916,2024-06-28,75000,libéré,0.0
L2024-00917-1,CMD-2024-00917,2024-07-22,7300,libéré,0.0
L2024-00917-2,CMD-2024-00917,2024-07-17,7300,libéré,0.0
L2024-00917-3,CMD-2024-00917,2024-07-23,7400,libéré,0.0
L2024-00918-1,CMD-2024-00918,2024-06-24,14500,libéré,0.0
L2024-00919-1,CMD-2024-00919,2024-06-29,37000,libéré,0.0
L2024-00920-1,CMD-2024-00920,2024-07-07,6700,libéré,0.0
L2024-00920-2,CMD-2024-00920,2024-07-06,6800,libéré,0.0
L2024-00921-1,CMD-2024-00921,2024-06-30,22500,libéré,0.0
L2024-00922-1,CMD-2024-00922,2024-06-28,10500,libéré,0.0
L2024-00922-2,CMD-2024-00922,2024-06-26,10500,retraité,6775.65
L2024-00923-1,CMD-2024-00923,2024-07-07,8000,libéré,0.0
L2024-00923-2,CMD-2024-00923,2024-07-12,8000,libéré,0.0
L2024-00923-3,CMD-2024-00923,2024-07-09,8000,libéré,0.0
L2024-00924-1,CMD-2024-00924,2024-06-28,6500,libéré,0.0
L2024-00924-2,CMD-2024-00924,2024-07-26,6500,libéré,0.0
L2024-00924-3,CMD-2024-00924,2024-07-13,6500,libéré,0.0
L2024-00925-1,CMD-2024-00925,2024-07-11,43200,rejeté,133012.8
L2024-00925-2,CMD-2024-00925,2024-07-23,43300,libéré,0.0
L2024-00926-1,CMD-2024-00926,2024-07-15,38000,libéré,0.0
L2024-00927-1,CMD-2024-00927,2024-06-28,12100,libéré,0.0
L2024-00927-2,CMD-2024-00927,2024-07-04,12100,libéré,0.0
L2024-00927-3,CMD-2024-00927,2024-07-01,12300,libéré,0.0
L2024-00928-1,CMD-2024-00928,2024-07-04,35500,libéré,0.0
L2024-00929-1,CMD-2024-00929,2024-06-27,11100,libéré,0.0
L2024-00929-2,CMD-2024-00929,2024-07-10,11100,libéré,0.0
L2024-00929-3,CMD-2024-00929,2024-07-06,11300,libéré,0.0
L2024-00930-1,CMD-2024-00930,2024-06-30,71500,libéré,0.0
L2024-00931-1,CMD-2024-00931,2024-07-11,18500,libéré,0.0
L2024-00932-1,CMD-2024-00932,2024-06-29,35500,libéré,0.0
L2024-00933-1,CMD-2024-00933,2024-07-30,26500,libéré,0.0
L2024-00934-1,CMD-2024-00934,2024-07-16,23500,libéré,0.0
L2024-00935-1,CMD-2024-00935,2024-07-06,38500,libéré,0.0
L2024-00935-2,CMD-2024-00935,2024-06-28,38500,libéré,0.0
L2024-00936-1,CMD-2024-00936,2024-06-27,53700,libéré,0.0
L2024-00936-2,CMD-2024-00936,2024-07-03,53800,libéré,0.0
L2024-00937-1,CMD-2024-00937,2024-06-30,25700,libéré,0.0
L2024-00937-2,CMD-2024-00937,2024-07-06,25800,libéré,0.0
L2024-00938-1,CMD-2024-00938,2024-07-19,43500,libéré,0.0
L2024-00939-1,CMD-2024-00939,2024-07-08,24000,libéré,0.0
L2024-00939-2,CMD-2024-00939,2024-07-17,24100,libéré,0.0
L2024-00940-1,CMD-2024-00940,2024-07-01,22700,retraité,14066.06
L2024-00940-2,CMD-2024-00940,2024-07-13,22800,libéré,0.0
L2024-00941-1,CMD-2024-00941,2024-07-12,20500,libéré,0.0
L2024-00941-2,CMD-2024-00941,2024-07-20,20500,libéré,0.0
L2024-00942-1,CMD-2024-00942,2024-07-08,12200,libéré,0.0
L2024-00942-2,CMD-2024-00942,2024-06-27,12300,libéré,0.0
L2024-00943-1,CMD-2024-00943,2024-07-23,33000,libéré,0.0
L2024-00943-2,CMD-2024-00943,2024-07-08,33000,libéré,0.0
L2024-00944-1,CMD-2024-00944,2024-07-06,12000,libéré,0.0
L2024-00944-2,CMD-2024-00944,2024-07-13,12000,libéré,0.0
L2024-00944-3,CMD-2024-00944,2024-06-27,12000,libéré,0.0
L2024-00945-1,CMD-2024-00945,2024-07-05,52500,libéré,0.0
L2024-00946-1,CMD-2024-00946,2024-07-01,28600,libéré,0.0
L2024-00946-2,CMD-2024-00946,2024-07-02,28600,libéré,0.0
L2024-00946-3,CMD-2024-00946,2024-06-29,28800,libéré,0.0
L2024-00947-1,CMD-2024-00947,2024-07-02,9300,libéré,0.0
L2024-00947-2,CMD-2024-00947,2024-07-02,9300,libéré,0.0
L2024-00947-3,CMD-2024-00947,2024-07-07,9400,libéré,0.0
L2024-00948-1,CMD-2024-00948,2024-06-30,26300,libéré,0.0
L2024-00948-2,CMD-2024-00948,2024-07-11,26300,libéré,0.0
L2024-00948-3,CMD-2024-00948,2024-07-07,26400,libéré,0.0
L2024-00949-1,CMD-2024-00949,2024-07-02,55500,libéré,0.0
L2024-00949-2,CMD-2024-00949,2024-07-06,55500,retraité,26598.38
L2024-00950-1,CMD-2024-00950,2024-07-12,9100,libéré,0.0
L2024-00950-2,CMD-2024-00950,2024-07-03,9100,libéré,0.0
L2024-00950-3,CMD-2024-00950,2024-07-07,9300,libéré,0.0
L2024-00951-1,CMD-2024-00951,2024-07-20,39000,libéré,0.0
L2024-00951-2,CMD-2024-00951,2024-07-07,39000,libéré,0.0
L2024-00951-3,CMD-2024-00951,2024-07-01,39000,libéré,0.0
L2024-00952-1,CMD-2024-00952,2024-07-11,26000,libéré,0.0
L2024-00952-2,CMD-2024-00952,2024-07-07,26000,libéré,0.0
L2024-00952-3,CMD-2024-00952,2024-07-11,26000,libéré,0.0
L2024-00953-1,CMD-2024-00953,2024-07-10,13300,libéré,0.0
L2024-00953-2,CMD-2024-00953,2024-07-11,13300,libéré,0.0
L2024-00953-3,CMD-2024-00953,2024-07-13,13400,libéré,0.0
L2024-00954-1,CMD-2024-00954,2024-07-11,22500,libéré,0.0
L2024-00955-1,CMD-2024-00955,2024-07-22,11800,libéré,0.0
L2024-00955-2,CMD-2024-00955,2024-07-25,11800,rejeté,50197.2
L2024-00955-3,CMD-2024-00955,2024-07-18,11900,libéré,0.0
L2024-00956-1,CMD-2024-00956,2024-07-19,47000,libéré,0.0
L2024-00957-1,CMD-2024-00957,2024-07-18,75000,retraité,42390.0
L2024-00957-2,CMD-2024-00957,2024-07-18,75000,libéré,0.0
L2024-00958-1,CMD-2024-00958,2024-07-12,17100,libéré,0.0
L2024-00958-2,CMD-2024-00958,2024-07-08,17100,libéré,0.0
L2024-00958-3,CMD-2024-00958,2024-07-03,17300,libéré,0.0
L2024-00959-1,CMD-2024-00959,2024-07-02,6300,libéré,0.0
L2024-00959-2,CMD-2024-00959,2024-07-11,6300,libéré,0.0
L2024-00959-3,CMD-2024-00959,2024-07-05,6400,libéré,0.0
L2024-00960-1,CMD-2024-00960,2024-07-02,22000,libéré,0.0
L2024-00960-2,CMD-2024-00960,2024-07-15,22000,libéré,0.0
L2024-00961-1,CMD-2024-00961,2024-07-01,55500,libéré,0.0
L2024-00962-1,CMD-2024-00962,2024-07-04,12000,libéré,0.0
L2024-00962-2,CMD-2024-00962,2024-07-14,12000,retraité,5099.4
L2024-00963-1,CMD-2024-00963,2024-07-02,21000,libéré,0.0
L2024-00963-2,CMD-2024-00963,2024-07-28,21000,libéré,0.0
L2024-00964-1,CMD-2024-00964,2024-07-25,17500,libéré,0.0
L2024-00964-2,CMD-2024-00964,2024-07-26,17500,libéré,0.0
L2024-00965-1,CMD-2024-00965,2024-07-06,25200,libéré,0.0
L2024-00965-2,CMD-2024-00965,2024-07-11,25300,libéré,0.0
L2024-00966-1,CMD-2024-00966,2024-07-14,25000,libéré,0.0
L2024-00966-2,CMD-2024-00966,2024-07-12,25000,libéré,0.0
L2024-00966-3,CMD-2024-00966,2024-07-05,25000,libéré,0.0
L2024-00967-1,CMD-2024-00967,2024-07-21,38000,libéré,0.0
L2024-00968-1,CMD-2024-00968,2024-07-13,14500,libéré,0.0
L2024-00969-1,CMD-2024-00969,2024-07-15,30000,libéré,0.0
L2024-00970-1,CMD-2024-00970,2024-07-09,41300,libéré,0.0
L2024-00970-2,CMD-2024-00970,2024-07-06,41300,libéré,0.0
L2024-00970-3,CMD-2024-00970,2024-07-10,41400,libéré,0.0
L2024-00971-1,CMD-2024-00971,2024-07-10,9100,retraité,6759.48
L2024-00971-2,CMD-2024-00971,2024-07-03,9100,libéré,0.0
L2024-00971-3,CMD-2024-00971,2024-07-16,9300,libéré,0.0
L2024-00972-1,CMD-2024-00972,2024-07-11,31500,libéré,0.0
L2024-00973-1,CMD-2024-00973,2024-07-13,5000,libéré,0.0
L2024-00973-2,CMD-2024-00973,2024-07-21,5000,libéré,0.0
L2024-00974-1,CMD-2024-00974,2024-07-13,28700,libéré,0.0
L2024-00974-2,CMD-2024-00974,2024-07-10,28800,libéré,0.0
L2024-00975-1,CMD-2024-00975,2024-07-16,18600,libéré,0.0
L2024-00975-2,CMD-2024-00975,2024-07-10,18600,libéré,0.0
L2024-00975-3,CMD-2024-00975,2024-07-16,18800,libéré,0.0
L2024-00976-1,CMD-2024-00976,2024-07-21,58500,libéré,0.0
L2024-00977-1,CMD-2024-00977,2024-07-23,26800,libéré,0.0
L2024-00977-2,CMD-2024-00977,2024-07-24,26800,libéré,0.0
L2024-00977-3,CMD-2024-00977,2024-07-24,26900,libéré,0.0
L2024-00978-1,CMD-2024-00978,2024-07-14,26200,retraité,12760.71
L2024-00978-2,CMD-2024-00978,2024-07-14,26300,libéré,0.0
L2024-00979-1,CMD-2024-00979,2024-07-06,24600,libéré,0.0
L2024-00979-2,CMD-2024-00979,2024-08-02,24600,libéré,0.0
L2024-00979-3,CMD-2024-00979,2024-07-24,24800,libéré,0.0
L2024-00980-1,CMD-2024-00980,2024-07-03,40500,libéré,0.0
L2024-00980-2,CMD-2024-00980,2024-07-02,40500,libéré,0.0
L2024-00980-3,CMD-2024-00980,2024-07-09,40500,libéré,0.0
L2024-00981-1,CMD-2024-00981,2024-07-13,13500,libéré,0.0
L2024-00981-2,CMD-2024-00981,2024-07-21,13500,libéré,0.0
L2024-00981-3,CMD-2024-00981,2024-07-18,13500,libéré,0.0
L2024-00982-1,CMD-2024-00982,2024-07-09,21800,libéré,0.0
L2024-00982-2,CMD-2024-00982,2024-07-23,21800,libéré,0.0
L2024-00982-3,CMD-2024-00982,2024-07-19,21900,libéré,0.0
L2024-00983-1,CMD-2024-00983,2024-07-10,28500,libéré,0.0
L2024-00983-2,CMD-2024-00983,2024-07-21,28500,libéré,0.0
L2024-00983-3,CMD-2024-00983,2024-07-07,28500,libéré,0.0
L2024-00984-1,CMD-2024-00984,2024-07-18,13700,libéré,0.0
L2024-00984-2,CMD-2024-00984,2024-07-04,13800,libéré,0.0
L2024-00985-1,CMD-2024-00985,2024-07-11,42000,libéré,0.0
L2024-00986-1,CMD-2024-00986,2024-07-18,17000,libéré,0.0
L2024-00987-1,CMD-2024-00987,2024-07-12,10700,libéré,0.0
L2024-00987-2,CMD-2024-00987,2024-07-16,10800,libéré,0.0
L2024-00988-1,CMD-2024-00988,2024-07-10,11600,libéré,0.0
L2024-00988-2,CMD-2024-00988,2024-07-11,11600,libéré,0.0
L2024-00988-3,CMD-2024-00988,2024-07-12,11800,libéré,0.0
L2024-00989-1,CMD-2024-00989,2024-07-31,20300,libéré,0.0
L2024-00989-2,CMD-2024-00989,2024-07-26,20300,libéré,0.0
L2024-00989-3,CMD-2024-00989,2024-07-12,20400,libéré,0.0
L2024-00990-1,CMD-2024-00990,2024-07-13,49000,libéré,0.0
L2024-00991-1,CMD-2024-00991,2024-07-20,60000,libéré,0.0
L2024-00991-2,CMD-2024-00991,2024-07-15,60000,libéré,0.0
L2024-00992-1,CMD-2024-00992,2024-07-19,30000,rejeté,93780.0
L2024-00992-2,CMD-2024-00992,2024-07-19,30000,libéré,0.0
L2024-00993-1,CMD-2024-00993,2024-08-05,26500,libéré,0.0
L2024-00994-1,CMD-2024-00994,2024-07-16,38000,libéré,0.0
L2024-00995-1,CMD-2024-00995,2024-07-20,10000,libéré,0.0
L2024-00995-2,CMD-2024-00995,2024-07-15,10000,libéré,0.0
L2024-00995-3,CMD-2024-00995,2024-07-10,10000,libéré,0.0
L2024-00996-1,CMD-2024-00996,2024-07-13,11300,libéré,0.0
L2024-00996-2,CMD-2024-00996,2024-07-28,11300,libéré,0.0
L2024-00996-3,CMD-2024-00996,2024-07-08,11400,libéré,0.0
L2024-00997-1,CMD-2024-00997,2024-07-18,20100,retraité,15506.15
L2024-00997-2,CMD-2024-00997,2024-07-10,20100,libéré,0.0
L2024-00997-3,CMD-2024-00997,2024-07-21,20300,libéré,0.0
L2024-00998-1,CMD-2024-00998,2024-07-16,10500,libéré,0.0
L2024-00998-2,CMD-2024-00998,2024-08-04,10500,libéré,0.0
L2024-00998-3,CMD-2024-00998,2024-07-17,10500,libéré,0.0
L2024-00999-1,CMD-2024-00999,2024-07-29,23300,libéré,0.0
L2024-00999-2,CMD-2024-00999,2024-07-22,23300,libéré,0.0
L2024-00999-3,CMD-2024-00999,2024-07-19,23400,libéré,0.0
L2024-01000-1,CMD-2024-01000,2024-07-22,40500,libéré,0.0
L2024-01001-1,CMD-2024-01001,2024-07-07,23500,libéré,0.0
L2024-01001-2,CMD-2024-01001,2024-07-13,23500,libéré,0.0
L2024-01001-3,CMD-2024-01001,2024-07-24,23500,libéré,0.0
L2024-01002-1,CMD-2024-01002,2024-07-26,13100,libéré,0.0
L2024-01002-2,CMD-2024-01002,2024-07-18,13100,libéré,0.0
L2024-01002-3,CMD-2024-01002,2024-07-24,13300,libéré,0.0
L2024-01003-1,CMD-2024-01003,2024-07-16,6000,libéré,0.0
L2024-01003-2,CMD-2024-01003,2024-08-16,6000,libéré,0.0
L2024-01003-3,CMD-2024-01003,2024-08-14,6000,libéré,0.0
L2024-01004-1,CMD-2024-01004,2024-07-22,29100,libéré,0.0
L2024-01004-2,CMD-2024-01004,2024-07-09,29100,libéré,0.0
L2024-01004-3,CMD-2024-01004,2024-07-08,29300,libéré,0.0
L2024-01005-1,CMD-2024-01005,2024-07-27,30000,libéré,0.0
L2024-01005-2,CMD-2024-01005,2024-07-21,30000,libéré,0.0
L2024-01005-3,CMD-2024-01005,2024-07-24,30000,libéré,0.0
L2024-01006-1,CMD-2024-01006,2024-07-17,62500,libéré,0.0
L2024-01007-1,CMD-2024-01007,2024-07-12,32000,libéré,0.0
L2024-01007-2,CMD-2024-01007,2024-07-15,32000,libéré,0.0
L2024-01008-1,CMD-2024-01008,2024-07-15,10500,libéré,0.0
L2024-01008-2,CMD-2024-01008,2024-07-26,10500,libéré,0.0
L2024-01009-1,CMD-2024-01009,2024-07-25,26500,libéré,0.0
L2024-01010-1,CMD-2024-01010,2024-07-10,25500,libéré,0.0
L2024-01010-2,CMD-2024-01010,2024-07-12,25500,libéré,0.0
L2024-01011-1,CMD-2024-01011,2024-07-11,18100,libéré,0.0
L2024-01011-2,CMD-2024-01011,2024-07-17,18100,retraité,8739.58
L2024-01011-3,CMD-2024-01011,2024-07-09,18300,libéré,0.0
L2024-01012-1,CMD-2024-01012,2024-07-17,12700,libéré,0.0
L2024-01012-2,CMD-2024-01012,2024-07-29,12800,libéré,0.0
L2024-01013-1,CMD-2024-01013,2024-07-08,22500,libéré,0.0
L2024-01014-1,CMD-2024-01014,2024-07-31,17500,libéré,0.0
L2024-01014-2,CMD-2024-01014,2024-07-22,17500,libéré,0.0
L2024-01015-1,CMD-2024-01015,2024-07-28,14200,libéré,0.0
L2024-01015-2,CMD-2024-01015,2024-07-28,14300,libéré,0.0
L2024-01016-1,CMD-2024-01016,2024-07-16,31500,libéré,0.0
L2024-01017-1,CMD-2024-01017,2024-07-10,9100,libéré,0.0
L2024-01017-2,CMD-2024-01017,2024-07-17,9100,retraité,3207.75
L2024-01017-3,CMD-2024-01017,2024-07-22,9300,libéré,0.0
L2024-01018-1,CMD-2024-01018,2024-07-11,8200,libéré,0.0
L2024-01018-2,CMD-2024-01018,2024-07-31,8300,libéré,0.0
L2024-01019-1,CMD-2024-01019,2024-07-29,40000,libéré,0.0
L2024-01019-2,CMD-2024-01019,2024-07-12,40000,libéré,0.0
L2024-01020-1,CMD-2024-01020,2024-07-18,10200,libéré,0.0
L2024-01020-2,CMD-2024-01020,2024-07-22,10300,libéré,0.0
L2024-01021-1,CMD-2024-01021,2024-07-12,6800,libéré,0.0
L2024-01021-2,CMD-2024-01021,2024-07-28,6800,libéré,0.0
L2024-01021-3,CMD-2024-01021,2024-07-11,6900,libéré,0.0
L2024-01022-1,CMD-2024-01022,2024-08-09,17600,libéré,0.0
L2024-01022-2,CMD-2024-01022,2024-08-08,17600,libéré,0.0
L2024-01022-3,CMD-2024-01022,2024-07-22,17800,libéré,0.0
L2024-01023-1,CMD-2024-01023,2024-07-16,5000,libéré,0.0
L2024-01023-2,CMD-2024-01023,2024-07-20,5000,libéré,0.0
L2024-01024-1,CMD-2024-01024,2024-07-18,68000,libéré,0.0
L2024-01025-1,CMD-2024-01025,2024-07-21,16700,libéré,0.0
L2024-01025-2,CMD-2024-01025,2024-07-30,16800,libéré,0.0
L2024-01026-1,CMD-2024-01026,2024-07-30,21800,libéré,0.0
L2024-01026-2,CMD-2024-01026,2024-07-21,21800,libéré,0.0
L2024-01026-3,CMD-2024-01026,2024-07-21,21900,libéré,0.0
L2024-01027-1,CMD-2024-01027,2024-07-18,5800,libéré,0.0
L2024-01027-2,CMD-2024-01027,2024-07-22,5800,libéré,0.0
L2024-01027-3,CMD-2024-01027,2024-07-24,5900,libéré,0.0
L2024-01028-1,CMD-2024-01028,2024-08-02,11500,libéré,0.0
L2024-01029-1,CMD-2024-01029,2024-07-23,25000,libéré,0.0
L2024-01030-1,CMD-2024-01030,2024-07-14,44000,libéré,0.0
L2024-01031-1,CMD-2024-01031,2024-07-15,20000,libéré,0.0
L2024-01032-1,CMD-2024-01032,2024-07-19,6700,libéré,0.0
L2024-01032-2,CMD-2024-01032,2024-07-17,6800,libéré,0.0
L2024-01033-1,CMD-2024-01033,2024-07-25,22700,rejeté,72322.2
L2024-01033-2,CMD-2024-01033,2024-07-25,22800,libéré,0.0
L2024-01034-1,CMD-2024-01034,2024-08-13,23500,libéré,0.0
L2024-01034-2,CMD-2024-01034,2024-07-22,23500,libéré,0.0
L2024-01034-3,CMD-2024-01034,2024-08-16,23500,libéré,0.0
L2024-01035-1,CMD-2024-01035,2024-07-20,23700,libéré,0.0
L2024-01035-2,CMD-2024-01035,2024-08-11,23800,libéré,0.0
L2024-01036-1,CMD-2024-01036,2024-08-06,30500,libéré,0.0
L2024-01037-1,CMD-2024-01037,2024-07-15,32500,libéré,0.0
L2024-01038-1,CMD-2024-01038,2024-07-20,20500,retraité,10245.9
L2024-01038-2,CMD-2024-01038,2024-08-05,20500,libéré,0.0
L2024-01039-1,CMD-2024-01039,2024-07-26,29800,libéré,0.0
L2024-01039-2,CMD-2024-01039,2024-07-15,29800,libéré,0.0
L2024-01039-3,CMD-2024-01039,2024-07-21,29900,libéré,0.0
L2024-01040-1,CMD-2024-01040,2024-08-06,10000,libéré,0.0
L2024-01041-1,CMD-2024-01041,2024-08-09,21300,libéré,0.0
L2024-01041-2,CMD-2024-01041,2024-08-03,21300,libéré,0.0
L2024-01041-3,CMD-2024-01041,2024-08-10,21400,libéré,0.0
L2024-01042-1,CMD-2024-01042,2024-08-08,29600,libéré,0.0
L2024-01043-1,CMD-2024-01043,2024-07-31,16700,libéré,0.0
L2024-01043-2,CMD-2024-01043,2024-08-10,16800,libéré,0.0
L2024-01044-1,CMD-2024-01044,2024-08-13,41000,libéré,0.0
L2024-01045-1,CMD-2024-01045,2024-07-28,49000,libéré,0.0
L2024-01046-1,CMD-2024-01046,2024-07-22,9500,libéré,0.0
L2024-01046-2,CMD-2024-01046,2024-07-30,9500,libéré,0.0
L2024-01047-1,CMD-2024-01047,2024-08-07,31500,libéré,0.0
L2024-01048-1,CMD-2024-01048,2024-07-19,32500,libéré,0.0
L2024-01049-1,CMD-2024-01049,2024-07-29,20700,libéré,0.0
L2024-01049-2,CMD-2024-01049,2024-07-18,20800,libéré,0.0
L2024-01050-1,CMD-2024-01050,2024-08-04,8200,libéré,0.0
L2024-01050-2,CMD-2024-01050,2024-08-18,8300,libéré,0.0
L2024-01051-1,CMD-2024-01051,2024-08-04,20700,libéré,0.0
L2024-01051-2,CMD-2024-01051,2024-07-24,20800,retraité,8186.88
L2024-01052-1,CMD-2024-01052,2024-07-17,34000,libéré,0.0
L2024-01052-2,CMD-2024-01052,2024-07-17,34000,libéré,0.0
L2024-01052-3,CMD-2024-01052,2024-07-16,34000,libéré,0.0
L2024-01053-1,CMD-2024-01053,2024-07-28,33100,libéré,0.0
L2024-01053-2,CMD-2024-01053,2024-07-20,33100,libéré,0.0
L2024-01053-3,CMD-2024-01053,2024-07-22,33300,libéré,0.0
L2024-01054-1,CMD-2024-01054,2024-07-20,17000,libéré,0.0
L2024-01054-2,CMD-2024-01054,2024-07-16,17000,libéré,0.0
L2024-01054-3,CMD-2024-01054,2024-07-26,17000,libéré,0.0
L2024-01055-1,CMD-2024-01055,2024-07-31,19000,libéré,0.0
L2024-01055-2,CMD-2024-01055,2024-07-30,19000,libéré,0.0
L2024-01055-3,CMD-2024-01055,2024-08-01,19000,libéré,0.0
L2024-01056-1,CMD-2024-01056,2024-08-06,63200,libéré,0.0
L2024-01056-2,CMD-2024-01056,2024-07-27,63300,libéré,0.0
L2024-01057-1,CMD-2024-01057,2024-07-18,11600,retraité,4471.8
L2024-01057-2,CMD-2024-01057,2024-08-09,11600,libéré,0.0
L2024-01057-3,CMD-2024-01057,2024-07-29,11800,libéré,0.0
L2024-01058-1,CMD-2024-01058,2024-07-29,33700,libéré,0.0
L2024-01058-2,CMD-2024-01058,2024-07-25,33800,libéré,0.0
L2024-01059-1,CMD-2024-01059,2024-08-12,14500,libéré,0.0
L2024-01060-1,CMD-2024-01060,2024-07-29,27100,libéré,0.0
L2024-01060-2,CMD-2024-01060,2024-07-29,27100,libéré,0.0
L2024-01060-3,CMD-2024-01060,2024-08-25,27300,libéré,0.0
L2024-01061-1,CMD-2024-01061,2024-07-29,5600,libéré,0.0
L2024-01061-2,CMD-2024-01061,2024-08-03,5700,libéré,0.0
L2024-01062-1,CMD-2024-01062,2024-08-07,11000,libéré,0.0
L2024-01062-2,CMD-2024-01062,2024-08-08,11000,libéré,0.0
L2024-01063-1,CMD-2024-01063,2024-08-06,74500,libéré,0.0
L2024-01064-1,CMD-2024-01064,2024-08-18,18700,libéré,0.0
L2024-01064-2,CMD-2024-01064,2024-08-15,18800,libéré,0.0
L2024-01065-1,CMD-2024-01065,2024-07-24,28500,libéré,0.0
L2024-01065-2,CMD-2024-01065,2024-07-31,28500,libéré,0.0
L2024-01066-1,CMD-2024-01066,2024-08-01,28000,libéré,0.0
L2024-01066-2,CMD-2024-01066,2024-07-29,28000,retraité,18026.4
L2024-01067-1,CMD-2024-01067,2024-07-25,14500,libéré,0.0
L2024-01067-2,CMD-2024-01067,2024-08-03,14500,libéré,0.0
L2024-01067-3,CMD-2024-01067,2024-07-25,14500,libéré,0.0
L2024-01068-1,CMD-2024-01068,2024-08-01,75000,libéré,0.0
L2024-01068-2,CMD-2024-01068,2024-07-26,75000,libéré,0.0
L2024-01069-1,CMD-2024-01069,2024-07-24,12500,retraité,6016.88
L2024-01070-1,CMD-2024-01070,2024-08-07,12300,libéré,0.0
L2024-01070-2,CMD-2024-01070,2024-07-22,12300,libéré,0.0
L2024-01070-3,CMD-2024-01070,2024-08-06,12400,libéré,0.0
L2024-01071-1,CMD-2024-01071,2024-08-08,18600,libéré,0.0
L2024-01071-2,CMD-2024-01071,2024-07-22,18600,libéré,0.0
L2024-01071-3,CMD-2024-01071,2024-07-23,18800,rejeté,58674.8
L2024-01072-1,CMD-2024-01072,2024-08-11,56500,libéré,0.0
L2024-01073-1,CMD-2024-01073,2024-08-06,7300,libéré,0.0
L2024-01073-2,CMD-2024-01073,2024-07-28,7300,libéré,0.0
L2024-01073-3,CMD-2024-01073,2024-08-15,7400,libéré,0.0
L2024-01074-1,CMD-2024-01074,2024-08-01,9100,libéré,0.0
L2024-01074-2,CMD-2024-01074,2024-07-27,9100,libéré,0.0
L2024-01074-3,CMD-2024-01074,2024-07-21,9300,libéré,0.0
L2024-01075-1,CMD-2024-01075,2024-07-27,12500,libéré,0.0
L2024-01076-1,CMD-2024-01076,2024-08-10,5600,libéré,0.0
L2024-01076-2,CMD-2024-01076,2024-08-12,5600,libéré,0.0
L2024-01076-3,CMD-2024-01076,2024-08-18,5800,libéré,0.0
L2024-01077-1,CMD-2024-01077,2024-07-21,13500,libéré,0.0
L2024-01078-1,CMD-2024-01078,2024-08-02,28500,libéré,0.0
L2024-01079-1,CMD-2024-01079,2024-07-22,36000,libéré,0.0
L2024-01079-2,CMD-2024-01079,2024-07-25,36000,retraité,9558.0
L2024-01080-1,CMD-2024-01080,2024-07-29,9300,libéré,0.0
L2024-01081-1,CMD-2024-01081,2024-08-02,43200,libéré,0.0
L2024-01081-2,CMD-2024-01081,2024-07-23,43300,libéré,0.0
L2024-01082-1,CMD-2024-01082,2024-07-26,38500,libéré,0.0
L2024-01083-1,CMD-2024-01083,2024-07-28,14100,libéré,0.0
L2024-01083-2,CMD-2024-01083,2024-08-01,14100,libéré,0.0
L2024-01083-3,CMD-2024-01083,2024-07-23,14300,libéré,0.0
L2024-01084-1,CMD-2024-01084,2024-08-03,13500,libéré,0.0
L2024-01084-2,CMD-2024-01084,2024-07-24,13500,libéré,0.0
L2024-01084-3,CMD-2024-01084,2024-08-02,13500,libéré,0.0
L2024-01085-1,CMD-2024-01085,2024-07-31,17300,libéré,0.0
L2024-01085-2,CMD-2024-01085,2024-07-25,17300,libéré,0.0
L2024-01085-3,CMD-2024-01085,2024-07-31,17400,libéré,0.0
L2024-01086-1,CMD-2024-01086,2024-07-26,10600,libéré,0.0
L2024-01086-2,CMD-2024-01086,2024-07-23,10600,libéré,0.0
L2024-01086-3,CMD-2024-01086,2024-08-01,10800,libéré,0.0
L2024-01087-1,CMD-2024-01087,2024-08-07,15500,libéré,0.0
L2024-01087-2,CMD-2024-01087,2024-07-30,15500,libéré,0.0
L2024-01087-3,CMD-2024-01087,2024-08-06,15500,libéré,0.0
L2024-01088-1,CMD-2024-01088,2024-08-09,29200,libéré,0.0
L2024-01088-2,CMD-2024-01088,2024-07-29,29300,rejeté,90273.3
L2024-01089-1,CMD-2024-01089,2024-07-29,56200,libéré,0.0
L2024-01089-2,CMD-2024-01089,2024-08-10,56200,libéré,0.0
L2024-01090-1,CMD-2024-01090,2024-08-01,23800,libéré,0.0
L2024-01090-2,CMD-2024-01090,2024-07-30,23800,libéré,0.0
L2024-01090-3,CMD-2024-01090,2024-07-24,23900,libéré,0.0
L2024-01091-1,CMD-2024-01091,2024-08-05,46500,libéré,0.0
L2024-01092-1,CMD-2024-01092,2024-07-27,18000,libéré,0.0
L2024-01092-2,CMD-2024-01092,2024-07-29,18000,libéré,0.0
L2024-01093-1,CMD-2024-01093,2024-08-02,29200,libéré,0.0
L2024-01093-2,CMD-2024-01093,2024-08-10,29300,libéré,0.0
L2024-01094-1,CMD-2024-01094,2024-08-01,50500,libéré,0.0
L2024-01095-1,CMD-2024-01095,2024-08-02,43200,libéré,0.0
L2024-01095-2,CMD-2024-01095,2024-08-12,43300,libéré,0.0
L2024-01096-1,CMD-2024-01096,2024-07-30,6100,libéré,0.0
L2024-01096-2,CMD-2024-01096,2024-07-27,6100,libéré,0.0
L2024-01096-3,CMD-2024-01096,2024-08-02,6300,libéré,0.0
L2024-01097-1,CMD-2024-01097,2024-08-09,10000,rejeté,25750.0
L2024-01097-2,CMD-2024-01097,2024-07-25,10000,libéré,0.0
L2024-01098-1,CMD-2024-01098,2024-07-28,13000,rejeté,58825.0
L2024-01098-2,CMD-2024-01098,2024-08-13,13000,libéré,0.0
L2024-01099-1,CMD-2024-01099,2024-07-31,26300,libéré,0.0
L2024-01099-2,CMD-2024-01099,2024-07-28,26300,libéré,0.0
L2024-01099-3,CMD-2024-01099,2024-08-13,26500,libéré,0.0
L2024-01100-1,CMD-2024-01100,2024-07-26,31800,libéré,0.0
L2024-01100-2,CMD-2024-01100,2024-07-26,31800,libéré,0.0
L2024-01100-3,CMD-2024-01100,2024-08-03,31900,libéré,0.0
L2024-01101-1,CMD-2024-01101,2024-08-20,39200,libéré,0.0
L2024-01101-2,CMD-2024-01101,2024-08-10,39300,libéré,0.0
L2024-01102-1,CMD-2024-01102,2024-08-09,24000,libéré,0.0
L2024-01103-1,CMD-2024-01103,2024-07-30,49500,libéré,0.0
L2024-01104-1,CMD-2024-01104,2024-07-30,19000,libéré,0.0
L2024-01105-1,CMD-2024-01105,2024-08-11,25800,libéré,0.0
L2024-01105-2,CMD-2024-01105,2024-07-30,25800,libéré,0.0
L2024-01105-3,CMD-2024-01105,2024-08-13,25900,libéré,0.0
L2024-01106-1,CMD-2024-01106,2024-08-01,10500,libéré,0.0
L2024-01106-2,CMD-2024-01106,2024-08-10,10500,libéré,0.0
L2024-01106-3,CMD-2024-01106,2024-08-08,10500,libéré,0.0
L2024-01107-1,CMD-2024-01107,2024-08-09,11300,libéré,0.0
L2024-01107-2,CMD-2024-01107,2024-08-02,11300,libéré,0.0
L2024-01107-3,CMD-2024-01107,2024-08-01,11400,libéré,0.0
L2024-01108-1,CMD-2024-01108,2024-08-09,18000,libéré,0.0
L2024-01108-2,CMD-2024-01108,2024-08-11,18000,libéré,0.0
L2024-01109-1,CMD-2024-01109,2024-09-07,29000,libéré,0.0
L2024-01110-1,CMD-2024-01110,2024-08-07,19500,libéré,0.0
L2024-01111-1,CMD-2024-01111,2024-07-28,17500,libéré,0.0
L2024-01111-2,CMD-2024-01111,2024-07-31,17500,libéré,0.0
L2024-01112-1,CMD-2024-01112,2024-08-22,25500,libéré,0.0
L2024-01112-2,CMD-2024-01112,2024-08-23,25500,libéré,0.0
L2024-01112-3,CMD-2024-01112,2024-08-08,25500,libéré,0.0
L2024-01113-1,CMD-2024-01113,2024-08-11,17000,libéré,0.0
L2024-01113-2,CMD-2024-01113,2024-07-30,17000,libéré,0.0
L2024-01113-3,CMD-2024-01113,2024-08-13,17000,libéré,0.0
L2024-01114-1,CMD-2024-01114,2024-08-19,14200,libéré,0.0
L2024-01114-2,CMD-2024-01114,2024-09-05,14300,libéré,0.0
L2024-01115-1,CMD-2024-01115,2024-08-07,17900,libéré,0.0
L2024-01115-2,CMD-2024-01115,2024-07-31,18000,libéré,0.0
L2024-01116-1,CMD-2024-01116,2024-08-05,9000,libéré,0.0
L2024-01116-2,CMD-2024-01116,2024-08-27,9000,libéré,0.0
L2024-01116-3,CMD-2024-01116,2024-07-28,9000,libéré,0.0
L2024-01117-1,CMD-2024-01117,2024-08-19,25000,libéré,0.0
L2024-01117-2,CMD-2024-01117,2024-08-09,25000,libéré,0.0
L2024-01118-1,CMD-2024-01118,2024-08-12,42000,libéré,0.0
L2024-01119-1,CMD-2024-01119,2024-08-01,46500,libéré,0.0
L2024-01120-1,CMD-2024-01120,2024-08-18,20500,libéré,0.0
L2024-01120-2,CMD-2024-01120,2024-07-31,20500,libéré,0.0
L2024-01121-1,CMD-2024-01121,2024-08-19,43200,libéré,0.0
L2024-01121-2,CMD-2024-01121,2024-08-03,43300,libéré,0.0
L2024-01122-1,CMD-2024-01122,2024-08-11,22000,libéré,0.0
L2024-01122-2,CMD-2024-01122,2024-08-15,22000,libéré,0.0
L2024-01122-3,CMD-2024-01122,2024-08-02,22000,libéré,0.0
L2024-01123-1,CMD-2024-01123,2024-08-14,24300,libéré,0.0
L2024-01123-2,CMD-2024-01123,2024-08-09,24300,libéré,0.0
L2024-01123-3,CMD-2024-01123,2024-08-20,24400,libéré,0.0
L2024-01124-1,CMD-2024-01124,2024-08-10,18000,libéré,0.0
L2024-01124-2,CMD-2024-01124,2024-08-05,18000,libéré,0.0
L2024-01125-1,CMD-2024-01125,2024-08-08,40000,libéré,0.0
L2024-01125-2,CMD-2024-01125,2024-08-10,40000,libéré,0.0
L2024-01125-3,CMD-2024-01125,2024-08-05,40000,libéré,0.0
L2024-01126-1,CMD-2024-01126,2024-08-09,24300,libéré,0.0
L2024-01126-2,CMD-2024-01126,2024-07-30,24300,libéré,0.0
L2024-01126-3,CMD-2024-01126,2024-07-30,24400,libéré,0.0
L2024-01127-1,CMD-2024-01127,2024-08-21,13500,libéré,0.0
L2024-01128-1,CMD-2024-01128,2024-07-31,13000,libéré,0.0
L2024-01128-2,CMD-2024-01128,2024-08-01,13000,libéré,0.0
L2024-01129-1,CMD-2024-01129,2024-08-21,15700,libéré,0.0
L2024-01129-2,CMD-2024-01129,2024-08-22,15800,libéré,0.0
L2024-01130-1,CMD-2024-01130,2024-08-18,16200,libéré,0.0
L2024-01130-2,CMD-2024-01130,2024-08-11,16300,libéré,0.0
L2024-01131-1,CMD-2024-01131,2024-08-16,19100,retraité,8832.8
L2024-01131-2,CMD-2024-01131,2024-08-27,19100,libéré,0.0
L2024-01131-3,CMD-2024-01131,2024-08-07,19300,libéré,0.0
L2024-01132-1,CMD-2024-01132,2024-08-14,56500,libéré,0.0
L2024-01133-1,CMD-2024-01133,2024-08-01,53500,libéré,0.0
L2024-01134-1,CMD-2024-01134,2024-08-14,28500,retraité,22439.47
L2024-01134-2,CMD-2024-01134,2024-08-19,28500,libéré,0.0
L2024-01135-1,CMD-2024-01135,2024-08-02,18800,libéré,0.0
L2024-01135-2,CMD-2024-01135,2024-08-01,18800,libéré,0.0
L2024-01135-3,CMD-2024-01135,2024-07-31,18900,libéré,0.0
L2024-01136-1,CMD-2024-01136,2024-08-16,23000,libéré,0.0
L2024-01136-2,CMD-2024-01136,2024-08-04,23000,libéré,0.0
L2024-01137-1,CMD-2024-01137,2024-08-10,28000,libéré,0.0
L2024-01138-1,CMD-2024-01138,2024-08-18,18100,libéré,0.0
L2024-01138-2,CMD-2024-01138,2024-08-02,18100,libéré,0.0
L2024-01138-3,CMD-2024-01138,2024-08-05,18300,libéré,0.0
L2024-01139-1,CMD-2024-01139,2024-08-07,66500,libéré,0.0
L2024-01140-1,CMD-2024-01140,2024-08-06,7800,libéré,0.0
L2024-01140-2,CMD-2024-01140,2024-07-30,7800,libéré,0.0
L2024-01140-3,CMD-2024-01140,2024-08-13,7900,libéré,0.0
L2024-01141-1,CMD-2024-01141,2024-08-22,59500,libéré,0.0
L2024-01142-1,CMD-2024-01142,2024-07-31,27800,libéré,0.0
L2024-01142-2,CMD-2024-01142,2024-08-08,27800,retraité,7343.37
L2024-01142-3,CMD-2024-01142,2024-08-07,27900,libéré,0.0
L2024-01143-1,CMD-2024-01143,2024-08-11,44700,libéré,0.0
L2024-01143-2,CMD-2024-01143,2024-08-12,44800,libéré,0.0
L2024-01144-1,CMD-2024-01144,2024-08-03,24500,libéré,0.0
L2024-01144-2,CMD-2024-01144,2024-08-01,24500,libéré,0.0
L2024-01145-1,CMD-2024-01145,2024-08-07,11500,libéré,0.0
L2024-01145-2,CMD-2024-01145,2024-08-04,11500,libéré,0.0
L2024-01146-1,CMD-2024-01146,2024-08-09,31700,libéré,0.0
L2024-01146-2,CMD-2024-01146,2024-08-14,31800,libéré,0.0
L2024-01147-1,CMD-2024-01147,2024-08-22,29500,libéré,0.0
L2024-01148-1,CMD-2024-01148,2024-08-21,9400,libéré,0.0
L2024-01149-1,CMD-2024-01149,2024-08-17,9500,libéré,0.0
L2024-01149-2,CMD-2024-01149,2024-08-31,9500,libéré,0.0
L2024-01150-1,CMD-2024-01150,2024-08-09,25000,libéré,0.0
L2024-01151-1,CMD-2024-01151,2024-08-31,9300,retraité,4293.81
L2024-01151-2,CMD-2024-01151,2024-08-18,9300,libéré,0.0
L2024-01151-3,CMD-2024-01151,2024-08-14,9400,libéré,0.0
L2024-01152-1,CMD-2024-01152,2024-08-07,17500,libéré,0.0
L2024-01152-2,CMD-2024-01152,2024-08-08,17500,libéré,0.0
L2024-01152-3,CMD-2024-01152,2024-08-07,17500,libéré,0.0
L2024-01153-1,CMD-2024-01153,2024-08-09,58700,retraité,27647.7
L2024-01153-2,CMD-2024-01153,2024-08-14,58800,libéré,0.0
L2024-01154-1,CMD-2024-01154,2024-08-09,30000,libéré,0.0
L2024-01155-1,CMD-2024-01155,2024-08-06,17500,libéré,0.0
L2024-01155-2,CMD-2024-01155,2024-08-10,17500,libéré,0.0
L2024-01156-1,CMD-2024-01156,2024-08-11,14200,libéré,0.0
L2024-01156-2,CMD-2024-01156,2024-08-14,14300,libéré,0.0
L2024-01157-1,CMD-2024-01157,2024-08-10,43200,libéré,0.0
L2024-01157-2,CMD-2024-01157,2024-08-19,43300,libéré,0.0
L2024-01158-1,CMD-2024-01158,2024-08-11,30000,libéré,0.0
L2024-01158-2,CMD-2024-01158,2024-08-11,30000,libéré,0.0
L2024-01159-1,CMD-2024-01159,2024-08-05,16500,libéré,0.0
L2024-01159-2,CMD-2024-01159,2024-08-14,16500,libéré,0.0
L2024-01160-1,CMD-2024-01160,2024-08-25,17800,rejeté,76255.2
L2024-01160-2,CMD-2024-01160,2024-08-16,17800,libéré,0.0
L2024-01160-3,CMD-2024-01160,2024-08-22,17900,libéré,0.0
L2024-01161-1,CMD-2024-01161,2024-08-26,63500,libéré,0.0
L2024-01162-1,CMD-2024-01162,2024-08-18,17000,libéré,0.0
L2024-01163-1,CMD-2024-01163,2024-08-24,36500,libéré,0.0
L2024-01164-1,CMD-2024-01164,2024-08-13,63700,libéré,0.0
L2024-01164-2,CMD-2024-01164,2024-09-08,63800,libéré,0.0
L2024-01165-1,CMD-2024-01165,2024-08-29,71500,libéré,0.0
L2024-01166-1,CMD-2024-01166,2024-08-11,13000,libéré,0.0
L2024-01166-2,CMD-2024-01166,2024-08-10,13000,libéré,0.0
L2024-01167-1,CMD-2024-01167,2024-09-02,28100,libéré,0.0
L2024-01167-2,CMD-2024-01167,2024-08-22,28100,libéré,0.0
L2024-01167-3,CMD-2024-01167,2024-08-31,28300,libéré,0.0
L2024-01168-1,CMD-2024-01168,2024-08-06,31500,libéré,0.0
L2024-01169-1,CMD-2024-01169,2024-08-23,36500,libéré,0.0
L2024-01170-1,CMD-2024-01170,2024-08-22,13300,libéré,0.0
L2024-01170-2,CMD-2024-01170,2024-08-11,13300,libéré,0.0
L2024-01171-1,CMD-2024-01171,2024-08-12,75000,libéré,0.0
L2024-01171-2,CMD-2024-01171,2024-08-16,75000,retraité,44280.0
L2024-01172-1,CMD-2024-01172,2024-08-16,69000,libéré,0.0
L2024-01173-1,CMD-2024-01173,2024-08-20,36000,libéré,0.0
L2024-01174-1,CMD-2024-01174,2024-08-24,25000,libéré,0.0
L2024-01175-1,CMD-2024-01175,2024-08-12,7000,libéré,0.0
L2024-01175-2,CMD-2024-01175,2024-08-06,7000,libéré,0.0
L2024-01176-1,CMD-2024-01176,2024-08-07,10200,libéré,0.0
L2024-01176-2,CMD-2024-01176,2024-08-17,10200,libéré,0.0
L2024-01176-3,CMD-2024-01176,2024-08-07,10300,libéré,0.0
L2024-01177-1,CMD-2024-01177,2024-08-21,11500,libéré,0.0
L2024-01177-2,CMD-2024-01177,2024-08-10,11500,libéré,0.0
L2024-01177-3,CMD-2024-01177,2024-08-17,11500,libéré,0.0
L2024-01178-1,CMD-2024-01178,2024-08-19,37100,libéré,0.0
L2024-01178-2,CMD-2024-01178,2024-08-17,37100,retraité,28804.44
L2024-01178-3,CMD-2024-01178,2024-08-19,37300,libéré,0.0
L2024-01179-1,CMD-2024-01179,2024-08-26,15500,libéré,0.0
L2024-01179-2,CMD-2024-01179,2024-08-31,15500,libéré,0.0
L2024-01180-1,CMD-2024-01180,2024-08-14,27000,libéré,0.0
L2024-01181-1,CMD-2024-01181,2024-08-11,25000,libéré,0.0
L2024-01182-1,CMD-2024-01182,2024-09-01,10600,libéré,0.0
L2024-01182-2,CMD-2024-01182,2024-08-27,10600,libéré,0.0
L2024-01182-3,CMD-2024-01182,2024-08-16,10800,libéré,0.0
L2024-01183-1,CMD-2024-01183,2024-08-15,28500,libéré,0.0
L2024-01183-2,CMD-2024-01183,2024-08-21,28500,libéré,0.0
L2024-01183-3,CMD-2024-01183,2024-09-01,28500,libéré,0.0
L2024-01184-1,CMD-2024-01184,2024-08-15,37500,libéré,0.0
L2024-01185-1,CMD-2024-01185,2024-08-24,18200,libéré,0.0
L2024-01185-2,CMD-2024-01185,2024-09-04,18300,libéré,0.0
L2024-01186-1,CMD-2024-01186,2024-09-05,28000,libéré,0.0
L2024-01186-2,CMD-2024-01186,2024-08-16,28000,libéré,0.0
L2024-01186-3,CMD-2024-01186,2024-08-09,28000,libéré,0.0
L2024-01187-1,CMD-2024-01187,2024-08-22,8100,libéré,0.0
L2024-01187-2,CMD-2024-01187,2024-08-17,8100,libéré,0.0
L2024-01187-3,CMD-2024-01187,2024-08-15,8300,libéré,0.0
L2024-01188-1,CMD-2024-01188,2024-08-14,25000,libéré,0.0
L2024-01188-2,CMD-2024-01188,2024-08-14,25000,libéré,0.0
L2024-01189-1,CMD-2024-01189,2024-08-19,8500,libéré,0.0
L2024-01189-2,CMD-2024-01189,2024-08-27,8500,libéré,0.0
L2024-01190-1,CMD-2024-01190,2024-08-21,9800,rejeté,29782.2
L2024-01190-2,CMD-2024-01190,2024-08-27,9800,libéré,0.0
L2024-01190-3,CMD-2024-01190,2024-08-12,9900,libéré,0.0
L2024-01191-1,CMD-2024-01191,2024-08-26,17000,libéré,0.0
L2024-01192-1,CMD-2024-01192,2024-08-24,64500,libéré,0.0
L2024-01193-1,CMD-2024-01193,2024-08-14,27500,libéré,0.0
L2024-01193-2,CMD-2024-01193,2024-09-04,27500,libéré,0.0
L2024-01194-1,CMD-2024-01194,2024-08-17,7600,libéré,0.0
L2024-01194-2,CMD-2024-01194,2024-08-29,7600,libéré,0.0
L2024-01194-3,CMD-2024-01194,2024-08-26,7800,retraité,4653.09
L2024-01195-1,CMD-2024-01195,2024-08-24,23500,libéré,0.0
L2024-01196-1,CMD-2024-01196,2024-08-13,35000,libéré,0.0
L2024-01197-1,CMD-2024-01197,2024-08-28,50000,libéré,0.0
L2024-01197-2,CMD-2024-01197,2024-08-21,50000,rejeté,224550.0
L2024-01198-1,CMD-2024-01198,2024-08-22,22500,libéré,0.0
L2024-01198-2,CMD-2024-01198,2024-08-17,22500,libéré,0.0
L2024-01199-1,CMD-2024-01199,2024-08-13,41500,libéré,0.0
L2024-01199-2,CMD-2024-01199,2024-08-13,41500,libéré,0.0
L2024-01200-1,CMD-2024-01200,2024-08-24,21000,libéré,0.0
L2024-01200-2,CMD-2024-01200,2024-08-23,21000,libéré,0.0
L2024-01200-3,CMD-2024-01200,2024-08-17,21000,libéré,0.0
L2024-01201-1,CMD-2024-01201,2024-08-16,19000,libéré,0.0
L2024-01201-2,CMD-2024-01201,2024-08-30,19000,libéré,0.0
L2024-01201-3,CMD-2024-01201,2024-08-23,19000,libéré,0.0
L2024-01202-1,CMD-2024-01202,2024-08-23,11000,libéré,0.0
L2024-01202-2,CMD-2024-01202,2024-08-18,11000,libéré,0.0
L2024-01202-3,CMD-2024-01202,2024-08-23,11000,libéré,0.0
L2024-01203-1,CMD-2024-01203,2024-08-17,15600,libéré,0.0
L2024-01203-2,CMD-2024-01203,2024-08-30,15600,libéré,0.0
L2024-01203-3,CMD-2024-01203,2024-08-14,15800,libéré,0.0
L2024-01204-1,CMD-2024-01204,2024-08-15,15000,libéré,0.0
L2024-01205-1,CMD-2024-01205,2024-08-24,14500,libéré,0.0
L2024-01206-1,CMD-2024-01206,2024-08-28,6600,libéré,0.0
L2024-01206-2,CMD-2024-01206,2024-08-18,6600,libéré,0.0
L2024-01206-3,CMD-2024-01206,2024-08-23,6800,libéré,0.0
L2024-01207-1,CMD-2024-01207,2024-08-18,18500,libéré,0.0
L2024-01207-2,CMD-2024-01207,2024-08-12,18500,libéré,0.0
L2024-01208-1,CMD-2024-01208,2024-08-15,30500,libéré,0.0
L2024-01209-1,CMD-2024-01209,2024-09-08,27000,libéré,0.0
L2024-01209-2,CMD-2024-01209,2024-09-02,27000,libéré,0.0
L2024-01210-1,CMD-2024-01210,2024-09-04,14000,libéré,0.0
L2024-01210-2,CMD-2024-01210,2024-09-02,14000,libéré,0.0
L2024-01211-1,CMD-2024-01211,2024-08-30,65000,libéré,0.0
L2024-01212-1,CMD-2024-01212,2024-08-20,7000,libéré,0.0
L2024-01212-2,CMD-2024-01212,2024-08-16,7000,libéré,0.0
L2024-01212-3,CMD-2024-01212,2024-08-25,7000,libéré,0.0
L2024-01213-1,CMD-2024-01213,2024-09-01,16600,libéré,0.0
L2024-01213-2,CMD-2024-01213,2024-08-30,16600,retraité,7061.64
L2024-01213-3,CMD-2024-01213,2024-08-23,16800,libéré,0.0
L2024-01214-1,CMD-2024-01214,2024-08-31,29500,libéré,0.0
L2024-01215-1,CMD-2024-01215,2024-08-23,35000,libéré,0.0
L2024-01216-1,CMD-2024-01216,2024-08-18,8000,libéré,0.0
L2024-01216-2,CMD-2024-01216,2024-08-27,8000,libéré,0.0
L2024-01217-1,CMD-2024-01217,2024-08-18,13500,libéré,0.0
L2024-01217-2,CMD-2024-01217,2024-08-17,13500,libéré,0.0
L2024-01217-3,CMD-2024-01217,2024-08-17,13500,libéré,0.0
L2024-01218-1,CMD-2024-01218,2024-08-14,7700,libéré,0.0
L2024-01218-2,CMD-2024-01218,2024-08-24,7800,libéré,0.0
L2024-01219-1,CMD-2024-01219,2024-08-16,13000,libéré,0.0
L2024-01219-2,CMD-2024-01219,2024-08-13,13000,libéré,0.0
L2024-01220-1,CMD-2024-01220,2024-08-19,21800,libéré,0.0
L2024-01220-2,CMD-2024-01220,2024-08-16,21800,libéré,0.0
L2024-01220-3,CMD-2024-01220,2024-08-19,21900,libéré,0.0
L2024-01221-1,CMD-2024-01221,2024-09-06,18500,rejeté,72649.5
L2024-01221-2,CMD-2024-01221,2024-08-22,18500,libéré,0.0
L2024-01221-3,CMD-2024-01221,2024-08-25,18500,libéré,0.0
L2024-01222-1,CMD-2024-01222,2024-09-02,13300,libéré,0.0
L2024-01222-2,CMD-2024-01222,2024-08-23,13300,libéré,0.0
L2024-01222-3,CMD-2024-01222,2024-08-16,13400,libéré,0.0
L2024-01223-1,CMD-2024-01223,2024-08-15,37500,libéré,0.0
L2024-01224-1,CMD-2024-01224,2024-09-04,6800,libéré,0.0
L2024-01224-2,CMD-2024-01224,2024-09-11,6800,libéré,0.0
L2024-01224-3,CMD-2024-01224,2024-08-29,6900,libéré,0.0
L2024-01225-1,CMD-2024-01225,2024-08-29,35500,libéré,0.0
L2024-01226-1,CMD-2024-01226,2024-08-20,12500,libéré,0.0
L2024-01226-2,CMD-2024-01226,2024-08-20,12500,libéré,0.0
L2024-01227-1,CMD-2024-01227,2024-08-26,30500,libéré,0.0
L2024-01228-1,CMD-2024-01228,2024-09-10,29200,libéré,0.0
L2024-01228-2,CMD-2024-01228,2024-08-27,29300,libéré,0.0
L2024-01229-1,CMD-2024-01229,2024-08-30,14000,libéré,0.0
L2024-01230-1,CMD-2024-01230,2024-09-18,17500,libéré,0.0
L2024-01230-2,CMD-2024-01230,2024-09-12,17500,libéré,0.0
L2024-01230-3,CMD-2024-01230,2024-09-12,17500,libéré,0.0
L2024-01231-1,CMD-2024-01231,2024-08-23,35200,libéré,0.0
L2024-01231-2,CMD-2024-01231,2024-09-01,35300,libéré,0.0
L2024-01232-1,CMD-2024-01232,2024-08-23,7000,libéré,0.0
L2024-01232-2,CMD-2024-01232,2024-08-21,7000,libéré,0.0
L2024-01232-3,CMD-2024-01232,2024-09-01,7000,libéré,0.0
L2024-01233-1,CMD-2024-01233,2024-08-26,14500,libéré,0.0
L2024-01233-2,CMD-2024-01233,2024-08-31,14500,libéré,0.0
L2024-01233-3,CMD-2024-01233,2024-08-29,14500,libéré,0.0
L2024-01234-1,CMD-2024-01234,2024-08-21,18500,libéré,0.0
L2024-01234-2,CMD-2024-01234,2024-08-21,18500,libéré,0.0
L2024-01234-3,CMD-2024-01234,2024-09-11,18500,rejeté,78995.0
L2024-01235-1,CMD-2024-01235,2024-09-04,10200,libéré,0.0
L2024-01235-2,CMD-2024-01235,2024-09-13,10300,libéré,0.0
L2024-01236-1,CMD-2024-01236,2024-08-28,47000,libéré,0.0
L2024-01236-2,CMD-2024-01236,2024-08-26,47000,libéré,0.0
L2024-01237-1,CMD-2024-01237,2024-08-25,19500,libéré,0.0
L2024-01238-1,CMD-2024-01238,2024-09-12,58500,libéré,0.0
L2024-01239-1,CMD-2024-01239,2024-08-21,32400,libéré,0.0
L2024-01240-1,CMD-2024-01240,2024-09-05,13500,libéré,0.0
L2024-01240-2,CMD-2024-01240,2024-08-24,13500,libéré,0.0
L2024-01241-1,CMD-2024-01241,2024-08-24,21200,libéré,0.0
L2024-01241-2,CMD-2024-01241,2024-09-04,21300,libéré,0.0
L2024-01242-1,CMD-2024-01242,2024-09-04,17000,libéré,0.0
L2024-01243-1,CMD-2024-01243,2024-09-12,29000,libéré,0.0
L2024-01243-2,CMD-2024-01243,2024-08-31,29000,libéré,0.0
L2024-01244-1,CMD-2024-01244,2024-08-31,22000,libéré,0.0
L2024-01244-2,CMD-2024-01244,2024-08-21,22000,libéré,0.0
L2024-01245-1,CMD-2024-01245,2024-08-29,7600,libéré,0.0
L2024-01245-2,CMD-2024-01245,2024-08-30,7600,libéré,0.0
L2024-01245-3,CMD-2024-01245,2024-08-25,7800,libéré,0.0
L2024-01246-1,CMD-2024-01246,2024-08-24,9100,libéré,0.0
L2024-01246-2,CMD-2024-01246,2024-09-03,9100,libéré,0.0
L2024-01246-3,CMD-2024-01246,2024-08-27,9300,libéré,0.0
L2024-01247-1,CMD-2024-01247,2024-08-26,45500,libéré,0.0
L2024-01248-1,CMD-2024-01248,2024-08-23,75000,libéré,0.0
L2024-01248-2,CMD-2024-01248,2024-08-26,75000,libéré,0.0
L2024-01249-1,CMD-2024-01249,2024-08-22,41000,libéré,0.0
L2024-01250-1,CMD-2024-01250,2024-09-13,40500,libéré,0.0
L2024-01250-2,CMD-2024-01250,2024-09-06,40500,libéré,0.0
L2024-01251-1,CMD-2024-01251,2024-08-30,16200,libéré,0.0
L2024-01251-2,CMD-2024-01251,2024-08-24,16300,libéré,0.0
L2024-01252-1,CMD-2024-01252,2024-08-24,69500,libéré,0.0
L2024-01253-1,CMD-2024-01253,2024-09-13,48500,libéré,0.0
L2024-01253-2,CMD-2024-01253,2024-09-22,48500,libéré,0.0
L2024-01253-3,CMD-2024-01253,2024-09-17,48500,libéré,0.0
L2024-01254-1,CMD-2024-01254,2024-09-16,25500,libéré,0.0
L2024-01255-1,CMD-2024-01255,2024-09-03,7200,libéré,0.0
L2024-01255-2,CMD-2024-01255,2024-08-31,7300,libéré,0.0
L2024-01256-1,CMD-2024-01256,2024-08-25,14700,libéré,0.0
L2024-01256-2,CMD-2024-01256,2024-09-08,14800,libéré,0.0
L2024-01257-1,CMD-2024-01257,2024-09-03,14300,libéré,0.0
L2024-01257-2,CMD-2024-01257,2024-09-22,14300,libéré,0.0
L2024-01257-3,CMD-2024-01257,2024-08-31,14400,libéré,0.0
L2024-01258-1,CMD-2024-01258,2024-09-14,43000,libéré,0.0
L2024-01259-1,CMD-2024-01259,2024-09-16,10700,libéré,0.0
L2024-01259-2,CMD-2024-01259,2024-09-08,10800,libéré,0.0
L2024-01260-1,CMD-2024-01260,2024-09-09,16300,libéré,0.0
L2024-01260-2,CMD-2024-01260,2024-09-09,16300,libéré,0.0
L2024-01260-3,CMD-2024-01260,2024-08-28,16400,retraité,11682.54
L2024-01261-1,CMD-2024-01261,2024-09-27,19500,libéré,0.0
L2024-01262-1,CMD-2024-01262,2024-09-06,7600,retraité,4523.52
L2024-01262-2,CMD-2024-01262,2024-09-07,7600,libéré,0.0
L2024-01262-3,CMD-2024-01262,2024-08-26,7800,libéré,0.0
L2024-01263-1,CMD-2024-01263,2024-09-03,19500,libéré,0.0
L2024-01264-1,CMD-2024-01264,2024-09-18,22200,libéré,0.0
L2024-01264-2,CMD-2024-01264,2024-08-28,22300,libéré,0.0
L2024-01265-1,CMD-2024-01265,2024-09-08,27000,libéré,0.0
L2024-01266-1,CMD-2024-01266,2024-09-03,15100,libéré,0.0
L2024-01266-2,CMD-2024-01266,2024-09-02,15100,libéré,0.0
L2024-01266-3,CMD-2024-01266,2024-09-16,15300,libéré,0.0
L2024-01267-1,CMD-2024-01267,2024-08-28,21700,libéré,0.0
L2024-01267-2,CMD-2024-01267,2024-09-07,21800,libéré,0.0
L2024-01268-1,CMD-2024-01268,2024-09-02,18500,libéré,0.0
L2024-01268-2,CMD-2024-01268,2024-09-13,18500,libéré,0.0
L2024-01269-1,CMD-2024-01269,2024-08-31,31500,libéré,0.0
L2024-01269-2,CMD-2024-01269,2024-09-02,31500,libéré,0.0
L2024-01269-3,CMD-2024-01269,2024-08-26,31500,libéré,0.0
L2024-01270-1,CMD-2024-01270,2024-09-11,23600,libéré,0.0
L2024-01270-2,CMD-2024-01270,2024-08-26,23600,libéré,0.0
L2024-01270-3,CMD-2024-01270,2024-09-08,23800,libéré,0.0
L2024-01271-1,CMD-2024-01271,2024-09-06,57500,rejeté,169107.5
L2024-01272-1,CMD-2024-01272,2024-09-07,26200,libéré,0.0
L2024-01272-2,CMD-2024-01272,2024-08-31,26300,libéré,0.0
L2024-01273-1,CMD-2024-01273,2024-09-16,44000,libéré,0.0
L2024-01274-1,CMD-2024-01274,2024-09-05,7800,libéré,0.0
L2024-01274-2,CMD-2024-01274,2024-08-29,7800,rejeté,32042.4
L2024-01274-3,CMD-2024-01274,2024-09-07,7900,libéré,0.0
L2024-01275-1,CMD-2024-01275,2024-09-10,34000,libéré,0.0
L2024-01276-1,CMD-2024-01276,2024-09-08,35500,libéré,0.0
L2024-01276-2,CMD-2024-01276,2024-09-03,35500,libéré,0.0
L2024-01277-1,CMD-2024-01277,2024-09-04,5000,libéré,0.0
L2024-01277-2,CMD-2024-01277,2024-08-28,5000,libéré,0.0
L2024-01278-1,CMD-2024-01278,2024-08-30,19700,rejeté,78681.8
L2024-01278-2,CMD-2024-01278,2024-09-27,19800,libéré,0.0
L2024-01279-1,CMD-2024-01279,2024-09-11,12100,libéré,0.0
L2024-01279-2,CMD-2024-01279,2024-08-30,12100,libéré,0.0
L2024-01279-3,CMD-2024-01279,2024-08-29,12300,libéré,0.0
L2024-01280-1,CMD-2024-01280,2024-09-06,37200,libéré,0.0
L2024-01280-2,CMD-2024-01280,2024-08-30,37300,libéré,0.0
L2024-01281-1,CMD-2024-01281,2024-09-12,24000,retraité,13622.4
L2024-01282-1,CMD-2024-01282,2024-09-07,49800,libéré,0.0
L2024-01282-2,CMD-2024-01282,2024-09-03,49800,libéré,0.0
L2024-01282-3,CMD-2024-01282,2024-08-28,49900,libéré,0.0
L2024-01283-1,CMD-2024-01283,2024-09-08,12000,libéré,0.0
L2024-01283-2,CMD-2024-01283,2024-09-11,12000,libéré,0.0
L2024-01284-1,CMD-2024-01284,2024-08-28,30300,retraité,18893.56
L2024-01285-1,CMD-2024-01285,2024-09-02,18000,libéré,0.0
L2024-01286-1,CMD-2024-01286,2024-09-19,22300,libéré,0.0
L2024-01286-2,CMD-2024-01286,2024-09-12,22300,libéré,0.0
L2024-01286-3,CMD-2024-01286,2024-09-20,22400,libéré,0.0
L2024-01287-1,CMD-2024-01287,2024-09-04,7200,libéré,0.0
L2024-01287-2,CMD-2024-01287,2024-08-30,7300,libéré,0.0
L2024-01288-1,CMD-2024-01288,2024-09-06,15800,libéré,0.0
L2024-01288-2,CMD-2024-01288,2024-09-01,15800,libéré,0.0
L2024-01288-3,CMD-2024-01288,2024-09-03,15900,libéré,0.0
L2024-01289-1,CMD-2024-01289,2024-09-08,28000,libéré,0.0
L2024-01290-1,CMD-2024-01290,2024-09-22,42000,libéré,0.0
L2024-01291-1,CMD-2024-01291,2024-09-01,30000,libéré,0.0
L2024-01292-1,CMD-2024-01292,2024-09-25,25600,libéré,0.0
L2024-01292-2,CMD-2024-01292,2024-09-22,25600,libéré,0.0
L2024-01292-3,CMD-2024-01292,2024-09-27,25800,libéré,0.0
L2024-01293-1,CMD-2024-01293,2024-09-07,10000,libéré,0.0
L2024-01293-2,CMD-2024-01293,2024-09-07,10000,retraité,6849.0
L2024-01293-3,CMD-2024-01293,2024-09-11,10000,libéré,0.0
L2024-01294-1,CMD-2024-01294,2024-09-13,16700,libéré,0.0
L2024-01294-2,CMD-2024-01294,2024-09-01,16800,libéré,0.0
L2024-01295-1,CMD-2024-01295,2024-09-12,5300,rejeté,16281.6
L2024-01295-2,CMD-2024-01295,2024-09-07,5300,libéré,0.0
L2024-01295-3,CMD-2024-01295,2024-09-02,5400,retraité,2488.32
L2024-01296-1,CMD-2024-01296,2024-09-13,6500,libéré,0.0
L2024-01296-2,CMD-2024-01296,2024-09-08,6500,rejeté,19929.0
L2024-01296-3,CMD-2024-01296,2024-09-07,6500,libéré,0.0
L2024-01297-1,CMD-2024-01297,2024-09-12,10900,libéré,0.0
L2024-01298-1,CMD-2024-01298,2024-09-15,12300,libéré,0.0
L2024-01298-2,CMD-2024-01298,2024-09-20,12300,libéré,0.0
L2024-01298-3,CMD-2024-01298,2024-09-27,12400,libéré,0.0
L2024-01299-1,CMD-2024-01299,2024-09-13,40500,libéré,0.0
L2024-01300-1,CMD-2024-01300,2024-09-22,64500,libéré,0.0
L2024-01301-1,CMD-2024-01301,2024-09-11,20500,libéré,0.0
L2024-01301-2,CMD-2024-01301,2024-09-15,20500,libéré,0.0
L2024-01302-1,CMD-2024-01302,2024-09-05,22500,libéré,0.0
L2024-01303-1,CMD-2024-01303,2024-09-07,9200,libéré,0.0
L2024-01303-2,CMD-2024-01303,2024-09-02,9300,libéré,0.0
L2024-01304-1,CMD-2024-01304,2024-09-06,19000,libéré,0.0
L2024-01304-2,CMD-2024-01304,2024-09-09,19000,libéré,0.0
L2024-01305-1,CMD-2024-01305,2024-09-03,32500,libéré,0.0
L2024-01306-1,CMD-2024-01306,2024-09-10,33000,libéré,0.0
L2024-01306-2,CMD-2024-01306,2024-09-12,33000,libéré,0.0
L2024-01307-1,CMD-2024-01307,2024-09-06,14000,libéré,0.0
L2024-01307-2,CMD-2024-01307,2024-09-19,14000,retraité,6056.4
L2024-01307-3,CMD-2024-01307,2024-09-02,14000,libéré,0.0
L2024-01308-1,CMD-2024-01308,2024-09-27,16000,libéré,0.0
L2024-01308-2,CMD-2024-01308,2024-09-03,16000,retraité,5558.4
L2024-01308-3,CMD-2024-01308,2024-09-17,16000,libéré,0.0
L2024-01309-1,CMD-2024-01309,2024-09-25,35100,libéré,0.0
L2024-01309-2,CMD-2024-01309,2024-09-14,35100,libéré,0.0
L2024-01309-3,CMD-2024-01309,2024-09-09,35300,libéré,0.0
L2024-01310-1,CMD-2024-01310,2024-09-28,16000,libéré,0.0
L2024-01311-1,CMD-2024-01311,2024-09-05,53500,libéré,0.0
L2024-01312-1,CMD-2024-01312,2024-09-15,5800,libéré,0.0
L2024-01312-2,CMD-2024-01312,2024-09-23,5800,libéré,0.0
L2024-01312-3,CMD-2024-01312,2024-09-17,5900,libéré,0.0
L2024-01313-1,CMD-2024-01313,2024-09-13,27800,libéré,0.0
L2024-01313-2,CMD-2024-01313,2024-09-15,27800,libéré,0.0
L2024-01313-3,CMD-2024-01313,2024-09-12,27900,libéré,0.0
L2024-01314-1,CMD-2024-01314,2024-09-10,27100,libéré,0.0
L2024-01314-2,CMD-2024-01314,2024-09-10,27100,libéré,0.0
L2024-01314-3,CMD-2024-01314,2024-09-06,27300,libéré,0.0
L2024-01315-1,CMD-2024-01315,2024-09-16,12700,libéré,0.0
L2024-01315-2,CMD-2024-01315,2024-09-04,12800,libéré,0.0
L2024-01316-1,CMD-2024-01316,2024-09-07,25500,libéré,0.0
L2024-01317-1,CMD-2024-01317,2024-09-23,21200,libéré,0.0
L2024-01317-2,CMD-2024-01317,2024-09-08,21300,libéré,0.0
L2024-01318-1,CMD-2024-01318,2024-09-09,5000,retraité,3101.25
L2024-01318-2,CMD-2024-01318,2024-09-06,5000,libéré,0.0
L2024-01318-3,CMD-2024-01318,2024-09-07,5000,libéré,0.0
L2024-01319-1,CMD-2024-01319,2024-10-11,32500,libéré,0.0
L2024-01320-1,CMD-2024-01320,2024-09-15,17100,libéré,0.0
L2024-01320-2,CMD-2024-01320,2024-09-07,17100,libéré,0.0
L2024-01320-3,CMD-2024-01320,2024-09-18,17300,libéré,0.0
L2024-01321-1,CMD-2024-01321,2024-09-15,14800,libéré,0.0
L2024-01321-2,CMD-2024-01321,2024-09-08,14800,libéré,0.0
L2024-01321-3,CMD-2024-01321,2024-09-13,14900,libéré,0.0
L2024-01322-1,CMD-2024-01322,2024-09-12,62200,libéré,0.0
L2024-01322-2,CMD-2024-01322,2024-09-10,62300,rejeté,274556.1
L2024-01323-1,CMD-2024-01323,2024-09-20,15500,libéré,0.0
L2024-01324-1,CMD-2024-01324,2024-09-24,41000,libéré,0.0
L2024-01325-1,CMD-2024-01325,2024-09-21,7800,libéré,0.0
L2024-01325-2,CMD-2024-01325,2024-09-08,7800,libéré,0.0
L2024-01325-3,CMD-2024-01325,2024-09-09,7900,libéré,0.0
L2024-01326-1,CMD-2024-01326,2024-09-27,17000,libéré,0.0
L2024-01326-2,CMD-2024-01326,2024-09-26,17000,libéré,0.0
L2024-01326-3,CMD-2024-01326,2024-09-05,17000,libéré,0.0
L2024-01327-1,CMD-2024-01327,2024-09-07,7000,libéré,0.0
L2024-01327-2,CMD-2024-01327,2024-09-19,7000,libéré,0.0
L2024-01327-3,CMD-2024-01327,2024-09-15,7000,libéré,0.0
L2024-01328-1,CMD-2024-01328,2024-09-11,8800,retraité,6036.36
L2024-01328-2,CMD-2024-01328,2024-09-16,8800,libéré,0.0
L2024-01328-3,CMD-2024-01328,2024-09-13,8900,libéré,0.0
L2024-01329-1,CMD-2024-01329,2024-09-22,13800,libéré,0.0
L2024-01329-2,CMD-2024-01329,2024-09-18,13800,libéré,0.0
L2024-01329-3,CMD-2024-01329,2024-09-20,13900,libéré,0.0
L2024-01330-1,CMD-2024-01330,2024-09-11,25500,retraité,11968.42
L2024-01330-2,CMD-2024-01330,2024-09-18,25500,libéré,0.0
L2024-01331-1,CMD-2024-01331,2024-09-19,39000,libéré,0.0
L2024-01332-1,CMD-2024-01332,2024-09-12,10200,libéré,0.0
L2024-01332-2,CMD-2024-01332,2024-10-07,10300,libéré,0.0
L2024-01333-1,CMD-2024-01333,2024-09-15,36200,libéré,0.0
L2024-01333-2,CMD-2024-01333,2024-09-12,36300,libéré,0.0
L2024-01334-1,CMD-2024-01334,2024-09-25,27400,libéré,0.0
L2024-01334-2,CMD-2024-01334,2024-09-19,27400,retraité,11536.77
L2024-01334-3,CMD-2024-01334,2024-09-24,27500,libéré,0.0
L2024-01335-1,CMD-2024-01335,2024-09-22,49700,libéré,0.0
L2024-01335-2,CMD-2024-01335,2024-09-27,49800,libéré,0.0
L2024-01336-1,CMD-2024-01336,2024-09-21,6800,libéré,0.0
L2024-01336-2,CMD-2024-01336,2024-09-20,6800,libéré,0.0
L2024-01336-3,CMD-2024-01336,2024-09-08,6900,libéré,0.0
L2024-01337-1,CMD-2024-01337,2024-09-16,59000,libéré,0.0
L2024-01338-1,CMD-2024-01338,2024-09-21,27000,libéré,0.0
L2024-01338-2,CMD-2024-01338,2024-09-16,27000,libéré,0.0
L2024-01339-1,CMD-2024-01339,2024-09-11,61000,libéré,0.0
L2024-01340-1,CMD-2024-01340,2024-09-09,20700,libéré,0.0
L2024-01340-2,CMD-2024-01340,2024-09-18,20800,libéré,0.0
L2024-01341-1,CMD-2024-01341,2024-09-11,73000,libéré,0.0
L2024-01342-1,CMD-2024-01342,2024-10-12,19000,libéré,0.0
L2024-01343-1,CMD-2024-01343,2024-09-24,20700,libéré,0.0
L2024-01343-2,CMD-2024-01343,2024-09-25,20800,libéré,0.0
L2024-01344-1,CMD-2024-01344,2024-09-08,38000,libéré,0.0
L2024-01345-1,CMD-2024-01345,2024-09-13,27100,libéré,0.0
L2024-01345-2,CMD-2024-01345,2024-09-17,27100,libéré,0.0
L2024-01345-3,CMD-2024-01345,2024-09-22,27300,libéré,0.0
L2024-01346-1,CMD-2024-01346,2024-09-24,10000,libéré,0.0
L2024-01347-1,CMD-2024-01347,2024-09-21,21200,libéré,0.0
L2024-01347-2,CMD-2024-01347,2024-09-21,21300,libéré,0.0
L2024-01348-1,CMD-2024-01348,2024-09-20,12200,libéré,0.0
L2024-01348-2,CMD-2024-01348,2024-09-11,12300,libéré,0.0
L2024-01349-1,CMD-2024-01349,2024-09-14,9000,libéré,0.0
L2024-01349-2,CMD-2024-01349,2024-09-20,9000,libéré,0.0
L2024-01350-1,CMD-2024-01350,2024-09-18,13800,libéré,0.0
L2024-01350-2,CMD-2024-01350,2024-09-13,13800,libéré,0.0
L2024-01350-3,CMD-2024-01350,2024-09-25,13900,libéré,0.0
L2024-01351-1,CMD-2024-01351,2024-09-12,45500,libéré,0.0
L2024-01352-1,CMD-2024-01352,2024-09-15,11000,libéré,0.0
L2024-01352-2,CMD-2024-01352,2024-09-19,11000,libéré,0.0
L2024-01353-1,CMD-2024-01353,2024-10-08,44700,libéré,0.0
L2024-01353-2,CMD-2024-01353,2024-09-17,44800,libéré,0.0
L2024-01354-1,CMD-2024-01354,2024-09-26,26000,libéré,0.0
L2024-01355-1,CMD-2024-01355,2024-09-23,59000,libéré,0.0
L2024-01356-1,CMD-2024-01356,2024-09-12,10300,libéré,0.0
L2024-01356-2,CMD-2024-01356,2024-09-23,10300,retraité,3437.62
L2024-01356-3,CMD-2024-01356,2024-09-30,10400,libéré,0.0
L2024-01357-1,CMD-2024-01357,2024-09-22,6500,libéré,0.0
L2024-01357-2,CMD-2024-01357,2024-09-12,6500,libéré,0.0
L2024-01358-1,CMD-2024-01358,2024-09-18,14000,libéré,0.0
L2024-01358-2,CMD-2024-01358,2024-09-14,14000,libéré,0.0
L2024-01358-3,CMD-2024-01358,2024-10-04,14000,libéré,0.0
L2024-01359-1,CMD-2024-01359,2024-09-13,18000,libéré,0.0
L2024-01359-2,CMD-2024-01359,2024-09-11,18000,rejeté,55062.0
L2024-01360-1,CMD-2024-01360,2024-09-22,15500,libéré,0.0
L2024-01360-2,CMD-2024-01360,2024-09-16,15500,libéré,0.0
L2024-01361-1,CMD-2024-01361,2024-09-19,11300,libéré,0.0
L2024-01361-2,CMD-2024-01361,2024-09-23,11300,retraité,6503.71
L2024-01361-3,CMD-2024-01361,2024-09-20,11400,libéré,0.0
L2024-01362-1,CMD-2024-01362,2024-09-23,15000,libéré,0.0
L2024-01362-2,CMD-2024-01362,2024-09-16,15000,libéré,0.0
L2024-01363-1,CMD-2024-01363,2024-09-18,48500,libéré,0.0
L2024-01364-1,CMD-2024-01364,2024-09-20,24500,libéré,0.0
L2024-01364-2,CMD-2024-01364,2024-09-17,24500,libéré,0.0
L2024-01365-1,CMD-2024-01365,2024-09-26,29500,libéré,0.0
L2024-01366-1,CMD-2024-01366,2024-09-11,79000,libéré,0.0
L2024-01367-1,CMD-2024-01367,2024-09-15,10300,libéré,0.0
L2024-01367-2,CMD-2024-01367,2024-09-11,10300,libéré,0.0
L2024-01367-3,CMD-2024-01367,2024-09-25,10400,libéré,0.0
L2024-01368-1,CMD-2024-01368,2024-09-16,11200,libéré,0.0
L2024-01368-2,CMD-2024-01368,2024-09-28,11300,libéré,0.0
L2024-01369-1,CMD-2024-01369,2024-10-12,10000,libéré,0.0
L2024-01369-2,CMD-2024-01369,2024-10-12,10000,libéré,0.0
L2024-01369-3,CMD-2024-01369,2024-09-19,10000,libéré,0.0
L2024-01370-1,CMD-2024-01370,2024-09-16,21600,libéré,0.0
L2024-01371-1,CMD-2024-01371,2024-09-27,46000,libéré,0.0
L2024-01372-1,CMD-2024-01372,2024-09-19,22000,libéré,0.0
L2024-01373-1,CMD-2024-01373,2024-09-26,19000,libéré,0.0
L2024-01373-2,CMD-2024-01373,2024-10-04,19000,libéré,0.0
L2024-01374-1,CMD-2024-01374,2024-10-08,36000,libéré,0.0
L2024-01375-1,CMD-2024-01375,2024-09-30,11000,libéré,0.0
L2024-01375-2,CMD-2024-01375,2024-09-20,11000,libéré,0.0
L2024-01376-1,CMD-2024-01376,2024-09-18,16800,libéré,0.0
L2024-01376-2,CMD-2024-01376,2024-10-02,16900,libéré,0.0
L2024-01377-1,CMD-2024-01377,2024-09-17,5600,libéré,0.0
L2024-01377-2,CMD-2024-01377,2024-09-21,5600,libéré,0.0
L2024-01377-3,CMD-2024-01377,2024-09-29,5800,libéré,0.0
L2024-01378-1,CMD-2024-01378,2024-10-10,33300,libéré,0.0
L2024-01378-2,CMD-2024-01378,2024-09-21,33300,libéré,0.0
L2024-01378-3,CMD-2024-01378,2024-09-24,33400,libéré,0.0
L2024-01379-1,CMD-2024-01379,2024-09-23,22000,libéré,0.0
L2024-01379-2,CMD-2024-01379,2024-09-28,22000,libéré,0.0
L2024-01380-1,CMD-2024-01380,2024-09-15,5500,libéré,0.0
L2024-01380-2,CMD-2024-01380,2024-09-30,5500,rejeté,16417.5
L2024-01380-3,CMD-2024-01380,2024-09-25,5500,libéré,0.0
L2024-01381-1,CMD-2024-01381,2024-09-30,12300,libéré,0.0
L2024-01381-2,CMD-2024-01381,2024-09-24,12300,libéré,0.0
L2024-01381-3,CMD-2024-01381,2024-10-03,12400,libéré,0.0
L2024-01382-1,CMD-2024-01382,2024-10-05,18500,libéré,0.0
L2024-01382-2,CMD-2024-01382,2024-09-27,18500,libéré,0.0
L2024-01382-3,CMD-2024-01382,2024-09-17,18500,libéré,0.0
L2024-01383-1,CMD-2024-01383,2024-09-16,9000,libéré,0.0
L2024-01383-2,CMD-2024-01383,2024-09-29,9000,libéré,0.0
L2024-01384-1,CMD-2024-01384,2024-09-21,19500,libéré,0.0
L2024-01384-2,CMD-2024-01384,2024-10-10,19500,libéré,0.0
L2024-01385-1,CMD-2024-01385,2024-10-06,17700,libéré,0.0
L2024-01385-2,CMD-2024-01385,2024-09-23,17800,libéré,0.0
L2024-01386-1,CMD-2024-01386,2024-10-16,7500,libéré,0.0
L2024-01386-2,CMD-2024-01386,2024-10-06,7500,libéré,0.0
L2024-01387-1,CMD-2024-01387,2024-09-24,71500,retraité,31327.72
L2024-01388-1,CMD-2024-01388,2024-09-21,13000,libéré,0.0
L2024-01389-1,CMD-2024-01389,2024-10-04,16200,libéré,0.0
L2024-01389-2,CMD-2024-01389,2024-10-01,16300,libéré,0.0
L2024-01390-1,CMD-2024-01390,2024-09-21,6700,libéré,0.0
L2024-01390-2,CMD-2024-01390,2024-10-02,6800,libéré,0.0
L2024-01391-1,CMD-2024-01391,2024-09-26,25500,rejeté,106156.5
L2024-01392-1,CMD-2024-01392,2024-09-21,30500,libéré,0.0
L2024-01393-1,CMD-2024-01393,2024-09-29,20000,libéré,0.0
L2024-01394-1,CMD-2024-01394,2024-09-25,25500,libéré,0.0
L2024-01394-2,CMD-2024-01394,2024-09-25,25500,libéré,0.0
L2024-01395-1,CMD-2024-01395,2024-09-19,7500,libéré,0.0
L2024-01395-2,CMD-2024-01395,2024-09-24,7500,rejeté,21345.0
L2024-01395-3,CMD-2024-01395,2024-09-23,7500,libéré,0.0
L2024-01396-1,CMD-2024-01396,2024-09-24,42500,libéré,0.0
L2024-01397-1,CMD-2024-01397,2024-10-11,68000,libéré,0.0
L2024-01398-1,CMD-2024-01398,2024-09-19,34500,libéré,0.0
L2024-01399-1,CMD-2024-01399,2024-10-06,50500,libéré,0.0
L2024-01399-2,CMD-2024-01399,2024-10-01,50500,libéré,0.0
L2024-01400-1,CMD-2024-01400,2024-09-22,14000,libéré,0.0
L2024-01401-1,CMD-2024-01401,2024-09-21,64500,libéré,0.0
L2024-01402-1,CMD-2024-01402,2024-09-28,27200,libéré,0.0
L2024-01402-2,CMD-2024-01402,2024-10-02,27300,libéré,0.0
L2024-01403-1,CMD-2024-01403,2024-09-19,55200,libéré,0.0
L2024-01403-2,CMD-2024-01403,2024-09-27,55300,libéré,0.0
L2024-01404-1,CMD-2024-01404,2024-10-10,9300,libéré,0.0
L2024-01404-2,CMD-2024-01404,2024-10-05,9300,libéré,0.0
L2024-01404-3,CMD-2024-01404,2024-10-09,9400,libéré,0.0
L2024-01405-1,CMD-2024-01405,2024-09-29,19700,libéré,0.0
L2024-01405-2,CMD-2024-01405,2024-10-03,19700,libéré,0.0
L2024-01405-3,CMD-2024-01405,2024-10-01,19900,libéré,0.0
L2024-01406-1,CMD-2024-01406,2024-10-06,16500,libéré,0.0
L2024-01407-1,CMD-2024-01407,2024-10-05,5100,libéré,0.0
L2024-01407-2,CMD-2024-01407,2024-09-25,5100,libéré,0.0
L2024-01407-3,CMD-2024-01407,2024-10-05,5300,libéré,0.0
L2024-01408-1,CMD-2024-01408,2024-09-20,10600,libéré,0.0
L2024-01408-2,CMD-2024-01408,2024-09-24,10600,libéré,0.0
L2024-01408-3,CMD-2024-01408,2024-09-19,10800,libéré,0.0
L2024-01409-1,CMD-2024-01409,2024-10-14,20000,libéré,0.0
L2024-01409-2,CMD-2024-01409,2024-10-07,20000,libéré,0.0
L2024-01410-1,CMD-2024-01410,2024-10-02,10800,libéré,0.0
L2024-01410-2,CMD-2024-01410,2024-10-06,10800,libéré,0.0
L2024-01410-3,CMD-2024-01410,2024-10-05,10800,libéré,0.0
L2024-01411-1,CMD-2024-01411,2024-10-11,9500,libéré,0.0
L2024-01411-2,CMD-2024-01411,2024-10-03,9500,libéré,0.0
L2024-01411-3,CMD-2024-01411,2024-10-07,9500,libéré,0.0
L2024-01412-1,CMD-2024-01412,2024-10-07,23800,libéré,0.0
L2024-01412-2,CMD-2024-01412,2024-09-23,23800,libéré,0.0
L2024-01412-3,CMD-2024-01412,2024-10-12,23900,libéré,0.0
L2024-01413-1,CMD-2024-01413,2024-10-17,11500,libéré,0.0
L2024-01413-2,CMD-2024-01413,2024-09-22,11500,libéré,0.0
L2024-01413-3,CMD-2024-01413,2024-10-26,11500,libéré,0.0
L2024-01414-1,CMD-2024-01414,2024-10-23,6700,libéré,0.0
L2024-01414-2,CMD-2024-01414,2024-10-23,6800,rejeté,26730.8
L2024-01415-1,CMD-2024-01415,2024-10-05,56200,libéré,0.0
L2024-01415-2,CMD-2024-01415,2024-10-04,56300,libéré,0.0
L2024-01416-1,CMD-2024-01416,2024-09-25,35000,libéré,0.0
L2024-01416-2,CMD-2024-01416,2024-10-06,35000,libéré,0.0
L2024-01417-1,CMD-2024-01417,2024-10-01,14100,libéré,0.0
L2024-01417-2,CMD-2024-01417,2024-10-11,14100,libéré,0.0
L2024-01417-3,CMD-2024-01417,2024-10-06,14300,libéré,0.0
L2024-01418-1,CMD-2024-01418,2024-09-26,24500,libéré,0.0
L2024-01419-1,CMD-2024-01419,2024-10-02,31000,libéré,0.0
L2024-01419-2,CMD-2024-01419,2024-10-08,31000,libéré,0.0
L2024-01420-1,CMD-2024-01420,2024-10-05,36000,libéré,0.0
L2024-01420-2,CMD-2024-01420,2024-10-04,36000,libéré,0.0
L2024-01421-1,CMD-2024-01421,2024-10-08,54000,libéré,0.0
L2024-01422-1,CMD-2024-01422,2024-10-13,48000,libéré,0.0
L2024-01423-1,CMD-2024-01423,2024-10-03,6500,libéré,0.0
L2024-01423-2,CMD-2024-01423,2024-09-29,6500,libéré,0.0
L2024-01424-1,CMD-2024-01424,2024-10-05,28500,libéré,0.0
L2024-01424-2,CMD-2024-01424,2024-10-07,28500,libéré,0.0
L2024-01424-3,CMD-2024-01424,2024-10-02,28500,libéré,0.0
L2024-01425-1,CMD-2024-01425,2024-10-15,12300,libéré,0.0
L2024-01425-2,CMD-2024-01425,2024-10-11,12300,libéré,0.0
L2024-01425-3,CMD-2024-01425,2024-09-25,12400,libéré,0.0
L2024-01426-1,CMD-2024-01426,2024-09-25,46500,libéré,0.0
L2024-01426-2,CMD-2024-01426,2024-10-02,46500,libéré,0.0
L2024-01427-1,CMD-2024-01427,2024-09-26,39800,libéré,0.0
L2024-01428-1,CMD-2024-01428,2024-10-02,21000,libéré,0.0
L2024-01429-1,CMD-2024-01429,2024-09-25,57000,libéré,0.0
L2024-01430-1,CMD-2024-01430,2024-09-24,16200,libéré,0.0
L2024-01430-2,CMD-2024-01430,2024-10-13,16300,libéré,0.0
L2024-01431-1,CMD-2024-01431,2024-10-02,15200,libéré,0.0
L2024-01431-2,CMD-2024-01431,2024-10-15,15300,libéré,0.0
L2024-01432-1,CMD-2024-01432,2024-09-28,11000,libéré,0.0
L2024-01433-1,CMD-2024-01433,2024-10-15,10000,libéré,0.0
L2024-01434-1,CMD-2024-01434,2024-10-02,51700,libéré,0.0
L2024-01434-2,CMD-2024-01434,2024-10-11,51800,libéré,0.0
L2024-01435-1,CMD-2024-01435,2024-10-06,17000,libéré,0.0
L2024-01435-2,CMD-2024-01435,2024-10-02,17000,libéré,0.0
L2024-01435-3,CMD-2024-01435,2024-10-10,17000,libéré,0.0
L2024-01436-1,CMD-2024-01436,2024-09-25,22200,libéré,0.0
L2024-01436-2,CMD-2024-01436,2024-10-09,22300,libéré,0.0
L2024-01437-1,CMD-2024-01437,2024-10-11,25900,libéré,0.0
L2024-01437-2,CMD-2024-01437,2024-10-09,26000,libéré,0.0
L2024-01438-1,CMD-2024-01438,2024-10-06,22300,libéré,0.0
L2024-01438-2,CMD-2024-01438,2024-10-06,22300,retraité,10610.34
L2024-01438-3,CMD-2024-01438,2024-10-05,22400,libéré,0.0
L2024-01439-1,CMD-2024-01439,2024-10-09,53300,libéré,0.0
L2024-01439-2,CMD-2024-01439,2024-09-26,53300,libéré,0.0
L2024-01440-1,CMD-2024-01440,2024-10-03,11000,libéré,0.0
L2024-01440-2,CMD-2024-01440,2024-10-10,11000,libéré,0.0
L2024-01440-3,CMD-2024-01440,2024-10-10,11000,libéré,0.0
L2024-01441-1,CMD-2024-01441,2024-10-05,24200,libéré,0.0
L2024-01441-2,CMD-2024-01441,2024-10-14,24300,libéré,0.0
L2024-01442-1,CMD-2024-01442,2024-09-27,17000,libéré,0.0
L2024-01443-1,CMD-2024-01443,2024-11-03,44500,libéré,0.0
L2024-01444-1,CMD-2024-01444,2024-10-08,6100,libéré,0.0
L2024-01444-2,CMD-2024-01444,2024-10-04,6100,libéré,0.0
L2024-01444-3,CMD-2024-01444,2024-10-12,6300,libéré,0.0
L2024-01445-1,CMD-2024-01445,2024-09-29,41500,libéré,0.0
L2024-01446-1,CMD-2024-01446,2024-10-09,31600,libéré,0.0
L2024-01446-2,CMD-2024-01446,2024-10-06,31600,libéré,0.0
L2024-01446-3,CMD-2024-01446,2024-10-01,31800,libéré,0.0
L2024-01447-1,CMD-2024-01447,2024-10-28,15200,libéré,0.0
L2024-01447-2,CMD-2024-01447,2024-10-27,15300,libéré,0.0
L2024-01448-1,CMD-2024-01448,2024-10-08,55000,libéré,0.0
L2024-01449-1,CMD-2024-01449,2024-09-28,24500,libéré,0.0
L2024-01450-1,CMD-2024-01450,2024-10-02,17500,libéré,0.0
L2024-01450-2,CMD-2024-01450,2024-09-29,17500,libéré,0.0
L2024-01450-3,CMD-2024-01450,2024-09-29,17500,libéré,0.0
L2024-01451-1,CMD-2024-01451,2024-10-10,6500,libéré,0.0
L2024-01451-2,CMD-2024-01451,2024-10-08,6500,libéré,0.0
L2024-01451-3,CMD-2024-01451,2024-10-20,6500,libéré,0.0
L2024-01452-1,CMD-2024-01452,2024-10-18,19700,libéré,0.0
L2024-01452-2,CMD-2024-01452,2024-10-16,19800,libéré,0.0
L2024-01453-1,CMD-2024-01453,2024-10-10,26000,libéré,0.0
L2024-01454-1,CMD-2024-01454,2024-10-08,15300,libéré,0.0
L2024-01454-2,CMD-2024-01454,2024-10-25,15300,libéré,0.0
L2024-01454-3,CMD-2024-01454,2024-10-06,15400,libéré,0.0
L2024-01455-1,CMD-2024-01455,2024-10-28,9500,libéré,0.0
L2024-01455-2,CMD-2024-01455,2024-10-18,9500,libéré,0.0
L2024-01456-1,CMD-2024-01456,2024-10-04,56000,retraité,35406.0
L2024-01457-1,CMD-2024-01457,2024-10-02,10000,libéré,0.0
L2024-01457-2,CMD-2024-01457,2024-10-27,10000,libéré,0.0
L2024-01457-3,CMD-2024-01457,2024-10-07,10000,libéré,0.0
L2024-01458-1,CMD-2024-01458,2024-10-07,68000,libéré,0.0
L2024-01459-1,CMD-2024-01459,2024-10-06,28200,libéré,0.0
L2024-01459-2,CMD-2024-01459,2024-10-24,28300,libéré,0.0
L2024-01460-1,CMD-2024-01460,2024-10-02,31500,libéré,0.0
L2024-01461-1,CMD-2024-01461,2024-10-05,27700,libéré,0.0
L2024-01462-1,CMD-2024-01462,2024-11-11,39000,libéré,0.0
L2024-01463-1,CMD-2024-01463,2024-10-08,16500,libéré,0.0
L2024-01463-2,CMD-2024-01463,2024-10-05,16500,libéré,0.0
L2024-01463-3,CMD-2024-01463,2024-10-11,16500,libéré,0.0
L2024-01464-1,CMD-2024-01464,2024-09-30,14000,libéré,0.0
L2024-01464-2,CMD-2024-01464,2024-10-29,14000,libéré,0.0
L2024-01465-1,CMD-2024-01465,2024-10-09,71000,rejeté,213852.0
L2024-01466-1,CMD-2024-01466,2024-10-06,49500,libéré,0.0
L2024-01467-1,CMD-2024-01467,2024-11-12,25200,libéré,0.0
L2024-01467-2,CMD-2024-01467,2024-10-11,25300,libéré,0.0
L2024-01468-1,CMD-2024-01468,2024-10-29,53500,libéré,0.0
L2024-01469-1,CMD-2024-01469,2024-10-13,52200,libéré,0.0
L2024-01469-2,CMD-2024-01469,2024-10-15,52300,libéré,0.0
L2024-01470-1,CMD-2024-01470,2024-10-11,8500,libéré,0.0
L2024-01470-2,CMD-2024-01470,2024-10-07,8500,libéré,0.0
L2024-01470-3,CMD-2024-01470,2024-10-24,8500,libéré,0.0
L2024-01471-1,CMD-2024-01471,2024-10-06,15000,libéré,0.0
L2024-01471-2,CMD-2024-01471,2024-10-23,15000,libéré,0.0
L2024-01472-1,CMD-2024-01472,2024-10-30,29300,libéré,0.0
L2024-01472-2,CMD-2024-01472,2024-10-26,29300,libéré,0.0
L2024-01472-3,CMD-2024-01472,2024-10-08,29400,libéré,0.0
L2024-01473-1,CMD-2024-01473,2024-10-02,13000,libéré,0.0
L2024-01473-2,CMD-2024-01473,2024-10-02,13000,libéré,0.0
L2024-01474-1,CMD-2024-01474,2024-10-05,14500,libéré,0.0
L2024-01474-2,CMD-2024-01474,2024-10-03,14500,libéré,0.0
L2024-01475-1,CMD-2024-01475,2024-10-14,18500,rejeté,88689.0
L2024-01475-2,CMD-2024-01475,2024-10-13,18500,libéré,0.0
L2024-01475-3,CMD-2024-01475,2024-10-22,18500,libéré,0.0
L2024-01476-1,CMD-2024-01476,2024-10-15,71500,libéré,0.0
L2024-01477-1,CMD-2024-01477,2024-10-08,24500,libéré,0.0
L2024-01478-1,CMD-2024-01478,2024-10-22,62500,libéré,0.0
L2024-01479-1,CMD-2024-01479,2024-10-16,23600,libéré,0.0
L2024-01479-2,CMD-2024-01479,2024-10-11,23600,libéré,0.0
L2024-01479-3,CMD-2024-01479,2024-10-06,23800,libéré,0.0
L2024-01480-1,CMD-2024-01480,2024-11-02,8100,libéré,0.0
L2024-01480-2,CMD-2024-01480,2024-10-18,8100,libéré,0.0
L2024-01480-3,CMD-2024-01480,2024-10-31,8300,libéré,0.0
L2024-01481-1,CMD-2024-01481,2024-10-15,10500,libéré,0.0
L2024-01482-1,CMD-2024-01482,2024-10-20,41500,libéré,0.0
L2024-01483-1,CMD-2024-01483,2024-10-15,38200,libéré,0.0
L2024-01483-2,CMD-2024-01483,2024-10-13,38300,libéré,0.0
L2024-01484-1,CMD-2024-01484,2024-10-28,8500,libéré,0.0
L2024-01484-2,CMD-2024-01484,2024-10-13,8500,rejeté,32895.0
L2024-01485-1,CMD-2024-01485,2024-10-09,12500,libéré,0.0
L2024-01486-1,CMD-2024-01486,2024-10-15,21500,libéré,0.0
L2024-01487-1,CMD-2024-01487,2024-10-13,15500,libéré,0.0
L2024-01488-1,CMD-2024-01488,2024-10-16,24500,retraité,10731.0
L2024-01488-2,CMD-2024-01488,2024-10-10,24500,libéré,0.0
L2024-01488-3,CMD-2024-01488,2024-10-08,24500,libéré,0.0
L2024-01489-1,CMD-2024-01489,2024-10-08,8600,rejeté,14181.4
L2024-01489-2,CMD-2024-01489,2024-10-17,8600,libéré,0.0
L2024-01489-3,CMD-2024-01489,2024-10-19,8800,libéré,0.0
L2024-01490-1,CMD-2024-01490,2024-10-13,19000,libéré,0.0
L2024-01491-1,CMD-2024-01491,2024-10-12,40500,libéré,0.0
L2024-01491-2,CMD-2024-01491,2024-10-17,40500,libéré,0.0
L2024-01492-1,CMD-2024-01492,2024-10-30,13100,libéré,0.0
L2024-01492-2,CMD-2024-01492,2024-11-01,13100,libéré,0.0
L2024-01492-3,CMD-2024-01492,2024-11-06,13300,libéré,0.0
L2024-01493-1,CMD-2024-01493,2024-11-01,52200,libéré,0.0
L2024-01493-2,CMD-2024-01493,2024-11-02,52300,libéré,0.0
L2024-01494-1,CMD-2024-01494,2024-10-17,21000,libéré,0.0
L2024-01494-2,CMD-2024-01494,2024-10-14,21000,retraité,12401.55
L2024-01494-3,CMD-2024-01494,2024-10-17,21000,libéré,0.0
L2024-01495-1,CMD-2024-01495,2024-10-10,14100,retraité,10295.82
L2024-01495-2,CMD-2024-01495,2024-10-31,14100,libéré,0.0
L2024-01495-3,CMD-2024-01495,2024-11-02,14300,libéré,0.0
L2024-01496-1,CMD-2024-01496,2024-10-25,15300,libéré,0.0
L2024-01496-2,CMD-2024-01496,2024-10-12,15300,libéré,0.0
L2024-01496-3,CMD-2024-01496,2024-10-23,15400,libéré,0.0
L2024-01497-1,CMD-2024-01497,2024-10-18,9000,libéré,0.0
L2024-01497-2,CMD-2024-01497,2024-10-15,9000,libéré,0.0
L2024-01498-1,CMD-2024-01498,2024-10-17,42000,libéré,0.0
L2024-01499-1,CMD-2024-01499,2024-10-23,67500,libéré,0.0
L2024-01499-2,CMD-2024-01499,2024-10-31,67500,libéré,0.0
L2024-01500-1,CMD-2024-01500,2024-10-11,35500,libéré,0.0
L2024-01501-1,CMD-2024-01501,2024-10-13,53500,libéré,0.0
L2024-01502-1,CMD-2024-01502,2024-11-03,6600,libéré,0.0
L2024-01502-2,CMD-2024-01502,2024-10-08,6600,libéré,0.0
L2024-01502-3,CMD-2024-01502,2024-10-21,6800,libéré,0.0
L2024-01503-1,CMD-2024-01503,2024-10-19,17000,libéré,0.0
L2024-01504-1,CMD-2024-01504,2024-10-10,49000,libéré,0.0
L2024-01505-1,CMD-2024-01505,2024-10-31,21000,libéré,0.0
L2024-01505-2,CMD-2024-01505,2024-10-22,21000,libéré,0.0
L2024-01506-1,CMD-2024-01506,2024-10-22,20700,rejeté,94060.8
L2024-01506-2,CMD-2024-01506,2024-10-22,20800,libéré,0.0
L2024-01507-1,CMD-2024-01507,2024-10-13,66000,libéré,0.0
L2024-01507-2,CMD-2024-01507,2024-10-11,66000,libéré,0.0
L2024-01508-1,CMD-2024-01508,2024-10-09,31000,libéré,0.0
L2024-01509-1,CMD-2024-01509,2024-10-19,10500,libéré,0.0
L2024-01509-2,CMD-2024-01509,2024-10-10,10500,libéré,0.0
L2024-01509-3,CMD-2024-01509,2024-10-12,10500,libéré,0.0
L2024-01510-1,CMD-2024-01510,2024-10-25,10500,libéré,0.0
L2024-01510-2,CMD-2024-01510,2024-11-05,10500,libéré,0.0
L2024-01511-1,CMD-2024-01511,2024-10-29,20700,libéré,0.0
L2024-01511-2,CMD-2024-01511,2024-10-12,20800,libéré,0.0
L2024-01512-1,CMD-2024-01512,2024-10-09,10500,libéré,0.0
L2024-01512-2,CMD-2024-01512,2024-11-04,10500,libéré,0.0
L2024-01512-3,CMD-2024-01512,2024-10-13,10500,libéré,0.0
L2024-01513-1,CMD-2024-01513,2024-11-10,16600,libéré,0.0
L2024-01513-2,CMD-2024-01513,2024-10-30,16600,rejeté,32170.8
L2024-01513-3,CMD-2024-01513,2024-11-14,16800,libéré,0.0
L2024-01514-1,CMD-2024-01514,2024-10-18,55500,libéré,0.0
L2024-01514-2,CMD-2024-01514,2024-10-12,55500,libéré,0.0
L2024-01515-1,CMD-2024-01515,2024-10-19,20700,libéré,0.0
L2024-01515-2,CMD-2024-01515,2024-10-28,20800,libéré,0.0
L2024-01516-1,CMD-2024-01516,2024-11-13,26000,libéré,0.0
L2024-01517-1,CMD-2024-01517,2024-10-18,11700,libéré,0.0
L2024-01517-2,CMD-2024-01517,2024-10-22,11800,libéré,0.0
L2024-01518-1,CMD-2024-01518,2024-10-28,10800,libéré,0.0
L2024-01518-2,CMD-2024-01518,2024-10-23,10800,retraité,3722.76
L2024-01518-3,CMD-2024-01518,2024-10-18,10900,libéré,0.0
L2024-01519-1,CMD-2024-01519,2024-10-25,37200,libéré,0.0
L2024-01519-2,CMD-2024-01519,2024-10-13,37300,rejeté,107312.1
L2024-01520-1,CMD-2024-01520,2024-10-15,5100,libéré,0.0
L2024-01520-2,CMD-2024-01520,2024-10-17,5100,libéré,0.0
L2024-01520-3,CMD-2024-01520,2024-10-16,5300,libéré,0.0
L2024-01521-1,CMD-2024-01521,2024-11-05,23300,rejeté,75212.4
L2024-01521-2,CMD-2024-01521,2024-10-18,23300,libéré,0.0
L2024-01521-3,CMD-2024-01521,2024-10-17,23400,libéré,0.0
L2024-01522-1,CMD-2024-01522,2024-10-16,10000,libéré,0.0
L2024-01523-1,CMD-2024-01523,2024-11-04,13500,libéré,0.0
L2024-01524-1,CMD-2024-01524,2024-10-17,26700,libéré,0.0
L2024-01524-2,CMD-2024-01524,2024-11-03,26800,rejeté,134000.0
L2024-01525-1,CMD-2024-01525,2024-10-21,20000,libéré,0.0
L2024-01526-1,CMD-2024-01526,2024-10-19,73000,libéré,0.0
L2024-01527-1,CMD-2024-01527,2024-11-10,6600,libéré,0.0
L2024-01527-2,CMD-2024-01527,2024-10-15,6600,libéré,0.0
L2024-01527-3,CMD-2024-01527,2024-10-26,6800,libéré,0.0
L2024-01528-1,CMD-2024-01528,2024-10-16,27000,libéré,0.0
L2024-01528-2,CMD-2024-01528,2024-10-18,27000,libéré,0.0
L2024-01529-1,CMD-2024-01529,2024-10-26,19600,libéré,0.0
L2024-01529-2,CMD-2024-01529,2024-10-24,19600,libéré,0.0
L2024-01529-3,CMD-2024-01529,2024-10-29,19800,libéré,0.0
L2024-01530-1,CMD-2024-01530,2024-10-23,27800,libéré,0.0
L2024-01530-2,CMD-2024-01530,2024-10-19,27800,libéré,0.0
L2024-01530-3,CMD-2024-01530,2024-11-13,27900,libéré,0.0
L2024-01531-1,CMD-2024-01531,2024-11-14,18000,libéré,0.0
L2024-01531-2,CMD-2024-01531,2024-10-22,18000,libéré,0.0
L2024-01532-1,CMD-2024-01532,2024-10-28,79000,libéré,0.0
L2024-01533-1,CMD-2024-01533,2024-11-02,12000,libéré,0.0
L2024-01533-2,CMD-2024-01533,2024-11-22,12000,libéré,0.0
L2024-01534-1,CMD-2024-01534,2024-10-17,30200,libéré,0.0
L2024-01534-2,CMD-2024-01534,2024-10-23,30300,libéré,0.0
L2024-01535-1,CMD-2024-01535,2024-11-01,23500,libéré,0.0
L2024-01536-1,CMD-2024-01536,2024-10-21,64500,libéré,0.0
L2024-01537-1,CMD-2024-01537,2024-11-03,16000,libéré,0.0
L2024-01538-1,CMD-2024-01538,2024-10-25,19000,libéré,0.0
L2024-01538-2,CMD-2024-01538,2024-10-26,19000,libéré,0.0
L2024-01539-1,CMD-2024-01539,2024-10-26,42300,libéré,0.0
L2024-01539-2,CMD-2024-01539,2024-10-23,42300,libéré,0.0
L2024-01539-3,CMD-2024-01539,2024-10-19,42400,libéré,0.0
L2024-01540-1,CMD-2024-01540,2024-10-22,7200,libéré,0.0
L2024-01540-2,CMD-2024-01540,2024-10-26,7300,libéré,0.0
L2024-01541-1,CMD-2024-01541,2024-11-06,69000,libéré,0.0
L2024-01542-1,CMD-2024-01542,2024-10-17,75000,libéré,0.0
L2024-01542-2,CMD-2024-01542,2024-10-21,75000,libéré,0.0
L2024-01543-1,CMD-2024-01543,2024-10-20,59500,libéré,0.0
L2024-01544-1,CMD-2024-01544,2024-10-26,48000,libéré,0.0
L2024-01544-2,CMD-2024-01544,2024-10-19,48000,libéré,0.0
L2024-01545-1,CMD-2024-01545,2024-10-19,12500,libéré,0.0
L2024-01546-1,CMD-2024-01546,2024-10-27,26500,rejeté,95930.0
L2024-01547-1,CMD-2024-01547,2024-10-25,14200,libéré,0.0
L2024-01547-2,CMD-2024-01547,2024-10-26,14300,libéré,0.0
L2024-01548-1,CMD-2024-01548,2024-10-23,75000,libéré,0.0
L2024-01548-2,CMD-2024-01548,2024-11-02,75000,libéré,0.0
L2024-01549-1,CMD-2024-01549,2024-10-23,9100,libéré,0.0
L2024-01549-2,CMD-2024-01549,2024-11-08,9100,libéré,0.0
L2024-01549-3,CMD-2024-01549,2024-10-21,9300,libéré,0.0
L2024-01550-1,CMD-2024-01550,2024-11-10,11500,libéré,0.0
L2024-01551-1,CMD-2024-01551,2024-10-24,9800,libéré,0.0
L2024-01551-2,CMD-2024-01551,2024-10-25,9800,libéré,0.0
L2024-01551-3,CMD-2024-01551,2024-10-25,9900,libéré,0.0
L2024-01552-1,CMD-2024-01552,2024-10-31,14500,libéré,0.0
L2024-01553-1,CMD-2024-01553,2024-10-24,8800,libéré,0.0
L2024-01553-2,CMD-2024-01553,2024-11-02,8800,libéré,0.0
L2024-01553-3,CMD-2024-01553,2024-10-28,8900,libéré,0.0
L2024-01554-1,CMD-2024-01554,2024-10-30,10900,libéré,0.0
L2024-01554-2,CMD-2024-01554,2024-10-21,10900,libéré,0.0
L2024-01554-3,CMD-2024-01554,2024-10-28,10900,libéré,0.0
L2024-01555-1,CMD-2024-01555,2024-10-24,26000,libéré,0.0
L2024-01556-1,CMD-2024-01556,2024-10-31,22300,libéré,0.0
L2024-01556-2,CMD-2024-01556,2024-10-30,22300,libéré,0.0
L2024-01556-3,CMD-2024-01556,2024-10-31,22400,libéré,0.0
L2024-01557-1,CMD-2024-01557,2024-11-07,21700,libéré,0.0
L2024-01557-2,CMD-2024-01557,2024-10-20,21800,libéré,0.0
L2024-01558-1,CMD-2024-01558,2024-10-30,69000,libéré,0.0
L2024-01559-1,CMD-2024-01559,2024-10-21,73000,libéré,0.0
L2024-01560-1,CMD-2024-01560,2024-11-05,14100,libéré,0.0
L2024-01560-2,CMD-2024-01560,2024-10-26,14100,libéré,0.0
L2024-01560-3,CMD-2024-01560,2024-11-04,14300,libéré,0.0
L2024-01561-1,CMD-2024-01561,2024-11-24,6700,libéré,0.0
L2024-01561-2,CMD-2024-01561,2024-11-01,6800,libéré,0.0
L2024-01562-1,CMD-2024-01562,2024-11-15,35000,libéré,0.0
L2024-01563-1,CMD-2024-01563,2024-11-06,6100,libéré,0.0
L2024-01563-2,CMD-2024-01563,2024-10-21,6100,libéré,0.0
L2024-01563-3,CMD-2024-01563,2024-11-01,6300,libéré,0.0
L2024-01564-1,CMD-2024-01564,2024-11-02,5500,libéré,0.0
L2024-01564-2,CMD-2024-01564,2024-11-14,5500,libéré,0.0
L2024-01564-3,CMD-2024-01564,2024-11-01,5500,libéré,0.0
L2024-01565-1,CMD-2024-01565,2024-10-24,64000,libéré,0.0
L2024-01566-1,CMD-2024-01566,2024-11-02,50000,libéré,0.0
L2024-01566-2,CMD-2024-01566,2024-10-26,50000,libéré,0.0
L2024-01567-1,CMD-2024-01567,2024-10-28,5500,libéré,0.0
L2024-01567-2,CMD-2024-01567,2024-10-26,5500,libéré,0.0
L2024-01568-1,CMD-2024-01568,2024-11-03,12700,libéré,0.0
L2024-01568-2,CMD-2024-01568,2024-11-04,12800,libéré,0.0
L2024-01569-1,CMD-2024-01569,2024-10-22,27500,libéré,0.0
L2024-01570-1,CMD-2024-01570,2024-11-16,10000,libéré,0.0
L2024-01570-2,CMD-2024-01570,2024-10-29,10000,libéré,0.0
L2024-01571-1,CMD-2024-01571,2024-10-26,18200,libéré,0.0
L2024-01571-2,CMD-2024-01571,2024-11-16,18300,rejeté,63940.2
L2024-01572-1,CMD-2024-01572,2024-10-30,66500,libéré,0.0
L2024-01573-1,CMD-2024-01573,2024-11-09,19000,libéré,0.0
L2024-01574-1,CMD-2024-01574,2024-10-23,17800,libéré,0.0
L2024-01574-2,CMD-2024-01574,2024-11-04,17800,libéré,0.0
L2024-01574-3,CMD-2024-01574,2024-10-23,17900,libéré,0.0
L2024-01575-1,CMD-2024-01575,2024-11-03,74500,libéré,0.0
L2024-01576-1,CMD-2024-01576,2024-10-23,20800,libéré,0.0
L2024-01576-2,CMD-2024-01576,2024-10-31,20800,libéré,0.0
L2024-01576-3,CMD-2024-01576,2024-10-25,20900,libéré,0.0
L2024-01577-1,CMD-2024-01577,2024-11-03,39300,libéré,0.0
L2024-01578-1,CMD-2024-01578,2024-10-25,34000,libéré,0.0
L2024-01579-1,CMD-2024-01579,2024-10-23,18300,libéré,0.0
L2024-01579-2,CMD-2024-01579,2024-11-03,18300,libéré,0.0
L2024-01579-3,CMD-2024-01579,2024-11-02,18400,libéré,0.0
L2024-01580-1,CMD-2024-01580,2024-11-17,36500,libéré,0.0
L2024-01581-1,CMD-2024-01581,2024-10-31,52500,libéré,0.0
L2024-01582-1,CMD-2024-01582,2024-11-13,13000,rejeté,40989.0
L2024-01582-2,CMD-2024-01582,2024-10-28,13000,libéré,0.0
L2024-01583-1,CMD-2024-01583,2024-11-07,14500,libéré,0.0
L2024-01583-2,CMD-2024-01583,2024-11-05,14500,libéré,0.0
L2024-01584-1,CMD-2024-01584,2024-11-03,52000,rejeté,212628.0
L2024-01584-2,CMD-2024-01584,2024-11-03,52000,retraité,31894.2
L2024-01585-1,CMD-2024-01585,2024-10-27,43000,libéré,0.0
L2024-01585-2,CMD-2024-01585,2024-11-01,43000,libéré,0.0
L2024-01586-1,CMD-2024-01586,2024-11-08,53500,libéré,0.0
L2024-01587-1,CMD-2024-01587,2024-11-01,34000,libéré,0.0
L2024-01588-1,CMD-2024-01588,2024-11-07,18000,libéré,0.0
L2024-01588-2,CMD-2024-01588,2024-11-15,18000,libéré,0.0
L2024-01588-3,CMD-2024-01588,2024-11-05,18000,libéré,0.0
L2024-01589-1,CMD-2024-01589,2024-10-27,75000,libéré,0.0
L2024-01589-2,CMD-2024-01589,2024-11-08,75000,libéré,0.0
L2024-01590-1,CMD-2024-01590,2024-11-11,5000,libéré,0.0
L2024-01590-2,CMD-2024-01590,2024-11-29,5000,libéré,0.0
L2024-01591-1,CMD-2024-01591,2024-11-06,16500,libéré,0.0
L2024-01591-2,CMD-2024-01591,2024-11-10,16500,libéré,0.0
L2024-01592-1,CMD-2024-01592,2024-11-14,27500,libéré,0.0
L2024-01593-1,CMD-2024-01593,2024-11-28,65500,libéré,0.0
L2024-01594-1,CMD-2024-01594,2024-11-28,24200,libéré,0.0
L2024-01594-2,CMD-2024-01594,2024-11-07,24300,libéré,0.0
L2024-01595-1,CMD-2024-01595,2024-10-28,16800,libéré,0.0
L2024-01595-2,CMD-2024-01595,2024-11-07,16800,libéré,0.0
L2024-01595-3,CMD-2024-01595,2024-11-22,16900,libéré,0.0
L2024-01596-1,CMD-2024-01596,2024-11-12,12500,rejeté,48400.0
L2024-01596-2,CMD-2024-01596,2024-11-01,12500,libéré,0.0
L2024-01597-1,CMD-2024-01597,2024-11-09,42000,libéré,0.0
L2024-01597-2,CMD-2024-01597,2024-11-04,42000,libéré,0.0
L2024-01598-1,CMD-2024-01598,2024-11-07,34500,libéré,0.0
L2024-01599-1,CMD-2024-01599,2024-11-01,74500,libéré,0.0
L2024-01599-2,CMD-2024-01599,2024-10-30,74500,libéré,0.0
L2024-01600-1,CMD-2024-01600,2024-11-01,16700,libéré,0.0
L2024-01600-2,CMD-2024-01600,2024-11-07,16800,libéré,0.0
L2024-01601-1,CMD-2024-01601,2024-11-06,29200,libéré,0.0
L2024-01601-2,CMD-2024-01601,2024-10-31,29300,libéré,0.0
L2024-01602-1,CMD-2024-01602,2024-10-31,9300,libéré,0.0
L2024-01602-2,CMD-2024-01602,2024-11-09,9300,libéré,0.0
L2024-01602-3,CMD-2024-01602,2024-11-05,9400,libéré,0.0
L2024-01603-1,CMD-2024-01603,2024-11-05,16500,libéré,0.0
L2024-01604-1,CMD-2024-01604,2024-11-21,24200,libéré,0.0
L2024-01604-2,CMD-2024-01604,2024-10-30,24300,libéré,0.0
L2024-01605-1,CMD-2024-01605,2024-11-04,29500,libéré,0.0
L2024-01605-2,CMD-2024-01605,2024-11-20,29500,libéré,0.0
L2024-01605-3,CMD-2024-01605,2024-11-09,29500,libéré,0.0
L2024-01606-1,CMD-2024-01606,2024-10-29,9800,libéré,0.0
L2024-01606-2,CMD-2024-01606,2024-11-06,9800,libéré,0.0
L2024-01606-3,CMD-2024-01606,2024-11-04,9900,libéré,0.0
L2024-01607-1,CMD-2024-01607,2024-11-10,15000,libéré,0.0
L2024-01607-2,CMD-2024-01607,2024-11-06,15000,libéré,0.0
L2024-01607-3,CMD-2024-01607,2024-11-10,15000,libéré,0.0
L2024-01608-1,CMD-2024-01608,2024-11-05,18000,libéré,0.0
L2024-01608-2,CMD-2024-01608,2024-11-03,18000,libéré,0.0
L2024-01608-3,CMD-2024-01608,2024-11-12,18000,libéré,0.0
L2024-01609-1,CMD-2024-01609,2024-11-04,12000,libéré,0.0
L2024-01609-2,CMD-2024-01609,2024-11-06,12000,libéré,0.0
L2024-01609-3,CMD-2024-01609,2024-11-10,12000,libéré,0.0
L2024-01610-1,CMD-2024-01610,2024-11-15,6300,libéré,0.0
L2024-01610-2,CMD-2024-01610,2024-11-18,6300,libéré,0.0
L2024-01610-3,CMD-2024-01610,2024-11-14,6400,libéré,0.0
L2024-01611-1,CMD-2024-01611,2024-11-26,10000,libéré,0.0
L2024-01612-1,CMD-2024-01612,2024-11-10,17100,libéré,0.0
L2024-01612-2,CMD-2024-01612,2024-11-11,17100,rejeté,54942.3
L2024-01612-3,CMD-2024-01612,2024-11-06,17300,libéré,0.0
L2024-01613-1,CMD-2024-01613,2024-11-22,13700,libéré,0.0
L2024-01613-2,CMD-2024-01613,2024-11-11,13800,libéré,0.0
L2024-01614-1,CMD-2024-01614,2024-11-08,30000,libéré,0.0
L2024-01614-2,CMD-2024-01614,2024-10-31,30000,libéré,0.0
L2024-01615-1,CMD-2024-01615,2024-10-31,30000,libéré,0.0
L2024-01615-2,CMD-2024-01615,2024-11-06,30000,libéré,0.0
L2024-01615-3,CMD-2024-01615,2024-11-02,30000,libéré,0.0
L2024-01616-1,CMD-2024-01616,2024-11-15,6600,libéré,0.0
L2024-01616-2,CMD-2024-01616,2024-11-05,6600,libéré,0.0
L2024-01616-3,CMD-2024-01616,2024-11-10,6800,libéré,0.0
L2024-01617-1,CMD-2024-01617,2024-11-02,25200,libéré,0.0
L2024-01617-2,CMD-2024-01617,2024-11-16,25300,libéré,0.0
L2024-01618-1,CMD-2024-01618,2024-11-21,78500,libéré,0.0
L2024-01619-1,CMD-2024-01619,2024-11-28,34000,libéré,0.0
L2024-01620-1,CMD-2024-01620,2024-11-02,14000,libéré,0.0
L2024-01620-2,CMD-2024-01620,2024-11-08,14000,libéré,0.0
L2024-01621-1,CMD-2024-01621,2024-12-02,48800,libéré,0.0
L2024-01621-2,CMD-2024-01621,2024-11-17,48800,libéré,0.0
L2024-01621-3,CMD-2024-01621,2024-12-08,48900,libéré,0.0
L2024-01622-1,CMD-2024-01622,2024-11-19,13500,libéré,0.0
L2024-01622-2,CMD-2024-01622,2024-11-20,13500,libéré,0.0
L2024-01623-1,CMD-2024-01623,2024-11-26,20500,libéré,0.0
L2024-01623-2,CMD-2024-01623,2024-11-25,20500,libéré,0.0
L2024-01624-1,CMD-2024-01624,2024-11-04,32100,libéré,0.0
L2024-01624-2,CMD-2024-01624,2024-11-02,32100,libéré,0.0
L2024-01624-3,CMD-2024-01624,2024-11-06,32300,libéré,0.0
L2024-01625-1,CMD-2024-01625,2024-11-07,10100,rejeté,32259.4
L2024-01625-2,CMD-2024-01625,2024-11-08,10100,libéré,0.0
L2024-01625-3,CMD-2024-01625,2024-11-05,10300,libéré,0.0
L2024-01626-1,CMD-2024-01626,2024-11-04,17000,libéré,0.0
L2024-01626-2,CMD-2024-01626,2024-11-28,17000,libéré,0.0
L2024-01626-3,CMD-2024-01626,2024-11-13,17000,libéré,0.0
L2024-01627-1,CMD-2024-01627,2024-11-06,7500,libéré,0.0
L2024-01627-2,CMD-2024-01627,2024-11-04,7500,libéré,0.0
L2024-01627-3,CMD-2024-01627,2024-11-18,7500,retraité,4771.12
L2024-01628-1,CMD-2024-01628,2024-11-24,29500,libéré,0.0
L2024-01629-1,CMD-2024-01629,2024-11-16,21300,libéré,0.0
L2024-01629-2,CMD-2024-01629,2024-11-13,21300,libéré,0.0
L2024-01629-3,CMD-2024-01629,2024-11-09,21400,libéré,0.0
L2024-01630-1,CMD-2024-01630,2024-11-21,16200,libéré,0.0
L2024-01630-2,CMD-2024-01630,2024-11-03,16300,libéré,0.0
L2024-01631-1,CMD-2024-01631,2024-11-16,14300,libéré,0.0
L2024-01631-2,CMD-2024-01631,2024-12-04,14300,libéré,0.0
L2024-01631-3,CMD-2024-01631,2024-11-29,14400,libéré,0.0
L2024-01632-1,CMD-2024-01632,2024-11-11,18100,libéré,0.0
L2024-01632-2,CMD-2024-01632,2024-11-15,18100,libéré,0.0
L2024-01632-3,CMD-2024-01632,2024-11-03,18300,libéré,0.0
L2024-01633-1,CMD-2024-01633,2024-11-10,12500,libéré,0.0
L2024-01633-2,CMD-2024-01633,2024-11-13,12500,libéré,0.0
L2024-01633-3,CMD-2024-01633,2024-11-08,12500,libéré,0.0
L2024-01634-1,CMD-2024-01634,2024-11-04,59200,libéré,0.0
L2024-01635-1,CMD-2024-01635,2024-11-07,38000,libéré,0.0
L2024-01636-1,CMD-2024-01636,2024-11-10,26500,libéré,0.0
L2024-01637-1,CMD-2024-01637,2024-12-10,18700,libéré,0.0
L2024-01637-2,CMD-2024-01637,2024-12-21,18800,libéré,0.0
L2024-01638-1,CMD-2024-01638,2024-11-09,26500,libéré,0.0
L2024-01638-2,CMD-2024-01638,2024-11-07,26500,libéré,0.0
L2024-01639-1,CMD-2024-01639,2024-11-07,17000,rejeté,42925.0
L2024-01639-2,CMD-2024-01639,2024-11-04,17000,libéré,0.0
L2024-01640-1,CMD-2024-01640,2024-11-12,49000,libéré,0.0
L2024-01641-1,CMD-2024-01641,2024-11-20,5000,libéré,0.0
L2024-01641-2,CMD-2024-01641,2024-11-25,5000,libéré,0.0
L2024-01642-1,CMD-2024-01642,2024-11-16,6200,libéré,0.0
L2024-01642-2,CMD-2024-01642,2024-11-05,6300,libéré,0.0
L2024-01643-1,CMD-2024-01643,2024-11-18,14500,libéré,0.0
L2024-01643-2,CMD-2024-01643,2024-11-08,14500,libéré,0.0
L2024-01643-3,CMD-2024-01643,2024-11-20,14500,libéré,0.0
L2024-01644-1,CMD-2024-01644,2024-11-07,17500,libéré,0.0
L2024-01645-1,CMD-2024-01645,2024-11-15,29100,rejeté,134180.1
L2024-01645-2,CMD-2024-01645,2024-11-13,29100,libéré,0.0
L2024-01645-3,CMD-2024-01645,2024-11-11,29300,libéré,0.0
L2024-01646-1,CMD-2024-01646,2024-11-04,15200,libéré,0.0
L2024-01646-2,CMD-2024-01646,2024-11-11,15300,libéré,0.0
L2024-01647-1,CMD-2024-01647,2024-11-15,6200,libéré,0.0
L2024-01647-2,CMD-2024-01647,2024-11-14,6300,libéré,0.0
L2024-01648-1,CMD-2024-01648,2024-11-16,32000,libéré,0.0
L2024-01649-1,CMD-2024-01649,2024-12-03,32700,libéré,0.0
L2024-01649-2,CMD-2024-01649,2024-11-11,32800,libéré,0.0
L2024-01650-1,CMD-2024-01650,2024-11-16,7200,libéré,0.0
L2024-01650-2,CMD-2024-01650,2024-11-07,7300,libéré,0.0
L2024-01651-1,CMD-2024-01651,2024-11-28,12000,libéré,0.0
L2024-01651-2,CMD-2024-01651,2024-11-14,12000,libéré,0.0
L2024-01651-3,CMD-2024-01651,2024-11-20,12000,libéré,0.0
L2024-01652-1,CMD-2024-01652,2024-11-05,31000,libéré,0.0
L2024-01653-1,CMD-2024-01653,2024-11-19,62000,libéré,0.0
L2024-01654-1,CMD-2024-01654,2024-11-15,14000,libéré,0.0
L2024-01654-2,CMD-2024-01654,2024-11-15,14000,libéré,0.0
L2024-01655-1,CMD-2024-01655,2024-11-30,23000,libéré,0.0
L2024-01656-1,CMD-2024-01656,2024-11-19,43500,libéré,0.0
L2024-01656-2,CMD-2024-01656,2024-11-17,43500,libéré,0.0
L2024-01657-1,CMD-2024-01657,2024-11-24,11500,libéré,0.0
L2024-01657-2,CMD-2024-01657,2024-11-21,11500,libéré,0.0
L2024-01657-3,CMD-2024-01657,2024-11-07,11500,libéré,0.0
L2024-01658-1,CMD-2024-01658,2024-12-02,12000,libéré,0.0
L2024-01658-2,CMD-2024-01658,2024-11-15,12000,libéré,0.0
L2024-01658-3,CMD-2024-01658,2024-11-21,12000,libéré,0.0
L2024-01659-1,CMD-2024-01659,2024-11-21,5600,libéré,0.0
L2024-01659-2,CMD-2024-01659,2024-11-23,5600,libéré,0.0
L2024-01659-3,CMD-2024-01659,2024-11-23,5800,libéré,0.0
L2024-01660-1,CMD-2024-01660,2024-11-07,24200,libéré,0.0
L2024-01660-2,CMD-2024-01660,2024-11-12,24300,libéré,0.0
L2024-01661-1,CMD-2024-01661,2024-11-06,34500,libéré,0.0
L2024-01662-1,CMD-2024-01662,2024-11-10,10300,libéré,0.0
L2024-01662-2,CMD-2024-01662,2024-11-11,10300,libéré,0.0
L2024-01662-3,CMD-2024-01662,2024-11-22,10400,rejeté,34964.8
L2024-01663-1,CMD-2024-01663,2024-11-23,48500,libéré,0.0
L2024-01664-1,CMD-2024-01664,2024-11-06,48000,libéré,0.0
L2024-01664-2,CMD-2024-01664,2024-11-12,48000,libéré,0.0
L2024-01665-1,CMD-2024-01665,2024-11-06,31500,retraité,13149.67
L2024-01666-1,CMD-2024-01666,2024-11-21,18600,libéré,0.0
L2024-01666-2,CMD-2024-01666,2024-11-21,18600,libéré,0.0
L2024-01666-3,CMD-2024-01666,2024-11-14,18800,retraité,14757.06
L2024-01667-1,CMD-2024-01667,2024-11-07,22200,libéré,0.0
L2024-01667-2,CMD-2024-01667,2024-11-15,22300,libéré,0.0
L2024-01668-1,CMD-2024-01668,2024-11-12,14200,libéré,0.0
L2024-01668-2,CMD-2024-01668,2024-11-08,14300,libéré,0.0
L2024-01669-1,CMD-2024-01669,2024-11-09,40000,libéré,0.0
L2024-01669-2,CMD-2024-01669,2024-11-14,40000,libéré,0.0
L2024-01670-1,CMD-2024-01670,2024-12-12,9800,libéré,0.0
L2024-01670-2,CMD-2024-01670,2024-12-13,9800,libéré,0.0
L2024-01670-3,CMD-2024-01670,2024-11-29,9900,libéré,0.0
L2024-01671-1,CMD-2024-01671,2024-11-13,21500,libéré,0.0
L2024-01672-1,CMD-2024-01672,2024-11-27,14600,libéré,0.0
L2024-01672-2,CMD-2024-01672,2024-11-14,14600,libéré,0.0
L2024-01672-3,CMD-2024-01672,2024-11-23,14800,libéré,0.0
L2024-01673-1,CMD-2024-01673,2024-11-14,62500,libéré,0.0
L2024-01673-2,CMD-2024-01673,2024-11-28,62500,libéré,0.0
L2024-01674-1,CMD-2024-01674,2024-11-13,14100,rejeté,61701.6
L2024-01674-2,CMD-2024-01674,2024-11-21,14100,libéré,0.0
L2024-01674-3,CMD-2024-01674,2024-11-15,14300,libéré,0.0
L2024-01675-1,CMD-2024-01675,2024-11-13,22000,libéré,0.0
L2024-01675-2,CMD-2024-01675,2024-11-26,22000,libéré,0.0
L2024-01676-1,CMD-2024-01676,2024-11-24,28500,rejeté,145521.0
L2024-01677-1,CMD-2024-01677,2024-11-23,52000,libéré,0.0
L2024-01678-1,CMD-2024-01678,2024-11-13,57500,libéré,0.0
L2024-01679-1,CMD-2024-01679,2024-11-13,6700,libéré,0.0
L2024-01679-2,CMD-2024-01679,2024-11-24,6800,libéré,0.0
L2024-01680-1,CMD-2024-01680,2024-11-26,11300,libéré,0.0
L2024-01680-2,CMD-2024-01680,2024-11-17,11300,libéré,0.0
L2024-01680-3,CMD-2024-01680,2024-11-24,11400,libéré,0.0
L2024-01681-1,CMD-2024-01681,2024-12-05,41500,libéré,0.0
L2024-01682-1,CMD-2024-01682,2024-11-16,18500,libéré,0.0
L2024-01682-2,CMD-2024-01682,2024-11-25,18500,libéré,0.0
L2024-01683-1,CMD-2024-01683,2024-11-21,36500,libéré,0.0
L2024-01684-1,CMD-2024-01684,2024-11-23,25700,libéré,0.0
L2024-01684-2,CMD-2024-01684,2024-11-11,25800,libéré,0.0
L2024-01685-1,CMD-2024-01685,2024-11-13,9800,libéré,0.0
L2024-01685-2,CMD-2024-01685,2024-11-23,9800,libéré,0.0
L2024-01685-3,CMD-2024-01685,2024-11-18,9900,libéré,0.0
L2024-01686-1,CMD-2024-01686,2024-11-19,29500,libéré,0.0
L2024-01687-1,CMD-2024-01687,2024-12-07,27500,libéré,0.0
L2024-01687-2,CMD-2024-01687,2024-12-09,27500,libéré,0.0
L2024-01688-1,CMD-2024-01688,2024-11-18,28000,libéré,0.0
L2024-01688-2,CMD-2024-01688,2024-11-18,28000,libéré,0.0
L2024-01689-1,CMD-2024-01689,2024-11-26,22700,libéré,0.0
L2024-01689-2,CMD-2024-01689,2024-11-18,22800,libéré,0.0
L2024-01690-1,CMD-2024-01690,2024-11-17,25000,libéré,0.0
L2024-01691-1,CMD-2024-01691,2024-11-29,6800,libéré,0.0
L2024-01691-2,CMD-2024-01691,2024-12-06,6800,libéré,0.0
L2024-01691-3,CMD-2024-01691,2024-12-03,6900,libéré,0.0
L2024-01692-1,CMD-2024-01692,2024-11-27,42500,libéré,0.0
L2024-01693-1,CMD-2024-01693,2024-11-21,18000,libéré,0.0
L2024-01693-2,CMD-2024-01693,2024-11-26,18000,libéré,0.0
L2024-01694-1,CMD-2024-01694,2024-11-27,48700,libéré,0.0
L2024-01694-2,CMD-2024-01694,2024-12-04,48800,libéré,0.0
L2024-01695-1,CMD-2024-01695,2024-11-14,27200,libéré,0.0
L2024-01695-2,CMD-2024-01695,2024-11-20,27300,libéré,0.0
L2024-01696-1,CMD-2024-01696,2024-11-20,17900,libéré,0.0
L2024-01696-2,CMD-2024-01696,2024-11-17,17900,libéré,0.0
L2024-01697-1,CMD-2024-01697,2024-11-18,9500,libéré,0.0
L2024-01697-2,CMD-2024-01697,2024-11-17,9500,libéré,0.0
L2024-01698-1,CMD-2024-01698,2024-11-20,19000,libéré,0.0
L2024-01699-1,CMD-2024-01699,2024-11-17,31500,libéré,0.0
L2024-01700-1,CMD-2024-01700,2024-12-03,19000,libéré,0.0
L2024-01701-1,CMD-2024-01701,2024-11-20,28500,libéré,0.0
L2024-01702-1,CMD-2024-01702,2024-11-20,8000,libéré,0.0
L2024-01702-2,CMD-2024-01702,2024-11-30,8000,libéré,0.0
L2024-01702-3,CMD-2024-01702,2024-11-21,8000,libéré,0.0
L2024-01703-1,CMD-2024-01703,2024-11-22,17500,libéré,0.0
L2024-01704-1,CMD-2024-01704,2024-11-17,75000,libéré,0.0
L2024-01704-2,CMD-2024-01704,2024-12-11,75000,libéré,0.0
L2024-01705-1,CMD-2024-01705,2024-11-18,18500,libéré,0.0
L2024-01705-2,CMD-2024-01705,2024-12-17,18500,libéré,0.0
L2024-01705-3,CMD-2024-01705,2024-11-29,18500,libéré,0.0
L2024-01706-1,CMD-2024-01706,2024-12-24,22600,libéré,0.0
L2024-01706-2,CMD-2024-01706,2024-12-03,22700,libéré,0.0
L2024-01707-1,CMD-2024-01707,2024-11-23,21000,libéré,0.0
L2024-01708-1,CMD-2024-01708,2024-12-07,17200,libéré,0.0
L2024-01708-2,CMD-2024-01708,2024-11-21,17300,libéré,0.0
L2024-01709-1,CMD-2024-01709,2024-11-22,8800,libéré,0.0
L2024-01709-2,CMD-2024-01709,2024-12-01,8800,libéré,0.0
L2024-01709-3,CMD-2024-01709,2024-11-22,8900,libéré,0.0
L2024-01710-1,CMD-2024-01710,2024-12-17,10500,libéré,0.0
L2024-01710-2,CMD-2024-01710,2024-12-11,10500,libéré,0.0
L2024-01711-1,CMD-2024-01711,2024-11-21,19300,libéré,0.0
L2024-01711-2,CMD-2024-01711,2024-11-24,19300,libéré,0.0
L2024-01711-3,CMD-2024-01711,2024-11-28,19400,libéré,0.0
L2024-01712-1,CMD-2024-01712,2024-12-07,47500,libéré,0.0
L2024-01713-1,CMD-2024-01713,2024-11-28,10500,libéré,0.0
L2024-01714-1,CMD-2024-01714,2024-11-29,57500,libéré,0.0
L2024-01715-1,CMD-2024-01715,2024-12-12,10000,libéré,0.0
L2024-01715-2,CMD-2024-01715,2024-11-23,10000,libéré,0.0
L2024-01715-3,CMD-2024-01715,2024-11-22,10000,libéré,0.0
L2024-01716-1,CMD-2024-01716,2024-12-12,17500,libéré,0.0
L2024-01716-2,CMD-2024-01716,2024-12-18,17500,libéré,0.0
L2024-01717-1,CMD-2024-01717,2024-11-30,17000,libéré,0.0
L2024-01717-2,CMD-2024-01717,2024-12-02,17000,libéré,0.0
L2024-01717-3,CMD-2024-01717,2024-11-25,17000,libéré,0.0
L2024-01718-1,CMD-2024-01718,2024-12-07,12000,libéré,0.0
L2024-01718-2,CMD-2024-01718,2024-11-22,12000,libéré,0.0
L2024-01718-3,CMD-2024-01718,2024-11-20,12000,libéré,0.0
L2024-01719-1,CMD-2024-01719,2024-11-25,73000,libéré,0.0
L2024-01720-1,CMD-2024-01720,2024-11-21,31000,libéré,0.0
L2024-01720-2,CMD-2024-01720,2024-12-01,31000,libéré,0.0
L2024-01721-1,CMD-2024-01721,2024-11-27,6000,libéré,0.0
L2024-01721-2,CMD-2024-01721,2024-12-01,6000,libéré,0.0
L2024-01722-1,CMD-2024-01722,2024-11-19,12800,libéré,0.0
L2024-01722-2,CMD-2024-01722,2024-12-18,12800,libéré,0.0
L2024-01722-3,CMD-2024-01722,2024-12-26,12900,libéré,0.0
L2024-01723-1,CMD-2024-01723,2024-12-07,20200,libéré,0.0
L2024-01723-2,CMD-2024-01723,2024-11-20,20300,libéré,0.0
L2024-01724-1,CMD-2024-01724,2024-11-18,20000,libéré,0.0
L2024-01724-2,CMD-2024-01724,2024-11-25,20000,libéré,0.0
L2024-01724-3,CMD-2024-01724,2024-11-18,20000,libéré,0.0
L2024-01725-1,CMD-2024-01725,2024-11-25,30700,libéré,0.0
L2024-01725-2,CMD-2024-01725,2024-11-24,30800,libéré,0.0
L2024-01726-1,CMD-2024-01726,2024-12-03,27000,libéré,0.0
L2024-01727-1,CMD-2024-01727,2024-12-01,23000,libéré,0.0
L2024-01727-2,CMD-2024-01727,2024-12-01,23000,libéré,0.0
L2024-01728-1,CMD-2024-01728,2024-12-03,42000,libéré,0.0
L2024-01729-1,CMD-2024-01729,2024-11-20,36500,libéré,0.0
L2024-01730-1,CMD-2024-01730,2024-12-05,28500,libéré,0.0
L2024-01731-1,CMD-2024-01731,2024-12-06,33800,libéré,0.0
L2024-01731-2,CMD-2024-01731,2024-11-20,33800,libéré,0.0
L2024-01731-3,CMD-2024-01731,2024-11-21,33900,libéré,0.0
L2024-01732-1,CMD-2024-01732,2024-12-03,37000,libéré,0.0
L2024-01733-1,CMD-2024-01733,2024-11-24,33000,libéré,0.0
L2024-01734-1,CMD-2024-01734,2024-11-22,5000,libéré,0.0
L2024-01734-2,CMD-2024-01734,2024-12-04,5000,rejeté,21530.0
L2024-01735-1,CMD-2024-01735,2024-11-25,6300,libéré,0.0
L2024-01735-2,CMD-2024-01735,2024-11-20,6300,libéré,0.0
L2024-01735-3,CMD-2024-01735,2024-11-21,6400,libéré,0.0
L2024-01736-1,CMD-2024-01736,2024-12-04,13600,libéré,0.0
L2024-01736-2,CMD-2024-01736,2024-11-24,13600,rejeté,51367.2
L2024-01736-3,CMD-2024-01736,2024-11-23,13800,libéré,0.0
L2024-01737-1,CMD-2024-01737,2024-11-21,46500,libéré,0.0
L2024-01738-1,CMD-2024-01738,2024-12-13,25500,libéré,0.0
L2024-01739-1,CMD-2024-01739,2024-12-01,11700,retraité,5393.11
L2024-01739-2,CMD-2024-01739,2024-12-08,11800,libéré,0.0
L2024-01740-1,CMD-2024-01740,2024-11-30,9300,libéré,0.0
L2024-01740-2,CMD-2024-01740,2024-11-29,9300,libéré,0.0
L2024-01740-3,CMD-2024-01740,2024-11-29,9400,rejeté,43362.2
L2024-01741-1,CMD-2024-01741,2024-12-01,54500,libéré,0.0
L2024-01742-1,CMD-2024-01742,2024-12-04,23000,libéré,0.0
L2024-01743-1,CMD-2024-01743,2024-12-15,13800,libéré,0.0
L2024-01743-2,CMD-2024-01743,2024-11-29,13800,libéré,0.0
L2024-01743-3,CMD-2024-01743,2024-12-12,13900,libéré,0.0
L2024-01744-1,CMD-2024-01744,2024-12-01,12300,libéré,0.0
L2024-01744-2,CMD-2024-01744,2024-11-24,12300,libéré,0.0
L2024-01744-3,CMD-2024-01744,2024-12-04,12400,libéré,0.0
L2024-01745-1,CMD-2024-01745,2024-11-25,55500,libéré,0.0
L2024-01746-1,CMD-2024-01746,2024-12-23,20500,libéré,0.0
L2024-01746-2,CMD-2024-01746,2024-12-13,20500,libéré,0.0
L2024-01747-1,CMD-2024-01747,2024-11-24,66000,libéré,0.0
L2024-01747-2,CMD-2024-01747,2024-11-24,66000,libéré,0.0
L2024-01748-1,CMD-2024-01748,2024-12-11,6000,libéré,0.0
L2024-01748-2,CMD-2024-01748,2024-12-21,6000,libéré,0.0
L2024-01748-3,CMD-2024-01748,2024-12-07,6000,libéré,0.0
L2024-01749-1,CMD-2024-01749,2024-12-29,10500,libéré,0.0
L2024-01749-2,CMD-2024-01749,2024-12-16,10500,retraité,6711.07
L2024-01750-1,CMD-2024-01750,2024-12-13,36000,libéré,0.0
L2024-01750-2,CMD-2024-01750,2024-11-27,36000,libéré,0.0
L2024-01751-1,CMD-2024-01751,2024-12-07,13600,libéré,0.0
L2024-01751-2,CMD-2024-01751,2024-12-01,13600,libéré,0.0
L2024-01751-3,CMD-2024-01751,2024-12-01,13800,libéré,0.0
L2024-01752-1,CMD-2024-01752,2024-12-06,30500,libéré,0.0
L2024-01753-1,CMD-2024-01753,2024-12-11,22500,libéré,0.0
L2024-01753-2,CMD-2024-01753,2024-11-30,22500,libéré,0.0
L2024-01754-1,CMD-2024-01754,2024-12-12,42500,libéré,0.0
L2024-01755-1,CMD-2024-01755,2024-12-10,19000,libéré,0.0
L2024-01755-2,CMD-2024-01755,2024-11-29,19000,libéré,0.0
L2024-01756-1,CMD-2024-01756,2024-12-11,42000,libéré,0.0
L2024-01757-1,CMD-2024-01757,2024-12-04,30500,libéré,0.0
L2024-01757-2,CMD-2024-01757,2024-12-19,30500,libéré,0.0
L2024-01757-3,CMD-2024-01757,2024-12-03,30500,libéré,0.0
L2024-01758-1,CMD-2024-01758,2024-11-30,40000,libéré,0.0
L2024-01759-1,CMD-2024-01759,2024-12-08,8000,libéré,0.0
L2024-01759-2,CMD-2024-01759,2024-12-03,8000,libéré,0.0
L2024-01759-3,CMD-2024-01759,2024-12-13,8000,libéré,0.0
L2024-01760-1,CMD-2024-01760,2024-11-27,7200,libéré,0.0
L2024-01760-2,CMD-2024-01760,2024-12-09,7300,libéré,0.0
L2024-01761-1,CMD-2024-01761,2024-12-07,12500,libéré,0.0
L2024-01761-2,CMD-2024-01761,2024-12-19,12500,libéré,0.0
L2024-01762-1,CMD-2024-01762,2024-12-02,9600,libéré,0.0
L2024-01762-2,CMD-2024-01762,2024-11-28,9600,libéré,0.0
L2024-01762-3,CMD-2024-01762,2024-12-16,9800,libéré,0.0
L2024-01763-1,CMD-2024-01763,2024-11-28,8500,libéré,0.0
L2024-01763-2,CMD-2024-01763,2024-12-22,8500,retraité,3469.28
L2024-01763-3,CMD-2024-01763,2024-12-12,8500,libéré,0.0
L2024-01764-1,CMD-2024-01764,2024-12-09,21700,libéré,0.0
L2024-01764-2,CMD-2024-01764,2024-12-04,21800,retraité,10526.13
L2024-01765-1,CMD-2024-01765,2024-11-29,23500,libéré,0.0
L2024-01765-2,CMD-2024-01765,2024-11-27,23500,libéré,0.0
L2024-01766-1,CMD-2024-01766,2024-12-13,20000,libéré,0.0
L2024-01767-1,CMD-2024-01767,2024-12-11,23500,libéré,0.0
L2024-01768-1,CMD-2024-01768,2024-12-02,12000,libéré,0.0
L2024-01768-2,CMD-2024-01768,2024-12-04,12000,retraité,6976.8
L2024-01769-1,CMD-2024-01769,2024-12-10,21200,libéré,0.0
L2024-01769-2,CMD-2024-01769,2024-11-27,21300,retraité,16722.63
L2024-01770-1,CMD-2024-01770,2024-12-06,9200,libéré,0.0
L2024-01770-2,CMD-2024-01770,2024-12-02,9300,libéré,0.0
L2024-01771-1,CMD-2024-01771,2024-12-01,16000,retraité,9170.4
L2024-01771-2,CMD-2024-01771,2024-12-14,16000,libéré,0.0
L2024-01771-3,CMD-2024-01771,2024-12-05,16000,libéré,0.0
L2024-01772-1,CMD-2024-01772,2024-12-09,75000,retraité,46811.25
L2024-01773-1,CMD-2024-01773,2024-12-08,43500,libéré,0.0
L2024-01773-2,CMD-2024-01773,2024-12-10,43500,libéré,0.0
L2024-01774-1,CMD-2024-01774,2024-12-08,15000,libéré,0.0
L2024-01775-1,CMD-2024-01775,2024-12-05,5600,libéré,0.0
L2024-01775-2,CMD-2024-01775,2024-12-05,5600,libéré,0.0
L2024-01775-3,CMD-2024-01775,2024-12-17,5800,libéré,0.0
L2024-01776-1,CMD-2024-01776,2024-12-19,9000,libéré,0.0
L2024-01776-2,CMD-2024-01776,2024-12-02,9000,libéré,0.0
L2024-01776-3,CMD-2024-01776,2024-12-01,9000,libéré,0.0
L2024-01777-1,CMD-2024-01777,2024-12-07,35300,libéré,0.0
L2024-01777-2,CMD-2024-01777,2024-12-11,35300,libéré,0.0
L2024-01777-3,CMD-2024-01777,2024-12-05,35400,libéré,0.0
L2024-01778-1,CMD-2024-01778,2024-12-09,50500,libéré,0.0
L2024-01779-1,CMD-2024-01779,2024-12-12,7700,libéré,0.0
L2024-01779-2,CMD-2024-01779,2024-12-21,7800,retraité,3510.0
L2024-01780-1,CMD-2024-01780,2024-12-08,11800,libéré,0.0
L2024-01780-2,CMD-2024-01780,2024-12-12,11800,libéré,0.0
L2024-01780-3,CMD-2024-01780,2024-12-06,11900,libéré,0.0
L2024-01781-1,CMD-2024-01781,2024-12-17,10000,libéré,0.0
L2024-01781-2,CMD-2024-01781,2024-12-10,10000,libéré,0.0
L2024-01782-1,CMD-2024-01782,2024-12-08,15800,rejeté,71337.0
L2024-01782-2,CMD-2024-01782,2024-12-11,15800,libéré,0.0
L2024-01782-3,CMD-2024-01782,2024-12-11,15900,libéré,0.0
L2024-01783-1,CMD-2024-01783,2024-12-04,23300,libéré,0.0
L2024-01783-2,CMD-2024-01783,2024-12-07,23300,libéré,0.0
L2024-01783-3,CMD-2024-01783,2024-12-15,23400,libéré,0.0
L2024-01784-1,CMD-2024-01784,2024-12-07,31000,libéré,0.0
L2024-01784-2,CMD-2024-01784,2024-12-17,31000,libéré,0.0
L2024-01785-1,CMD-2024-01785,2024-12-17,19000,libéré,0.0
L2024-01786-1,CMD-2024-01786,2024-12-17,13100,libéré,0.0
L2024-01786-2,CMD-2024-01786,2024-12-14,13100,libéré,0.0
L2024-01786-3,CMD-2024-01786,2024-12-03,13300,libéré,0.0
L2024-01787-1,CMD-2024-01787,2024-12-06,10300,libéré,0.0
L2024-01787-2,CMD-2024-01787,2024-12-14,10300,libéré,0.0
L2024-01787-3,CMD-2024-01787,2024-12-10,10400,libéré,0.0
L2024-01788-1,CMD-2024-01788,2024-12-13,22500,libéré,0.0
L2024-01788-2,CMD-2024-01788,2024-12-06,22500,libéré,0.0
L2024-01789-1,CMD-2024-01789,2025-01-02,8000,libéré,0.0
L2024-01789-2,CMD-2024-01789,2024-12-11,8000,libéré,0.0
L2024-01789-3,CMD-2024-01789,2024-12-09,8000,libéré,0.0
L2024-01790-1,CMD-2024-01790,2024-12-31,50000,libéré,0.0
L2024-01790-2,CMD-2024-01790,2024-12-24,50000,libéré,0.0
L2024-01791-1,CMD-2024-01791,2025-01-14,21500,libéré,0.0
L2024-01792-1,CMD-2024-01792,2024-12-20,19000,libéré,0.0
L2024-01793-1,CMD-2024-01793,2024-12-09,28000,libéré,0.0
L2024-01794-1,CMD-2024-01794,2025-01-02,28000,libéré,0.0
L2024-01795-1,CMD-2024-01795,2025-01-02,32000,libéré,0.0
L2024-01796-1,CMD-2024-01796,2024-12-26,10000,libéré,0.0
L2024-01797-1,CMD-2024-01797,2024-12-14,52500,libéré,0.0
L2024-01798-1,CMD-2024-01798,2024-12-26,21200,libéré,0.0
L2024-01798-2,CMD-2024-01798,2024-12-08,21300,libéré,0.0
L2024-01799-1,CMD-2024-01799,2024-12-19,59000,libéré,0.0
L2024-01800-1,CMD-2024-01800,2024-12-28,32600,libéré,0.0
L2024-01800-2,CMD-2024-01800,2024-12-03,32600,libéré,0.0
L2024-01800-3,CMD-2024-01800,2024-12-29,32800,libéré,0.0
L2024-01801-1,CMD-2024-01801,2024-12-05,35300,libéré,0.0
L2024-01801-2,CMD-2024-01801,2024-12-15,35300,libéré,0.0
L2024-01801-3,CMD-2024-01801,2024-12-09,35400,rejeté,145635.6
L2024-01802-1,CMD-2024-01802,2024-12-23,43000,libéré,0.0
L2024-01803-1,CMD-2024-01803,2024-12-10,46000,libéré,0.0
L2024-01803-2,CMD-2024-01803,2024-12-16,46000,libéré,0.0
L2024-01804-1,CMD-2024-01804,2024-12-06,7600,libéré,0.0
L2024-01804-2,CMD-2024-01804,2025-01-01,7600,libéré,0.0
L2024-01804-3,CMD-2024-01804,2024-12-06,7800,libéré,0.0
L2024-01805-1,CMD-2024-01805,2024-12-12,27500,libéré,0.0
L2024-01806-1,CMD-2024-01806,2024-12-25,34000,retraité,19410.6
L2024-01807-1,CMD-2024-01807,2024-12-24,17500,libéré,0.0
L2024-01807-2,CMD-2024-01807,2024-12-08,17500,libéré,0.0
L2024-01807-3,CMD-2024-01807,2024-12-26,17500,libéré,0.0
L2024-01808-1,CMD-2024-01808,2024-12-20,22500,libéré,0.0
L2024-01809-1,CMD-2024-01809,2024-12-11,28200,libéré,0.0
L2024-01809-2,CMD-2024-01809,2024-12-20,28300,libéré,0.0
L2024-01810-1,CMD-2024-01810,2024-12-28,29500,libéré,0.0
L2024-01811-1,CMD-2024-01811,2024-12-19,38000,libéré,0.0
L2024-01812-1,CMD-2024-01812,2024-12-08,19000,libéré,0.0
L2024-01813-1,CMD-2024-01813,2024-12-26,7500,libéré,0.0
L2024-01813-2,CMD-2024-01813,2025-01-07,7500,libéré,0.0
L2024-01813-3,CMD-2024-01813,2024-12-13,7500,libéré,0.0
L2024-01814-1,CMD-2024-01814,2024-12-20,34000,libéré,0.0
L2024-01814-2,CMD-2024-01814,2024-12-10,34000,libéré,0.0
L2024-01814-3,CMD-2024-01814,2024-12-09,34000,libéré,0.0
L2024-01815-1,CMD-2024-01815,2024-12-12,11700,libéré,0.0
L2024-01815-2,CMD-2024-01815,2024-12-29,11800,retraité,3881.61
L2024-01816-1,CMD-2024-01816,2024-12-14,11100,libéré,0.0
L2024-01816-2,CMD-2024-01816,2024-12-13,11100,libéré,0.0
L2024-01816-3,CMD-2024-01816,2024-12-12,11300,libéré,0.0
L2024-01817-1,CMD-2024-01817,2024-12-09,35000,libéré,0.0
L2024-01818-1,CMD-2024-01818,2024-12-20,22500,libéré,0.0
L2024-01818-2,CMD-2024-01818,2024-12-13,22500,libéré,0.0
L2024-01819-1,CMD-2024-01819,2024-12-15,46800,libéré,0.0
L2024-01819-2,CMD-2024-01819,2024-12-08,46800,retraité,29835.0
L2024-01819-3,CMD-2024-01819,2024-12-09,46900,libéré,0.0
L2024-01820-1,CMD-2024-01820,2024-12-28,39500,libéré,0.0
L2024-01820-2,CMD-2024-01820,2024-12-27,39500,libéré,0.0
L2024-01821-1,CMD-2024-01821,2024-12-31,62500,libéré,0.0
L2024-01822-1,CMD-2024-01822,2024-12-09,25200,libéré,0.0
L2024-01822-2,CMD-2024-01822,2024-12-25,25300,libéré,0.0
L2024-01823-1,CMD-2024-01823,2024-12-29,62000,libéré,0.0
L2024-01823-2,CMD-2024-01823,2025-01-10,62000,libéré,0.0
L2024-01824-1,CMD-2024-01824,2024-12-11,75000,libéré,0.0
L2024-01825-1,CMD-2024-01825,2024-12-19,21500,libéré,0.0
L2024-01826-1,CMD-2024-01826,2024-12-23,29500,libéré,0.0
L2024-01826-2,CMD-2024-01826,2024-12-10,29500,libéré,0.0
L2024-01827-1,CMD-2024-01827,2024-12-26,50000,libéré,0.0
L2024-01827-2,CMD-2024-01827,2024-12-12,50000,libéré,0.0
L2024-01828-1,CMD-2024-01828,2024-12-09,38700,libéré,0.0
L2024-01828-2,CMD-2024-01828,2024-12-12,38800,libéré,0.0
L2024-01829-1,CMD-2024-01829,2024-12-27,55000,libéré,0.0
L2024-01830-1,CMD-2024-01830,2024-12-24,52000,libéré,0.0
L2024-01831-1,CMD-2024-01831,2024-12-20,49500,libéré,0.0
L2024-01831-2,CMD-2024-01831,2024-12-20,49500,libéré,0.0
L2024-01832-1,CMD-2024-01832,2024-12-24,27500,libéré,0.0
L2024-01833-1,CMD-2024-01833,2024-12-18,31700,libéré,0.0
L2024-01833-2,CMD-2024-01833,2024-12-17,31800,libéré,0.0
L2024-01834-1,CMD-2024-01834,2024-12-13,12500,libéré,0.0
L2024-01835-1,CMD-2024-01835,2024-12-25,13300,libéré,0.0
L2024-01835-2,CMD-2024-01835,2024-12-27,13300,libéré,0.0
L2024-01835-3,CMD-2024-01835,2024-12-20,13400,libéré,0.0
L2024-01836-1,CMD-2024-01836,2024-12-29,22200,libéré,0.0
L2024-01836-2,CMD-2024-01836,2025-01-03,22300,libéré,0.0
L2024-01837-1,CMD-2024-01837,2024-12-16,19000,libéré,0.0
L2024-01838-1,CMD-2024-01838,2024-12-30,17700,libéré,0.0
L2024-01838-2,CMD-2024-01838,2025-01-06,17800,libéré,0.0
L2024-01839-1,CMD-2024-01839,2024-12-27,56500,libéré,0.0
L2024-01840-1,CMD-2024-01840,2024-12-14,56500,libéré,0.0
L2024-01841-1,CMD-2024-01841,2024-12-23,30700,libéré,0.0
L2024-01841-2,CMD-2024-01841,2024-12-21,30800,libéré,0.0
L2024-01842-1,CMD-2024-01842,2024-12-11,42000,libéré,0.0
L2024-01842-2,CMD-2024-01842,2024-12-13,42000,libéré,0.0
L2024-01843-1,CMD-2024-01843,2024-12-28,33000,rejeté,93555.0
L2024-01844-1,CMD-2024-01844,2025-01-02,13100,libéré,0.0
L2024-01844-2,CMD-2024-01844,2025-01-02,13100,libéré,0.0
L2024-01844-3,CMD-2024-01844,2024-12-13,13300,libéré,0.0
L2024-01845-1,CMD-2024-01845,2024-12-17,33300,libéré,0.0
L2024-01845-2,CMD-2024-01845,2024-12-15,33300,libéré,0.0
L2024-01845-3,CMD-2024-01845,2024-12-11,33400,libéré,0.0
L2024-01846-1,CMD-2024-01846,2024-12-29,22300,libéré,0.0
L2024-01846-2,CMD-2024-01846,2024-12-27,22300,libéré,0.0
L2024-01846-3,CMD-2024-01846,2024-12-13,22400,libéré,0.0
L2024-01847-1,CMD-2024-01847,2024-12-30,19600,libéré,0.0
L2024-01847-2,CMD-2024-01847,2024-12-27,19600,libéré,0.0
L2024-01847-3,CMD-2024-01847,2024-12-18,19800,libéré,0.0
L2024-01848-1,CMD-2024-01848,2024-12-24,26200,libéré,0.0
L2024-01848-2,CMD-2024-01848,2024-12-22,26300,libéré,0.0
L2024-01849-1,CMD-2024-01849,2024-12-27,77000,libéré,0.0
L2024-01850-1,CMD-2024-01850,2024-12-18,20500,libéré,0.0
L2024-01851-1,CMD-2024-01851,2024-12-25,19000,libéré,0.0
L2024-01852-1,CMD-2024-01852,2024-12-27,19000,libéré,0.0
L2024-01852-2,CMD-2024-01852,2025-01-14,19000,libéré,0.0
L2024-01852-3,CMD-2024-01852,2025-01-20,19000,libéré,0.0
L2024-01853-1,CMD-2024-01853,2024-12-23,14200,libéré,0.0
L2024-01853-2,CMD-2024-01853,2024-12-19,14300,retraité,4081.93
L2024-01854-1,CMD-2024-01854,2024-12-19,37500,libéré,0.0
L2024-01855-1,CMD-2024-01855,2025-01-15,7500,libéré,0.0
L2024-01855-2,CMD-2024-01855,2025-01-12,7500,libéré,0.0
L2024-01855-3,CMD-2024-01855,2024-12-27,7500,libéré,0.0
L2024-01856-1,CMD-2024-01856,2024-12-27,20700,libéré,0.0
L2024-01856-2,CMD-2024-01856,2024-12-23,20800,libéré,0.0
L2024-01857-1,CMD-2024-01857,2024-12-31,40000,libéré,0.0
L2024-01858-1,CMD-2024-01858,2024-12-22,23300,libéré,0.0
L2024-01858-2,CMD-2024-01858,2025-01-08,23300,libéré,0.0
L2024-01858-3,CMD-2024-01858,2025-01-02,23400,libéré,0.0
L2024-01859-1,CMD-2024-01859,2024-12-19,26500,libéré,0.0
L2024-01860-1,CMD-2024-01860,2024-12-18,9000,libéré,0.0
L2024-01860-2,CMD-2024-01860,2025-01-05,9000,libéré,0.0
L2024-01860-3,CMD-2024-01860,2025-01-03,9000,libéré,0.0
L2024-01861-1,CMD-2024-01861,2025-01-04,23800,libéré,0.0
L2024-01861-2,CMD-2024-01861,2024-12-18,23800,libéré,0.0
L2024-01861-3,CMD-2024-01861,2024-12-25,23900,libéré,0.0
L2024-01862-1,CMD-2024-01862,2024-12-26,35200,libéré,0.0
L2024-01862-2,CMD-2024-01862,2025-01-03,35300,libéré,0.0
L2024-01863-1,CMD-2024-01863,2024-12-20,62700,libéré,0.0
L2024-01863-2,CMD-2024-01863,2024-12-17,62800,libéré,0.0
L2024-01864-1,CMD-2024-01864,2024-12-31,24700,libéré,0.0
L2024-01864-2,CMD-2024-01864,2024-12-24,24800,libéré,0.0
L2024-01865-1,CMD-2024-01865,2024-12-24,67600,libéré,0.0
L2024-01866-1,CMD-2024-01866,2024-12-26,55500,libéré,0.0
L2024-01867-1,CMD-2024-01867,2025-01-16,17500,libéré,0.0
L2024-01867-2,CMD-2024-01867,2024-12-24,17500,libéré,0.0
L2024-01867-3,CMD-2024-01867,2025-01-16,17500,libéré,0.0
L2024-01868-1,CMD-2024-01868,2025-01-10,65500,retraité,15670.88
L2024-01869-1,CMD-2024-01869,2024-12-31,9000,libéré,0.0
L2024-01869-2,CMD-2024-01869,2025-01-12,9000,libéré,0.0
L2024-01869-3,CMD-2024-01869,2025-01-04,9000,libéré,0.0
L2024-01870-1,CMD-2024-01870,2025-01-02,8500,libéré,0.0
L2024-01870-2,CMD-2024-01870,2025-01-03,8500,libéré,0.0
L2024-01871-1,CMD-2024-01871,2024-12-19,18700,libéré,0.0
L2024-01871-2,CMD-2024-01871,2025-01-04,18800,libéré,0.0
L2024-01872-1,CMD-2024-01872,2024-12-28,12200,libéré,0.0
L2024-01872-2,CMD-2024-01872,2024-12-28,12300,libéré,0.0
L2024-01873-1,CMD-2024-01873,2024-12-21,20500,libéré,0.0
L2024-01874-1,CMD-2024-01874,2024-12-27,25500,libéré,0.0
L2024-01875-1,CMD-2024-01875,2025-01-08,7800,libéré,0.0
L2024-01875-2,CMD-2024-01875,2025-01-07,7800,libéré,0.0
L2024-01875-3,CMD-2024-01875,2024-12-28,7900,libéré,0.0
L2024-01876-1,CMD-2024-01876,2024-12-18,47500,libéré,0.0
L2024-01877-1,CMD-2024-01877,2025-01-09,14700,libéré,0.0
L2024-01877-2,CMD-2024-01877,2025-01-11,14800,libéré,0.0
L2024-01878-1,CMD-2024-01878,2024-12-28,10600,libéré,0.0
L2024-01878-2,CMD-2024-01878,2025-01-01,10600,libéré,0.0
L2024-01878-3,CMD-2024-01878,2025-01-03,10800,libéré,0.0
L2024-01879-1,CMD-2024-01879,2025-01-02,13100,libéré,0.0
L2024-01879-2,CMD-2024-01879,2024-12-19,13100,libéré,0.0
L2024-01879-3,CMD-2024-01879,2024-12-22,13300,libéré,0.0
L2024-01880-1,CMD-2024-01880,2025-01-03,17100,libéré,0.0
L2024-01880-2,CMD-2024-01880,2024-12-31,17100,rejeté,86748.3
L2024-01880-3,CMD-2024-01880,2024-12-27,17300,libéré,0.0
L2024-01881-1,CMD-2024-01881,2024-12-18,24000,libéré,0.0
L2024-01882-1,CMD-2024-01882,2024-12-24,64200,libéré,0.0
L2024-01882-2,CMD-2024-01882,2025-01-01,64300,libéré,0.0
L2024-01883-1,CMD-2024-01883,2024-12-25,74000,libéré,0.0
L2024-01884-1,CMD-2024-01884,2024-12-24,11100,libéré,0.0
L2024-01884-2,CMD-2024-01884,2024-12-22,11100,libéré,0.0
L2024-01884-3,CMD-2024-01884,2024-12-23,11300,libéré,0.0
L2024-01885-1,CMD-2024-01885,2025-01-10,32000,libéré,0.0
L2024-01885-2,CMD-2024-01885,2024-12-24,32000,libéré,0.0
L2024-01886-1,CMD-2024-01886,2024-12-24,7100,libéré,0.0
L2024-01886-2,CMD-2024-01886,2024-12-25,7100,libéré,0.0
L2024-01886-3,CMD-2024-01886,2024-12-25,7300,libéré,0.0
L2024-01887-1,CMD-2024-01887,2024-12-24,21000,libéré,0.0
L2024-01888-1,CMD-2024-01888,2025-01-15,15000,libéré,0.0
L2024-01888-2,CMD-2024-01888,2025-01-16,15000,libéré,0.0
L2024-01889-1,CMD-2024-01889,2024-12-24,13500,retraité,5265.0
L2024-01889-2,CMD-2024-01889,2024-12-31,13500,libéré,0.0
L2024-01889-3,CMD-2024-01889,2024-12-30,13500,libéré,0.0
L2024-01890-1,CMD-2024-01890,2025-01-03,8200,libéré,0.0
L2024-01890-2,CMD-2024-01890,2025-01-09,8300,libéré,0.0
L2024-01891-1,CMD-2024-01891,2024-12-22,43500,libéré,0.0
L2024-01892-1,CMD-2024-01892,2024-12-28,57200,libéré,0.0
L2024-01892-2,CMD-2024-01892,2025-01-01,57300,libéré,0.0
L2024-01893-1,CMD-2024-01893,2024-12-25,23200,libéré,0.0
L2024-01893-2,CMD-2024-01893,2025-01-12,23300,libéré,0.0
L2024-01894-1,CMD-2024-01894,2024-12-29,27500,libéré,0.0
L2024-01895-1,CMD-2024-01895,2025-01-05,16500,libéré,0.0
L2024-01895-2,CMD-2024-01895,2025-01-01,16500,libéré,0.0
L2024-01895-3,CMD-2024-01895,2024-12-31,16500,libéré,0.0
L2024-01896-1,CMD-2024-01896,2025-01-03,8100,libéré,0.0
L2024-01896-2,CMD-2024-01896,2025-01-05,8100,libéré,0.0
L2024-01896-3,CMD-2024-01896,2024-12-23,8300,libéré,0.0
L2024-01897-1,CMD-2024-01897,2024-12-28,26000,libéré,0.0
L2024-01897-2,CMD-2024-01897,2025-01-08,26000,libéré,0.0
L2024-01898-1,CMD-2024-01898,2024-12-29,31700,libéré,0.0
L2024-01898-2,CMD-2024-01898,2024-12-27,31800,libéré,0.0
L2024-01899-1,CMD-2024-01899,2025-01-16,38500,libéré,0.0
L2024-01900-1,CMD-2024-01900,2025-01-02,21500,libéré,0.0
L2024-01900-2,CMD-2024-01900,2025-01-03,21500,libéré,0.0
L2024-01901-1,CMD-2024-01901,2024-12-23,25200,libéré,0.0
L2024-01901-2,CMD-2024-01901,2025-01-01,25300,libéré,0.0
L2024-01902-1,CMD-2024-01902,2024-12-24,15500,libéré,0.0
L2024-01903-1,CMD-2024-01903,2024-12-26,17500,libéré,0.0
L2024-01904-1,CMD-2024-01904,2024-12-26,35500,libéré,0.0
L2024-01904-2,CMD-2024-01904,2024-12-30,35500,libéré,0.0
L2024-01905-1,CMD-2024-01905,2024-12-29,64000,libéré,0.0
L2024-01906-1,CMD-2024-01906,2024-12-27,29000,libéré,0.0
L2024-01906-2,CMD-2024-01906,2025-01-07,29000,libéré,0.0
L2024-01907-1,CMD-2024-01907,2025-01-03,6600,libéré,0.0
L2024-01907-2,CMD-2024-01907,2024-12-25,6600,libéré,0.0
L2024-01907-3,CMD-2024-01907,2025-01-04,6800,libéré,0.0
L2024-01908-1,CMD-2024-01908,2025-01-10,17200,libéré,0.0
L2024-01908-2,CMD-2024-01908,2024-12-29,17300,libéré,0.0
L2024-01909-1,CMD-2024-01909,2025-01-01,13500,libéré,0.0
L2024-01909-2,CMD-2024-01909,2025-01-04,13500,libéré,0.0
L2024-01910-1,CMD-2024-01910,2024-12-28,22000,libéré,0.0
L2024-01910-2,CMD-2024-01910,2024-12-31,22000,libéré,0.0
L2024-01910-3,CMD-2024-01910,2025-01-01,22000,libéré,0.0
L2024-01911-1,CMD-2024-01911,2025-01-20,27500,libéré,0.0
L2024-01912-1,CMD-2024-01912,2025-01-08,39500,libéré,0.0
L2024-01913-1,CMD-2024-01913,2025-01-16,8200,libéré,0.0
L2024-01913-2,CMD-2024-01913,2024-12-31,8300,libéré,0.0
L2024-01914-1,CMD-2024-01914,2024-12-29,48500,libéré,0.0
L2024-01914-2,CMD-2024-01914,2024-12-28,48500,libéré,0.0
L2024-01915-1,CMD-2024-01915,2025-01-04,16200,libéré,0.0
L2024-01915-2,CMD-2024-01915,2025-01-18,16300,libéré,0.0
L2024-01916-1,CMD-2024-01916,2025-01-02,39000,libéré,0.0
L2024-01917-1,CMD-2024-01917,2025-01-14,59700,libéré,0.0
L2024-01917-2,CMD-2024-01917,2024-12-28,59800,libéré,0.0
L2024-01918-1,CMD-2024-01918,2025-01-03,13500,libéré,0.0
L2024-01919-1,CMD-2024-01919,2025-01-28,13000,libéré,0.0
L2024-01920-1,CMD-2024-01920,2025-01-11,25000,libéré,0.0
L2024-01921-1,CMD-2024-01921,2024-12-28,18000,libéré,0.0
L2024-01922-1,CMD-2024-01922,2025-01-27,6000,libéré,0.0
L2024-01922-2,CMD-2024-01922,2025-01-25,6000,libéré,0.0
L2024-01923-1,CMD-2024-01923,2025-01-13,9600,libéré,0.0
L2024-01923-2,CMD-2024-01923,2025-01-12,9700,libéré,0.0
L2024-01924-1,CMD-2024-01924,2025-01-18,33200,libéré,0.0
L2024-01924-2,CMD-2024-01924,2025-01-08,33300,libéré,0.0
L2024-01925-1,CMD-2024-01925,2025-01-04,44700,libéré,0.0
L2024-01926-1,CMD-2024-01926,2025-01-07,8700,libéré,0.0
L2024-01926-2,CMD-2024-01926,2024-12-31,8800,libéré,0.0
L2024-01927-1,CMD-2024-01927,2025-01-23,25500,libéré,0.0
L2024-01928-1,CMD-2024-01928,2025-01-19,24000,rejeté,77448.0
L2024-01928-2,CMD-2024-01928,2025-01-02,24000,libéré,0.0
L2024-01929-1,CMD-2024-01929,2025-01-09,54000,libéré,0.0
L2024-01930-1,CMD-2024-01930,2025-01-20,12200,libéré,0.0
L2024-01930-2,CMD-2024-01930,2025-01-01,12300,libéré,0.0
L2024-01931-1,CMD-2024-01931,2025-01-03,6500,libéré,0.0
L2024-01931-2,CMD-2024-01931,2025-01-21,6500,rejeté,23172.5
L2024-01932-1,CMD-2024-01932,2025-01-21,9600,libéré,0.0
L2024-01932-2,CMD-2024-01932,2025-01-04,9600,libéré,0.0
L2024-01932-3,CMD-2024-01932,2025-01-17,9800,libéré,0.0
L2024-01933-1,CMD-2024-01933,2025-01-17,30000,libéré,0.0
L2024-01934-1,CMD-2024-01934,2025-01-04,55200,libéré,0.0
L2024-01934-2,CMD-2024-01934,2025-01-24,55300,libéré,0.0
L2024-01935-1,CMD-2024-01935,2025-01-07,5000,libéré,0.0
L2024-01935-2,CMD-2024-01935,2025-01-10,5000,retraité,2914.5
L2024-01936-1,CMD-2024-01936,2025-01-20,28500,libéré,0.0
L2024-01937-1,CMD-2024-01937,2025-01-19,5700,libéré,0.0
L2024-01937-2,CMD-2024-01937,2025-01-13,5800,libéré,0.0
L2024-01938-1,CMD-2024-01938,2025-01-06,8600,libéré,0.0
L2024-01938-2,CMD-2024-01938,2025-02-02,8600,libéré,0.0
L2024-01938-3,CMD-2024-01938,2025-01-03,8800,libéré,0.0
L2024-01939-1,CMD-2024-01939,2025-01-12,10300,libéré,0.0
L2024-01939-2,CMD-2024-01939,2025-01-26,10300,libéré,0.0
L2024-01939-3,CMD-2024-01939,2025-01-18,10400,libéré,0.0
L2024-01940-1,CMD-2024-01940,2025-01-18,63200,libéré,0.0
L2024-01940-2,CMD-2024-01940,2025-01-24,63300,libéré,0.0
L2024-01941-1,CMD-2024-01941,2024-12-31,75000,libéré,0.0
L2024-01941-2,CMD-2024-01941,2025-01-29,75000,retraité,59917.5
L2024-01942-1,CMD-2024-01942,2025-01-15,5600,libéré,0.0
L2024-01942-2,CMD-2024-01942,2025-01-07,5600,libéré,0.0
L2024-01942-3,CMD-2024-01942,2025-01-08,5800,libéré,0.0
L2024-01943-1,CMD-2024-01943,2025-01-06,52500,libéré,0.0
L2024-01944-1,CMD-2024-01944,2024-12-31,34000,libéré,0.0
L2024-01944-2,CMD-2024-01944,2025-01-02,34000,libéré,0.0
L2024-01944-3,CMD-2024-01944,2025-01-07,34000,libéré,0.0
L2024-01945-1,CMD-2024-01945,2025-01-06,76000,libéré,0.0
L2024-01946-1,CMD-2024-01946,2025-01-14,17000,libéré,0.0
L2024-01947-1,CMD-2024-01947,2025-01-11,26000,retraité,11446.5
L2024-01947-2,CMD-2024-01947,2025-01-15,26000,libéré,0.0
L2024-01947-3,CMD-2024-01947,2025-01-10,26000,libéré,0.0
L2024-01948-1,CMD-2024-01948,2025-01-16,37500,retraité,18568.12
L2024-01949-1,CMD-2024-01949,2025-01-09,19000,libéré,0.0
L2024-01949-2,CMD-2024-01949,2025-01-10,19000,libéré,0.0
L2024-01949-3,CMD-2024-01949,2025-01-04,19000,libéré,0.0
L2024-01950-1,CMD-2024-01950,2025-01-26,14700,libéré,0.0
L2024-01950-2,CMD-2024-01950,2025-01-05,14800,libéré,0.0
L2024-01951-1,CMD-2024-01951,2025-01-01,13800,libéré,0.0
L2024-01951-2,CMD-2024-01951,2025-01-09,13800,libéré,0.0
L2024-01951-3,CMD-2024-01951,2024-12-31,13900,libéré,0.0
L2024-01952-1,CMD-2024-01952,2025-01-15,13500,libéré,0.0
L2024-01952-2,CMD-2024-01952,2025-01-16,13500,libéré,0.0
L2024-01952-3,CMD-2024-01952,2025-01-22,13500,libéré,0.0
L2024-01953-1,CMD-2024-01953,2025-01-12,39000,libéré,0.0
L2024-01953-2,CMD-2024-01953,2025-01-07,39000,libéré,0.0
L2024-01954-1,CMD-2024-01954,2025-01-21,12500,libéré,0.0
L2024-01954-2,CMD-2024-01954,2025-01-05,12500,retraité,8347.5
L2024-01954-3,CMD-2024-01954,2025-01-01,12500,libéré,0.0
L2024-01955-1,CMD-2024-01955,2025-01-19,40200,libéré,0.0
L2024-01955-2,CMD-2024-01955,2025-01-06,40300,libéré,0.0
L2024-01956-1,CMD-2024-01956,2025-01-19,38000,libéré,0.0
L2024-01957-1,CMD-2024-01957,2025-01-10,9000,libéré,0.0
L2024-01957-2,CMD-2024-01957,2025-01-10,9000,libéré,0.0
L2024-01958-1,CMD-2024-01958,2025-01-04,10200,libéré,0.0
L2024-01958-2,CMD-2024-01958,2025-01-14,10300,libéré,0.0
L2024-01959-1,CMD-2024-01959,2025-01-07,47500,libéré,0.0
L2024-01959-2,CMD-2024-01959,2025-01-21,47500,libéré,0.0
L2024-01960-1,CMD-2024-01960,2025-01-06,13100,libéré,0.0
L2024-01960-2,CMD-2024-01960,2025-01-07,13100,libéré,0.0
L2024-01960-3,CMD-2024-01960,2025-01-15,13300,libéré,0.0
L2024-01961-1,CMD-2024-01961,2025-01-31,22600,libéré,0.0
L2024-01961-2,CMD-2024-01961,2025-01-28,22600,libéré,0.0
L2024-01961-3,CMD-2024-01961,2025-01-16,22800,libéré,0.0
L2024-01962-1,CMD-2024-01962,2025-01-14,27500,libéré,0.0
L2024-01963-1,CMD-2024-01963,2025-01-11,13600,libéré,0.0
L2024-01963-2,CMD-2024-01963,2025-01-05,13600,libéré,0.0
L2024-01963-3,CMD-2024-01963,2025-01-09,13800,libéré,0.0
L2024-01964-1,CMD-2024-01964,2025-01-20,37000,libéré,0.0
L2024-01964-2,CMD-2024-01964,2025-01-15,37000,libéré,0.0
L2024-01964-3,CMD-2024-01964,2025-01-06,37000,libéré,0.0
L2024-01965-1,CMD-2024-01965,2025-01-18,14200,libéré,0.0
L2024-01965-2,CMD-2024-01965,2025-01-19,14300,libéré,0.0
L2024-01966-1,CMD-2024-01966,2025-01-10,34000,libéré,0.0
L2025-00001-1,CMD-2025-00001,2025-01-25,11000,libéré,0.0
L2025-00001-2,CMD-2025-00001,2025-01-23,11000,libéré,0.0
L2025-00002-1,CMD-2025-00002,2025-01-11,8800,libéré,0.0
L2025-00002-2,CMD-2025-00002,2025-01-17,8800,libéré,0.0
L2025-00002-3,CMD-2025-00002,2025-01-09,8900,libéré,0.0
L2025-00003-1,CMD-2025-00003,2025-01-06,46500,libéré,0.0
L2025-00004-1,CMD-2025-00004,2025-02-10,9500,libéré,0.0
L2025-00004-2,CMD-2025-00004,2025-01-17,9500,libéré,0.0
L2025-00005-1,CMD-2025-00005,2025-02-07,20000,rejeté,68520.0
L2025-00006-1,CMD-2025-00006,2025-02-12,5500,libéré,0.0
L2025-00006-2,CMD-2025-00006,2025-01-14,5500,libéré,0.0
L2025-00006-3,CMD-2025-00006,2025-01-18,5500,libéré,0.0
L2025-00007-1,CMD-2025-00007,2025-01-26,42000,libéré,0.0
L2025-00008-1,CMD-2025-00008,2025-01-14,13500,libéré,0.0
L2025-00009-1,CMD-2025-00009,2025-01-22,21500,libéré,0.0
L2025-00010-1,CMD-2025-00010,2025-01-09,19700,libéré,0.0
L2025-00010-2,CMD-2025-00010,2025-01-12,19800,libéré,0.0
L2025-00011-1,CMD-2025-00011,2025-01-26,39000,libéré,0.0
L2025-00012-1,CMD-2025-00012,2025-01-15,15500,libéré,0.0
L2025-00012-2,CMD-2025-00012,2025-01-16,15500,libéré,0.0
L2025-00013-1,CMD-2025-00013,2025-01-20,23700,libéré,0.0
L2025-00013-2,CMD-2025-00013,2025-01-15,23800,libéré,0.0
L2025-00014-1,CMD-2025-00014,2025-01-17,26700,libéré,0.0
L2025-00014-2,CMD-2025-00014,2025-01-13,26800,libéré,0.0
L2025-00015-1,CMD-2025-00015,2025-01-29,17600,libéré,0.0
L2025-00015-2,CMD-2025-00015,2025-01-16,17600,libéré,0.0
L2025-00015-3,CMD-2025-00015,2025-01-25,17800,libéré,0.0
L2025-00016-1,CMD-2025-00016,2025-01-17,15000,libéré,0.0
L2025-00017-1,CMD-2025-00017,2025-01-13,8500,libéré,0.0
L2025-00017-2,CMD-2025-00017,2025-01-14,8500,retraité,3587.85
L2025-00017-3,CMD-2025-00017,2025-01-15,8500,rejeté,23919.0
L2025-00018-1,CMD-2025-00018,2025-01-26,58500,libéré,0.0
L2025-00019-1,CMD-2025-00019,2025-01-24,28300,libéré,0.0
L2025-00019-2,CMD-2025-00019,2025-01-20,28300,libéré,0.0
L2025-00019-3,CMD-2025-00019,2025-01-09,28400,libéré,0.0
L2025-00020-1,CMD-2025-00020,2025-01-12,18600,libéré,0.0
L2025-00020-2,CMD-2025-00020,2025-01-11,18600,libéré,0.0
L2025-00020-3,CMD-2025-00020,2025-01-20,18800,libéré,0.0
L2025-00021-1,CMD-2025-00021,2025-01-24,14500,libéré,0.0
L2025-00021-2,CMD-2025-00021,2025-01-17,14500,libéré,0.0
L2025-00022-1,CMD-2025-00022,2025-01-23,74000,libéré,0.0
L2025-00023-1,CMD-2025-00023,2025-01-10,15700,libéré,0.0
L2025-00023-2,CMD-2025-00023,2025-01-19,15800,libéré,0.0
L2025-00024-1,CMD-2025-00024,2025-01-12,5700,libéré,0.0
L2025-00024-2,CMD-2025-00024,2025-01-16,5800,libéré,0.0
L2025-00025-1,CMD-2025-00025,2025-01-25,50000,libéré,0.0
L2025-00025-2,CMD-2025-00025,2025-01-27,50000,libéré,0.0
L2025-00025-3,CMD-2025-00025,2025-01-12,50000,libéré,0.0
L2025-00026-1,CMD-2025-00026,2025-01-16,26600,libéré,0.0
L2025-00026-2,CMD-2025-00026,2025-01-22,26600,libéré,0.0
L2025-00026-3,CMD-2025-00026,2025-01-20,26800,libéré,0.0
L2025-00027-1,CMD-2025-00027,2025-02-09,14000,libéré,0.0
L2025-00027-2,CMD-2025-00027,2025-01-21,14000,libéré,0.0
L2025-00027-3,CMD-2025-00027,2025-02-02,14000,libéré,0.0
L2025-00028-1,CMD-2025-00028,2025-01-17,39200,libéré,0.0
L2025-00028-2,CMD-2025-00028,2025-01-22,39300,libéré,0.0
L2025-00029-1,CMD-2025-00029,2025-01-21,7000,libéré,0.0
L2025-00029-2,CMD-2025-00029,2025-01-24,7000,libéré,0.0
L2025-00029-3,CMD-2025-00029,2025-01-22,7000,libéré,0.0
L2025-00030-1,CMD-2025-00030,2025-01-27,5700,libéré,0.0
L2025-00030-2,CMD-2025-00030,2025-01-22,5800,libéré,0.0
L2025-00031-1,CMD-2025-00031,2025-01-21,29500,libéré,0.0
L2025-00031-2,CMD-2025-00031,2025-02-08,29500,libéré,0.0
L2025-00032-1,CMD-2025-00032,2025-01-17,16500,libéré,0.0
L2025-00032-2,CMD-2025-00032,2025-02-01,16500,libéré,0.0
L2025-00033-1,CMD-2025-00033,2025-01-19,59000,libéré,0.0
L2025-00034-1,CMD-2025-00034,2025-01-24,27600,libéré,0.0
L2025-00034-2,CMD-2025-00034,2025-02-01,27600,libéré,0.0
L2025-00034-3,CMD-2025-00034,2025-01-18,27800,libéré,0.0
L2025-00035-1,CMD-2025-00035,2025-01-28,27600,libéré,0.0
L2025-00035-2,CMD-2025-00035,2025-01-28,27600,libéré,0.0
L2025-00035-3,CMD-2025-00035,2025-02-01,27800,libéré,0.0
L2025-00036-1,CMD-2025-00036,2025-01-19,52500,libéré,0.0
L2025-00037-1,CMD-2025-00037,2025-01-30,16000,libéré,0.0
L2025-00037-2,CMD-2025-00037,2025-01-15,16000,libéré,0.0
L2025-00037-3,CMD-2025-00037,2025-01-22,16000,libéré,0.0
L2025-00038-1,CMD-2025-00038,2025-01-18,24000,libéré,0.0
L2025-00038-2,CMD-2025-00038,2025-01-13,24000,libéré,0.0
L2025-00039-1,CMD-2025-00039,2025-01-20,40000,libéré,0.0
L2025-00040-1,CMD-2025-00040,2025-01-20,13500,libéré,0.0
L2025-00040-2,CMD-2025-00040,2025-01-23,13500,libéré,0.0
L2025-00041-1,CMD-2025-00041,2025-01-27,36000,libéré,0.0
L2025-00042-1,CMD-2025-00042,2025-01-28,30000,libéré,0.0
L2025-00043-1,CMD-2025-00043,2025-01-23,38000,libéré,0.0
L2025-00044-1,CMD-2025-00044,2025-01-16,23100,rejeté,96350.1
L2025-00044-2,CMD-2025-00044,2025-01-14,23100,libéré,0.0
L2025-00044-3,CMD-2025-00044,2025-01-29,23300,libéré,0.0
L2025-00045-1,CMD-2025-00045,2025-02-10,45500,libéré,0.0
L2025-00046-1,CMD-2025-00046,2025-01-15,53000,libéré,0.0
L2025-00047-1,CMD-2025-00047,2025-01-26,22000,libéré,0.0
L2025-00048-1,CMD-2025-00048,2025-02-11,21500,libéré,0.0
L2025-00049-1,CMD-2025-00049,2025-02-03,46200,libéré,0.0
L2025-00049-2,CMD-2025-00049,2025-01-24,46300,libéré,0.0
L2025-00050-1,CMD-2025-00050,2025-01-15,34600,libéré,0.0
L2025-00050-2,CMD-2025-00050,2025-01-29,34600,libéré,0.0
L2025-00050-3,CMD-2025-00050,2025-01-18,34800,libéré,0.0
L2025-00051-1,CMD-2025-00051,2025-01-14,11000,libéré,0.0
L2025-00051-2,CMD-2025-00051,2025-01-16,11000,libéré,0.0
L2025-00051-3,CMD-2025-00051,2025-01-22,11000,libéré,0.0
L2025-00052-1,CMD-2025-00052,2025-01-26,18800,libéré,0.0
L2025-00052-2,CMD-2025-00052,2025-01-17,18800,libéré,0.0
L2025-00052-3,CMD-2025-00052,2025-01-23,18900,libéré,0.0
L2025-00053-1,CMD-2025-00053,2025-01-19,5000,libéré,0.0
L2025-00053-2,CMD-2025-00053,2025-01-27,5000,libéré,0.0
L2025-00054-1,CMD-2025-00054,2025-02-11,5000,libéré,0.0
L2025-00054-2,CMD-2025-00054,2025-01-18,5000,libéré,0.0
L2025-00055-1,CMD-2025-00055,2025-01-24,22100,libéré,0.0
L2025-00055-2,CMD-2025-00055,2025-01-25,22100,libéré,0.0
L2025-00055-3,CMD-2025-00055,2025-01-17,22300,libéré,0.0
L2025-00056-1,CMD-2025-00056,2025-01-17,7200,libéré,0.0
L2025-00056-2,CMD-2025-00056,2025-01-23,7300,libéré,0.0
L2025-00057-1,CMD-2025-00057,2025-01-31,13700,libéré,0.0
L2025-00057-2,CMD-2025-00057,2025-01-25,13800,libéré,0.0
L2025-00058-1,CMD-2025-00058,2025-01-27,11200,libéré,0.0
L2025-00058-2,CMD-2025-00058,2025-02-14,11300,libéré,0.0
L2025-00059-1,CMD-2025-00059,2025-01-19,32100,libéré,0.0
L2025-00059-2,CMD-2025-00059,2025-01-22,32100,libéré,0.0
L2025-00059-3,CMD-2025-00059,2025-01-17,32300,libéré,0.0
L2025-00060-1,CMD-2025-00060,2025-01-15,20000,libéré,0.0
L2025-00061-1,CMD-2025-00061,2025-01-23,12500,libéré,0.0
L2025-00062-1,CMD-2025-00062,2025-01-20,52500,libéré,0.0
L2025-00062-2,CMD-2025-00062,2025-01-21,52500,libéré,0.0
L2025-00063-1,CMD-2025-00063,2025-01-22,75000,libéré,0.0
L2025-00063-2,CMD-2025-00063,2025-01-18,75000,libéré,0.0
L2025-00064-1,CMD-2025-00064,2025-01-17,17200,libéré,0.0
L2025-00064-2,CMD-2025-00064,2025-01-28,17300,libéré,0.0
L2025-00065-1,CMD-2025-00065,2025-02-21,49500,libéré,0.0
L2025-00065-2,CMD-2025-00065,2025-01-21,49500,libéré,0.0
L2025-00066-1,CMD-2025-00066,2025-01-21,10200,libéré,0.0
L2025-00066-2,CMD-2025-00066,2025-01-28,10300,libéré,0.0
L2025-00067-1,CMD-2025-00067,2025-02-02,35700,libéré,0.0
L2025-00067-2,CMD-2025-00067,2025-01-27,35800,libéré,0.0
L2025-00068-1,CMD-2025-00068,2025-02-23,41700,libéré,0.0
L2025-00068-2,CMD-2025-00068,2025-02-08,41800,libéré,0.0
L2025-00069-1,CMD-2025-00069,2025-01-23,45500,libéré,0.0
L2025-00070-1,CMD-2025-00070,2025-02-03,7800,libéré,0.0
L2025-00070-2,CMD-2025-00070,2025-02-14,7800,libéré,0.0
L2025-00070-3,CMD-2025-00070,2025-01-24,7900,libéré,0.0
L2025-00071-1,CMD-2025-00071,2025-02-23,42700,libéré,0.0
L2025-00071-2,CMD-2025-00071,2025-01-30,42800,libéré,0.0
L2025-00072-1,CMD-2025-00072,2025-02-12,7300,libéré,0.0
L2025-00072-2,CMD-2025-00072,2025-02-08,7300,libéré,0.0
L2025-00072-3,CMD-2025-00072,2025-02-14,7400,libéré,0.0
L2025-00073-1,CMD-2025-00073,2025-02-01,28600,libéré,0.0
L2025-00073-2,CMD-2025-00073,2025-01-18,28600,libéré,0.0
L2025-00073-3,CMD-2025-00073,2025-01-26,28800,libéré,0.0
L2025-00074-1,CMD-2025-00074,2025-01-29,30200,libéré,0.0
L2025-00074-2,CMD-2025-00074,2025-01-28,30300,libéré,0.0
L2025-00075-1,CMD-2025-00075,2025-02-02,31000,libéré,0.0
L2025-00076-1,CMD-2025-00076,2025-01-20,45500,libéré,0.0
L2025-00077-1,CMD-2025-00077,2025-02-09,12500,libéré,0.0
L2025-00077-2,CMD-2025-00077,2025-01-31,12500,libéré,0.0
L2025-00078-1,CMD-2025-00078,2025-01-22,17100,libéré,0.0
L2025-00078-2,CMD-2025-00078,2025-01-20,17100,libéré,0.0
L2025-00078-3,CMD-2025-00078,2025-01-28,17300,libéré,0.0
L2025-00079-1,CMD-2025-00079,2025-01-25,55500,libéré,0.0
L2025-00080-1,CMD-2025-00080,2025-01-25,11000,libéré,0.0
L2025-00080-2,CMD-2025-00080,2025-01-22,11000,libéré,0.0
L2025-00080-3,CMD-2025-00080,2025-02-12,11000,libéré,0.0
L2025-00081-1,CMD-2025-00081,2025-02-02,24500,libéré,0.0
L2025-00081-2,CMD-2025-00081,2025-02-10,24500,libéré,0.0
L2025-00082-1,CMD-2025-00082,2025-01-19,50500,libéré,0.0
L2025-00082-2,CMD-2025-00082,2025-01-21,50500,rejeté,215483.5
L2025-00083-1,CMD-2025-00083,2025-01-24,46500,libéré,0.0
L2025-00083-2,CMD-2025-00083,2025-01-27,46500,libéré,0.0
L2025-00084-1,CMD-2025-00084,2025-01-27,10000,libéré,0.0
L2025-00085-1,CMD-2025-00085,2025-01-29,8200,libéré,0.0
L2025-00085-2,CMD-2025-00085,2025-01-22,8300,libéré,0.0
L2025-00086-1,CMD-2025-00086,2025-02-07,28500,libéré,0.0
L2025-00086-2,CMD-2025-00086,2025-01-27,28500,libéré,0.0
L2025-00087-1,CMD-2025-00087,2025-02-08,27700,libéré,0.0
L2025-00087-2,CMD-2025-00087,2025-02-01,27700,libéré,0.0
L2025-00088-1,CMD-2025-00088,2025-02-09,14700,retraité,3933.72
L2025-00088-2,CMD-2025-00088,2025-02-06,14800,libéré,0.0
L2025-00089-1,CMD-2025-00089,2025-02-19,31000,libéré,0.0
L2025-00089-2,CMD-2025-00089,2025-02-14,31000,libéré,0.0
L2025-00089-3,CMD-2025-00089,2025-02-08,31000,retraité,8546.7
L2025-00090-1,CMD-2025-00090,2025-01-28,43200,libéré,0.0
L2025-00090-2,CMD-2025-00090,2025-01-27,43300,libéré,0.0
L2025-00091-1,CMD-2025-00091,2025-01-31,22700,libéré,0.0
L2025-00091-2,CMD-2025-00091,2025-01-20,22800,libéré,0.0
L2025-00092-1,CMD-2025-00092,2025-01-28,46200,libéré,0.0
L2025-00092-2,CMD-2025-00092,2025-02-12,46300,libéré,0.0
L2025-00093-1,CMD-2025-00093,2025-02-01,46500,rejeté,146196.0
L2025-00094-1,CMD-2025-00094,2025-02-05,74000,libéré,0.0
L2025-00095-1,CMD-2025-00095,2025-01-22,24300,retraité,14124.38
L2025-00095-2,CMD-2025-00095,2025-02-11,24300,libéré,0.0
L2025-00095-3,CMD-2025-00095,2025-01-30,24400,libéré,0.0
L2025-00096-1,CMD-2025-00096,2025-02-20,11600,libéré,0.0
L2025-00096-2,CMD-2025-00096,2025-01-23,11600,libéré,0.0
L2025-00096-3,CMD-2025-00096,2025-02-26,11800,libéré,0.0
L2025-00097-1,CMD-2025-00097,2025-01-28,16900,libéré,0.0
L2025-00097-2,CMD-2025-00097,2025-02-03,16900,libéré,0.0
L2025-00098-1,CMD-2025-00098,2025-02-08,11500,libéré,0.0
L2025-00098-2,CMD-2025-00098,2025-01-27,11500,libéré,0.0
L2025-00098-3,CMD-2025-00098,2025-02-09,11500,libéré,0.0
L2025-00099-1,CMD-2025-00099,2025-02-05,22600,libéré,0.0
L2025-00099-2,CMD-2025-00099,2025-01-23,22600,retraité,11102.25
L2025-00099-3,CMD-2025-00099,2025-02-05,22800,libéré,0.0
L2025-00100-1,CMD-2025-00100,2025-02-08,54500,libéré,0.0
L2025-00101-1,CMD-2025-00101,2025-02-01,11100,libéré,0.0
L2025-00101-2,CMD-2025-00101,2025-02-05,11100,libéré,0.0
L2025-00101-3,CMD-2025-00101,2025-01-27,11300,libéré,0.0
L2025-00102-1,CMD-2025-00102,2025-01-31,30500,retraité,14077.27
L2025-00103-1,CMD-2025-00103,2025-02-16,32000,libéré,0.0
L2025-00104-1,CMD-2025-00104,2025-01-29,5000,libéré,0.0
L2025-00104-2,CMD-2025-00104,2025-03-05,5000,libéré,0.0
L2025-00105-1,CMD-2025-00105,2025-02-15,21700,libéré,0.0
L2025-00105-2,CMD-2025-00105,2025-01-25,21800,libéré,0.0
L2025-00106-1,CMD-2025-00106,2025-01-22,45000,libéré,0.0
L2025-00106-2,CMD-2025-00106,2025-01-29,45000,libéré,0.0
L2025-00107-1,CMD-2025-00107,2025-01-31,70500,libéré,0.0
L2025-00108-1,CMD-2025-00108,2025-01-25,15000,libéré,0.0
L2025-00109-1,CMD-2025-00109,2025-02-12,33500,libéré,0.0
L2025-00110-1,CMD-2025-00110,2025-01-31,17300,libéré,0.0
L2025-00110-2,CMD-2025-00110,2025-02-06,17300,libéré,0.0
L2025-00110-3,CMD-2025-00110,2025-02-22,17400,libéré,0.0
L2025-00111-1,CMD-2025-00111,2025-01-27,38100,libéré,0.0
L2025-00112-1,CMD-2025-00112,2025-01-27,41000,libéré,0.0
L2025-00112-2,CMD-2025-00112,2025-02-08,41000,libéré,0.0
L2025-00113-1,CMD-2025-00113,2025-02-19,46000,libéré,0.0
L2025-00114-1,CMD-2025-00114,2025-01-31,17100,libéré,0.0
L2025-00114-2,CMD-2025-00114,2025-02-15,17100,libéré,0.0
L2025-00114-3,CMD-2025-00114,2025-02-15,17300,libéré,0.0
L2025-00115-1,CMD-2025-00115,2025-02-01,11000,libéré,0.0
L2025-00115-2,CMD-2025-00115,2025-01-26,11000,libéré,0.0
L2025-00116-1,CMD-2025-00116,2025-02-19,55000,libéré,0.0
L2025-00116-2,CMD-2025-00116,2025-01-31,55000,libéré,0.0
L2025-00117-1,CMD-2025-00117,2025-02-21,21300,libéré,0.0
L2025-00117-2,CMD-2025-00117,2025-02-07,21300,libéré,0.0
L2025-00117-3,CMD-2025-00117,2025-02-05,21400,libéré,0.0
L2025-00118-1,CMD-2025-00118,2025-01-30,7200,libéré,0.0
L2025-00118-2,CMD-2025-00118,2025-02-21,7300,libéré,0.0
L2025-00119-1,CMD-2025-00119,2025-02-12,36500,libéré,0.0
L2025-00120-1,CMD-2025-00120,2025-02-06,23000,libéré,0.0
L2025-00120-2,CMD-2025-00120,2025-02-11,23000,libéré,0.0
L2025-00120-3,CMD-2025-00120,2025-01-29,23000,libéré,0.0
L2025-00121-1,CMD-2025-00121,2025-01-27,8100,libéré,0.0
L2025-00121-2,CMD-2025-00121,2025-02-16,8100,libéré,0.0
L2025-00121-3,CMD-2025-00121,2025-02-10,8300,libéré,0.0
L2025-00122-1,CMD-2025-00122,2025-02-07,18300,libéré,0.0
L2025-00122-2,CMD-2025-00122,2025-02-06,18300,libéré,0.0
L2025-00122-3,CMD-2025-00122,2025-02-05,18400,libéré,0.0
L2025-00123-1,CMD-2025-00123,2025-02-17,52500,libéré,0.0
L2025-00124-1,CMD-2025-00124,2025-02-20,23200,retraité,13916.52
L2025-00124-2,CMD-2025-00124,2025-02-01,23300,libéré,0.0
L2025-00125-1,CMD-2025-00125,2025-02-03,51700,libéré,0.0
L2025-00125-2,CMD-2025-00125,2025-02-01,51800,libéré,0.0
L2025-00126-1,CMD-2025-00126,2025-02-10,25000,libéré,0.0
L2025-00127-1,CMD-2025-00127,2025-02-01,45000,libéré,0.0
L2025-00127-2,CMD-2025-00127,2025-02-03,45000,libéré,0.0
L2025-00128-1,CMD-2025-00128,2025-01-30,15100,libéré,0.0
L2025-00128-2,CMD-2025-00128,2025-02-02,15100,libéré,0.0
L2025-00128-3,CMD-2025-00128,2025-01-28,15300,libéré,0.0
L2025-00129-1,CMD-2025-00129,2025-01-29,6000,libéré,0.0
L2025-00129-2,CMD-2025-00129,2025-02-04,6000,libéré,0.0
L2025-00130-1,CMD-2025-00130,2025-02-08,47200,libéré,0.0
L2025-00130-2,CMD-2025-00130,2025-02-04,47300,libéré,0.0
L2025-00131-1,CMD-2025-00131,2025-02-28,35600,libéré,0.0
L2025-00132-1,CMD-2025-00132,2025-02-13,43000,libéré,0.0
L2025-00133-1,CMD-2025-00133,2025-01-30,7300,libéré,0.0
L2025-00133-2,CMD-2025-00133,2025-02-15,7300,libéré,0.0
L2025-00133-3,CMD-2025-00133,2025-01-28,7400,libéré,0.0
L2025-00134-1,CMD-2025-00134,2025-02-06,11700,libéré,0.0
L2025-00134-2,CMD-2025-00134,2025-01-28,11800,libéré,0.0
L2025-00135-1,CMD-2025-00135,2025-02-14,18500,libéré,0.0
L2025-00136-1,CMD-2025-00136,2025-02-19,19000,libéré,0.0
L2025-00137-1,CMD-2025-00137,2025-02-19,29800,libéré,0.0
L2025-00137-2,CMD-2025-00137,2025-02-09,29800,libéré,0.0
L2025-00137-3,CMD-2025-00137,2025-02-12,29900,libéré,0.0
L2025-00138-1,CMD-2025-00138,2025-02-02,8300,libéré,0.0
L2025-00138-2,CMD-2025-00138,2025-02-08,8300,libéré,0.0
L2025-00138-3,CMD-2025-00138,2025-02-02,8400,libéré,0.0
L2025-00139-1,CMD-2025-00139,2025-02-05,15500,libéré,0.0
L2025-00139-2,CMD-2025-00139,2025-02-12,15500,libéré,0.0
L2025-00140-1,CMD-2025-00140,2025-02-20,30200,libéré,0.0
L2025-00140-2,CMD-2025-00140,2025-02-17,30300,libéré,0.0
L2025-00141-1,CMD-2025-00141,2025-02-15,7200,libéré,0.0
L2025-00141-2,CMD-2025-00141,2025-02-03,7300,libéré,0.0
L2025-00142-1,CMD-2025-00142,2025-03-11,17200,libéré,0.0
L2025-00142-2,CMD-2025-00142,2025-02-17,17300,retraité,7099.92
L2025-00143-1,CMD-2025-00143,2025-02-09,12000,libéré,0.0
L2025-00143-2,CMD-2025-00143,2025-02-25,12000,libéré,0.0
L2025-00143-3,CMD-2025-00143,2025-02-24,12000,libéré,0.0
L2025-00144-1,CMD-2025-00144,2025-01-30,6500,retraité,1713.08
L2025-00144-2,CMD-2025-00144,2025-02-09,6500,libéré,0.0
L2025-00144-3,CMD-2025-00144,2025-02-03,6500,libéré,0.0
L2025-00145-1,CMD-2025-00145,2025-02-05,50000,libéré,0.0
L2025-00145-2,CMD-2025-00145,2025-02-03,50000,libéré,0.0
L2025-00145-3,CMD-2025-00145,2025-02-07,50000,libéré,0.0
L2025-00146-1,CMD-2025-00146,2025-02-10,60000,libéré,0.0
L2025-00147-1,CMD-2025-00147,2025-02-19,60000,libéré,0.0
L2025-00148-1,CMD-2025-00148,2025-03-17,10500,libéré,0.0
L2025-00149-1,CMD-2025-00149,2025-03-04,28500,libéré,0.0
L2025-00149-2,CMD-2025-00149,2025-02-25,28500,libéré,0.0
L2025-00150-1,CMD-2025-00150,2025-02-13,5600,libéré,0.0
L2025-00150-2,CMD-2025-00150,2025-02-26,5600,libéré,0.0
L2025-00150-3,CMD-2025-00150,2025-02-12,5800,libéré,0.0
L2025-00151-1,CMD-2025-00151,2025-02-11,24500,libéré,0.0
L2025-00151-2,CMD-2025-00151,2025-02-09,24500,libéré,0.0
L2025-00151-3,CMD-2025-00151,2025-02-01,24500,libéré,0.0
L2025-00152-1,CMD-2025-00152,2025-02-28,46000,libéré,0.0
L2025-00153-1,CMD-2025-00153,2025-02-15,5300,libéré,0.0
L2025-00153-2,CMD-2025-00153,2025-02-12,5300,libéré,0.0
L2025-00153-3,CMD-2025-00153,2025-02-08,5400,libéré,0.0
L2025-00154-1,CMD-2025-00154,2025-02-07,17200,libéré,0.0
L2025-00154-2,CMD-2025-00154,2025-02-09,17300,libéré,0.0
L2025-00155-1,CMD-2025-00155,2025-02-14,14500,libéré,0.0
L2025-00155-2,CMD-2025-00155,2025-02-21,14500,retraité,8758.73
L2025-00155-3,CMD-2025-00155,2025-02-18,14500,libéré,0.0
L2025-00156-1,CMD-2025-00156,2025-02-14,6100,libéré,0.0
L2025-00156-2,CMD-2025-00156,2025-02-13,6100,libéré,0.0
L2025-00156-3,CMD-2025-00156,2025-02-15,6300,libéré,0.0
L2025-00157-1,CMD-2025-00157,2025-02-04,27300,libéré,0.0
L2025-00157-2,CMD-2025-00157,2025-02-27,27300,libéré,0.0
L2025-00157-3,CMD-2025-00157,2025-02-03,27400,libéré,0.0
L2025-00158-1,CMD-2025-00158,2025-02-13,24900,libéré,0.0
L2025-00158-2,CMD-2025-00158,2025-02-09,24900,libéré,0.0
L2025-00159-1,CMD-2025-00159,2025-02-02,73500,libéré,0.0
L2025-00160-1,CMD-2025-00160,2025-02-04,45500,libéré,0.0
L2025-00161-1,CMD-2025-00161,2025-02-20,16000,libéré,0.0
L2025-00161-2,CMD-2025-00161,2025-02-20,16000,libéré,0.0
L2025-00162-1,CMD-2025-00162,2025-02-08,7600,libéré,0.0
L2025-00162-2,CMD-2025-00162,2025-02-15,7600,libéré,0.0
L2025-00162-3,CMD-2025-00162,2025-02-07,7800,libéré,0.0
L2025-00163-1,CMD-2025-00163,2025-02-15,10300,libéré,0.0
L2025-00163-2,CMD-2025-00163,2025-02-11,10300,libéré,0.0
L2025-00163-3,CMD-2025-00163,2025-02-08,10400,libéré,0.0
L2025-00164-1,CMD-2025-00164,2025-02-15,22000,libéré,0.0
L2025-00164-2,CMD-2025-00164,2025-02-15,22000,libéré,0.0
L2025-00164-3,CMD-2025-00164,2025-02-05,22000,libéré,0.0
L2025-00165-1,CMD-2025-00165,2025-02-19,34500,libéré,0.0
L2025-00166-1,CMD-2025-00166,2025-02-24,24500,libéré,0.0
L2025-00166-2,CMD-2025-00166,2025-02-05,24500,libéré,0.0
L2025-00167-1,CMD-2025-00167,2025-03-08,28500,libéré,0.0
L2025-00168-1,CMD-2025-00168,2025-02-03,10000,libéré,0.0
L2025-00168-2,CMD-2025-00168,2025-02-07,10000,libéré,0.0
L2025-00168-3,CMD-2025-00168,2025-03-01,10000,libéré,0.0
L2025-00169-1,CMD-2025-00169,2025-02-13,12500,libéré,0.0
L2025-00169-2,CMD-2025-00169,2025-03-05,12500,libéré,0.0
L2025-00169-3,CMD-2025-00169,2025-02-14,12500,libéré,0.0
L2025-00170-1,CMD-2025-00170,2025-02-16,52000,libéré,0.0
L2025-00170-2,CMD-2025-00170,2025-02-06,52000,libéré,0.0
L2025-00171-1,CMD-2025-00171,2025-02-20,50500,libéré,0.0
L2025-00172-1,CMD-2025-00172,2025-03-05,6700,libéré,0.0
L2025-00172-2,CMD-2025-00172,2025-02-14,6800,libéré,0.0
L2025-00173-1,CMD-2025-00173,2025-02-05,64000,libéré,0.0
L2025-00174-1,CMD-2025-00174,2025-02-07,73500,libéré,0.0
L2025-00175-1,CMD-2025-00175,2025-02-12,36500,libéré,0.0
L2025-00176-1,CMD-2025-00176,2025-02-11,41000,retraité,26168.25
L2025-00177-1,CMD-2025-00177,2025-02-08,11800,libéré,0.0
L2025-00177-2,CMD-2025-00177,2025-02-10,11800,libéré,0.0
L2025-00177-3,CMD-2025-00177,2025-02-26,11900,libéré,0.0
L2025-00178-1,CMD-2025-00178,2025-02-13,7000,libéré,0.0
L2025-00178-2,CMD-2025-00178,2025-02-16,7000,libéré,0.0
L2025-00179-1,CMD-2025-00179,2025-02-14,15700,libéré,0.0
L2025-00179-2,CMD-2025-00179,2025-02-05,15800,libéré,0.0
L2025-00180-1,CMD-2025-00180,2025-02-16,8300,libéré,0.0
L2025-00180-2,CMD-2025-00180,2025-02-16,8300,libéré,0.0
L2025-00180-3,CMD-2025-00180,2025-02-11,8400,libéré,0.0
L2025-00181-1,CMD-2025-00181,2025-02-10,10500,libéré,0.0
L2025-00181-2,CMD-2025-00181,2025-02-04,10500,libéré,0.0
L2025-00181-3,CMD-2025-00181,2025-02-08,10500,libéré,0.0
L2025-00182-1,CMD-2025-00182,2025-02-06,69700,libéré,0.0
L2025-00182-2,CMD-2025-00182,2025-02-12,69800,libéré,0.0
L2025-00183-1,CMD-2025-00183,2025-02-20,36000,libéré,0.0
L2025-00184-1,CMD-2025-00184,2025-02-11,36500,rejeté,142605.5
L2025-00185-1,CMD-2025-00185,2025-02-07,25000,rejeté,76650.0
L2025-00185-2,CMD-2025-00185,2025-02-22,25000,retraité,11497.5
L2025-00186-1,CMD-2025-00186,2025-02-17,23000,libéré,0.0
L2025-00186-2,CMD-2025-00186,2025-02-09,23000,libéré,0.0
L2025-00187-1,CMD-2025-00187,2025-02-13,34500,libéré,0.0
L2025-00188-1,CMD-2025-00188,2025-03-01,10100,libéré,0.0
L2025-00188-2,CMD-2025-00188,2025-03-01,10100,libéré,0.0
L2025-00188-3,CMD-2025-00188,2025-03-06,10300,libéré,0.0
L2025-00189-1,CMD-2025-00189,2025-02-16,17100,libéré,0.0
L2025-00189-2,CMD-2025-00189,2025-02-13,17100,libéré,0.0
L2025-00189-3,CMD-2025-00189,2025-02-06,17300,libéré,0.0
L2025-00190-1,CMD-2025-00190,2025-02-21,16000,retraité,7454.4
L2025-00190-2,CMD-2025-00190,2025-02-27,16000,libéré,0.0
L2025-00190-3,CMD-2025-00190,2025-02-22,16000,libéré,0.0
L2025-00191-1,CMD-2025-00191,2025-02-06,75000,libéré,0.0
L2025-00192-1,CMD-2025-00192,2025-02-08,35000,libéré,0.0
L2025-00193-1,CMD-2025-00193,2025-02-23,60200,libéré,0.0
L2025-00193-2,CMD-2025-00193,2025-02-12,60300,libéré,0.0
L2025-00194-1,CMD-2025-00194,2025-03-02,13200,libéré,0.0
L2025-00194-2,CMD-2025-00194,2025-03-08,13300,libéré,0.0
L2025-00195-1,CMD-2025-00195,2025-02-28,69000,libéré,0.0
L2025-00196-1,CMD-2025-00196,2025-02-07,30600,libéré,0.0
L2025-00196-2,CMD-2025-00196,2025-02-13,30600,libéré,0.0
L2025-00196-3,CMD-2025-00196,2025-02-07,30800,libéré,0.0
L2025-00197-1,CMD-2025-00197,2025-02-15,35500,libéré,0.0
L2025-00198-1,CMD-2025-00198,2025-02-23,10200,libéré,0.0
L2025-00198-2,CMD-2025-00198,2025-02-27,10300,libéré,0.0
L2025-00199-1,CMD-2025-00199,2025-02-08,15700,libéré,0.0
L2025-00199-2,CMD-2025-00199,2025-02-09,15800,libéré,0.0
L2025-00200-1,CMD-2025-00200,2025-02-27,10200,libéré,0.0
L2025-00200-2,CMD-2025-00200,2025-02-17,10300,libéré,0.0
L2025-00201-1,CMD-2025-00201,2025-02-09,52500,libéré,0.0
L2025-00202-1,CMD-2025-00202,2025-02-15,10500,libéré,0.0
L2025-00202-2,CMD-2025-00202,2025-02-08,10500,libéré,0.0
L2025-00203-1,CMD-2025-00203,2025-02-15,18500,libéré,0.0
L2025-00203-2,CMD-2025-00203,2025-02-17,18500,libéré,0.0
L2025-00204-1,CMD-2025-00204,2025-02-21,35700,libéré,0.0
L2025-00204-2,CMD-2025-00204,2025-02-12,35800,retraité,21716.28
L2025-00205-1,CMD-2025-00205,2025-02-16,13500,libéré,0.0
L2025-00205-2,CMD-2025-00205,2025-02-17,13500,libéré,0.0
L2025-00206-1,CMD-2025-00206,2025-02-16,20200,libéré,0.0
L2025-00206-2,CMD-2025-00206,2025-02-22,20300,libéré,0.0
L2025-00207-1,CMD-2025-00207,2025-02-16,5000,libéré,0.0
L2025-00207-2,CMD-2025-00207,2025-02-17,5000,libéré,0.0
L2025-00208-1,CMD-2025-00208,2025-02-18,35100,libéré,0.0
L2025-00208-2,CMD-2025-00208,2025-02-08,35100,libéré,0.0
L2025-00208-3,CMD-2025-00208,2025-02-14,35300,libéré,0.0
L2025-00209-1,CMD-2025-00209,2025-02-23,43700,libéré,0.0
L2025-00209-2,CMD-2025-00209,2025-03-05,43800,libéré,0.0
L2025-00210-1,CMD-2025-00210,2025-02-24,10800,libéré,0.0
L2025-00210-2,CMD-2025-00210,2025-02-22,10800,libéré,0.0
L2025-00210-3,CMD-2025-00210,2025-02-18,10900,libéré,0.0
L2025-00211-1,CMD-2025-00211,2025-03-04,12700,libéré,0.0
L2025-00211-2,CMD-2025-00211,2025-02-18,12800,libéré,0.0
L2025-00212-1,CMD-2025-00212,2025-02-27,11100,libéré,0.0
L2025-00212-2,CMD-2025-00212,2025-03-04,11100,libéré,0.0
L2025-00212-3,CMD-2025-00212,2025-02-24,11300,libéré,0.0
L2025-00213-1,CMD-2025-00213,2025-02-24,6000,libéré,0.0
L2025-00213-2,CMD-2025-00213,2025-03-10,6000,libéré,0.0
L2025-00214-1,CMD-2025-00214,2025-02-11,41500,retraité,17573.17
L2025-00215-1,CMD-2025-00215,2025-02-12,13000,libéré,0.0
L2025-00215-2,CMD-2025-00215,2025-02-12,13000,rejeté,50011.0
L2025-00216-1,CMD-2025-00216,2025-03-14,20000,libéré,0.0
L2025-00216-2,CMD-2025-00216,2025-02-24,20000,libéré,0.0
L2025-00216-3,CMD-2025-00216,2025-03-14,20000,libéré,0.0
L2025-00217-1,CMD-2025-00217,2025-02-19,32500,libéré,0.0
L2025-00218-1,CMD-2025-00218,2025-02-28,14600,libéré,0.0
L2025-00218-2,CMD-2025-00218,2025-03-08,14600,libéré,0.0
L2025-00218-3,CMD-2025-00218,2025-03-04,14800,libéré,0.0
L2025-00219-1,CMD-2025-00219,2025-02-22,6100,libéré,0.0
L2025-00219-2,CMD-2025-00219,2025-02-10,6100,libéré,0.0
L2025-00219-3,CMD-2025-00219,2025-02-23,6300,libéré,0.0
L2025-00220-1,CMD-2025-00220,2025-02-10,43500,libéré,0.0
L2025-00220-2,CMD-2025-00220,2025-02-16,43500,libéré,0.0
L2025-00221-1,CMD-2025-00221,2025-02-24,42500,libéré,0.0
L2025-00222-1,CMD-2025-00222,2025-02-13,11000,libéré,0.0
L2025-00222-2,CMD-2025-00222,2025-02-13,11000,libéré,0.0
L2025-00223-1,CMD-2025-00223,2025-02-22,12800,libéré,0.0
L2025-00223-2,CMD-2025-00223,2025-02-20,12800,libéré,0.0
L2025-00223-3,CMD-2025-00223,2025-02-27,12900,rejeté,55444.2
L2025-00224-1,CMD-2025-00224,2025-02-15,9000,libéré,0.0
L2025-00224-2,CMD-2025-00224,2025-02-13,9000,libéré,0.0
L2025-00224-3,CMD-2025-00224,2025-02-17,9000,libéré,0.0
L2025-00225-1,CMD-2025-00225,2025-02-19,38500,libéré,0.0
L2025-00226-1,CMD-2025-00226,2025-03-01,69500,libéré,0.0
L2025-00227-1,CMD-2025-00227,2025-02-18,15200,libéré,0.0
L2025-00227-2,CMD-2025-00227,2025-02-14,15300,libéré,0.0
L2025-00228-1,CMD-2025-00228,2025-02-28,16000,libéré,0.0
L2025-00228-2,CMD-2025-00228,2025-02-13,16000,libéré,0.0
L2025-00229-1,CMD-2025-00229,2025-03-04,5600,libéré,0.0
L2025-00229-2,CMD-2025-00229,2025-02-28,5600,libéré,0.0
L2025-00229-3,CMD-2025-00229,2025-02-19,5800,libéré,0.0
L2025-00230-1,CMD-2025-00230,2025-02-16,52500,libéré,0.0
L2025-00231-1,CMD-2025-00231,2025-02-17,35700,libéré,0.0
L2025-00231-2,CMD-2025-00231,2025-03-09,35800,libéré,0.0
L2025-00232-1,CMD-2025-00232,2025-02-12,16000,libéré,0.0
L2025-00232-2,CMD-2025-00232,2025-02-23,16000,libéré,0.0
L2025-00232-3,CMD-2025-00232,2025-02-22,16000,libéré,0.0
L2025-00233-1,CMD-2025-00233,2025-02-27,15000,libéré,0.0
L2025-00233-2,CMD-2025-00233,2025-02-18,15000,libéré,0.0
L2025-00234-1,CMD-2025-00234,2025-02-22,12600,libéré,0.0
L2025-00234-2,CMD-2025-00234,2025-02-25,12600,libéré,0.0
L2025-00234-3,CMD-2025-00234,2025-02-16,12800,libéré,0.0
L2025-00235-1,CMD-2025-00235,2025-02-16,16800,libéré,0.0
L2025-00235-2,CMD-2025-00235,2025-02-22,16800,libéré,0.0
L2025-00235-3,CMD-2025-00235,2025-02-24,16900,libéré,0.0
L2025-00236-1,CMD-2025-00236,2025-03-04,33300,libéré,0.0
L2025-00236-2,CMD-2025-00236,2025-03-10,33300,libéré,0.0
L2025-00236-3,CMD-2025-00236,2025-02-22,33400,libéré,0.0
L2025-00237-1,CMD-2025-00237,2025-03-06,29700,libéré,0.0
L2025-00237-2,CMD-2025-00237,2025-03-13,29800,libéré,0.0
L2025-00238-1,CMD-2025-00238,2025-02-27,46000,libéré,0.0
L2025-00239-1,CMD-2025-00239,2025-02-16,25500,libéré,0.0
L2025-00239-2,CMD-2025-00239,2025-03-07,25500,libéré,0.0
L2025-00239-3,CMD-2025-00239,2025-03-02,25500,libéré,0.0
L2025-00240-1,CMD-2025-00240,2025-02-24,29500,libéré,0.0
L2025-00241-1,CMD-2025-00241,2025-02-25,8200,libéré,0.0
L2025-00241-2,CMD-2025-00241,2025-02-15,8300,libéré,0.0
L2025-00242-1,CMD-2025-00242,2025-02-15,32000,libéré,0.0
L2025-00243-1,CMD-2025-00243,2025-03-06,39500,retraité,17490.6
L2025-00244-1,CMD-2025-00244,2025-03-02,11000,libéré,0.0
L2025-00244-2,CMD-2025-00244,2025-02-19,11000,libéré,0.0
L2025-00244-3,CMD-2025-00244,2025-02-19,11000,libéré,0.0
L2025-00245-1,CMD-2025-00245,2025-03-10,17000,libéré,0.0
L2025-00246-1,CMD-2025-00246,2025-02-28,35500,retraité,20485.27
L2025-00247-1,CMD-2025-00247,2025-02-18,11000,libéré,0.0
L2025-00247-2,CMD-2025-00247,2025-02-20,11000,libéré,0.0
L2025-00247-3,CMD-2025-00247,2025-03-14,11000,libéré,0.0
L2025-00248-1,CMD-2025-00248,2025-02-17,74500,libéré,0.0
L2025-00248-2,CMD-2025-00248,2025-03-16,74500,libéré,0.0
L2025-00249-1,CMD-2025-00249,2025-02-20,52000,libéré,0.0
L2025-00249-2,CMD-2025-00249,2025-02-20,52000,libéré,0.0
L2025-00250-1,CMD-2025-00250,2025-02-21,8200,libéré,0.0
L2025-00250-2,CMD-2025-00250,2025-02-21,8300,libéré,0.0
L2025-00251-1,CMD-2025-00251,2025-03-14,37500,libéré,0.0
L2025-00252-1,CMD-2025-00252,2025-02-17,11000,libéré,0.0
L2025-00253-1,CMD-2025-00253,2025-02-19,20500,libéré,0.0
L2025-00253-2,CMD-2025-00253,2025-02-18,20500,libéré,0.0
L2025-00254-1,CMD-2025-00254,2025-02-20,37500,libéré,0.0
L2025-00254-2,CMD-2025-00254,2025-03-06,37500,retraité,24536.25
L2025-00255-1,CMD-2025-00255,2025-02-18,44000,libéré,0.0
L2025-00256-1,CMD-2025-00256,2025-03-07,10000,retraité,2425.5
L2025-00256-2,CMD-2025-00256,2025-03-01,10000,libéré,0.0
L2025-00257-1,CMD-2025-00257,2025-02-19,14000,libéré,0.0
L2025-00257-2,CMD-2025-00257,2025-02-24,14000,libéré,0.0
L2025-00258-1,CMD-2025-00258,2025-02-26,14300,libéré,0.0
L2025-00258-2,CMD-2025-00258,2025-03-13,14300,libéré,0.0
L2025-00258-3,CMD-2025-00258,2025-02-28,14400,libéré,0.0
L2025-00259-1,CMD-2025-00259,2025-03-06,6600,libéré,0.0
L2025-00259-2,CMD-2025-00259,2025-03-04,6600,libéré,0.0
L2025-00259-3,CMD-2025-00259,2025-02-19,6800,libéré,0.0
L2025-00260-1,CMD-2025-00260,2025-02-25,5000,libéré,0.0
L2025-00260-2,CMD-2025-00260,2025-03-03,5000,libéré,0.0
L2025-00261-1,CMD-2025-00261,2025-03-11,21000,libéré,0.0
L2025-00262-1,CMD-2025-00262,2025-03-05,31000,libéré,0.0
L2025-00262-2,CMD-2025-00262,2025-03-18,31000,libéré,0.0
L2025-00263-1,CMD-2025-00263,2025-02-24,17700,rejeté,29045.7
L2025-00263-2,CMD-2025-00263,2025-02-22,17800,libéré,0.0
L2025-00264-1,CMD-2025-00264,2025-03-11,48700,libéré,0.0
L2025-00264-2,CMD-2025-00264,2025-02-28,48800,libéré,0.0
L2025-00265-1,CMD-2025-00265,2025-02-21,40500,libéré,0.0
L2025-00265-2,CMD-2025-00265,2025-02-24,40500,libéré,0.0
L2025-00266-1,CMD-2025-00266,2025-03-23,27800,libéré,0.0
L2025-00266-2,CMD-2025-00266,2025-03-14,27800,libéré,0.0
L2025-00266-3,CMD-2025-00266,2025-03-15,27900,libéré,0.0
L2025-00267-1,CMD-2025-00267,2025-03-02,39500,libéré,0.0
L2025-00268-1,CMD-2025-00268,2025-03-01,38000,libéré,0.0
L2025-00269-1,CMD-2025-00269,2025-02-26,29000,libéré,0.0
L2025-00270-1,CMD-2025-00270,2025-03-11,12800,libéré,0.0
L2025-00270-2,CMD-2025-00270,2025-03-11,12800,libéré,0.0
L2025-00270-3,CMD-2025-00270,2025-03-04,12900,libéré,0.0
L2025-00271-1,CMD-2025-00271,2025-02-19,33300,libéré,0.0
L2025-00271-2,CMD-2025-00271,2025-03-07,33300,libéré,0.0
L2025-00271-3,CMD-2025-00271,2025-03-09,33400,libéré,0.0
L2025-00272-1,CMD-2025-00272,2025-03-03,15500,libéré,0.0
L2025-00272-2,CMD-2025-00272,2025-03-06,15500,libéré,0.0
L2025-00273-1,CMD-2025-00273,2025-03-14,48500,libéré,0.0
L2025-00273-2,CMD-2025-00273,2025-03-07,48500,libéré,0.0
L2025-00274-1,CMD-2025-00274,2025-02-24,29800,libéré,0.0
L2025-00274-2,CMD-2025-00274,2025-02-24,29800,libéré,0.0
L2025-00274-3,CMD-2025-00274,2025-03-06,29900,libéré,0.0
L2025-00275-1,CMD-2025-00275,2025-02-20,24600,libéré,0.0
L2025-00275-2,CMD-2025-00275,2025-03-02,24600,libéré,0.0
L2025-00275-3,CMD-2025-00275,2025-02-23,24800,libéré,0.0
L2025-00276-1,CMD-2025-00276,2025-03-01,6700,libéré,0.0
L2025-00276-2,CMD-2025-00276,2025-02-18,6800,libéré,0.0
L2025-00277-1,CMD-2025-00277,2025-03-06,17500,libéré,0.0
L2025-00277-2,CMD-2025-00277,2025-02-24,17500,libéré,0.0
L2025-00278-1,CMD-2025-00278,2025-03-01,43500,libéré,0.0
L2025-00279-1,CMD-2025-00279,2025-02-22,20100,libéré,0.0
L2025-00279-2,CMD-2025-00279,2025-02-27,20100,libéré,0.0
L2025-00279-3,CMD-2025-00279,2025-03-03,20300,libéré,0.0
L2025-00280-1,CMD-2025-00280,2025-02-24,17000,libéré,0.0
L2025-00280-2,CMD-2025-00280,2025-02-27,17000,libéré,0.0
L2025-00280-3,CMD-2025-00280,2025-03-01,17000,rejeté,70907.0
L2025-00281-1,CMD-2025-00281,2025-02-26,5800,libéré,0.0
L2025-00281-2,CMD-2025-00281,2025-03-01,5800,libéré,0.0
L2025-00281-3,CMD-2025-00281,2025-02-28,5900,libéré,0.0
L2025-00282-1,CMD-2025-00282,2025-02-25,74800,libéré,0.0
L2025-00283-1,CMD-2025-00283,2025-03-01,36700,libéré,0.0
L2025-00283-2,CMD-2025-00283,2025-02-26,36800,libéré,0.0
L2025-00284-1,CMD-2025-00284,2025-02-28,12200,libéré,0.0
L2025-00284-2,CMD-2025-00284,2025-03-07,12300,libéré,0.0
L2025-00285-1,CMD-2025-00285,2025-03-14,40000,libéré,0.0
L2025-00285-2,CMD-2025-00285,2025-03-13,40000,libéré,0.0
L2025-00285-3,CMD-2025-00285,2025-03-03,40000,libéré,0.0
L2025-00286-1,CMD-2025-00286,2025-02-23,38500,libéré,0.0
L2025-00287-1,CMD-2025-00287,2025-03-09,15600,libéré,0.0
L2025-00287-2,CMD-2025-00287,2025-03-09,15600,libéré,0.0
L2025-00287-3,CMD-2025-00287,2025-03-06,15800,rejeté,50117.6
L2025-00288-1,CMD-2025-00288,2025-03-04,25000,libéré,0.0
L2025-00289-1,CMD-2025-00289,2025-03-04,17500,libéré,0.0
L2025-00289-2,CMD-2025-00289,2025-03-01,17500,libéré,0.0
L2025-00289-3,CMD-2025-00289,2025-02-22,17500,libéré,0.0
L2025-00290-1,CMD-2025-00290,2025-03-05,20200,libéré,0.0
L2025-00290-2,CMD-2025-00290,2025-02-24,20300,libéré,0.0
L2025-00291-1,CMD-2025-00291,2025-03-06,23000,libéré,0.0
L2025-00292-1,CMD-2025-00292,2025-03-04,9300,libéré,0.0
L2025-00292-2,CMD-2025-00292,2025-03-08,9300,libéré,0.0
L2025-00292-3,CMD-2025-00292,2025-03-02,9400,libéré,0.0
L2025-00293-1,CMD-2025-00293,2025-03-15,18000,libéré,0.0
L2025-00294-1,CMD-2025-00294,2025-03-07,19300,rejeté,79400.2
L2025-00294-2,CMD-2025-00294,2025-03-10,19300,libéré,0.0
L2025-00294-3,CMD-2025-00294,2025-03-04,19400,libéré,0.0
L2025-00295-1,CMD-2025-00295,2025-03-27,45700,libéré,0.0
L2025-00295-2,CMD-2025-00295,2025-02-25,45800,libéré,0.0
L2025-00296-1,CMD-2025-00296,2025-03-14,54700,libéré,0.0
L2025-00296-2,CMD-2025-00296,2025-03-23,54800,libéré,0.0
L2025-00297-1,CMD-2025-00297,2025-02-23,9500,rejeté,48507.0
L2025-00297-2,CMD-2025-00297,2025-02-25,9500,libéré,0.0
L2025-00297-3,CMD-2025-00297,2025-03-08,9500,retraité,7276.05
L2025-00298-1,CMD-2025-00298,2025-02-26,24300,libéré,0.0
L2025-00298-2,CMD-2025-00298,2025-03-05,24300,libéré,0.0
L2025-00298-3,CMD-2025-00298,2025-03-09,24400,libéré,0.0
L2025-00299-1,CMD-2025-00299,2025-03-07,57500,libéré,0.0
L2025-00300-1,CMD-2025-00300,2025-03-19,13500,libéré,0.0
L2025-00300-2,CMD-2025-00300,2025-02-28,13500,libéré,0.0
L2025-00301-1,CMD-2025-00301,2025-02-25,41500,libéré,0.0
L2025-00301-2,CMD-2025-00301,2025-02-24,41500,libéré,0.0
L2025-00302-1,CMD-2025-00302,2025-02-25,13000,libéré,0.0
L2025-00302-2,CMD-2025-00302,2025-02-24,13000,libéré,0.0
L2025-00303-1,CMD-2025-00303,2025-03-15,13000,libéré,0.0
L2025-00303-2,CMD-2025-00303,2025-03-13,13000,libéré,0.0
L2025-00304-1,CMD-2025-00304,2025-03-06,11200,libéré,0.0
L2025-00304-2,CMD-2025-00304,2025-03-03,11300,libéré,0.0
L2025-00305-1,CMD-2025-00305,2025-03-05,11100,libéré,0.0
L2025-00305-2,CMD-2025-00305,2025-03-02,11100,libéré,0.0
L2025-00305-3,CMD-2025-00305,2025-03-09,11300,libéré,0.0
L2025-00306-1,CMD-2025-00306,2025-03-13,64000,libéré,0.0
L2025-00307-1,CMD-2025-00307,2025-03-05,8000,libéré,0.0
L2025-00307-2,CMD-2025-00307,2025-03-10,8000,libéré,0.0
L2025-00308-1,CMD-2025-00308,2025-02-28,10500,libéré,0.0
L2025-00308-2,CMD-2025-00308,2025-02-25,10500,rejeté,45696.0
L2025-00309-1,CMD-2025-00309,2025-03-09,18600,libéré,0.0
L2025-00309-2,CMD-2025-00309,2025-02-25,18600,libéré,0.0
L2025-00309-3,CMD-2025-00309,2025-03-11,18800,libéré,0.0
L2025-00310-1,CMD-2025-00310,2025-03-04,56000,libéré,0.0
L2025-00311-1,CMD-2025-00311,2025-03-24,40100,libéré,0.0
L2025-00311-2,CMD-2025-00311,2025-02-26,40100,libéré,0.0
L2025-00311-3,CMD-2025-00311,2025-02-27,40300,libéré,0.0
L2025-00312-1,CMD-2025-00312,2025-03-07,17100,libéré,0.0
L2025-00312-2,CMD-2025-00312,2025-04-04,17100,libéré,0.0
L2025-00312-3,CMD-2025-00312,2025-03-13,17300,libéré,0.0
L2025-00313-1,CMD-2025-00313,2025-02-28,50000,libéré,0.0
L2025-00313-2,CMD-2025-00313,2025-02-26,50000,libéré,0.0
L2025-00313-3,CMD-2025-00313,2025-02-28,50000,libéré,0.0
L2025-00314-1,CMD-2025-00314,2025-03-03,17200,libéré,0.0
L2025-00314-2,CMD-2025-00314,2025-03-03,17300,libéré,0.0
L2025-00315-1,CMD-2025-00315,2025-03-04,72200,libéré,0.0
L2025-00315-2,CMD-2025-00315,2025-03-07,72300,libéré,0.0
L2025-00316-1,CMD-2025-00316,2025-03-12,75000,libéré,0.0
L2025-00316-2,CMD-2025-00316,2025-02-28,75000,libéré,0.0
L2025-00317-1,CMD-2025-00317,2025-03-07,17200,libéré,0.0
L2025-00317-2,CMD-2025-00317,2025-03-07,17300,libéré,0.0
L2025-00318-1,CMD-2025-00318,2025-03-11,8000,libéré,0.0
L2025-00318-2,CMD-2025-00318,2025-03-15,8000,libéré,0.0
L2025-00319-1,CMD-2025-00319,2025-03-01,15700,libéré,0.0
L2025-00319-2,CMD-2025-00319,2025-03-01,15800,libéré,0.0
L2025-00320-1,CMD-2025-00320,2025-03-23,10100,libéré,0.0
L2025-00320-2,CMD-2025-00320,2025-03-17,10100,libéré,0.0
L2025-00320-3,CMD-2025-00320,2025-03-20,10300,libéré,0.0
L2025-00321-1,CMD-2025-00321,2025-03-25,7200,libéré,0.0
L2025-00321-2,CMD-2025-00321,2025-03-25,7300,libéré,0.0
L2025-00322-1,CMD-2025-00322,2025-03-07,22500,libéré,0.0
L2025-00322-2,CMD-2025-00322,2025-03-20,22500,libéré,0.0
L2025-00323-1,CMD-2025-00323,2025-03-06,20000,libéré,0.0
L2025-00323-2,CMD-2025-00323,2025-03-16,20000,libéré,0.0
L2025-00324-1,CMD-2025-00324,2025-03-15,42000,libéré,0.0
L2025-00324-2,CMD-2025-00324,2025-03-15,42000,libéré,0.0
L2025-00325-1,CMD-2025-00325,2025-03-06,77500,libéré,0.0
L2025-00326-1,CMD-2025-00326,2025-03-16,30500,libéré,0.0
L2025-00327-1,CMD-2025-00327,2025-03-03,39800,libéré,0.0
L2025-00327-2,CMD-2025-00327,2025-03-16,39800,libéré,0.0
L2025-00327-3,CMD-2025-00327,2025-03-13,39900,libéré,0.0
L2025-00328-1,CMD-2025-00328,2025-03-21,32000,libéré,0.0
L2025-00328-2,CMD-2025-00328,2025-03-23,32000,retraité,10752.0
L2025-00329-1,CMD-2025-00329,2025-03-14,52000,libéré,0.0
L2025-00330-1,CMD-2025-00330,2025-04-06,14000,libéré,0.0
L2025-00330-2,CMD-2025-00330,2025-03-26,14000,libéré,0.0
L2025-00331-1,CMD-2025-00331,2025-03-16,61000,libéré,0.0
L2025-00332-1,CMD-2025-00332,2025-03-20,11000,libéré,0.0
L2025-00333-1,CMD-2025-00333,2025-03-30,16100,libéré,0.0
L2025-00333-2,CMD-2025-00333,2025-03-16,16100,libéré,0.0
L2025-00333-3,CMD-2025-00333,2025-03-24,16300,libéré,0.0
L2025-00334-1,CMD-2025-00334,2025-03-17,63000,libéré,0.0
L2025-00334-2,CMD-2025-00334,2025-03-15,63000,libéré,0.0
L2025-00335-1,CMD-2025-00335,2025-03-07,19500,libéré,0.0
L2025-00336-1,CMD-2025-00336,2025-03-22,48000,libéré,0.0
L2025-00337-1,CMD-2025-00337,2025-03-08,75000,libéré,0.0
L2025-00337-2,CMD-2025-00337,2025-03-07,75000,libéré,0.0
L2025-00338-1,CMD-2025-00338,2025-03-15,28200,libéré,0.0
L2025-00338-2,CMD-2025-00338,2025-03-11,28300,libéré,0.0
L2025-00339-1,CMD-2025-00339,2025-03-03,22000,retraité,8490.9
L2025-00339-2,CMD-2025-00339,2025-03-11,22000,libéré,0.0
L2025-00339-3,CMD-2025-00339,2025-03-13,22000,libéré,0.0
L2025-00340-1,CMD-2025-00340,2025-03-19,26700,libéré,0.0
L2025-00340-2,CMD-2025-00340,2025-03-12,26800,libéré,0.0
L2025-00341-1,CMD-2025-00341,2025-03-07,13800,libéré,0.0
L2025-00341-2,CMD-2025-00341,2025-03-04,13800,libéré,0.0
L2025-00341-3,CMD-2025-00341,2025-03-07,13900,libéré,0.0
L2025-00342-1,CMD-2025-00342,2025-03-08,37500,libéré,0.0
L2025-00343-1,CMD-2025-00343,2025-03-08,46500,libéré,0.0
L2025-00344-1,CMD-2025-00344,2025-03-12,7500,libéré,0.0
L2025-00344-2,CMD-2025-00344,2025-03-10,7500,libéré,0.0
L2025-00345-1,CMD-2025-00345,2025-03-31,53000,libéré,0.0
L2025-00346-1,CMD-2025-00346,2025-03-22,22700,libéré,0.0
L2025-00346-2,CMD-2025-00346,2025-04-08,22800,libéré,0.0
L2025-00347-1,CMD-2025-00347,2025-04-08,29200,libéré,0.0
L2025-00347-2,CMD-2025-00347,2025-03-28,29300,retraité,7568.19
L2025-00348-1,CMD-2025-00348,2025-03-18,16000,libéré,0.0
L2025-00348-2,CMD-2025-00348,2025-03-15,16000,libéré,0.0
L2025-00349-1,CMD-2025-00349,2025-03-17,31000,libéré,0.0
L2025-00349-2,CMD-2025-00349,2025-03-25,31000,libéré,0.0
L2025-00350-1,CMD-2025-00350,2025-03-07,6700,libéré,0.0
L2025-00350-2,CMD-2025-00350,2025-03-25,6800,libéré,0.0
L2025-00351-1,CMD-2025-00351,2025-04-05,12300,libéré,0.0
L2025-00351-2,CMD-2025-00351,2025-03-16,12300,libéré,0.0
L2025-00351-3,CMD-2025-00351,2025-04-08,12400,libéré,0.0
L2025-00352-1,CMD-2025-00352,2025-03-08,58000,libéré,0.0
L2025-00352-2,CMD-2025-00352,2025-03-06,58000,libéré,0.0
L2025-00353-1,CMD-2025-00353,2025-03-16,10300,libéré,0.0
L2025-00353-2,CMD-2025-00353,2025-03-14,10300,libéré,0.0
L2025-00353-3,CMD-2025-00353,2025-03-07,10400,libéré,0.0
L2025-00354-1,CMD-2025-00354,2025-03-05,19500,libéré,0.0
L2025-00355-1,CMD-2025-00355,2025-03-10,71000,libéré,0.0
L2025-00355-2,CMD-2025-00355,2025-03-09,71000,libéré,0.0
L2025-00356-1,CMD-2025-00356,2025-04-06,58500,libéré,0.0
L2025-00357-1,CMD-2025-00357,2025-03-26,25700,libéré,0.0
L2025-00357-2,CMD-2025-00357,2025-04-11,25800,libéré,0.0
L2025-00358-1,CMD-2025-00358,2025-03-09,24100,libéré,0.0
L2025-00358-2,CMD-2025-00358,2025-04-07,24100,libéré,0.0
L2025-00358-3,CMD-2025-00358,2025-04-05,24300,libéré,0.0
L2025-00359-1,CMD-2025-00359,2025-03-13,27000,libéré,0.0
L2025-00360-1,CMD-2025-00360,2025-03-16,32200,libéré,0.0
L2025-00360-2,CMD-2025-00360,2025-03-24,32300,libéré,0.0
L2025-00361-1,CMD-2025-00361,2025-03-10,22200,libéré,0.0
L2025-00361-2,CMD-2025-00361,2025-03-16,22300,libéré,0.0
L2025-00362-1,CMD-2025-00362,2025-03-08,6000,libéré,0.0
L2025-00362-2,CMD-2025-00362,2025-03-13,6000,libéré,0.0
L2025-00362-3,CMD-2025-00362,2025-03-13,6000,libéré,0.0
L2025-00363-1,CMD-2025-00363,2025-03-22,5000,libéré,0.0
L2025-00363-2,CMD-2025-00363,2025-03-12,5000,libéré,0.0
L2025-00363-3,CMD-2025-00363,2025-03-21,5000,libéré,0.0
L2025-00364-1,CMD-2025-00364,2025-03-15,25600,libéré,0.0
L2025-00364-2,CMD-2025-00364,2025-03-19,25600,libéré,0.0
L2025-00364-3,CMD-2025-00364,2025-03-27,25800,libéré,0.0
L2025-00365-1,CMD-2025-00365,2025-03-08,20100,libéré,0.0
L2025-00365-2,CMD-2025-00365,2025-03-17,20100,libéré,0.0
L2025-00365-3,CMD-2025-00365,2025-03-22,20300,libéré,0.0
L2025-00366-1,CMD-2025-00366,2025-03-27,16200,libéré,0.0
L2025-00366-2,CMD-2025-00366,2025-03-09,16300,rejeté,76072.1
L2025-00367-1,CMD-2025-00367,2025-03-18,16000,libéré,0.0
L2025-00367-2,CMD-2025-00367,2025-03-25,16000,libéré,0.0
L2025-00368-1,CMD-2025-00368,2025-03-31,16100,libéré,0.0
L2025-00368-2,CMD-2025-00368,2025-03-13,16100,libéré,0.0
L2025-00368-3,CMD-2025-00368,2025-03-15,16300,libéré,0.0
L2025-00369-1,CMD-2025-00369,2025-03-31,18800,libéré,0.0
L2025-00369-2,CMD-2025-00369,2025-03-28,18800,libéré,0.0
L2025-00369-3,CMD-2025-00369,2025-03-11,18900,libéré,0.0
L2025-00370-1,CMD-2025-00370,2025-03-12,5000,libéré,0.0
L2025-00370-2,CMD-2025-00370,2025-03-13,5000,libéré,0.0
L2025-00371-1,CMD-2025-00371,2025-03-22,26200,libéré,0.0
L2025-00371-2,CMD-2025-00371,2025-04-06,26300,libéré,0.0
L2025-00372-1,CMD-2025-00372,2025-03-31,64200,libéré,0.0
L2025-00372-2,CMD-2025-00372,2025-03-28,64300,libéré,0.0
L2025-00373-1,CMD-2025-00373,2025-04-02,49000,libéré,0.0
L2025-00373-2,CMD-2025-00373,2025-03-28,49000,libéré,0.0
L2025-00374-1,CMD-2025-00374,2025-03-09,8100,libéré,0.0
L2025-00374-2,CMD-2025-00374,2025-03-21,8100,retraité,6588.95
L2025-00374-3,CMD-2025-00374,2025-03-30,8300,libéré,0.0
L2025-00375-1,CMD-2025-00375,2025-03-10,29500,libéré,0.0
L2025-00375-2,CMD-2025-00375,2025-03-20,29500,libéré,0.0
L2025-00376-1,CMD-2025-00376,2025-03-18,78500,libéré,0.0
L2025-00377-1,CMD-2025-00377,2025-03-16,16000,libéré,0.0
L2025-00377-2,CMD-2025-00377,2025-03-30,16000,libéré,0.0
L2025-00378-1,CMD-2025-00378,2025-03-24,35000,libéré,0.0
L2025-00378-2,CMD-2025-00378,2025-04-04,35000,libéré,0.0
L2025-00378-3,CMD-2025-00378,2025-04-08,35000,libéré,0.0
L2025-00379-1,CMD-2025-00379,2025-04-09,34000,libéré,0.0
L2025-00379-2,CMD-2025-00379,2025-04-11,34000,libéré,0.0
L2025-00380-1,CMD-2025-00380,2025-03-13,49000,libéré,0.0
L2025-00381-1,CMD-2025-00381,2025-03-22,41000,libéré,0.0
L2025-00381-2,CMD-2025-00381,2025-04-03,41000,libéré,0.0
L2025-00382-1,CMD-2025-00382,2025-03-18,11100,libéré,0.0
L2025-00382-2,CMD-2025-00382,2025-03-14,11100,libéré,0.0
L2025-00382-3,CMD-2025-00382,2025-03-13,11300,libéré,0.0
L2025-00383-1,CMD-2025-00383,2025-03-28,69000,libéré,0.0
L2025-00384-1,CMD-2025-00384,2025-03-13,74500,libéré,0.0
L2025-00385-1,CMD-2025-00385,2025-03-14,9600,libéré,0.0
L2025-00385-2,CMD-2025-00385,2025-03-22,9600,libéré,0.0
L2025-00385-3,CMD-2025-00385,2025-03-19,9700,retraité,6636.25
L2025-00386-1,CMD-2025-00386,2025-03-25,15600,retraité,11255.4
L2025-00386-2,CMD-2025-00386,2025-03-17,15600,libéré,0.0
L2025-00386-3,CMD-2025-00386,2025-03-18,15800,libéré,0.0
L2025-00387-1,CMD-2025-00387,2025-03-10,8100,libéré,0.0
L2025-00387-2,CMD-2025-00387,2025-03-12,8100,libéré,0.0
L2025-00387-3,CMD-2025-00387,2025-03-13,8300,libéré,0.0
L2025-00388-1,CMD-2025-00388,2025-04-14,10000,retraité,7294.5
L2025-00389-1,CMD-2025-00389,2025-03-13,12200,libéré,0.0
L2025-00389-2,CMD-2025-00389,2025-03-15,12300,retraité,4939.06
L2025-00390-1,CMD-2025-00390,2025-03-27,31700,libéré,0.0
L2025-00390-2,CMD-2025-00390,2025-03-30,31800,libéré,0.0
L2025-00391-1,CMD-2025-00391,2025-03-12,68000,libéré,0.0
L2025-00392-1,CMD-2025-00392,2025-03-17,35000,libéré,0.0
L2025-00393-1,CMD-2025-00393,2025-03-30,27000,libéré,0.0
L2025-00394-1,CMD-2025-00394,2025-03-22,25000,libéré,0.0
L2025-00395-1,CMD-2025-00395,2025-03-28,7200,libéré,0.0
L2025-00395-2,CMD-2025-00395,2025-04-16,7300,libéré,0.0
L2025-00396-1,CMD-2025-00396,2025-04-04,17000,libéré,0.0
L2025-00397-1,CMD-2025-00397,2025-03-22,8100,libéré,0.0
L2025-00397-2,CMD-2025-00397,2025-03-25,8100,libéré,0.0
L2025-00397-3,CMD-2025-00397,2025-03-11,8300,libéré,0.0
L2025-00398-1,CMD-2025-00398,2025-04-03,7800,libéré,0.0
L2025-00398-2,CMD-2025-00398,2025-03-30,7800,libéré,0.0
L2025-00398-3,CMD-2025-00398,2025-04-02,7900,libéré,0.0
L2025-00399-1,CMD-2025-00399,2025-03-31,17200,libéré,0.0
L2025-00399-2,CMD-2025-00399,2025-04-01,17300,libéré,0.0
L2025-00400-1,CMD-2025-00400,2025-04-05,18700,rejeté,58175.7
L2025-00400-2,CMD-2025-00400,2025-04-06,18700,libéré,0.0
L2025-00401-1,CMD-2025-00401,2025-03-27,28200,libéré,0.0
L2025-00401-2,CMD-2025-00401,2025-03-22,28300,libéré,0.0
L2025-00402-1,CMD-2025-00402,2025-03-12,20700,libéré,0.0
L2025-00402-2,CMD-2025-00402,2025-03-24,20700,libéré,0.0
L2025-00402-3,CMD-2025-00402,2025-03-12,20700,libéré,0.0
L2025-00403-1,CMD-2025-00403,2025-03-18,35000,retraité,23362.5
L2025-00403-2,CMD-2025-00403,2025-03-20,35000,libéré,0.0
L2025-00404-1,CMD-2025-00404,2025-03-12,45500,retraité,20631.97
L2025-00405-1,CMD-2025-00405,2025-03-25,28000,libéré,0.0
L2025-00406-1,CMD-2025-00406,2025-04-14,58000,libéré,0.0
L2025-00407-1,CMD-2025-00407,2025-04-04,21200,libéré,0.0
L2025-00407-2,CMD-2025-00407,2025-03-27,21300,libéré,0.0
L2025-00408-1,CMD-2025-00408,2025-04-07,11500,libéré,0.0
L2025-00408-2,CMD-2025-00408,2025-03-21,11500,libéré,0.0
L2025-00409-1,CMD-2025-00409,2025-03-12,19700,libéré,0.0
L2025-00409-2,CMD-2025-00409,2025-03-19,19800,libéré,0.0
L2025-00410-1,CMD-2025-00410,2025-03-18,18500,libéré,0.0
L2025-00410-2,CMD-2025-00410,2025-03-19,18500,libéré,0.0
L2025-00411-1,CMD-2025-00411,2025-03-23,28000,libéré,0.0
L2025-00412-1,CMD-2025-00412,2025-03-26,19700,libéré,0.0
L2025-00412-2,CMD-2025-00412,2025-03-17,19800,retraité,8746.65
L2025-00413-1,CMD-2025-00413,2025-03-15,37500,libéré,0.0
L2025-00413-2,CMD-2025-00413,2025-03-29,37500,libéré,0.0
L2025-00413-3,CMD-2025-00413,2025-03-24,37500,libéré,0.0
L2025-00414-1,CMD-2025-00414,2025-03-17,10700,libéré,0.0
L2025-00414-2,CMD-2025-00414,2025-03-26,10800,libéré,0.0
L2025-00415-1,CMD-2025-00415,2025-03-28,10000,libéré,0.0
L2025-00415-2,CMD-2025-00415,2025-03-22,10000,libéré,0.0
L2025-00415-3,CMD-2025-00415,2025-03-31,10000,libéré,0.0
L2025-00416-1,CMD-2025-00416,2025-03-20,11000,libéré,0.0
L2025-00417-1,CMD-2025-00417,2025-04-02,13500,libéré,0.0
L2025-00417-2,CMD-2025-00417,2025-03-21,13500,libéré,0.0
L2025-00418-1,CMD-2025-00418,2025-03-17,75000,libéré,0.0
L2025-00419-1,CMD-2025-00419,2025-03-18,42000,libéré,0.0
L2025-00419-2,CMD-2025-00419,2025-03-16,42000,libéré,0.0
L2025-00420-1,CMD-2025-00420,2025-04-09,60500,rejeté,144474.0
L2025-00421-1,CMD-2025-00421,2025-04-10,42500,libéré,0.0
L2025-00421-2,CMD-2025-00421,2025-03-27,42500,libéré,0.0
L2025-00421-3,CMD-2025-00421,2025-03-25,42500,libéré,0.0
L2025-00422-1,CMD-2025-00422,2025-04-15,29000,libéré,0.0
L2025-00423-1,CMD-2025-00423,2025-03-17,24200,libéré,0.0
L2025-00423-2,CMD-2025-00423,2025-03-22,24300,libéré,0.0
L2025-00424-1,CMD-2025-00424,2025-04-05,7000,libéré,0.0
L2025-00424-2,CMD-2025-00424,2025-03-28,7000,libéré,0.0
L2025-00424-3,CMD-2025-00424,2025-03-28,7000,libéré,0.0
L2025-00425-1,CMD-2025-00425,2025-04-12,44500,libéré,0.0
L2025-00425-2,CMD-2025-00425,2025-03-22,44500,libéré,0.0
L2025-00426-1,CMD-2025-00426,2025-03-20,13000,libéré,0.0
L2025-00427-1,CMD-2025-00427,2025-04-05,20300,libéré,0.0
L2025-00427-2,CMD-2025-00427,2025-03-20,20300,libéré,0.0
L2025-00427-3,CMD-2025-00427,2025-04-02,20400,libéré,0.0
L2025-00428-1,CMD-2025-00428,2025-03-23,5100,libéré,0.0
L2025-00428-2,CMD-2025-00428,2025-03-31,5100,libéré,0.0
L2025-00428-3,CMD-2025-00428,2025-03-25,5300,libéré,0.0
L2025-00429-1,CMD-2025-00429,2025-03-17,19800,libéré,0.0
L2025-00429-2,CMD-2025-00429,2025-03-27,19800,libéré,0.0
L2025-00429-3,CMD-2025-00429,2025-03-17,19900,libéré,0.0
L2025-00430-1,CMD-2025-00430,2025-03-21,13300,libéré,0.0
L2025-00430-2,CMD-2025-00430,2025-04-12,13300,libéré,0.0
L2025-00430-3,CMD-2025-00430,2025-03-22,13400,libéré,0.0
L2025-00431-1,CMD-2025-00431,2025-03-25,22200,libéré,0.0
L2025-00431-2,CMD-2025-00431,2025-04-02,22300,libéré,0.0
L2025-00432-1,CMD-2025-00432,2025-03-23,12700,libéré,0.0
L2025-00432-2,CMD-2025-00432,2025-04-01,12800,libéré,0.0
L2025-00433-1,CMD-2025-00433,2025-03-20,19500,libéré,0.0
L2025-00434-1,CMD-2025-00434,2025-04-17,17200,libéré,0.0
L2025-00434-2,CMD-2025-00434,2025-03-30,17300,libéré,0.0
L2025-00435-1,CMD-2025-00435,2025-03-27,13000,retraité,8921.25
L2025-00435-2,CMD-2025-00435,2025-03-25,13000,libéré,0.0
L2025-00436-1,CMD-2025-00436,2025-03-30,13200,libéré,0.0
L2025-00436-2,CMD-2025-00436,2025-03-19,13300,libéré,0.0
L2025-00437-1,CMD-2025-00437,2025-03-30,16500,libéré,0.0
L2025-00438-1,CMD-2025-00438,2025-04-06,18000,libéré,0.0
L2025-00438-2,CMD-2025-00438,2025-04-05,18000,libéré,0.0
L2025-00439-1,CMD-2025-00439,2025-04-01,5000,libéré,0.0
L2025-00439-2,CMD-2025-00439,2025-03-28,5000,libéré,0.0
L2025-00440-1,CMD-2025-00440,2025-03-24,7600,libéré,0.0
L2025-00440-2,CMD-2025-00440,2025-03-28,7600,libéré,0.0
L2025-00440-3,CMD-2025-00440,2025-03-24,7800,retraité,5239.26
L2025-00441-1,CMD-2025-00441,2025-03-20,17000,retraité,7940.7
L2025-00442-1,CMD-2025-00442,2025-03-24,34500,libéré,0.0
L2025-00442-2,CMD-2025-00442,2025-03-29,34500,libéré,0.0
L2025-00443-1,CMD-2025-00443,2025-04-07,56500,libéré,0.0
L2025-00444-1,CMD-2025-00444,2025-03-22,17100,retraité,6179.08
L2025-00444-2,CMD-2025-00444,2025-03-28,17100,libéré,0.0
L2025-00444-3,CMD-2025-00444,2025-04-01,17300,libéré,0.0
L2025-00445-1,CMD-2025-00445,2025-04-02,54700,libéré,0.0
L2025-00445-2,CMD-2025-00445,2025-03-27,54800,libéré,0.0
L2025-00446-1,CMD-2025-00446,2025-03-31,8300,libéré,0.0
L2025-00446-2,CMD-2025-00446,2025-04-08,8300,libéré,0.0
L2025-00446-3,CMD-2025-00446,2025-04-05,8400,libéré,0.0
L2025-00447-1,CMD-2025-00447,2025-03-26,11500,libéré,0.0
L2025-00447-2,CMD-2025-00447,2025-04-11,11500,libéré,0.0
L2025-00448-1,CMD-2025-00448,2025-04-14,23000,libéré,0.0
L2025-00449-1,CMD-2025-00449,2025-03-23,47000,libéré,0.0
L2025-00450-1,CMD-2025-00450,2025-04-10,50500,libéré,0.0
L2025-00450-2,CMD-2025-00450,2025-04-02,50500,libéré,0.0
L2025-00451-1,CMD-2025-00451,2025-03-29,26000,libéré,0.0
L2025-00451-2,CMD-2025-00451,2025-04-03,26000,libéré,0.0
L2025-00451-3,CMD-2025-00451,2025-03-27,26000,libéré,0.0
L2025-00452-1,CMD-2025-00452,2025-03-25,9500,libéré,0.0
L2025-00452-2,CMD-2025-00452,2025-03-24,9500,libéré,0.0
L2025-00452-3,CMD-2025-00452,2025-03-27,9500,libéré,0.0
L2025-00453-1,CMD-2025-00453,2025-03-28,66500,libéré,0.0
L2025-00454-1,CMD-2025-00454,2025-03-25,43500,libéré,0.0
L2025-00454-2,CMD-2025-00454,2025-04-07,43500,libéré,0.0
L2025-00455-1,CMD-2025-00455,2025-03-23,19700,libéré,0.0
L2025-00455-2,CMD-2025-00455,2025-03-23,19800,libéré,0.0
L2025-00456-1,CMD-2025-00456,2025-03-27,6500,libéré,0.0
L2025-00456-2,CMD-2025-00456,2025-03-31,6500,rejeté,17953.0
L2025-00456-3,CMD-2025-00456,2025-03-29,6500,libéré,0.0
L2025-00457-1,CMD-2025-00457,2025-03-29,32200,libéré,0.0
L2025-00457-2,CMD-2025-00457,2025-04-10,32300,libéré,0.0
L2025-00458-1,CMD-2025-00458,2025-03-30,15700,libéré,0.0
L2025-00458-2,CMD-2025-00458,2025-04-05,15800,libéré,0.0
L2025-00459-1,CMD-2025-00459,2025-04-14,28300,libéré,0.0
L2025-00459-2,CMD-2025-00459,2025-03-29,28300,libéré,0.0
L2025-00459-3,CMD-2025-00459,2025-03-31,28400,libéré,0.0
L2025-00460-1,CMD-2025-00460,2025-04-06,46200,libéré,0.0
L2025-00460-2,CMD-2025-00460,2025-04-09,46300,libéré,0.0
L2025-00461-1,CMD-2025-00461,2025-04-04,18000,libéré,0.0
L2025-00462-1,CMD-2025-00462,2025-03-31,19000,libéré,0.0
L2025-00462-2,CMD-2025-00462,2025-04-09,19000,libéré,0.0
L2025-00463-1,CMD-2025-00463,2025-04-10,20000,libéré,0.0
L2025-00464-1,CMD-2025-00464,2025-04-03,58000,libéré,0.0
L2025-00464-2,CMD-2025-00464,2025-03-29,58000,libéré,0.0
L2025-00465-1,CMD-2025-00465,2025-04-21,64000,rejeté,257472.0
L2025-00466-1,CMD-2025-00466,2025-04-04,15500,libéré,0.0
L2025-00466-2,CMD-2025-00466,2025-03-27,15500,libéré,0.0
L2025-00466-3,CMD-2025-00466,2025-03-27,15500,libéré,0.0
L2025-00467-1,CMD-2025-00467,2025-04-02,21000,libéré,0.0
L2025-00467-2,CMD-2025-00467,2025-03-29,21000,retraité,9891.0
L2025-00468-1,CMD-2025-00468,2025-03-29,17000,libéré,0.0
L2025-00469-1,CMD-2025-00469,2025-03-29,15200,libéré,0.0
L2025-00469-2,CMD-2025-00469,2025-04-08,15300,libéré,0.0
L2025-00470-1,CMD-2025-00470,2025-04-18,14200,libéré,0.0
L2025-00470-2,CMD-2025-00470,2025-04-19,14300,libéré,0.0
L2025-00471-1,CMD-2025-00471,2025-04-08,75000,libéré,0.0
L2025-00471-2,CMD-2025-00471,2025-04-05,75000,rejeté,237900.0
L2025-00472-1,CMD-2025-00472,2025-04-13,13300,libéré,0.0
L2025-00472-2,CMD-2025-00472,2025-03-26,13300,libéré,0.0
L2025-00472-3,CMD-2025-00472,2025-04-06,13400,libéré,0.0
L2025-00473-1,CMD-2025-00473,2025-04-03,41000,libéré,0.0
L2025-00473-2,CMD-2025-00473,2025-03-27,41000,libéré,0.0
L2025-00474-1,CMD-2025-00474,2025-04-08,17700,libéré,0.0
L2025-00474-2,CMD-2025-00474,2025-04-01,17800,retraité,11961.6
L2025-00475-1,CMD-2025-00475,2025-04-09,42500,libéré,0.0
L2025-00476-1,CMD-2025-00476,2025-04-15,15600,libéré,0.0
L2025-00476-2,CMD-2025-00476,2025-04-21,15600,libéré,0.0
L2025-00476-3,CMD-2025-00476,2025-04-03,15800,libéré,0.0
L2025-00477-1,CMD-2025-00477,2025-03-30,51200,libéré,0.0
L2025-00477-2,CMD-2025-00477,2025-04-03,51300,rejeté,210894.3
L2025-00478-1,CMD-2025-00478,2025-03-27,26000,libéré,0.0
L2025-00478-2,CMD-2025-00478,2025-04-06,26000,libéré,0.0
L2025-00479-1,CMD-2025-00479,2025-04-10,29000,libéré,0.0
L2025-00479-2,CMD-2025-00479,2025-03-31,29000,retraité,11662.35
L2025-00479-3,CMD-2025-00479,2025-03-27,29000,libéré,0.0
L2025-00480-1,CMD-2025-00480,2025-03-31,37000,libéré,0.0
L2025-00481-1,CMD-2025-00481,2025-04-09,11300,libéré,0.0
L2025-00481-2,CMD-2025-00481,2025-04-03,11300,libéré,0.0
L2025-00481-3,CMD-2025-00481,2025-04-19,11400,libéré,0.0
L2025-00482-1,CMD-2025-00482,2025-03-31,13600,libéré,0.0
L2025-00482-2,CMD-2025-00482,2025-04-05,13600,libéré,0.0
L2025-00482-3,CMD-2025-00482,2025-03-31,13800,libéré,0.0
L2025-00483-1,CMD-2025-00483,2025-03-28,49000,libéré,0.0
L2025-00484-1,CMD-2025-00484,2025-04-01,27500,libéré,0.0
L2025-00484-2,CMD-2025-00484,2025-04-17,27500,libéré,0.0
L2025-00485-1,CMD-2025-00485,2025-04-17,42500,libéré,0.0
L2025-00486-1,CMD-2025-00486,2025-04-09,69000,libéré,0.0
L2025-00487-1,CMD-2025-00487,2025-04-10,16500,libéré,0.0
L2025-00487-2,CMD-2025-00487,2025-04-02,16500,libéré,0.0
L2025-00487-3,CMD-2025-00487,2025-03-29,16500,libéré,0.0
L2025-00488-1,CMD-2025-00488,2025-04-27,32000,libéré,0.0
L2025-00489-1,CMD-2025-00489,2025-04-14,13200,libéré,0.0
L2025-00489-2,CMD-2025-00489,2025-04-18,13300,libéré,0.0
L2025-00490-1,CMD-2025-00490,2025-04-19,19500,libéré,0.0
L2025-00491-1,CMD-2025-00491,2025-04-27,23000,libéré,0.0
L2025-00491-2,CMD-2025-00491,2025-04-15,23000,libéré,0.0
L2025-00491-3,CMD-2025-00491,2025-04-10,23000,libéré,0.0
L2025-00492-1,CMD-2025-00492,2025-04-14,50000,libéré,0.0
L2025-00492-2,CMD-2025-00492,2025-04-14,50000,libéré,0.0
L2025-00492-3,CMD-2025-00492,2025-04-20,50000,libéré,0.0
L2025-00493-1,CMD-2025-00493,2025-04-02,22500,libéré,0.0
L2025-00494-1,CMD-2025-00494,2025-04-24,14800,libéré,0.0
L2025-00494-2,CMD-2025-00494,2025-04-20,14800,libéré,0.0
L2025-00494-3,CMD-2025-00494,2025-04-18,14900,libéré,0.0
L2025-00495-1,CMD-2025-00495,2025-04-01,32800,libéré,0.0
L2025-00495-2,CMD-2025-00495,2025-04-06,32800,libéré,0.0
L2025-00495-3,CMD-2025-00495,2025-04-02,32900,libéré,0.0
L2025-00496-1,CMD-2025-00496,2025-04-28,15700,libéré,0.0
L2025-00496-2,CMD-2025-00496,2025-04-12,15800,libéré,0.0
L2025-00497-1,CMD-2025-00497,2025-04-04,6300,retraité,3816.85
L2025-00497-2,CMD-2025-00497,2025-04-13,6300,libéré,0.0
L2025-00497-3,CMD-2025-00497,2025-04-14,6400,libéré,0.0
L2025-00498-1,CMD-2025-00498,2025-04-07,13500,libéré,0.0
L2025-00498-2,CMD-2025-00498,2025-04-07,13500,libéré,0.0
L2025-00498-3,CMD-2025-00498,2025-04-10,13500,libéré,0.0
L2025-00499-1,CMD-2025-00499,2025-05-02,8500,libéré,0.0
L2025-00499-2,CMD-2025-00499,2025-04-24,8500,libéré,0.0
L2025-00500-1,CMD-2025-00500,2025-04-08,7000,libéré,0.0
L2025-00500-2,CMD-2025-00500,2025-04-08,7000,libéré,0.0
L2025-00501-1,CMD-2025-00501,2025-04-09,23500,libéré,0.0
L2025-00501-2,CMD-2025-00501,2025-04-02,23500,libéré,0.0
L2025-00501-3,CMD-2025-00501,2025-04-06,23500,libéré,0.0
L2025-00502-1,CMD-2025-00502,2025-04-11,13000,libéré,0.0
L2025-00502-2,CMD-2025-00502,2025-04-06,13000,libéré,0.0
L2025-00503-1,CMD-2025-00503,2025-04-19,9600,libéré,0.0
L2025-00503-2,CMD-2025-00503,2025-04-25,9600,libéré,0.0
L2025-00503-3,CMD-2025-00503,2025-04-05,9800,libéré,0.0
L2025-00504-1,CMD-2025-00504,2025-04-07,54700,libéré,0.0
L2025-00504-2,CMD-2025-00504,2025-04-02,54800,libéré,0.0
L2025-00505-1,CMD-2025-00505,2025-04-05,15800,libéré,0.0
L2025-00505-2,CMD-2025-00505,2025-04-24,15800,libéré,0.0
L2025-00505-3,CMD-2025-00505,2025-04-26,15900,retraité,8268.8
L2025-00506-1,CMD-2025-00506,2025-04-16,7000,libéré,0.0
L2025-00506-2,CMD-2025-00506,2025-04-06,7000,libéré,0.0
L2025-00506-3,CMD-2025-00506,2025-04-06,7000,rejeté,28070.0
L2025-00507-1,CMD-2025-00507,2025-04-10,18800,libéré,0.0
L2025-00507-2,CMD-2025-00507,2025-04-06,18800,libéré,0.0
L2025-00507-3,CMD-2025-00507,2025-04-07,18900,libéré,0.0
L2025-00508-1,CMD-2025-00508,2025-04-03,12100,libéré,0.0
L2025-00508-2,CMD-2025-00508,2025-04-22,12100,rejeté,37062.3
L2025-00508-3,CMD-2025-00508,2025-04-13,12300,libéré,0.0
L2025-00509-1,CMD-2025-00509,2025-04-11,38000,libéré,0.0
L2025-00510-1,CMD-2025-00510,2025-04-04,59000,libéré,0.0
L2025-00511-1,CMD-2025-00511,2025-04-15,29000,libéré,0.0
L2025-00512-1,CMD-2025-00512,2025-05-08,29200,libéré,0.0
L2025-00512-2,CMD-2025-00512,2025-04-17,29300,libéré,0.0
L2025-00513-1,CMD-2025-00513,2025-04-12,12300,libéré,0.0
L2025-00513-2,CMD-2025-00513,2025-04-14,12300,libéré,0.0
L2025-00513-3,CMD-2025-00513,2025-04-16,12400,libéré,0.0
L2025-00514-1,CMD-2025-00514,2025-04-29,5000,libéré,0.0
L2025-00514-2,CMD-2025-00514,2025-04-10,5000,libéré,0.0
L2025-00515-1,CMD-2025-00515,2025-05-01,27500,libéré,0.0
L2025-00515-2,CMD-2025-00515,2025-05-01,27500,libéré,0.0
L2025-00516-1,CMD-2025-00516,2025-04-26,39000,libéré,0.0
L2025-00517-1,CMD-2025-00517,2025-04-08,9500,libéré,0.0
L2025-00517-2,CMD-2025-00517,2025-04-12,9500,libéré,0.0
L2025-00517-3,CMD-2025-00517,2025-04-13,9500,libéré,0.0
L2025-00518-1,CMD-2025-00518,2025-04-03,13000,libéré,0.0
L2025-00518-2,CMD-2025-00518,2025-04-13,13000,libéré,0.0
L2025-00519-1,CMD-2025-00519,2025-04-13,11000,libéré,0.0
L2025-00519-2,CMD-2025-00519,2025-04-14,11000,libéré,0.0
L2025-00519-3,CMD-2025-00519,2025-04-04,11000,libéré,0.0
L2025-00520-1,CMD-2025-00520,2025-04-13,16200,libéré,0.0
L2025-00520-2,CMD-2025-00520,2025-04-13,16300,libéré,0.0
L2025-00521-1,CMD-2025-00521,2025-04-22,10700,libéré,0.0
L2025-00521-2,CMD-2025-00521,2025-04-06,10800,libéré,0.0
L2025-00522-1,CMD-2025-00522,2025-05-04,29100,libéré,0.0
L2025-00522-2,CMD-2025-00522,2025-04-14,29100,libéré,0.0
L2025-00522-3,CMD-2025-00522,2025-05-08,29300,libéré,0.0
L2025-00523-1,CMD-2025-00523,2025-04-07,10600,libéré,0.0
L2025-00523-2,CMD-2025-00523,2025-05-02,10600,libéré,0.0
L2025-00523-3,CMD-2025-00523,2025-05-03,10800,libéré,0.0
L2025-00524-1,CMD-2025-00524,2025-04-12,50000,libéré,0.0
L2025-00525-1,CMD-2025-00525,2025-04-20,41500,libéré,0.0
L2025-00525-2,CMD-2025-00525,2025-04-08,41500,libéré,0.0
L2025-00526-1,CMD-2025-00526,2025-04-11,11200,libéré,0.0
L2025-00526-2,CMD-2025-00526,2025-04-20,11300,libéré,0.0
L2025-00527-1,CMD-2025-00527,2025-04-21,52500,libéré,0.0
L2025-00528-1,CMD-2025-00528,2025-04-06,15800,libéré,0.0
L2025-00528-2,CMD-2025-00528,2025-04-18,15800,libéré,0.0
L2025-00528-3,CMD-2025-00528,2025-04-19,15900,libéré,0.0
L2025-00529-1,CMD-2025-00529,2025-04-26,9600,retraité,4711.68
L2025-00529-2,CMD-2025-00529,2025-04-21,9600,libéré,0.0
L2025-00530-1,CMD-2025-00530,2025-04-19,12200,libéré,0.0
L2025-00530-2,CMD-2025-00530,2025-04-09,12300,retraité,5634.63
L2025-00531-1,CMD-2025-00531,2025-04-20,32000,libéré,0.0
L2025-00531-2,CMD-2025-00531,2025-04-09,32000,libéré,0.0
L2025-00531-3,CMD-2025-00531,2025-04-06,32000,libéré,0.0
L2025-00532-1,CMD-2025-00532,2025-04-20,34500,libéré,0.0
L2025-00533-1,CMD-2025-00533,2025-04-25,28500,libéré,0.0
L2025-00534-1,CMD-2025-00534,2025-04-12,30000,libéré,0.0
L2025-00534-2,CMD-2025-00534,2025-04-19,30000,libéré,0.0
L2025-00535-1,CMD-2025-00535,2025-04-17,37000,libéré,0.0
L2025-00536-1,CMD-2025-00536,2025-04-12,12600,retraité,7312.41
L2025-00536-2,CMD-2025-00536,2025-04-17,12600,libéré,0.0
L2025-00536-3,CMD-2025-00536,2025-04-17,12800,libéré,0.0
L2025-00537-1,CMD-2025-00537,2025-04-21,32100,libéré,0.0
L2025-00537-2,CMD-2025-00537,2025-04-25,32100,libéré,0.0
L2025-00537-3,CMD-2025-00537,2025-04-12,32300,libéré,0.0
L2025-00538-1,CMD-2025-00538,2025-04-23,31500,libéré,0.0
L2025-00538-2,CMD-2025-00538,2025-04-07,31500,libéré,0.0
L2025-00538-3,CMD-2025-00538,2025-04-24,31500,libéré,0.0
L2025-00539-1,CMD-2025-00539,2025-04-16,12000,libéré,0.0
L2025-00539-2,CMD-2025-00539,2025-04-17,12000,libéré,0.0
L2025-00539-3,CMD-2025-00539,2025-04-14,12000,libéré,0.0
L2025-00540-1,CMD-2025-00540,2025-04-13,27000,libéré,0.0
L2025-00541-1,CMD-2025-00541,2025-04-28,25500,libéré,0.0
L2025-00541-2,CMD-2025-00541,2025-04-13,25500,libéré,0.0
L2025-00542-1,CMD-2025-00542,2025-04-15,12700,libéré,0.0
L2025-00542-2,CMD-2025-00542,2025-04-13,12800,libéré,0.0
L2025-00543-1,CMD-2025-00543,2025-05-02,16100,libéré,0.0
L2025-00543-2,CMD-2025-00543,2025-05-11,16100,libéré,0.0
L2025-00543-3,CMD-2025-00543,2025-04-23,16300,libéré,0.0
L2025-00544-1,CMD-2025-00544,2025-04-27,58000,libéré,0.0
L2025-00545-1,CMD-2025-00545,2025-04-23,34500,libéré,0.0
L2025-00545-2,CMD-2025-00545,2025-04-09,34500,libéré,0.0
L2025-00545-3,CMD-2025-00545,2025-04-14,34500,libéré,0.0
L2025-00546-1,CMD-2025-00546,2025-04-10,42500,libéré,0.0
L2025-00546-2,CMD-2025-00546,2025-04-20,42500,libéré,0.0
L2025-00547-1,CMD-2025-00547,2025-04-13,10100,libéré,0.0
L2025-00547-2,CMD-2025-00547,2025-04-20,10100,libéré,0.0
L2025-00547-3,CMD-2025-00547,2025-04-12,10300,libéré,0.0
L2025-00548-1,CMD-2025-00548,2025-04-12,36500,libéré,0.0
L2025-00548-2,CMD-2025-00548,2025-04-17,36500,libéré,0.0
L2025-00549-1,CMD-2025-00549,2025-04-15,14500,libéré,0.0
L2025-00550-1,CMD-2025-00550,2025-04-16,72000,retraité,32324.4
L2025-00551-1,CMD-2025-00551,2025-05-01,8200,libéré,0.0
L2025-00551-2,CMD-2025-00551,2025-04-24,8300,libéré,0.0
L2025-00552-1,CMD-2025-00552,2025-04-23,21000,libéré,0.0
L2025-00553-1,CMD-2025-00553,2025-04-16,18700,libéré,0.0
L2025-00553-2,CMD-2025-00553,2025-04-12,18800,libéré,0.0
L2025-00554-1,CMD-2025-00554,2025-05-10,44500,libéré,0.0
L2025-00555-1,CMD-2025-00555,2025-04-25,41200,libéré,0.0
L2025-00555-2,CMD-2025-00555,2025-04-11,41300,libéré,0.0
L2025-00556-1,CMD-2025-00556,2025-04-28,64700,libéré,0.0
L2025-00556-2,CMD-2025-00556,2025-04-23,64800,libéré,0.0
L2025-00557-1,CMD-2025-00557,2025-05-16,15500,libéré,0.0
L2025-00557-2,CMD-2025-00557,2025-04-18,15500,libéré,0.0
L2025-00558-1,CMD-2025-00558,2025-04-12,7600,rejeté,31882.0
L2025-00558-2,CMD-2025-00558,2025-04-17,7600,libéré,0.0
L2025-00558-3,CMD-2025-00558,2025-04-29,7800,libéré,0.0
L2025-00559-1,CMD-2025-00559,2025-04-19,42000,libéré,0.0
L2025-00560-1,CMD-2025-00560,2025-04-24,47000,libéré,0.0
L2025-00561-1,CMD-2025-00561,2025-04-24,18000,libéré,0.0
L2025-00561-2,CMD-2025-00561,2025-04-22,18000,libéré,0.0
L2025-00562-1,CMD-2025-00562,2025-04-18,40700,libéré,0.0
L2025-00562-2,CMD-2025-00562,2025-04-13,40800,libéré,0.0
L2025-00563-1,CMD-2025-00563,2025-04-30,32000,libéré,0.0
L2025-00563-2,CMD-2025-00563,2025-04-19,32000,libéré,0.0
L2025-00563-3,CMD-2025-00563,2025-04-17,32000,libéré,0.0
L2025-00564-1,CMD-2025-00564,2025-04-20,25700,libéré,0.0
L2025-00564-2,CMD-2025-00564,2025-04-17,25800,libéré,0.0
L2025-00565-1,CMD-2025-00565,2025-05-04,27300,libéré,0.0
L2025-00565-2,CMD-2025-00565,2025-04-29,27300,libéré,0.0
L2025-00565-3,CMD-2025-00565,2025-04-29,27400,libéré,0.0
L2025-00566-1,CMD-2025-00566,2025-04-19,14300,libéré,0.0
L2025-00566-2,CMD-2025-00566,2025-04-22,14300,libéré,0.0
L2025-00566-3,CMD-2025-00566,2025-04-14,14400,libéré,0.0
L2025-00567-1,CMD-2025-00567,2025-04-17,13600,libéré,0.0
L2025-00567-2,CMD-2025-00567,2025-04-24,13600,libéré,0.0
L2025-00567-3,CMD-2025-00567,2025-04-14,13800,libéré,0.0
L2025-00568-1,CMD-2025-00568,2025-05-03,9700,libéré,0.0
L2025-00568-2,CMD-2025-00568,2025-05-21,9800,libéré,0.0
L2025-00569-1,CMD-2025-00569,2025-04-18,10000,libéré,0.0
L2025-00570-1,CMD-2025-00570,2025-05-05,20600,libéré,0.0
L2025-00570-2,CMD-2025-00570,2025-04-28,20600,libéré,0.0
L2025-00570-3,CMD-2025-00570,2025-05-02,20800,libéré,0.0
L2025-00571-1,CMD-2025-00571,2025-05-03,33500,libéré,0.0
L2025-00571-2,CMD-2025-00571,2025-05-04,33500,libéré,0.0
L2025-00571-3,CMD-2025-00571,2025-04-21,33500,libéré,0.0
L2025-00572-1,CMD-2025-00572,2025-04-23,47000,libéré,0.0
L2025-00572-2,CMD-2025-00572,2025-04-25,47000,libéré,0.0
L2025-00572-3,CMD-2025-00572,2025-04-24,47000,libéré,0.0
L2025-00573-1,CMD-2025-00573,2025-04-20,26100,libéré,0.0
L2025-00573-2,CMD-2025-00573,2025-04-26,26100,libéré,0.0
L2025-00573-3,CMD-2025-00573,2025-04-14,26300,libéré,0.0
L2025-00574-1,CMD-2025-00574,2025-04-21,20000,libéré,0.0
L2025-00574-2,CMD-2025-00574,2025-04-18,20000,libéré,0.0
L2025-00575-1,CMD-2025-00575,2025-05-02,14500,libéré,0.0
L2025-00576-1,CMD-2025-00576,2025-05-07,14200,libéré,0.0
L2025-00576-2,CMD-2025-00576,2025-04-15,14300,libéré,0.0
L2025-00577-1,CMD-2025-00577,2025-05-17,35500,libéré,0.0
L2025-00577-2,CMD-2025-00577,2025-04-18,35500,libéré,0.0
L2025-00577-3,CMD-2025-00577,2025-04-16,35500,libéré,0.0
L2025-00578-1,CMD-2025-00578,2025-04-23,12800,libéré,0.0
L2025-00578-2,CMD-2025-00578,2025-04-28,12800,libéré,0.0
L2025-00578-3,CMD-2025-00578,2025-04-27,12900,libéré,0.0
L2025-00579-1,CMD-2025-00579,2025-04-21,30000,libéré,0.0
L2025-00579-2,CMD-2025-00579,2025-04-23,30000,libéré,0.0
L2025-00580-1,CMD-2025-00580,2025-04-30,18800,libéré,0.0
L2025-00580-2,CMD-2025-00580,2025-05-02,18800,libéré,0.0
L2025-00580-3,CMD-2025-00580,2025-04-18,18900,libéré,0.0
L2025-00581-1,CMD-2025-00581,2025-04-25,66500,libéré,0.0
L2025-00582-1,CMD-2025-00582,2025-05-06,14200,libéré,0.0
L2025-00582-2,CMD-2025-00582,2025-04-16,14300,libéré,0.0
L2025-00583-1,CMD-2025-00583,2025-04-15,62000,libéré,0.0
L2025-00583-2,CMD-2025-00583,2025-04-22,62000,libéré,0.0
L2025-00584-1,CMD-2025-00584,2025-04-20,23500,libéré,0.0
L2025-00584-2,CMD-2025-00584,2025-04-20,23500,libéré,0.0
L2025-00584-3,CMD-2025-00584,2025-04-18,23500,libéré,0.0
L2025-00585-1,CMD-2025-00585,2025-04-23,26500,rejeté,115222.0
L2025-00586-1,CMD-2025-00586,2025-04-26,18100,retraité,11120.64
L2025-00586-2,CMD-2025-00586,2025-05-07,18100,rejeté,74137.6
L2025-00586-3,CMD-2025-00586,2025-05-12,18300,libéré,0.0
L2025-00587-1,CMD-2025-00587,2025-04-24,5000,libéré,0.0
L2025-00587-2,CMD-2025-00587,2025-04-27,5000,libéré,0.0
L2025-00588-1,CMD-2025-00588,2025-04-19,71000,libéré,0.0
L2025-00589-1,CMD-2025-00589,2025-05-12,20000,libéré,0.0
L2025-00589-2,CMD-2025-00589,2025-04-27,20000,libéré,0.0
L2025-00590-1,CMD-2025-00590,2025-04-23,37000,libéré,0.0
L2025-00590-2,CMD-2025-00590,2025-05-06,37000,libéré,0.0
L2025-00591-1,CMD-2025-00591,2025-04-24,17800,libéré,0.0
L2025-00591-2,CMD-2025-00591,2025-05-09,17800,libéré,0.0
L2025-00591-3,CMD-2025-00591,2025-05-08,17900,libéré,0.0
L2025-00592-1,CMD-2025-00592,2025-05-01,24500,libéré,0.0
L2025-00592-2,CMD-2025-00592,2025-04-27,24500,libéré,0.0
L2025-00593-1,CMD-2025-00593,2025-04-27,42500,libéré,0.0
L2025-00594-1,CMD-2025-00594,2025-05-22,36500,libéré,0.0
L2025-00595-1,CMD-2025-00595,2025-04-29,18100,libéré,0.0
L2025-00595-2,CMD-2025-00595,2025-05-17,18100,libéré,0.0
L2025-00595-3,CMD-2025-00595,2025-04-29,18300,libéré,0.0
L2025-00596-1,CMD-2025-00596,2025-04-28,31000,libéré,0.0
L2025-00597-1,CMD-2025-00597,2025-05-08,9100,libéré,0.0
L2025-00597-2,CMD-2025-00597,2025-04-20,9100,libéré,0.0
L2025-00597-3,CMD-2025-00597,2025-04-24,9300,libéré,0.0
L2025-00598-1,CMD-2025-00598,2025-04-28,68500,libéré,0.0
L2025-00598-2,CMD-2025-00598,2025-05-15,68500,libéré,0.0
L2025-00599-1,CMD-2025-00599,2025-04-20,7600,libéré,0.0
L2025-00599-2,CMD-2025-00599,2025-05-14,7600,libéré,0.0
L2025-00599-3,CMD-2025-00599,2025-05-06,7800,libéré,0.0
L2025-00600-1,CMD-2025-00600,2025-05-02,37500,libéré,0.0
L2025-00600-2,CMD-2025-00600,2025-05-13,37500,libéré,0.0
L2025-00601-1,CMD-2025-00601,2025-04-30,33300,libéré,0.0
L2025-00601-2,CMD-2025-00601,2025-05-06,33300,libéré,0.0
L2025-00601-3,CMD-2025-00601,2025-05-06,33400,libéré,0.0
L2025-00602-1,CMD-2025-00602,2025-04-23,10100,libéré,0.0
L2025-00602-2,CMD-2025-00602,2025-04-24,10100,retraité,4696.5
L2025-00602-3,CMD-2025-00602,2025-05-10,10300,libéré,0.0
L2025-00603-1,CMD-2025-00603,2025-05-03,8700,libéré,0.0
L2025-00603-2,CMD-2025-00603,2025-04-22,8800,libéré,0.0
L2025-00604-1,CMD-2025-00604,2025-05-09,75000,libéré,0.0
L2025-00604-2,CMD-2025-00604,2025-05-05,75000,libéré,0.0
L2025-00605-1,CMD-2025-00605,2025-04-28,31500,retraité,13456.8
L2025-00606-1,CMD-2025-00606,2025-05-11,21500,rejeté,47816.0
L2025-00607-1,CMD-2025-00607,2025-04-27,18500,libéré,0.0
L2025-00607-2,CMD-2025-00607,2025-05-12,18500,libéré,0.0
L2025-00608-1,CMD-2025-00608,2025-04-23,13000,libéré,0.0
L2025-00609-1,CMD-2025-00609,2025-04-27,74000,libéré,0.0
L2025-00610-1,CMD-2025-00610,2025-05-14,16800,libéré,0.0
L2025-00610-2,CMD-2025-00610,2025-05-10,16800,libéré,0.0
L2025-00610-3,CMD-2025-00610,2025-05-02,16900,libéré,0.0
L2025-00611-1,CMD-2025-00611,2025-05-19,37500,libéré,0.0
L2025-00612-1,CMD-2025-00612,2025-04-24,16700,libéré,0.0
L2025-00612-2,CMD-2025-00612,2025-05-11,16800,libéré,0.0
L2025-00613-1,CMD-2025-00613,2025-05-01,17200,libéré,0.0
L2025-00613-2,CMD-2025-00613,2025-05-03,17300,libéré,0.0
L2025-00614-1,CMD-2025-00614,2025-05-01,62700,libéré,0.0
L2025-00614-2,CMD-2025-00614,2025-05-03,62800,libéré,0.0
L2025-00615-1,CMD-2025-00615,2025-04-25,33100,rejeté,105655.2
L2025-00615-2,CMD-2025-00615,2025-05-11,33100,libéré,0.0
L2025-00615-3,CMD-2025-00615,2025-05-05,33300,libéré,0.0
L2025-00616-1,CMD-2025-00616,2025-05-01,41600,libéré,0.0
L2025-00616-2,CMD-2025-00616,2025-05-05,41600,libéré,0.0
L2025-00616-3,CMD-2025-00616,2025-05-04,41800,libéré,0.0
L2025-00617-1,CMD-2025-00617,2025-05-04,49700,libéré,0.0
L2025-00617-2,CMD-2025-00617,2025-05-03,49800,libéré,0.0
L2025-00618-1,CMD-2025-00618,2025-04-26,17000,libéré,0.0
L2025-00618-2,CMD-2025-00618,2025-05-03,17000,libéré,0.0
L2025-00619-1,CMD-2025-00619,2025-04-24,19200,libéré,0.0
L2025-00619-2,CMD-2025-00619,2025-04-24,19300,libéré,0.0
L2025-00620-1,CMD-2025-00620,2025-05-12,14200,libéré,0.0
L2025-00620-2,CMD-2025-00620,2025-05-16,14300,libéré,0.0
L2025-00621-1,CMD-2025-00621,2025-05-18,20500,libéré,0.0
L2025-00622-1,CMD-2025-00622,2025-05-11,5000,libéré,0.0
L2025-00622-2,CMD-2025-00622,2025-04-23,5000,libéré,0.0
L2025-00623-1,CMD-2025-00623,2025-04-26,10100,libéré,0.0
L2025-00623-2,CMD-2025-00623,2025-04-28,10100,libéré,0.0
L2025-00623-3,CMD-2025-00623,2025-05-13,10300,libéré,0.0
L2025-00624-1,CMD-2025-00624,2025-05-04,19100,libéré,0.0
L2025-00624-2,CMD-2025-00624,2025-04-29,19100,libéré,0.0
L2025-00624-3,CMD-2025-00624,2025-04-24,19300,libéré,0.0
L2025-00625-1,CMD-2025-00625,2025-05-22,24000,libéré,0.0
L2025-00625-2,CMD-2025-00625,2025-06-03,24000,libéré,0.0
L2025-00626-1,CMD-2025-00626,2025-05-03,19500,libéré,0.0
L2025-00626-2,CMD-2025-00626,2025-04-27,19500,libéré,0.0
L2025-00627-1,CMD-2025-00627,2025-05-14,38000,libéré,0.0
L2025-00628-1,CMD-2025-00628,2025-05-16,14500,libéré,0.0
L2025-00628-2,CMD-2025-00628,2025-05-18,14500,libéré,0.0
L2025-00629-1,CMD-2025-00629,2025-05-01,14100,libéré,0.0
L2025-00629-2,CMD-2025-00629,2025-05-08,14100,rejeté,43597.2
L2025-00629-3,CMD-2025-00629,2025-05-07,14300,libéré,0.0
L2025-00630-1,CMD-2025-00630,2025-05-03,61500,libéré,0.0
L2025-00630-2,CMD-2025-00630,2025-05-10,61500,libéré,0.0
L2025-00631-1,CMD-2025-00631,2025-05-12,30000,libéré,0.0
L2025-00632-1,CMD-2025-00632,2025-05-06,27000,libéré,0.0
L2025-00633-1,CMD-2025-00633,2025-05-03,11300,libéré,0.0
L2025-00633-2,CMD-2025-00633,2025-05-10,11300,libéré,0.0
L2025-00633-3,CMD-2025-00633,2025-05-02,11400,libéré,0.0
L2025-00634-1,CMD-2025-00634,2025-04-29,75000,libéré,0.0
L2025-00634-2,CMD-2025-00634,2025-04-28,75000,libéré,0.0
L2025-00635-1,CMD-2025-00635,2025-05-08,40600,libéré,0.0
L2025-00635-2,CMD-2025-00635,2025-04-28,40600,libéré,0.0
L2025-00635-3,CMD-2025-00635,2025-05-12,40800,libéré,0.0
L2025-00636-1,CMD-2025-00636,2025-05-21,7100,libéré,0.0
L2025-00636-2,CMD-2025-00636,2025-05-13,7100,libéré,0.0
L2025-00636-3,CMD-2025-00636,2025-04-28,7300,libéré,0.0
L2025-00637-1,CMD-2025-00637,2025-05-12,20000,libéré,0.0
L2025-00638-1,CMD-2025-00638,2025-05-16,17700,libéré,0.0
L2025-00638-2,CMD-2025-00638,2025-05-21,17800,libéré,0.0
L2025-00639-1,CMD-2025-00639,2025-05-16,45000,libéré,0.0
L2025-00639-2,CMD-2025-00639,2025-05-12,45000,libéré,0.0
L2025-00640-1,CMD-2025-00640,2025-05-03,9000,libéré,0.0
L2025-00640-2,CMD-2025-00640,2025-04-30,9000,libéré,0.0
L2025-00641-1,CMD-2025-00641,2025-05-07,23200,libéré,0.0
L2025-00641-2,CMD-2025-00641,2025-05-15,23300,retraité,13480.22
L2025-00642-1,CMD-2025-00642,2025-05-07,29000,libéré,0.0
L2025-00643-1,CMD-2025-00643,2025-05-07,14500,libéré,0.0
L2025-00643-2,CMD-2025-00643,2025-05-05,14500,libéré,0.0
L2025-00644-1,CMD-2025-00644,2025-05-16,40200,libéré,0.0
L2025-00644-2,CMD-2025-00644,2025-05-21,40300,libéré,0.0
L2025-00645-1,CMD-2025-00645,2025-05-06,21500,libéré,0.0
L2025-00645-2,CMD-2025-00645,2025-05-03,21500,libéré,0.0
L2025-00646-1,CMD-2025-00646,2025-05-12,71500,libéré,0.0
L2025-00646-2,CMD-2025-00646,2025-05-23,71500,libéré,0.0
L2025-00647-1,CMD-2025-00647,2025-05-09,11300,libéré,0.0
L2025-00647-2,CMD-2025-00647,2025-05-08,11300,libéré,0.0
L2025-00647-3,CMD-2025-00647,2025-05-18,11400,libéré,0.0
L2025-00648-1,CMD-2025-00648,2025-05-10,6100,libéré,0.0
L2025-00648-2,CMD-2025-00648,2025-05-02,6100,libéré,0.0
L2025-00648-3,CMD-2025-00648,2025-05-03,6300,libéré,0.0
L2025-00649-1,CMD-2025-00649,2025-05-06,7000,libéré,0.0
L2025-00649-2,CMD-2025-00649,2025-05-06,7000,rejeté,28000.0
L2025-00649-3,CMD-2025-00649,2025-05-01,7000,libéré,0.0
L2025-00650-1,CMD-2025-00650,2025-05-03,27000,libéré,0.0
L2025-00651-1,CMD-2025-00651,2025-05-05,38000,libéré,0.0
L2025-00652-1,CMD-2025-00652,2025-05-01,7500,libéré,0.0
L2025-00652-2,CMD-2025-00652,2025-05-03,7500,libéré,0.0
L2025-00652-3,CMD-2025-00652,2025-05-10,7500,libéré,0.0
L2025-00653-1,CMD-2025-00653,2025-05-15,16500,libéré,0.0
L2025-00653-2,CMD-2025-00653,2025-05-10,16500,libéré,0.0
L2025-00654-1,CMD-2025-00654,2025-05-21,10200,libéré,0.0
L2025-00654-2,CMD-2025-00654,2025-05-03,10300,libéré,0.0
L2025-00655-1,CMD-2025-00655,2025-05-04,7000,libéré,0.0
L2025-00655-2,CMD-2025-00655,2025-04-29,7000,libéré,0.0
L2025-00655-3,CMD-2025-00655,2025-05-06,7000,retraité,2887.5
L2025-00656-1,CMD-2025-00656,2025-05-16,29000,libéré,0.0
L2025-00656-2,CMD-2025-00656,2025-04-29,29000,libéré,0.0
L2025-00656-3,CMD-2025-00656,2025-05-12,29000,libéré,0.0
L2025-00657-1,CMD-2025-00657,2025-04-29,18000,libéré,0.0
L2025-00658-1,CMD-2025-00658,2025-05-04,64500,libéré,0.0
L2025-00659-1,CMD-2025-00659,2025-05-17,47500,libéré,0.0
L2025-00660-1,CMD-2025-00660,2025-05-19,14000,libéré,0.0
L2025-00660-2,CMD-2025-00660,2025-05-01,14000,libéré,0.0
L2025-00660-3,CMD-2025-00660,2025-05-11,14000,libéré,0.0
L2025-00661-1,CMD-2025-00661,2025-05-14,22300,libéré,0.0
L2025-00661-2,CMD-2025-00661,2025-05-17,22300,libéré,0.0
L2025-00661-3,CMD-2025-00661,2025-05-04,22400,libéré,0.0
L2025-00662-1,CMD-2025-00662,2025-05-12,9800,libéré,0.0
L2025-00662-2,CMD-2025-00662,2025-05-25,9800,libéré,0.0
L2025-00662-3,CMD-2025-00662,2025-05-17,9900,rejeté,48262.5
L2025-00663-1,CMD-2025-00663,2025-05-12,16500,libéré,0.0
L2025-00663-2,CMD-2025-00663,2025-05-08,16500,libéré,0.0
L2025-00664-1,CMD-2025-00664,2025-05-08,19100,libéré,0.0
L2025-00664-2,CMD-2025-00664,2025-05-05,19100,libéré,0.0
L2025-00664-3,CMD-2025-00664,2025-05-08,19300,libéré,0.0
L2025-00665-1,CMD-2025-00665,2025-05-17,12100,libéré,0.0
L2025-00665-2,CMD-2025-00665,2025-05-16,12100,libéré,0.0
L2025-00665-3,CMD-2025-00665,2025-05-03,12300,libéré,0.0
L2025-00666-1,CMD-2025-00666,2025-05-16,16000,libéré,0.0
L2025-00666-2,CMD-2025-00666,2025-05-06,16000,libéré,0.0
L2025-00667-1,CMD-2025-00667,2025-05-22,31500,libéré,0.0
L2025-00668-1,CMD-2025-00668,2025-05-05,30000,libéré,0.0
L2025-00669-1,CMD-2025-00669,2025-05-05,8000,libéré,0.0
L2025-00669-2,CMD-2025-00669,2025-05-15,8000,libéré,0.0
L2025-00669-3,CMD-2025-00669,2025-05-04,8000,retraité,3367.2
L2025-00670-1,CMD-2025-00670,2025-05-10,19000,libéré,0.0
L2025-00671-1,CMD-2025-00671,2025-05-13,28600,libéré,0.0
L2025-00671-2,CMD-2025-00671,2025-05-11,28600,libéré,0.0
L2025-00671-3,CMD-2025-00671,2025-05-08,28800,libéré,0.0
L2025-00672-1,CMD-2025-00672,2025-05-14,48000,libéré,0.0
L2025-00672-2,CMD-2025-00672,2025-05-17,48000,libéré,0.0
L2025-00672-3,CMD-2025-00672,2025-05-07,48000,libéré,0.0
L2025-00673-1,CMD-2025-00673,2025-05-08,14700,libéré,0.0
L2025-00673-2,CMD-2025-00673,2025-05-21,14800,libéré,0.0
L2025-00674-1,CMD-2025-00674,2025-05-11,32500,libéré,0.0
L2025-00675-1,CMD-2025-00675,2025-05-10,33500,libéré,0.0
L2025-00676-1,CMD-2025-00676,2025-05-05,8500,libéré,0.0
L2025-00676-2,CMD-2025-00676,2025-05-19,8500,libéré,0.0
L2025-00676-3,CMD-2025-00676,2025-05-21,8500,libéré,0.0
L2025-00677-1,CMD-2025-00677,2025-05-22,10000,libéré,0.0
L2025-00678-1,CMD-2025-00678,2025-05-16,14500,libéré,0.0
L2025-00679-1,CMD-2025-00679,2025-05-16,33000,libéré,0.0
L2025-00679-2,CMD-2025-00679,2025-05-15,33000,libéré,0.0
L2025-00680-1,CMD-2025-00680,2025-05-21,19200,libéré,0.0
L2025-00680-2,CMD-2025-00680,2025-05-15,19300,libéré,0.0
L2025-00681-1,CMD-2025-00681,2025-05-11,21700,libéré,0.0
L2025-00681-2,CMD-2025-00681,2025-05-25,21800,libéré,0.0
L2025-00682-1,CMD-2025-00682,2025-06-04,40300,libéré,0.0
L2025-00682-2,CMD-2025-00682,2025-05-30,40300,libéré,0.0
L2025-00682-3,CMD-2025-00682,2025-05-08,40400,libéré,0.0
L2025-00683-1,CMD-2025-00683,2025-06-09,18000,libéré,0.0
L2025-00684-1,CMD-2025-00684,2025-05-27,27800,libéré,0.0
L2025-00684-2,CMD-2025-00684,2025-05-14,27800,libéré,0.0
L2025-00684-3,CMD-2025-00684,2025-05-08,27900,libéré,0.0
L2025-00685-1,CMD-2025-00685,2025-05-29,12800,retraité,8864.64
L2025-00685-2,CMD-2025-00685,2025-05-22,12800,libéré,0.0
L2025-00685-3,CMD-2025-00685,2025-05-16,12900,libéré,0.0
L2025-00686-1,CMD-2025-00686,2025-05-14,36000,libéré,0.0
L2025-00687-1,CMD-2025-00687,2025-05-26,63000,libéré,0.0
L2025-00688-1,CMD-2025-00688,2025-05-13,19500,libéré,0.0
L2025-00688-2,CMD-2025-00688,2025-05-16,19500,libéré,0.0
L2025-00689-1,CMD-2025-00689,2025-05-18,12800,libéré,0.0
L2025-00689-2,CMD-2025-00689,2025-05-07,12800,libéré,0.0
L2025-00689-3,CMD-2025-00689,2025-05-25,12900,libéré,0.0
L2025-00690-1,CMD-2025-00690,2025-05-14,32200,libéré,0.0
L2025-00690-2,CMD-2025-00690,2025-05-13,32300,retraité,26841.3
L2025-00691-1,CMD-2025-00691,2025-05-17,17500,libéré,0.0
L2025-00691-2,CMD-2025-00691,2025-05-12,17500,libéré,0.0
L2025-00691-3,CMD-2025-00691,2025-05-13,17500,libéré,0.0
L2025-00692-1,CMD-2025-00692,2025-05-11,29500,libéré,0.0
L2025-00693-1,CMD-2025-00693,2025-05-14,6700,libéré,0.0
L2025-00693-2,CMD-2025-00693,2025-05-13,6800,libéré,0.0
L2025-00694-1,CMD-2025-00694,2025-05-11,5700,libéré,0.0
L2025-00694-2,CMD-2025-00694,2025-05-15,5800,libéré,0.0
L2025-00695-1,CMD-2025-00695,2025-05-17,15000,libéré,0.0
L2025-00696-1,CMD-2025-00696,2025-05-19,43500,libéré,0.0
L2025-00697-1,CMD-2025-00697,2025-05-10,30000,libéré,0.0
L2025-00698-1,CMD-2025-00698,2025-05-13,22000,libéré,0.0
L2025-00699-1,CMD-2025-00699,2025-05-21,68500,libéré,0.0
L2025-00700-1,CMD-2025-00700,2025-05-16,30000,libéré,0.0
L2025-00701-1,CMD-2025-00701,2025-05-07,20300,libéré,0.0
L2025-00701-2,CMD-2025-00701,2025-05-09,20300,libéré,0.0
L2025-00701-3,CMD-2025-00701,2025-05-10,20400,libéré,0.0
L2025-00702-1,CMD-2025-00702,2025-05-18,12500,libéré,0.0
L2025-00703-1,CMD-2025-00703,2025-05-21,14800,libéré,0.0
L2025-00703-2,CMD-2025-00703,2025-05-17,14800,libéré,0.0
L2025-00703-3,CMD-2025-00703,2025-06-03,14900,libéré,0.0
L2025-00704-1,CMD-2025-00704,2025-05-13,45000,libéré,0.0
L2025-00705-1,CMD-2025-00705,2025-05-14,49000,libéré,0.0
L2025-00705-2,CMD-2025-00705,2025-05-22,49000,libéré,0.0
L2025-00706-1,CMD-2025-00706,2025-05-14,20200,libéré,0.0
L2025-00706-2,CMD-2025-00706,2025-05-23,20300,libéré,0.0
L2025-00707-1,CMD-2025-00707,2025-05-16,13000,libéré,0.0
L2025-00707-2,CMD-2025-00707,2025-05-15,13000,libéré,0.0
L2025-00708-1,CMD-2025-00708,2025-05-07,10500,retraité,4536.0
L2025-00708-2,CMD-2025-00708,2025-05-25,10500,libéré,0.0
L2025-00708-3,CMD-2025-00708,2025-06-02,10500,libéré,0.0
L2025-00709-1,CMD-2025-00709,2025-05-24,48000,libéré,0.0
L2025-00710-1,CMD-2025-00710,2025-05-17,35000,libéré,0.0
L2025-00710-2,CMD-2025-00710,2025-05-09,35000,libéré,0.0
L2025-00710-3,CMD-2025-00710,2025-05-20,35000,libéré,0.0
L2025-00711-1,CMD-2025-00711,2025-05-11,17500,libéré,0.0
L2025-00711-2,CMD-2025-00711,2025-05-10,17500,libéré,0.0
L2025-00712-1,CMD-2025-00712,2025-05-11,21600,libéré,0.0
L2025-00712-2,CMD-2025-00712,2025-05-11,21600,libéré,0.0
L2025-00712-3,CMD-2025-00712,2025-05-20,21800,libéré,0.0
L2025-00713-1,CMD-2025-00713,2025-05-13,17500,libéré,0.0
L2025-00713-2,CMD-2025-00713,2025-05-16,17500,libéré,0.0
L2025-00713-3,CMD-2025-00713,2025-05-13,17500,libéré,0.0
L2025-00714-1,CMD-2025-00714,2025-05-19,20500,libéré,0.0
L2025-00715-1,CMD-2025-00715,2025-05-12,10400,rejeté,47465.6
L2025-00715-2,CMD-2025-00715,2025-05-16,10400,libéré,0.0
L2025-00715-3,CMD-2025-00715,2025-05-15,10600,libéré,0.0
L2025-00716-1,CMD-2025-00716,2025-05-27,25500,libéré,0.0
L2025-00716-2,CMD-2025-00716,2025-05-25,25500,libéré,0.0
L2025-00717-1,CMD-2025-00717,2025-05-14,32000,libéré,0.0
L2025-00717-2,CMD-2025-00717,2025-05-10,32000,retraité,21883.2
L2025-00717-3,CMD-2025-00717,2025-05-23,32000,libéré,0.0
L2025-00718-1,CMD-2025-00718,2025-05-11,31000,retraité,19302.15
L2025-00718-2,CMD-2025-00718,2025-05-22,31000,libéré,0.0
L2025-00719-1,CMD-2025-00719,2025-05-17,61500,libéré,0.0
L2025-00720-1,CMD-2025-00720,2025-05-15,26000,libéré,0.0
L2025-00720-2,CMD-2025-00720,2025-05-28,26000,libéré,0.0
L2025-00720-3,CMD-2025-00720,2025-05-11,26000,libéré,0.0
L2025-00721-1,CMD-2025-00721,2025-06-06,35000,retraité,15366.75
L2025-00721-2,CMD-2025-00721,2025-05-24,35000,libéré,0.0
L2025-00722-1,CMD-2025-00722,2025-06-15,40000,libéré,0.0
L2025-00722-2,CMD-2025-00722,2025-06-14,40000,libéré,0.0
L2025-00723-1,CMD-2025-00723,2025-05-24,31000,rejeté,92163.0
L2025-00724-1,CMD-2025-00724,2025-05-14,20000,libéré,0.0
L2025-00725-1,CMD-2025-00725,2025-05-29,23200,libéré,0.0
L2025-00725-2,CMD-2025-00725,2025-05-14,23300,libéré,0.0
L2025-00726-1,CMD-2025-00726,2025-05-28,39500,libéré,0.0
L2025-00727-1,CMD-2025-00727,2025-05-31,10000,libéré,0.0
L2025-00728-1,CMD-2025-00728,2025-05-19,22500,libéré,0.0
L2025-00728-2,CMD-2025-00728,2025-05-12,22500,libéré,0.0
L2025-00729-1,CMD-2025-00729,2025-05-30,12700,libéré,0.0
L2025-00729-2,CMD-2025-00729,2025-05-21,12800,retraité,5527.68
L2025-00730-1,CMD-2025-00730,2025-06-06,17500,libéré,0.0
L2025-00730-2,CMD-2025-00730,2025-05-25,17500,libéré,0.0
L2025-00731-1,CMD-2025-00731,2025-06-05,24500,libéré,0.0
L2025-00731-2,CMD-2025-00731,2025-05-30,24500,libéré,0.0
L2025-00732-1,CMD-2025-00732,2025-05-20,25500,libéré,0.0
L2025-00732-2,CMD-2025-00732,2025-05-12,25500,libéré,0.0
L2025-00733-1,CMD-2025-00733,2025-05-21,75000,libéré,0.0
L2025-00733-2,CMD-2025-00733,2025-06-03,75000,libéré,0.0
L2025-00734-1,CMD-2025-00734,2025-05-21,75000,libéré,0.0
L2025-00734-2,CMD-2025-00734,2025-05-16,75000,libéré,0.0
L2025-00735-1,CMD-2025-00735,2025-05-12,64000,libéré,0.0
L2025-00736-1,CMD-2025-00736,2025-05-26,18200,libéré,0.0
L2025-00736-2,CMD-2025-00736,2025-05-21,18300,libéré,0.0
L2025-00737-1,CMD-2025-00737,2025-06-01,11200,libéré,0.0
L2025-00737-2,CMD-2025-00737,2025-05-30,11300,rejeté,60681.0
L2025-00738-1,CMD-2025-00738,2025-05-22,22800,libéré,0.0
L2025-00738-2,CMD-2025-00738,2025-05-27,22800,libéré,0.0
L2025-00738-3,CMD-2025-00738,2025-05-16,22900,libéré,0.0
L2025-00739-1,CMD-2025-00739,2025-05-18,6900,libéré,0.0
L2025-00739-2,CMD-2025-00739,2025-05-21,6900,libéré,0.0
L2025-00739-3,CMD-2025-00739,2025-05-22,7100,libéré,0.0
L2025-00740-1,CMD-2025-00740,2025-05-19,16000,libéré,0.0
L2025-00740-2,CMD-2025-00740,2025-05-12,16000,retraité,7730.4
L2025-00741-1,CMD-2025-00741,2025-06-03,38500,libéré,0.0
L2025-00742-1,CMD-2025-00742,2025-05-17,66500,libéré,0.0
L2025-00743-1,CMD-2025-00743,2025-05-30,31000,libéré,0.0
L2025-00744-1,CMD-2025-00744,2025-05-27,28700,libéré,0.0
L2025-00744-2,CMD-2025-00744,2025-05-15,28800,libéré,0.0
L2025-00745-1,CMD-2025-00745,2025-05-16,18700,libéré,0.0
L2025-00745-2,CMD-2025-00745,2025-05-23,18800,libéré,0.0
L2025-00746-1,CMD-2025-00746,2025-05-26,34000,libéré,0.0
L2025-00746-2,CMD-2025-00746,2025-05-20,34000,libéré,0.0
L2025-00747-1,CMD-2025-00747,2025-05-14,8800,retraité,5421.24
L2025-00747-2,CMD-2025-00747,2025-06-08,8800,libéré,0.0
L2025-00747-3,CMD-2025-00747,2025-05-24,8900,libéré,0.0
L2025-00748-1,CMD-2025-00748,2025-05-16,49500,libéré,0.0
L2025-00749-1,CMD-2025-00749,2025-05-26,24000,libéré,0.0
L2025-00749-2,CMD-2025-00749,2025-06-13,24000,libéré,0.0
L2025-00749-3,CMD-2025-00749,2025-05-20,24000,libéré,0.0
L2025-00750-1,CMD-2025-00750,2025-05-18,10000,libéré,0.0
L2025-00751-1,CMD-2025-00751,2025-05-21,24300,libéré,0.0
L2025-00751-2,CMD-2025-00751,2025-05-25,24300,libéré,0.0
L2025-00751-3,CMD-2025-00751,2025-05-15,24400,retraité,15419.58
L2025-00752-1,CMD-2025-00752,2025-06-06,14000,libéré,0.0
L2025-00753-1,CMD-2025-00753,2025-05-22,25500,libéré,0.0
L2025-00754-1,CMD-2025-00754,2025-05-18,13000,libéré,0.0
L2025-00754-2,CMD-2025-00754,2025-05-25,13000,libéré,0.0
L2025-00755-1,CMD-2025-00755,2025-05-29,26700,libéré,0.0
L2025-00755-2,CMD-2025-00755,2025-06-06,26800,libéré,0.0
L2025-00756-1,CMD-2025-00756,2025-06-04,29000,libéré,0.0
L2025-00757-1,CMD-2025-00757,2025-05-21,34500,libéré,0.0
L2025-00758-1,CMD-2025-00758,2025-05-19,34300,libéré,0.0
L2025-00758-2,CMD-2025-00758,2025-05-31,34300,libéré,0.0
L2025-00758-3,CMD-2025-00758,2025-06-02,34400,libéré,0.0
L2025-00759-1,CMD-2025-00759,2025-05-22,11600,libéré,0.0
L2025-00759-2,CMD-2025-00759,2025-05-29,11600,libéré,0.0
L2025-00759-3,CMD-2025-00759,2025-06-12,11800,libéré,0.0
L2025-00760-1,CMD-2025-00760,2025-05-24,36000,libéré,0.0
L2025-00761-1,CMD-2025-00761,2025-05-17,7500,libéré,0.0
L2025-00761-2,CMD-2025-00761,2025-05-20,7500,libéré,0.0
L2025-00761-3,CMD-2025-00761,2025-05-25,7500,libéré,0.0
L2025-00762-1,CMD-2025-00762,2025-06-03,11200,libéré,0.0
L2025-00762-2,CMD-2025-00762,2025-05-24,11300,libéré,0.0
L2025-00763-1,CMD-2025-00763,2025-05-26,39000,libéré,0.0
L2025-00764-1,CMD-2025-00764,2025-05-25,51500,libéré,0.0
L2025-00764-2,CMD-2025-00764,2025-05-27,51500,libéré,0.0
L2025-00765-1,CMD-2025-00765,2025-05-20,11000,retraité,7223.7
L2025-00766-1,CMD-2025-00766,2025-05-20,24700,libéré,0.0
L2025-00766-2,CMD-2025-00766,2025-05-19,24800,libéré,0.0
L2025-00767-1,CMD-2025-00767,2025-05-30,19500,libéré,0.0
L2025-00767-2,CMD-2025-00767,2025-06-12,19500,libéré,0.0
L2025-00767-3,CMD-2025-00767,2025-05-24,19500,libéré,0.0
L2025-00768-1,CMD-2025-00768,2025-05-23,15300,libéré,0.0
L2025-00768-2,CMD-2025-00768,2025-05-17,15300,libéré,0.0
L2025-00768-3,CMD-2025-00768,2025-05-23,15400,libéré,0.0
L2025-00769-1,CMD-2025-00769,2025-06-12,10800,libéré,0.0
L2025-00769-2,CMD-2025-00769,2025-05-27,10800,libéré,0.0
L2025-00769-3,CMD-2025-00769,2025-06-14,10900,libéré,0.0
L2025-00770-1,CMD-2025-00770,2025-05-22,13800,libéré,0.0
L2025-00770-2,CMD-2025-00770,2025-05-21,13800,libéré,0.0
L2025-00770-3,CMD-2025-00770,2025-05-29,13900,libéré,0.0
L2025-00771-1,CMD-2025-00771,2025-05-24,14500,libéré,0.0
L2025-00771-2,CMD-2025-00771,2025-05-17,14500,libéré,0.0
L2025-00772-1,CMD-2025-00772,2025-05-30,63000,libéré,0.0
L2025-00773-1,CMD-2025-00773,2025-06-26,29500,libéré,0.0
L2025-00773-2,CMD-2025-00773,2025-06-24,29500,libéré,0.0
L2025-00774-1,CMD-2025-00774,2025-05-26,10500,libéré,0.0
L2025-00775-1,CMD-2025-00775,2025-05-28,23000,libéré,0.0
L2025-00775-2,CMD-2025-00775,2025-05-18,23000,libéré,0.0
L2025-00776-1,CMD-2025-00776,2025-05-21,22700,libéré,0.0
L2025-00776-2,CMD-2025-00776,2025-05-24,22800,libéré,0.0
L2025-00777-1,CMD-2025-00777,2025-05-22,9300,libéré,0.0
L2025-00777-2,CMD-2025-00777,2025-06-06,9300,libéré,0.0
L2025-00777-3,CMD-2025-00777,2025-05-29,9400,retraité,4629.03
L2025-00778-1,CMD-2025-00778,2025-05-30,12100,libéré,0.0
L2025-00778-2,CMD-2025-00778,2025-05-20,12100,libéré,0.0
L2025-00778-3,CMD-2025-00778,2025-06-20,12300,libéré,0.0
L2025-00779-1,CMD-2025-00779,2025-06-09,31500,libéré,0.0
L2025-00780-1,CMD-2025-00780,2025-05-27,24600,libéré,0.0
L2025-00780-2,CMD-2025-00780,2025-05-27,24600,libéré,0.0
L2025-00780-3,CMD-2025-00780,2025-05-26,24800,libéré,0.0
L2025-00781-1,CMD-2025-00781,2025-05-29,16700,libéré,0.0
L2025-00781-2,CMD-2025-00781,2025-05-27,16800,libéré,0.0
L2025-00782-1,CMD-2025-00782,2025-05-22,40700,libéré,0.0
L2025-00782-2,CMD-2025-00782,2025-06-05,40800,libéré,0.0
L2025-00783-1,CMD-2025-00783,2025-06-04,28000,libéré,0.0
L2025-00783-2,CMD-2025-00783,2025-06-09,28000,libéré,0.0
L2025-00783-3,CMD-2025-00783,2025-05-26,28000,libéré,0.0
L2025-00784-1,CMD-2025-00784,2025-05-25,8100,libéré,0.0
L2025-00784-2,CMD-2025-00784,2025-05-23,8100,libéré,0.0
L2025-00784-3,CMD-2025-00784,2025-05-18,8300,libéré,0.0
L2025-00785-1,CMD-2025-00785,2025-05-20,58500,libéré,0.0
L2025-00786-1,CMD-2025-00786,2025-05-28,9800,libéré,0.0
L2025-00786-2,CMD-2025-00786,2025-05-26,9800,libéré,0.0
L2025-00786-3,CMD-2025-00786,2025-05-24,9900,libéré,0.0
L2025-00787-1,CMD-2025-00787,2025-06-13,24500,libéré,0.0
L2025-00788-1,CMD-2025-00788,2025-06-05,26000,libéré,0.0
L2025-00788-2,CMD-2025-00788,2025-06-22,26000,libéré,0.0
L2025-00789-1,CMD-2025-00789,2025-05-24,41000,libéré,0.0
L2025-00789-2,CMD-2025-00789,2025-06-14,41000,libéré,0.0
L2025-00790-1,CMD-2025-00790,2025-06-03,34000,libéré,0.0
L2025-00790-2,CMD-2025-00790,2025-05-25,34000,rejeté,98192.0
L2025-00790-3,CMD-2025-00790,2025-05-29,34000,libéré,0.0
L2025-00791-1,CMD-2025-00791,2025-05-21,17600,libéré,0.0
L2025-00791-2,CMD-2025-00791,2025-05-22,17600,libéré,0.0
L2025-00791-3,CMD-2025-00791,2025-06-02,17800,libéré,0.0
L2025-00792-1,CMD-2025-00792,2025-05-31,16700,libéré,0.0
L2025-00792-2,CMD-2025-00792,2025-06-01,16800,libéré,0.0
L2025-00793-1,CMD-2025-00793,2025-05-22,14300,rejeté,63434.8
L2025-00793-2,CMD-2025-00793,2025-05-27,14300,retraité,9515.22
L2025-00793-3,CMD-2025-00793,2025-05-20,14400,libéré,0.0
L2025-00794-1,CMD-2025-00794,2025-05-26,7500,libéré,0.0
L2025-00794-2,CMD-2025-00794,2025-05-28,7500,libéré,0.0
L2025-00794-3,CMD-2025-00794,2025-06-02,7500,libéré,0.0
L2025-00795-1,CMD-2025-00795,2025-06-19,45500,libéré,0.0
L2025-00796-1,CMD-2025-00796,2025-06-11,41000,libéré,0.0
L2025-00797-1,CMD-2025-00797,2025-06-18,12800,libéré,0.0
L2025-00797-2,CMD-2025-00797,2025-06-10,12800,libéré,0.0
L2025-00797-3,CMD-2025-00797,2025-06-06,12900,libéré,0.0
L2025-00798-1,CMD-2025-00798,2025-05-23,9500,libéré,0.0
L2025-00798-2,CMD-2025-00798,2025-05-31,9500,libéré,0.0
L2025-00798-3,CMD-2025-00798,2025-06-02,9500,libéré,0.0
L2025-00799-1,CMD-2025-00799,2025-06-12,69000,libéré,0.0
L2025-00800-1,CMD-2025-00800,2025-05-26,27000,libéré,0.0
L2025-00800-2,CMD-2025-00800,2025-05-24,27000,libéré,0.0
L2025-00801-1,CMD-2025-00801,2025-05-26,12200,libéré,0.0
L2025-00801-2,CMD-2025-00801,2025-05-23,12300,libéré,0.0
L2025-00802-1,CMD-2025-00802,2025-06-05,53000,libéré,0.0
L2025-00803-1,CMD-2025-00803,2025-06-01,12700,libéré,0.0
L2025-00803-2,CMD-2025-00803,2025-05-23,12800,libéré,0.0
L2025-00804-1,CMD-2025-00804,2025-06-05,16200,libéré,0.0
L2025-00804-2,CMD-2025-00804,2025-06-01,16300,libéré,0.0
L2025-00805-1,CMD-2025-00805,2025-06-12,61500,libéré,0.0
L2025-00805-2,CMD-2025-00805,2025-05-23,61500,rejeté,179334.0
L2025-00806-1,CMD-2025-00806,2025-06-06,18500,libéré,0.0
L2025-00806-2,CMD-2025-00806,2025-05-26,18500,libéré,0.0
L2025-00807-1,CMD-2025-00807,2025-06-09,14200,libéré,0.0
L2025-00807-2,CMD-2025-00807,2025-05-30,14300,libéré,0.0
L2025-00808-1,CMD-2025-00808,2025-06-23,10000,libéré,0.0
L2025-00809-1,CMD-2025-00809,2025-06-25,6000,libéré,0.0
L2025-00809-2,CMD-2025-00809,2025-06-24,6000,libéré,0.0
L2025-00810-1,CMD-2025-00810,2025-05-25,47000,libéré,0.0
L2025-00811-1,CMD-2025-00811,2025-05-29,25000,retraité,10252.5
L2025-00811-2,CMD-2025-00811,2025-05-26,25000,libéré,0.0
L2025-00812-1,CMD-2025-00812,2025-06-03,8000,libéré,0.0
L2025-00812-2,CMD-2025-00812,2025-06-02,8000,libéré,0.0
L2025-00812-3,CMD-2025-00812,2025-05-27,8000,libéré,0.0
L2025-00813-1,CMD-2025-00813,2025-05-31,10700,libéré,0.0
L2025-00813-2,CMD-2025-00813,2025-06-08,10800,libéré,0.0
L2025-00814-1,CMD-2025-00814,2025-05-28,43000,libéré,0.0
L2025-00815-1,CMD-2025-00815,2025-06-09,15200,libéré,0.0
L2025-00815-2,CMD-2025-00815,2025-05-24,15300,libéré,0.0
L2025-00816-1,CMD-2025-00816,2025-05-29,26200,libéré,0.0
L2025-00816-2,CMD-2025-00816,2025-06-19,26300,libéré,0.0
L2025-00817-1,CMD-2025-00817,2025-06-03,51000,libéré,0.0
L2025-00817-2,CMD-2025-00817,2025-05-29,51000,libéré,0.0
L2025-00818-1,CMD-2025-00818,2025-06-12,20500,libéré,0.0
L2025-00819-1,CMD-2025-00819,2025-05-27,23500,libéré,0.0
L2025-00820-1,CMD-2025-00820,2025-05-26,12500,libéré,0.0
L2025-00820-2,CMD-2025-00820,2025-06-07,12500,libéré,0.0
L2025-00820-3,CMD-2025-00820,2025-06-07,12500,retraité,7558.12
L2025-00821-1,CMD-2025-00821,2025-05-29,17800,libéré,0.0
L2025-00821-2,CMD-2025-00821,2025-06-10,17800,libéré,0.0
L2025-00821-3,CMD-2025-00821,2025-05-27,17900,libéré,0.0
L2025-00822-1,CMD-2025-00822,2025-06-06,32000,libéré,0.0
L2025-00823-1,CMD-2025-00823,2025-06-19,34500,libéré,0.0
L2025-00823-2,CMD-2025-00823,2025-06-14,34500,rejeté,127098.0
L2025-00824-1,CMD-2025-00824,2025-06-07,7600,libéré,0.0
L2025-00824-2,CMD-2025-00824,2025-06-13,7600,libéré,0.0
L2025-00824-3,CMD-2025-00824,2025-06-05,7800,libéré,0.0
L2025-00825-1,CMD-2025-00825,2025-06-05,20000,libéré,0.0
L2025-00826-1,CMD-2025-00826,2025-06-04,5700,rejeté,30187.2
L2025-00826-2,CMD-2025-00826,2025-06-03,5800,libéré,0.0
L2025-00827-1,CMD-2025-00827,2025-06-14,7100,libéré,0.0
L2025-00827-2,CMD-2025-00827,2025-06-24,7100,retraité,3366.46
L2025-00827-3,CMD-2025-00827,2025-06-02,7300,libéré,0.0
L2025-00828-1,CMD-2025-00828,2025-06-17,35700,rejeté,149154.6
L2025-00828-2,CMD-2025-00828,2025-06-21,35800,libéré,0.0
L2025-00829-1,CMD-2025-00829,2025-05-31,22000,libéré,0.0
L2025-00830-1,CMD-2025-00830,2025-06-05,7700,libéré,0.0
L2025-00830-2,CMD-2025-00830,2025-06-04,7800,libéré,0.0
L2025-00831-1,CMD-2025-00831,2025-05-28,7800,libéré,0.0
L2025-00831-2,CMD-2025-00831,2025-06-05,7800,libéré,0.0
L2025-00831-3,CMD-2025-00831,2025-05-31,7900,libéré,0.0
L2025-00832-1,CMD-2025-00832,2025-06-16,44500,libéré,0.0
L2025-00833-1,CMD-2025-00833,2025-06-11,18500,libéré,0.0
L2025-00833-2,CMD-2025-00833,2025-06-19,18500,libéré,0.0
L2025-00834-1,CMD-2025-00834,2025-06-08,6600,libéré,0.0
L2025-00834-2,CMD-2025-00834,2025-06-03,6600,libéré,0.0
L2025-00834-3,CMD-2025-00834,2025-06-10,6800,libéré,0.0
L2025-00835-1,CMD-2025-00835,2025-06-01,23000,libéré,0.0
L2025-00836-1,CMD-2025-00836,2025-06-20,9200,libéré,0.0
L2025-00836-2,CMD-2025-00836,2025-06-05,9300,libéré,0.0
L2025-00837-1,CMD-2025-00837,2025-06-08,21600,libéré,0.0
L2025-00837-2,CMD-2025-00837,2025-06-01,21600,libéré,0.0
L2025-00837-3,CMD-2025-00837,2025-06-18,21800,libéré,0.0
L2025-00838-1,CMD-2025-00838,2025-06-06,16000,libéré,0.0
L2025-00838-2,CMD-2025-00838,2025-06-10,16000,libéré,0.0
L2025-00839-1,CMD-2025-00839,2025-06-05,26700,retraité,11210.0
L2025-00839-2,CMD-2025-00839,2025-06-06,26800,libéré,0.0
L2025-00840-1,CMD-2025-00840,2025-06-19,55000,libéré,0.0
L2025-00841-1,CMD-2025-00841,2025-06-11,14500,libéré,0.0
L2025-00842-1,CMD-2025-00842,2025-06-15,59500,libéré,0.0
L2025-00842-2,CMD-2025-00842,2025-06-03,59500,libéré,0.0
L2025-00843-1,CMD-2025-00843,2025-06-03,27000,libéré,0.0
L2025-00843-2,CMD-2025-00843,2025-06-28,27000,libéré,0.0
L2025-00844-1,CMD-2025-00844,2025-05-31,5000,libéré,0.0
L2025-00844-2,CMD-2025-00844,2025-06-09,5000,libéré,0.0
L2025-00844-3,CMD-2025-00844,2025-06-05,5000,libéré,0.0
L2025-00845-1,CMD-2025-00845,2025-06-21,27200,libéré,0.0
L2025-00845-2,CMD-2025-00845,2025-06-26,27300,libéré,0.0
L2025-00846-1,CMD-2025-00846,2025-06-14,8100,libéré,0.0
L2025-00846-2,CMD-2025-00846,2025-06-06,8100,libéré,0.0
L2025-00846-3,CMD-2025-00846,2025-06-08,8300,libéré,0.0
L2025-00847-1,CMD-2025-00847,2025-06-15,11600,libéré,0.0
L2025-00847-2,CMD-2025-00847,2025-06-11,11600,libéré,0.0
L2025-00847-3,CMD-2025-00847,2025-06-15,11800,libéré,0.0
L2025-00848-1,CMD-2025-00848,2025-06-28,29300,libéré,0.0
L2025-00848-2,CMD-2025-00848,2025-06-27,29300,libéré,0.0
L2025-00848-3,CMD-2025-00848,2025-06-28,29400,libéré,0.0
L2025-00849-1,CMD-2025-00849,2025-06-22,58700,libéré,0.0
L2025-00849-2,CMD-2025-00849,2025-06-05,58800,libéré,0.0
L2025-00850-1,CMD-2025-00850,2025-06-13,14800,libéré,0.0
L2025-00850-2,CMD-2025-00850,2025-06-09,14800,libéré,0.0
L2025-00850-3,CMD-2025-00850,2025-06-09,14900,libéré,0.0
L2025-00851-1,CMD-2025-00851,2025-06-20,50000,libéré,0.0
L2025-00852-1,CMD-2025-00852,2025-06-28,19200,libéré,0.0
L2025-00852-2,CMD-2025-00852,2025-06-23,19300,libéré,0.0
L2025-00853-1,CMD-2025-00853,2025-06-10,42000,libéré,0.0
L2025-00854-1,CMD-2025-00854,2025-06-02,75000,libéré,0.0
L2025-00854-2,CMD-2025-00854,2025-06-10,75000,libéré,0.0
L2025-00855-1,CMD-2025-00855,2025-06-12,29700,libéré,0.0
L2025-00855-2,CMD-2025-00855,2025-07-01,29800,libéré,0.0
L2025-00856-1,CMD-2025-00856,2025-06-18,14000,libéré,0.0
L2025-00857-1,CMD-2025-00857,2025-06-18,24600,libéré,0.0
L2025-00857-2,CMD-2025-00857,2025-06-08,24600,libéré,0.0
L2025-00857-3,CMD-2025-00857,2025-06-09,24800,libéré,0.0
L2025-00858-1,CMD-2025-00858,2025-06-19,10000,libéré,0.0
L2025-00858-2,CMD-2025-00858,2025-06-21,10000,libéré,0.0
L2025-00859-1,CMD-2025-00859,2025-06-24,33000,libéré,0.0
L2025-00860-1,CMD-2025-00860,2025-06-26,48500,libéré,0.0
L2025-00861-1,CMD-2025-00861,2025-06-12,22000,libéré,0.0
L2025-00861-2,CMD-2025-00861,2025-06-09,22000,libéré,0.0
L2025-00862-1,CMD-2025-00862,2025-06-08,27000,libéré,0.0
L2025-00862-2,CMD-2025-00862,2025-06-05,27000,libéré,0.0
L2025-00863-1,CMD-2025-00863,2025-06-15,5000,libéré,0.0
L2025-00863-2,CMD-2025-00863,2025-06-13,5000,libéré,0.0
L2025-00864-1,CMD-2025-00864,2025-06-25,23500,libéré,0.0
L2025-00864-2,CMD-2025-00864,2025-06-08,23500,libéré,0.0
L2025-00865-1,CMD-2025-00865,2025-06-11,50000,libéré,0.0
L2025-00866-1,CMD-2025-00866,2025-06-08,66200,libéré,0.0
L2025-00866-2,CMD-2025-00866,2025-06-16,66300,libéré,0.0
L2025-00867-1,CMD-2025-00867,2025-06-14,52500,libéré,0.0
L2025-00868-1,CMD-2025-00868,2025-06-26,23000,rejeté,74865.0
L2025-00868-2,CMD-2025-00868,2025-06-26,23000,libéré,0.0
L2025-00869-1,CMD-2025-00869,2025-06-21,12600,libéré,0.0
L2025-00869-2,CMD-2025-00869,2025-06-12,12600,libéré,0.0
L2025-00869-3,CMD-2025-00869,2025-06-19,12800,libéré,0.0
L2025-00870-1,CMD-2025-00870,2025-06-08,40300,libéré,0.0
L2025-00870-2,CMD-2025-00870,2025-06-17,40300,libéré,0.0
L2025-00870-3,CMD-2025-00870,2025-06-23,40400,libéré,0.0
L2025-00871-1,CMD-2025-00871,2025-06-11,72100,retraité,58617.3
L2025-00872-1,CMD-2025-00872,2025-07-10,12100,libéré,0.0
L2025-00872-2,CMD-2025-00872,2025-06-15,12100,libéré,0.0
L2025-00872-3,CMD-2025-00872,2025-07-11,12300,libéré,0.0
L2025-00873-1,CMD-2025-00873,2025-06-12,27500,libéré,0.0
L2025-00874-1,CMD-2025-00874,2025-06-23,21500,libéré,0.0
L2025-00875-1,CMD-2025-00875,2025-06-19,10800,libéré,0.0
L2025-00875-2,CMD-2025-00875,2025-06-07,10800,libéré,0.0
L2025-00875-3,CMD-2025-00875,2025-06-07,10900,libéré,0.0
L2025-00876-1,CMD-2025-00876,2025-06-08,45700,libéré,0.0
L2025-00876-2,CMD-2025-00876,2025-06-20,45800,libéré,0.0
L2025-00877-1,CMD-2025-00877,2025-06-18,38800,libéré,0.0
L2025-00877-2,CMD-2025-00877,2025-06-17,38800,libéré,0.0
L2025-00877-3,CMD-2025-00877,2025-06-14,38900,libéré,0.0
L2025-00878-1,CMD-2025-00878,2025-07-06,12300,libéré,0.0
L2025-00879-1,CMD-2025-00879,2025-06-11,80000,libéré,0.0
L2025-00880-1,CMD-2025-00880,2025-06-19,36700,libéré,0.0
L2025-00880-2,CMD-2025-00880,2025-06-12,36800,libéré,0.0
L2025-00881-1,CMD-2025-00881,2025-07-06,15700,libéré,0.0
L2025-00881-2,CMD-2025-00881,2025-06-18,15800,libéré,0.0
L2025-00882-1,CMD-2025-00882,2025-06-29,17200,libéré,0.0
L2025-00882-2,CMD-2025-00882,2025-06-14,17300,libéré,0.0
L2025-00883-1,CMD-2025-00883,2025-06-15,33000,libéré,0.0
L2025-00883-2,CMD-2025-00883,2025-06-24,33000,libéré,0.0
L2025-00884-1,CMD-2025-00884,2025-06-10,47500,libéré,0.0
L2025-00885-1,CMD-2025-00885,2025-06-27,22300,libéré,0.0
L2025-00885-2,CMD-2025-00885,2025-06-21,22300,libéré,0.0
L2025-00885-3,CMD-2025-00885,2025-06-29,22400,libéré,0.0
L2025-00886-1,CMD-2025-00886,2025-06-24,36700,libéré,0.0
L2025-00886-2,CMD-2025-00886,2025-06-20,36800,libéré,0.0
L2025-00887-1,CMD-2025-00887,2025-06-09,12200,libéré,0.0
L2025-00887-2,CMD-2025-00887,2025-07-07,12300,libéré,0.0
L2025-00888-1,CMD-2025-00888,2025-06-12,5700,libéré,0.0
L2025-00888-2,CMD-2025-00888,2025-06-14,5800,libéré,0.0
L2025-00889-1,CMD-2025-00889,2025-07-05,13000,libéré,0.0
L2025-00890-1,CMD-2025-00890,2025-06-30,23000,libéré,0.0
L2025-00891-1,CMD-2025-00891,2025-06-23,28000,libéré,0.0
L2025-00892-1,CMD-2025-00892,2025-06-10,14000,libéré,0.0
L2025-00892-2,CMD-2025-00892,2025-06-14,14000,libéré,0.0
L2025-00892-3,CMD-2025-00892,2025-06-22,14000,libéré,0.0
L2025-00893-1,CMD-2025-00893,2025-06-26,25500,retraité,15636.6
L2025-00894-1,CMD-2025-00894,2025-06-27,58000,libéré,0.0
L2025-00895-1,CMD-2025-00895,2025-06-24,31000,libéré,0.0
L2025-00896-1,CMD-2025-00896,2025-06-19,31700,libéré,0.0
L2025-00896-2,CMD-2025-00896,2025-06-24,31800,libéré,0.0
L2025-00897-1,CMD-2025-00897,2025-06-15,15700,libéré,0.0
L2025-00897-2,CMD-2025-00897,2025-06-11,15800,libéré,0.0
L2025-00898-1,CMD-2025-00898,2025-06-25,42000,libéré,0.0
L2025-00899-1,CMD-2025-00899,2025-06-15,16000,libéré,0.0
L2025-00900-1,CMD-2025-00900,2025-06-17,7600,libéré,0.0
L2025-00900-2,CMD-2025-00900,2025-07-02,7600,libéré,0.0
L2025-00900-3,CMD-2025-00900,2025-06-12,7800,libéré,0.0
L2025-00901-1,CMD-2025-00901,2025-07-10,19200,libéré,0.0
L2025-00901-2,CMD-2025-00901,2025-07-07,19300,libéré,0.0
L2025-00902-1,CMD-2025-00902,2025-07-02,20500,libéré,0.0
L2025-00903-1,CMD-2025-00903,2025-06-30,46000,libéré,0.0
L2025-00904-1,CMD-2025-00904,2025-06-16,54500,libéré,0.0
L2025-00904-2,CMD-2025-00904,2025-06-29,54500,libéré,0.0
L2025-00905-1,CMD-2025-00905,2025-07-06,30600,libéré,0.0
L2025-00905-2,CMD-2025-00905,2025-06-15,30600,libéré,0.0
L2025-00905-3,CMD-2025-00905,2025-06-19,30800,libéré,0.0
L2025-00906-1,CMD-2025-00906,2025-06-13,59000,libéré,0.0
L2025-00907-1,CMD-2025-00907,2025-06-22,30000,libéré,0.0
L2025-00907-2,CMD-2025-00907,2025-06-21,30000,libéré,0.0
L2025-00907-3,CMD-2025-00907,2025-06-14,30000,libéré,0.0
L2025-00908-1,CMD-2025-00908,2025-06-20,8100,libéré,0.0
L2025-00908-2,CMD-2025-00908,2025-06-30,8100,libéré,0.0
L2025-00908-3,CMD-2025-00908,2025-06-15,8300,libéré,0.0
L2025-00909-1,CMD-2025-00909,2025-07-03,31500,libéré,0.0
L2025-00910-1,CMD-2025-00910,2025-06-16,42300,libéré,0.0
L2025-00910-2,CMD-2025-00910,2025-06-27,42300,libéré,0.0
L2025-00910-3,CMD-2025-00910,2025-07-01,42400,libéré,0.0
L2025-00911-1,CMD-2025-00911,2025-06-19,27100,libéré,0.0
L2025-00911-2,CMD-2025-00911,2025-06-30,27100,libéré,0.0
L2025-00911-3,CMD-2025-00911,2025-06-15,27300,libéré,0.0
L2025-00912-1,CMD-2025-00912,2025-06-17,26500,libéré,0.0
L2025-00913-1,CMD-2025-00913,2025-07-01,64000,libéré,0.0
L2025-00913-2,CMD-2025-00913,2025-06-17,64000,libéré,0.0
L2025-00914-1,CMD-2025-00914,2025-07-02,16500,libéré,0.0
L2025-00915-1,CMD-2025-00915,2025-07-14,17900,libéré,0.0
L2025-00916-1,CMD-2025-00916,2025-06-20,15500,libéré,0.0
L2025-00916-2,CMD-2025-00916,2025-06-22,15500,libéré,0.0
L2025-00917-1,CMD-2025-00917,2025-06-20,25500,retraité,17143.65
L2025-00918-1,CMD-2025-00918,2025-06-25,13000,libéré,0.0
L2025-00918-2,CMD-2025-00918,2025-06-30,13000,libéré,0.0
L2025-00919-1,CMD-2025-00919,2025-07-02,54500,libéré,0.0
L2025-00920-1,CMD-2025-00920,2025-06-23,12500,libéré,0.0
L2025-00921-1,CMD-2025-00921,2025-07-14,33200,libéré,0.0
L2025-00921-2,CMD-2025-00921,2025-06-28,33300,libéré,0.0
L2025-00922-1,CMD-2025-00922,2025-06-18,30800,libéré,0.0
L2025-00922-2,CMD-2025-00922,2025-06-19,30800,libéré,0.0
L2025-00922-3,CMD-2025-00922,2025-06-23,30900,libéré,0.0
L2025-00923-1,CMD-2025-00923,2025-06-24,23500,retraité,16958.77
L2025-00923-2,CMD-2025-00923,2025-06-19,23500,libéré,0.0
L2025-00924-1,CMD-2025-00924,2025-06-24,44500,libéré,0.0
L2025-00925-1,CMD-2025-00925,2025-06-22,30300,libéré,0.0
L2025-00925-2,CMD-2025-00925,2025-06-29,30300,libéré,0.0
L2025-00925-3,CMD-2025-00925,2025-07-14,30400,retraité,18303.84
L2025-00926-1,CMD-2025-00926,2025-06-17,23000,libéré,0.0
L2025-00926-2,CMD-2025-00926,2025-06-21,23000,libéré,0.0
L2025-00927-1,CMD-2025-00927,2025-07-26,51200,libéré,0.0
L2025-00927-2,CMD-2025-00927,2025-07-06,51300,libéré,0.0
L2025-00928-1,CMD-2025-00928,2025-06-21,33600,libéré,0.0
L2025-00928-2,CMD-2025-00928,2025-06-20,33600,libéré,0.0
L2025-00928-3,CMD-2025-00928,2025-06-27,33800,libéré,0.0
L2025-00929-1,CMD-2025-00929,2025-06-21,12500,libéré,0.0
L2025-00929-2,CMD-2025-00929,2025-06-18,12500,libéré,0.0
L2025-00929-3,CMD-2025-00929,2025-06-23,12500,libéré,0.0
L2025-00930-1,CMD-2025-00930,2025-06-25,10000,libéré,0.0
L2025-00930-2,CMD-2025-00930,2025-06-26,10000,libéré,0.0
L2025-00931-1,CMD-2025-00931,2025-06-21,26000,libéré,0.0
L2025-00932-1,CMD-2025-00932,2025-06-26,15500,retraité,6191.47
L2025-00932-2,CMD-2025-00932,2025-06-27,15500,libéré,0.0
L2025-00933-1,CMD-2025-00933,2025-06-27,16300,libéré,0.0
L2025-00933-2,CMD-2025-00933,2025-06-21,16300,libéré,0.0
L2025-00933-3,CMD-2025-00933,2025-06-26,16400,libéré,0.0
L2025-00934-1,CMD-2025-00934,2025-07-03,33000,libéré,0.0
L2025-00935-1,CMD-2025-00935,2025-07-06,28500,libéré,0.0
L2025-00936-1,CMD-2025-00936,2025-07-01,50000,libéré,0.0
L2025-00936-2,CMD-2025-00936,2025-07-01,50000,libéré,0.0
L2025-00936-3,CMD-2025-00936,2025-06-22,50000,libéré,0.0
L2025-00937-1,CMD-2025-00937,2025-06-25,17300,libéré,0.0
L2025-00937-2,CMD-2025-00937,2025-07-01,17300,libéré,0.0
L2025-00937-3,CMD-2025-00937,2025-07-10,17400,libéré,0.0
L2025-00938-1,CMD-2025-00938,2025-07-02,7600,libéré,0.0
L2025-00938-2,CMD-2025-00938,2025-06-17,7600,libéré,0.0
L2025-00938-3,CMD-2025-00938,2025-07-01,7800,libéré,0.0
L2025-00939-1,CMD-2025-00939,2025-06-23,13700,libéré,0.0
L2025-00939-2,CMD-2025-00939,2025-07-08,13800,retraité,8240.67
L2025-00940-1,CMD-2025-00940,2025-06-28,76500,retraité,21400.88
L2025-00941-1,CMD-2025-00941,2025-07-01,24000,libéré,0.0
L2025-00941-2,CMD-2025-00941,2025-06-19,24000,libéré,0.0
L2025-00941-3,CMD-2025-00941,2025-06-19,24000,libéré,0.0
L2025-00942-1,CMD-2025-00942,2025-06-20,45000,libéré,0.0
L2025-00942-2,CMD-2025-00942,2025-06-19,45000,libéré,0.0
L2025-00942-3,CMD-2025-00942,2025-07-06,45000,libéré,0.0
L2025-00943-1,CMD-2025-00943,2025-06-22,32500,libéré,0.0
L2025-00944-1,CMD-2025-00944,2025-06-18,36000,retraité,9455.4
L2025-00945-1,CMD-2025-00945,2025-07-01,54500,libéré,0.0
L2025-00946-1,CMD-2025-00946,2025-06-22,16600,rejeté,47393.0
L2025-00946-2,CMD-2025-00946,2025-06-29,16600,libéré,0.0
L2025-00946-3,CMD-2025-00946,2025-06-25,16800,libéré,0.0
L2025-00947-1,CMD-2025-00947,2025-06-19,14000,libéré,0.0
L2025-00947-2,CMD-2025-00947,2025-07-02,14000,retraité,5399.1
L2025-00947-3,CMD-2025-00947,2025-06-21,14000,libéré,0.0
L2025-00948-1,CMD-2025-00948,2025-07-09,29500,libéré,0.0
L2025-00949-1,CMD-2025-00949,2025-06-18,16200,libéré,0.0
L2025-00949-2,CMD-2025-00949,2025-06-22,16300,libéré,0.0
L2025-00950-1,CMD-2025-00950,2025-07-11,12700,libéré,0.0
L2025-00950-2,CMD-2025-00950,2025-06-20,12800,libéré,0.0
L2025-00951-1,CMD-2025-00951,2025-06-27,9500,rejeté,35112.0
L2025-00951-2,CMD-2025-00951,2025-07-13,9500,libéré,0.0
L2025-00951-3,CMD-2025-00951,2025-07-14,9500,libéré,0.0
L2025-00952-1,CMD-2025-00952,2025-07-17,43700,libéré,0.0
L2025-00952-2,CMD-2025-00952,2025-07-16,43800,libéré,0.0
L2025-00953-1,CMD-2025-00953,2025-06-25,12000,libéré,0.0
L2025-00953-2,CMD-2025-00953,2025-06-22,12000,libéré,0.0
L2025-00954-1,CMD-2025-00954,2025-07-02,28500,libéré,0.0
L2025-00954-2,CMD-2025-00954,2025-06-26,28500,libéré,0.0
L2025-00954-3,CMD-2025-00954,2025-06-28,28500,libéré,0.0
L2025-00955-1,CMD-2025-00955,2025-07-07,32000,libéré,0.0
L2025-00956-1,CMD-2025-00956,2025-06-22,63000,libéré,0.0
L2025-00957-1,CMD-2025-00957,2025-07-02,19200,libéré,0.0
L2025-00957-2,CMD-2025-00957,2025-07-03,19300,libéré,0.0
L2025-00958-1,CMD-2025-00958,2025-06-27,27500,libéré,0.0
L2025-00958-2,CMD-2025-00958,2025-07-06,27500,libéré,0.0
L2025-00958-3,CMD-2025-00958,2025-07-08,27500,libéré,0.0
L2025-00959-1,CMD-2025-00959,2025-06-22,24500,libéré,0.0
L2025-00960-1,CMD-2025-00960,2025-07-14,14200,libéré,0.0
L2025-00960-2,CMD-2025-00960,2025-07-08,14300,libéré,0.0
L2025-00961-1,CMD-2025-00961,2025-07-03,24000,libéré,0.0
L2025-00962-1,CMD-2025-00962,2025-07-03,20000,libéré,0.0
L2025-00963-1,CMD-2025-00963,2025-07-17,11000,libéré,0.0
L2025-00963-2,CMD-2025-00963,2025-07-01,11000,libéré,0.0
L2025-00964-1,CMD-2025-00964,2025-07-01,14100,libéré,0.0
L2025-00964-2,CMD-2025-00964,2025-06-26,14100,libéré,0.0
L2025-00964-3,CMD-2025-00964,2025-06-25,14300,libéré,0.0
L2025-00965-1,CMD-2025-00965,2025-07-12,11000,libéré,0.0
L2025-00965-2,CMD-2025-00965,2025-07-09,11000,libéré,0.0
L2025-00966-1,CMD-2025-00966,2025-07-11,54000,libéré,0.0
L2025-00967-1,CMD-2025-00967,2025-07-10,50700,libéré,0.0
L2025-00968-1,CMD-2025-00968,2025-06-29,20300,libéré,0.0
L2025-00968-2,CMD-2025-00968,2025-06-29,20300,libéré,0.0
L2025-00968-3,CMD-2025-00968,2025-07-01,20400,libéré,0.0
L2025-00969-1,CMD-2025-00969,2025-07-06,24500,libéré,0.0
L2025-00970-1,CMD-2025-00970,2025-07-16,44000,libéré,0.0
L2025-00971-1,CMD-2025-00971,2025-07-04,31800,libéré,0.0
L2025-00971-2,CMD-2025-00971,2025-07-04,31800,libéré,0.0
L2025-00971-3,CMD-2025-00971,2025-07-02,31900,libéré,0.0
L2025-00972-1,CMD-2025-00972,2025-07-18,9000,libéré,0.0
L2025-00972-2,CMD-2025-00972,2025-07-18,9000,rejeté,28890.0
L2025-00972-3,CMD-2025-00972,2025-07-04,9000,libéré,0.0
L2025-00973-1,CMD-2025-00973,2025-07-10,16700,libéré,0.0
L2025-00973-2,CMD-2025-00973,2025-07-17,16800,libéré,0.0
L2025-00974-1,CMD-2025-00974,2025-07-10,31200,libéré,0.0
L2025-00974-2,CMD-2025-00974,2025-07-15,31300,libéré,0.0
L2025-00975-1,CMD-2025-00975,2025-06-27,32000,libéré,0.0
L2025-00975-2,CMD-2025-00975,2025-06-23,32000,libéré,0.0
L2025-00976-1,CMD-2025-00976,2025-07-04,9500,libéré,0.0
L2025-00976-2,CMD-2025-00976,2025-06-28,9500,libéré,0.0
L2025-00977-1,CMD-2025-00977,2025-06-25,22800,libéré,0.0
L2025-00977-2,CMD-2025-00977,2025-06-30,22800,libéré,0.0
L2025-00977-3,CMD-2025-00977,2025-07-21,22900,libéré,0.0
L2025-00978-1,CMD-2025-00978,2025-07-17,39000,libéré,0.0
L2025-00978-2,CMD-2025-00978,2025-07-03,39000,libéré,0.0
L2025-00978-3,CMD-2025-00978,2025-06-23,39000,libéré,0.0
L2025-00979-1,CMD-2025-00979,2025-07-05,41000,libéré,0.0
L2025-00979-2,CMD-2025-00979,2025-07-01,41000,libéré,0.0
L2025-00980-1,CMD-2025-00980,2025-07-16,44700,libéré,0.0
L2025-00980-2,CMD-2025-00980,2025-07-18,44800,libéré,0.0
L2025-00981-1,CMD-2025-00981,2025-07-22,60500,libéré,0.0
L2025-00982-1,CMD-2025-00982,2025-07-03,12800,libéré,0.0
L2025-00982-2,CMD-2025-00982,2025-07-16,12800,libéré,0.0
L2025-00982-3,CMD-2025-00982,2025-07-14,12900,libéré,0.0
L2025-00983-1,CMD-2025-00983,2025-06-26,77500,libéré,0.0
L2025-00984-1,CMD-2025-00984,2025-07-04,10800,libéré,0.0
L2025-00984-2,CMD-2025-00984,2025-06-30,10800,libéré,0.0
L2025-00984-3,CMD-2025-00984,2025-06-26,10900,libéré,0.0
L2025-00985-1,CMD-2025-00985,2025-06-30,7100,libéré,0.0
L2025-00985-2,CMD-2025-00985,2025-07-04,7100,libéré,0.0
L2025-00985-3,CMD-2025-00985,2025-07-18,7300,libéré,0.0
L2025-00986-1,CMD-2025-00986,2025-07-16,23000,libéré,0.0
L2025-00987-1,CMD-2025-00987,2025-07-15,21000,libéré,0.0
L2025-00987-2,CMD-2025-00987,2025-07-04,21000,libéré,0.0
L2025-00987-3,CMD-2025-00987,2025-07-07,21000,libéré,0.0
L2025-00988-1,CMD-2025-00988,2025-06-28,32700,retraité,20993.4
L2025-00988-2,CMD-2025-00988,2025-07-09,32800,libéré,0.0
L2025-00989-1,CMD-2025-00989,2025-07-08,32500,libéré,0.0
L2025-00989-2,CMD-2025-00989,2025-07-19,32500,libéré,0.0
L2025-00990-1,CMD-2025-00990,2025-07-07,46300,libéré,0.0
L2025-00990-2,CMD-2025-00990,2025-07-15,46300,libéré,0.0
L2025-00990-3,CMD-2025-00990,2025-07-14,46400,libéré,0.0
L2025-00991-1,CMD-2025-00991,2025-07-07,6300,libéré,0.0
L2025-00991-2,CMD-2025-00991,2025-07-16,6300,libéré,0.0
L2025-00991-3,CMD-2025-00991,2025-07-09,6400,libéré,0.0
L2025-00992-1,CMD-2025-00992,2025-07-12,49700,libéré,0.0
L2025-00992-2,CMD-2025-00992,2025-07-05,49800,libéré,0.0
L2025-00993-1,CMD-2025-00993,2025-07-04,5000,libéré,0.0
L2025-00993-2,CMD-2025-00993,2025-07-23,5000,libéré,0.0
L2025-00994-1,CMD-2025-00994,2025-07-22,43500,libéré,0.0
L2025-00995-1,CMD-2025-00995,2025-07-11,36500,rejeté,139649.0
L2025-00995-2,CMD-2025-00995,2025-07-16,36500,libéré,0.0
L2025-00996-1,CMD-2025-00996,2025-07-15,6100,libéré,0.0
L2025-00996-2,CMD-2025-00996,2025-07-02,6100,libéré,0.0
L2025-00996-3,CMD-2025-00996,2025-07-23,6300,libéré,0.0
L2025-00997-1,CMD-2025-00997,2025-07-10,12100,libéré,0.0
L2025-00997-2,CMD-2025-00997,2025-07-11,12100,libéré,0.0
L2025-00997-3,CMD-2025-00997,2025-07-14,12300,libéré,0.0
L2025-00998-1,CMD-2025-00998,2025-07-04,20500,retraité,12902.7
L2025-00998-2,CMD-2025-00998,2025-07-01,20500,libéré,0.0
L2025-00999-1,CMD-2025-00999,2025-07-10,11200,rejeté,51508.8
L2025-00999-2,CMD-2025-00999,2025-07-09,11300,libéré,0.0
L2025-01000-1,CMD-2025-01000,2025-07-02,13200,libéré,0.0
L2025-01000-2,CMD-2025-01000,2025-06-29,13300,libéré,0.0
L2025-01001-1,CMD-2025-01001,2025-07-02,23500,libéré,0.0
L2025-01001-2,CMD-2025-01001,2025-07-08,23500,libéré,0.0
L2025-01002-1,CMD-2025-01002,2025-07-06,14200,libéré,0.0
L2025-01002-2,CMD-2025-01002,2025-07-02,14300,libéré,0.0
L2025-01003-1,CMD-2025-01003,2025-07-04,21500,libéré,0.0
L2025-01003-2,CMD-2025-01003,2025-07-23,21500,libéré,0.0
L2025-01004-1,CMD-2025-01004,2025-07-02,24300,libéré,0.0
L2025-01004-2,CMD-2025-01004,2025-07-12,24300,rejeté,91732.5
L2025-01004-3,CMD-2025-01004,2025-07-16,24400,libéré,0.0
L2025-01005-1,CMD-2025-01005,2025-07-12,25500,rejeté,98302.5
L2025-01006-1,CMD-2025-01006,2025-07-23,22500,libéré,0.0
L2025-01007-1,CMD-2025-01007,2025-07-21,60000,libéré,0.0
L2025-01008-1,CMD-2025-01008,2025-07-19,23000,libéré,0.0
L2025-01008-2,CMD-2025-01008,2025-07-09,23000,libéré,0.0
L2025-01009-1,CMD-2025-01009,2025-07-07,18800,libéré,0.0
L2025-01009-2,CMD-2025-01009,2025-07-18,18800,rejeté,99903.2
L2025-01009-3,CMD-2025-01009,2025-07-13,18900,libéré,0.0
L2025-01010-1,CMD-2025-01010,2025-07-01,50000,libéré,0.0
L2025-01011-1,CMD-2025-01011,2025-07-26,44000,libéré,0.0
L2025-01012-1,CMD-2025-01012,2025-07-12,23500,libéré,0.0
L2025-01012-2,CMD-2025-01012,2025-07-07,23500,libéré,0.0
L2025-01013-1,CMD-2025-01013,2025-07-23,14500,libéré,0.0
L2025-01014-1,CMD-2025-01014,2025-07-13,10000,libéré,0.0
L2025-01015-1,CMD-2025-01015,2025-07-29,5000,libéré,0.0
L2025-01015-2,CMD-2025-01015,2025-07-20,5000,libéré,0.0
L2025-01016-1,CMD-2025-01016,2025-07-05,12200,retraité,9838.08
L2025-01016-2,CMD-2025-01016,2025-07-09,12300,retraité,9918.72
L2025-01017-1,CMD-2025-01017,2025-07-08,75000,libéré,0.0
L2025-01017-2,CMD-2025-01017,2025-07-08,75000,libéré,0.0
L2025-01018-1,CMD-2025-01018,2025-07-08,29700,libéré,0.0
L2025-01018-2,CMD-2025-01018,2025-07-03,29800,libéré,0.0
L2025-01019-1,CMD-2025-01019,2025-07-02,9600,libéré,0.0
L2025-01019-2,CMD-2025-01019,2025-07-23,9600,libéré,0.0
L2025-01019-3,CMD-2025-01019,2025-07-04,9800,libéré,0.0
L2025-01020-1,CMD-2025-01020,2025-07-02,50000,libéré,0.0
L2025-01020-2,CMD-2025-01020,2025-07-07,50000,libéré,0.0
L2025-01020-3,CMD-2025-01020,2025-07-04,50000,libéré,0.0
L2025-01021-1,CMD-2025-01021,2025-07-11,39000,libéré,0.0
L2025-01022-1,CMD-2025-01022,2025-07-08,36100,retraité,12887.7
L2025-01022-2,CMD-2025-01022,2025-07-12,36100,libéré,0.0
L2025-01022-3,CMD-2025-01022,2025-07-06,36300,libéré,0.0
L2025-01023-1,CMD-2025-01023,2025-08-05,71500,libéré,0.0
L2025-01024-1,CMD-2025-01024,2025-07-11,14000,libéré,0.0
L2025-01024-2,CMD-2025-01024,2025-07-17,14000,libéré,0.0
L2025-01024-3,CMD-2025-01024,2025-07-02,14000,libéré,0.0
L2025-01025-1,CMD-2025-01025,2025-07-09,33600,libéré,0.0
L2025-01025-2,CMD-2025-01025,2025-07-12,33600,libéré,0.0
L2025-01025-3,CMD-2025-01025,2025-07-17,33800,libéré,0.0
L2025-01026-1,CMD-2025-01026,2025-07-30,16300,libéré,0.0
L2025-01026-2,CMD-2025-01026,2025-07-04,16300,libéré,0.0
L2025-01026-3,CMD-2025-01026,2025-07-18,16400,libéré,0.0
L2025-01027-1,CMD-2025-01027,2025-07-11,8500,libéré,0.0
L2025-01027-2,CMD-2025-01027,2025-07-17,8500,libéré,0.0
L2025-01028-1,CMD-2025-01028,2025-07-25,9300,libéré,0.0
L2025-01028-2,CMD-2025-01028,2025-07-08,9300,libéré,0.0
L2025-01028-3,CMD-2025-01028,2025-07-12,9400,libéré,0.0
L2025-01029-1,CMD-2025-01029,2025-07-25,59500,libéré,0.0
L2025-01030-1,CMD-2025-01030,2025-07-19,31100,libéré,0.0
L2025-01030-2,CMD-2025-01030,2025-07-13,31100,retraité,18935.24
L2025-01030-3,CMD-2025-01030,2025-07-05,31300,libéré,0.0
L2025-01031-1,CMD-2025-01031,2025-07-12,47500,libéré,0.0
L2025-01031-2,CMD-2025-01031,2025-07-13,47500,libéré,0.0
L2025-01032-1,CMD-2025-01032,2025-07-06,17700,libéré,0.0
L2025-01032-2,CMD-2025-01032,2025-07-05,17800,libéré,0.0
L2025-01033-1,CMD-2025-01033,2025-07-27,43500,libéré,0.0
L2025-01034-1,CMD-2025-01034,2025-07-18,70500,libéré,0.0
L2025-01035-1,CMD-2025-01035,2025-07-21,5500,libéré,0.0
L2025-01035-2,CMD-2025-01035,2025-07-15,5500,libéré,0.0
L2025-01035-3,CMD-2025-01035,2025-07-20,5500,libéré,0.0
L2025-01036-1,CMD-2025-01036,2025-08-02,34500,libéré,0.0
L2025-01036-2,CMD-2025-01036,2025-07-15,34500,libéré,0.0
L2025-01036-3,CMD-2025-01036,2025-07-13,34500,libéré,0.0
L2025-01037-1,CMD-2025-01037,2025-07-30,52000,libéré,0.0
L2025-01038-1,CMD-2025-01038,2025-07-23,5200,libéré,0.0
L2025-01038-2,CMD-2025-01038,2025-07-30,5300,libéré,0.0
L2025-01039-1,CMD-2025-01039,2025-07-27,61000,libéré,0.0
L2025-01040-1,CMD-2025-01040,2025-07-21,22500,libéré,0.0
L2025-01040-2,CMD-2025-01040,2025-07-27,22500,libéré,0.0
L2025-01040-3,CMD-2025-01040,2025-07-11,22500,libéré,0.0
L2025-01041-1,CMD-2025-01041,2025-07-21,39300,libéré,0.0
L2025-01041-2,CMD-2025-01041,2025-07-17,39300,libéré,0.0
L2025-01041-3,CMD-2025-01041,2025-07-27,39400,libéré,0.0
L2025-01042-1,CMD-2025-01042,2025-07-27,21300,rejeté,99321.9
L2025-01042-2,CMD-2025-01042,2025-07-07,21300,retraité,14898.28
L2025-01042-3,CMD-2025-01042,2025-07-30,21400,libéré,0.0
L2025-01043-1,CMD-2025-01043,2025-07-08,17800,libéré,0.0
L2025-01043-2,CMD-2025-01043,2025-07-19,17800,libéré,0.0
L2025-01043-3,CMD-2025-01043,2025-07-19,17900,libéré,0.0
L2025-01044-1,CMD-2025-01044,2025-07-22,6000,libéré,0.0
L2025-01044-2,CMD-2025-01044,2025-07-14,6000,libéré,0.0
L2025-01044-3,CMD-2025-01044,2025-07-21,6000,libéré,0.0
L2025-01045-1,CMD-2025-01045,2025-07-12,41500,retraité,18195.67
L2025-01045-2,CMD-2025-01045,2025-07-17,41500,libéré,0.0
L2025-01046-1,CMD-2025-01046,2025-07-21,18700,rejeté,83420.7
L2025-01046-2,CMD-2025-01046,2025-07-12,18800,libéré,0.0
L2025-01047-1,CMD-2025-01047,2025-08-12,63200,libéré,0.0
L2025-01047-2,CMD-2025-01047,2025-07-31,63300,libéré,0.0
L2025-01048-1,CMD-2025-01048,2025-07-14,14000,rejeté,42644.0
L2025-01048-2,CMD-2025-01048,2025-07-12,14000,libéré,0.0
L2025-01049-1,CMD-2025-01049,2025-07-20,26200,libéré,0.0
L2025-01049-2,CMD-2025-01049,2025-07-14,26300,libéré,0.0
L2025-01050-1,CMD-2025-01050,2025-07-21,12100,libéré,0.0
L2025-01050-2,CMD-2025-01050,2025-07-14,12100,rejeté,55176.0
L2025-01050-3,CMD-2025-01050,2025-07-19,12300,libéré,0.0
L2025-01051-1,CMD-2025-01051,2025-07-26,12000,libéré,0.0
L2025-01051-2,CMD-2025-01051,2025-07-09,12100,libéré,0.0
L2025-01052-1,CMD-2025-01052,2025-07-14,24000,libéré,0.0
L2025-01053-1,CMD-2025-01053,2025-07-09,79500,libéré,0.0
L2025-01054-1,CMD-2025-01054,2025-07-20,16700,libéré,0.0
L2025-01054-2,CMD-2025-01054,2025-07-10,16800,libéré,0.0
L2025-01055-1,CMD-2025-01055,2025-07-17,22200,libéré,0.0
L2025-01055-2,CMD-2025-01055,2025-07-16,22300,libéré,0.0
L2025-01056-1,CMD-2025-01056,2025-07-11,7000,libéré,0.0
L2025-01056-2,CMD-2025-01056,2025-07-24,7000,libéré,0.0
L2025-01057-1,CMD-2025-01057,2025-07-19,11500,libéré,0.0
L2025-01057-2,CMD-2025-01057,2025-07-20,11500,libéré,0.0
L2025-01058-1,CMD-2025-01058,2025-07-16,58000,libéré,0.0
L2025-01059-1,CMD-2025-01059,2025-07-21,21500,libéré,0.0
L2025-01059-2,CMD-2025-01059,2025-07-25,21500,libéré,0.0
L2025-01060-1,CMD-2025-01060,2025-08-05,20200,libéré,0.0
L2025-01060-2,CMD-2025-01060,2025-07-28,20300,libéré,0.0
L2025-01061-1,CMD-2025-01061,2025-07-12,19000,libéré,0.0
L2025-01061-2,CMD-2025-01061,2025-08-13,19000,libéré,0.0
L2025-01062-1,CMD-2025-01062,2025-07-21,39500,libéré,0.0
L2025-01063-1,CMD-2025-01063,2025-07-26,15500,libéré,0.0
L2025-01064-1,CMD-2025-01064,2025-07-18,10000,retraité,6543.0
L2025-01064-2,CMD-2025-01064,2025-07-16,10000,retraité,6543.0
L2025-01064-3,CMD-2025-01064,2025-08-01,10000,libéré,0.0
L2025-01065-1,CMD-2025-01065,2025-07-15,33200,libéré,0.0
L2025-01065-2,CMD-2025-01065,2025-07-14,33300,libéré,0.0
L2025-01066-1,CMD-2025-01066,2025-07-22,13000,libéré,0.0
L2025-01066-2,CMD-2025-01066,2025-07-21,13000,libéré,0.0
L2025-01067-1,CMD-2025-01067,2025-07-28,13300,libéré,0.0
L2025-01067-2,CMD-2025-01067,2025-07-15,13300,rejeté,54609.8
L2025-01067-3,CMD-2025-01067,2025-07-24,13400,libéré,0.0
L2025-01068-1,CMD-2025-01068,2025-07-22,19000,libéré,0.0
L2025-01069-1,CMD-2025-01069,2025-08-01,21500,libéré,0.0
L2025-01069-2,CMD-2025-01069,2025-08-17,21500,rejeté,61038.5
L2025-01070-1,CMD-2025-01070,2025-07-16,43000,libéré,0.0
L2025-01070-2,CMD-2025-01070,2025-07-15,43000,libéré,0.0
L2025-01071-1,CMD-2025-01071,2025-07-31,17700,libéré,0.0
L2025-01071-2,CMD-2025-01071,2025-07-25,17800,libéré,0.0
L2025-01072-1,CMD-2025-01072,2025-07-14,43000,libéré,0.0
L2025-01073-1,CMD-2025-01073,2025-08-09,41700,libéré,0.0
L2025-01073-2,CMD-2025-01073,2025-07-22,41800,libéré,0.0
L2025-01074-1,CMD-2025-01074,2025-07-24,7000,libéré,0.0
L2025-01074-2,CMD-2025-01074,2025-07-29,7000,libéré,0.0
L2025-01075-1,CMD-2025-01075,2025-07-29,30000,retraité,25708.5
L2025-01075-2,CMD-2025-01075,2025-08-15,30000,rejeté,171390.0
L2025-01075-3,CMD-2025-01075,2025-08-14,30000,libéré,0.0
L2025-01076-1,CMD-2025-01076,2025-08-07,18300,libéré,0.0
L2025-01076-2,CMD-2025-01076,2025-08-01,18300,libéré,0.0
L2025-01076-3,CMD-2025-01076,2025-07-21,18400,libéré,0.0
L2025-01077-1,CMD-2025-01077,2025-07-29,11500,libéré,0.0
L2025-01077-2,CMD-2025-01077,2025-08-05,11500,libéré,0.0
L2025-01077-3,CMD-2025-01077,2025-08-03,11500,libéré,0.0
L2025-01078-1,CMD-2025-01078,2025-07-18,18200,libéré,0.0
L2025-01078-2,CMD-2025-01078,2025-07-27,18300,libéré,0.0
L2025-01079-1,CMD-2025-01079,2025-08-06,27800,libéré,0.0
L2025-01079-2,CMD-2025-01079,2025-07-27,27800,libéré,0.0
L2025-01079-3,CMD-2025-01079,2025-07-19,27900,libéré,0.0
L2025-01080-1,CMD-2025-01080,2025-07-25,31500,libéré,0.0
L2025-01081-1,CMD-2025-01081,2025-08-03,27000,libéré,0.0
L2025-01082-1,CMD-2025-01082,2025-07-30,23000,libéré,0.0
L2025-01082-2,CMD-2025-01082,2025-07-21,23000,libéré,0.0
L2025-01083-1,CMD-2025-01083,2025-07-23,23500,retraité,14233.95
L2025-01084-1,CMD-2025-01084,2025-07-24,14500,libéré,0.0
L2025-01085-1,CMD-2025-01085,2025-07-25,49200,libéré,0.0
L2025-01085-2,CMD-2025-01085,2025-08-02,49300,libéré,0.0
L2025-01086-1,CMD-2025-01086,2025-07-30,29500,libéré,0.0
L2025-01087-1,CMD-2025-01087,2025-08-02,30600,libéré,0.0
L2025-01087-2,CMD-2025-01087,2025-07-19,30600,retraité,18961.29
L2025-01087-3,CMD-2025-01087,2025-07-27,30800,libéré,0.0
L2025-01088-1,CMD-2025-01088,2025-08-04,23800,libéré,0.0
L2025-01088-2,CMD-2025-01088,2025-07-19,23800,libéré,0.0
L2025-01088-3,CMD-2025-01088,2025-08-01,23900,retraité,13934.9
L2025-01089-1,CMD-2025-01089,2025-08-09,8100,libéré,0.0
L2025-01089-2,CMD-2025-01089,2025-07-19,8100,libéré,0.0
L2025-01089-3,CMD-2025-01089,2025-08-02,8300,libéré,0.0
L2025-01090-1,CMD-2025-01090,2025-07-22,23600,libéré,0.0
L2025-01090-2,CMD-2025-01090,2025-07-21,23600,libéré,0.0
L2025-01090-3,CMD-2025-01090,2025-07-20,23800,libéré,0.0
L2025-01091-1,CMD-2025-01091,2025-08-02,6700,libéré,0.0
L2025-01091-2,CMD-2025-01091,2025-08-13,6800,libéré,0.0
L2025-01092-1,CMD-2025-01092,2025-08-03,25000,libéré,0.0
L2025-01092-2,CMD-2025-01092,2025-08-04,25000,libéré,0.0
L2025-01093-1,CMD-2025-01093,2025-07-25,24700,libéré,0.0
L2025-01093-2,CMD-2025-01093,2025-08-18,24800,libéré,0.0
L2025-01094-1,CMD-2025-01094,2025-07-27,31000,libéré,0.0
L2025-01095-1,CMD-2025-01095,2025-07-22,29200,libéré,0.0
L2025-01095-2,CMD-2025-01095,2025-07-27,29300,libéré,0.0
L2025-01096-1,CMD-2025-01096,2025-07-31,54000,libéré,0.0
L2025-01097-1,CMD-2025-01097,2025-07-22,7600,libéré,0.0
L2025-01097-2,CMD-2025-01097,2025-08-05,7600,libéré,0.0
L2025-01097-3,CMD-2025-01097,2025-08-03,7800,libéré,0.0
L2025-01098-1,CMD-2025-01098,2025-07-28,25500,libéré,0.0
L2025-01098-2,CMD-2025-01098,2025-07-30,25500,libéré,0.0
L2025-01098-3,CMD-2025-01098,2025-07-29,25500,libéré,0.0
L2025-01099-1,CMD-2025-01099,2025-07-27,10000,libéré,0.0
L2025-01100-1,CMD-2025-01100,2025-08-06,32500,libéré,0.0
L2025-01101-1,CMD-2025-01101,2025-08-03,18200,libéré,0.0
L2025-01101-2,CMD-2025-01101,2025-07-21,18300,libéré,0.0
L2025-01102-1,CMD-2025-01102,2025-08-07,34500,libéré,0.0
L2025-01103-1,CMD-2025-01103,2025-07-27,11200,libéré,0.0
L2025-01103-2,CMD-2025-01103,2025-08-06,11300,libéré,0.0
L2025-01104-1,CMD-2025-01104,2025-07-22,57000,libéré,0.0
L2025-01105-1,CMD-2025-01105,2025-07-27,18200,libéré,0.0
L2025-01105-2,CMD-2025-01105,2025-08-05,18300,libéré,0.0
L2025-01106-1,CMD-2025-01106,2025-07-30,10100,libéré,0.0
L2025-01106-2,CMD-2025-01106,2025-08-05,10100,libéré,0.0
L2025-01106-3,CMD-2025-01106,2025-07-26,10300,libéré,0.0
L2025-01107-1,CMD-2025-01107,2025-07-25,50000,libéré,0.0
L2025-01108-1,CMD-2025-01108,2025-08-08,48500,libéré,0.0
L2025-01108-2,CMD-2025-01108,2025-08-08,48500,libéré,0.0
L2025-01109-1,CMD-2025-01109,2025-08-04,17200,libéré,0.0
L2025-01109-2,CMD-2025-01109,2025-08-15,17300,libéré,0.0
L2025-01110-1,CMD-2025-01110,2025-08-05,40100,libéré,0.0
L2025-01110-2,CMD-2025-01110,2025-08-01,40100,rejeté,103016.9
L2025-01110-3,CMD-2025-01110,2025-07-28,40300,libéré,0.0
L2025-01111-1,CMD-2025-01111,2025-07-30,12500,libéré,0.0
L2025-01111-2,CMD-2025-01111,2025-07-31,12500,libéré,0.0
L2025-01112-1,CMD-2025-01112,2025-08-14,27100,libéré,0.0
L2025-01112-2,CMD-2025-01112,2025-07-22,27100,libéré,0.0
L2025-01112-3,CMD-2025-01112,2025-08-16,27300,libéré,0.0
L2025-01113-1,CMD-2025-01113,2025-07-24,34000,libéré,0.0
L2025-01114-1,CMD-2025-01114,2025-07-26,26500,libéré,0.0
L2025-01114-2,CMD-2025-01114,2025-07-30,26500,libéré,0.0
L2025-01115-1,CMD-2025-01115,2025-08-07,26200,retraité,22735.05
L2025-01115-2,CMD-2025-01115,2025-08-14,26300,libéré,0.0
L2025-01116-1,CMD-2025-01116,2025-07-25,19200,libéré,0.0
L2025-01116-2,CMD-2025-01116,2025-08-11,19300,libéré,0.0
L2025-01117-1,CMD-2025-01117,2025-07-31,59000,libéré,0.0
L2025-01117-2,CMD-2025-01117,2025-08-20,59000,rejeté,200659.0
L2025-01118-1,CMD-2025-01118,2025-07-23,23700,libéré,0.0
L2025-01118-2,CMD-2025-01118,2025-07-29,23800,libéré,0.0
L2025-01119-1,CMD-2025-01119,2025-08-02,33100,libéré,0.0
L2025-01120-1,CMD-2025-01120,2025-08-06,22500,libéré,0.0
L2025-01120-2,CMD-2025-01120,2025-08-02,22500,libéré,0.0
L2025-01121-1,CMD-2025-01121,2025-08-09,11500,libéré,0.0
L2025-01121-2,CMD-2025-01121,2025-08-05,11500,libéré,0.0
L2025-01122-1,CMD-2025-01122,2025-07-29,9100,libéré,0.0
L2025-01122-2,CMD-2025-01122,2025-07-27,9100,libéré,0.0
L2025-01122-3,CMD-2025-01122,2025-07-25,9100,libéré,0.0
L2025-01123-1,CMD-2025-01123,2025-07-23,52000,libéré,0.0
L2025-01123-2,CMD-2025-01123,2025-08-12,52000,retraité,16629.6
L2025-01124-1,CMD-2025-01124,2025-08-11,32000,libéré,0.0
L2025-01125-1,CMD-2025-01125,2025-08-05,9000,libéré,0.0
L2025-01125-2,CMD-2025-01125,2025-07-24,9000,libéré,0.0
L2025-01125-3,CMD-2025-01125,2025-08-05,9000,libéré,0.0
L2025-01126-1,CMD-2025-01126,2025-08-01,9300,libéré,0.0
L2025-01126-2,CMD-2025-01126,2025-07-28,9300,libéré,0.0
L2025-01126-3,CMD-2025-01126,2025-07-31,9400,libéré,0.0
L2025-01127-1,CMD-2025-01127,2025-07-24,41800,libéré,0.0
L2025-01127-2,CMD-2025-01127,2025-07-23,41800,rejeté,128702.2
L2025-01127-3,CMD-2025-01127,2025-08-07,41900,libéré,0.0
L2025-01128-1,CMD-2025-01128,2025-08-21,21500,libéré,0.0
L2025-01129-1,CMD-2025-01129,2025-07-31,18000,libéré,0.0
L2025-01130-1,CMD-2025-01130,2025-08-08,26500,rejeté,109100.5
L2025-01131-1,CMD-2025-01131,2025-08-02,43000,libéré,0.0
L2025-01131-2,CMD-2025-01131,2025-07-30,43000,libéré,0.0
L2025-01132-1,CMD-2025-01132,2025-08-20,8600,libéré,0.0
L2025-01132-2,CMD-2025-01132,2025-07-30,8600,libéré,0.0
L2025-01132-3,CMD-2025-01132,2025-08-24,8800,libéré,0.0
L2025-01133-1,CMD-2025-01133,2025-07-30,54000,libéré,0.0
L2025-01134-1,CMD-2025-01134,2025-07-26,63500,libéré,0.0
L2025-01135-1,CMD-2025-01135,2025-08-10,23000,libéré,0.0
L2025-01135-2,CMD-2025-01135,2025-08-04,23000,libéré,0.0
L2025-01135-3,CMD-2025-01135,2025-08-14,23000,libéré,0.0
L2025-01136-1,CMD-2025-01136,2025-08-01,27000,libéré,0.0
L2025-01137-1,CMD-2025-01137,2025-08-16,8100,rejeté,39803.4
L2025-01137-2,CMD-2025-01137,2025-08-04,8100,libéré,0.0
L2025-01137-3,CMD-2025-01137,2025-08-10,8300,libéré,0.0
L2025-01138-1,CMD-2025-01138,2025-08-05,22500,libéré,0.0
L2025-01139-1,CMD-2025-01139,2025-08-10,33000,libéré,0.0
L2025-01140-1,CMD-2025-01140,2025-08-03,15500,libéré,0.0
L2025-01140-2,CMD-2025-01140,2025-08-03,15500,libéré,0.0
L2025-01141-1,CMD-2025-01141,2025-07-28,30500,libéré,0.0
L2025-01142-1,CMD-2025-01142,2025-08-09,14500,libéré,0.0
L2025-01142-2,CMD-2025-01142,2025-08-04,14500,libéré,0.0
L2025-01142-3,CMD-2025-01142,2025-08-10,14500,libéré,0.0
L2025-01143-1,CMD-2025-01143,2025-08-07,12000,retraité,9360.0
L2025-01143-2,CMD-2025-01143,2025-08-05,12000,libéré,0.0
L2025-01144-1,CMD-2025-01144,2025-07-29,53000,libéré,0.0
L2025-01145-1,CMD-2025-01145,2025-08-11,12800,libéré,0.0
L2025-01145-2,CMD-2025-01145,2025-08-06,12800,libéré,0.0
L2025-01145-3,CMD-2025-01145,2025-08-02,12900,libéré,0.0
L2025-01146-1,CMD-2025-01146,2025-08-09,36000,rejeté,151308.0
L2025-01147-1,CMD-2025-01147,2025-08-03,28700,libéré,0.0
L2025-01147-2,CMD-2025-01147,2025-08-09,28800,libéré,0.0
L2025-01148-1,CMD-2025-01148,2025-08-15,46000,retraité,27945.0
L2025-01149-1,CMD-2025-01149,2025-08-06,13300,libéré,0.0
L2025-01149-2,CMD-2025-01149,2025-08-04,13300,libéré,0.0
L2025-01149-3,CMD-2025-01149,2025-08-13,13400,libéré,0.0
L2025-01150-1,CMD-2025-01150,2025-08-02,69700,libéré,0.0
L2025-01151-1,CMD-2025-01151,2025-08-01,61000,libéré,0.0
L2025-01152-1,CMD-2025-01152,2025-08-10,16600,libéré,0.0
L2025-01152-2,CMD-2025-01152,2025-08-03,16600,libéré,0.0
L2025-01152-3,CMD-2025-01152,2025-08-14,16800,libéré,0.0
L2025-01153-1,CMD-2025-01153,2025-08-09,19500,libéré,0.0
L2025-01153-2,CMD-2025-01153,2025-08-09,19500,libéré,0.0
L2025-01154-1,CMD-2025-01154,2025-08-06,13500,retraité,6174.22
L2025-01154-2,CMD-2025-01154,2025-08-15,13500,libéré,0.0
L2025-01155-1,CMD-2025-01155,2025-08-02,13000,libéré,0.0
L2025-01155-2,CMD-2025-01155,2025-08-25,13000,libéré,0.0
L2025-01155-3,CMD-2025-01155,2025-08-26,13000,libéré,0.0
L2025-01156-1,CMD-2025-01156,2025-09-16,8100,libéré,0.0
L2025-01156-2,CMD-2025-01156,2025-08-05,8100,libéré,0.0
L2025-01156-3,CMD-2025-01156,2025-08-08,8300,rejeté,27132.7
L2025-01157-1,CMD-2025-01157,2025-08-14,37000,libéré,0.0
L2025-01158-1,CMD-2025-01158,2025-08-11,30500,libéré,0.0
L2025-01158-2,CMD-2025-01158,2025-08-02,30500,libéré,0.0
L2025-01158-3,CMD-2025-01158,2025-08-17,30500,libéré,0.0
L2025-01159-1,CMD-2025-01159,2025-08-15,7000,libéré,0.0
L2025-01159-2,CMD-2025-01159,2025-08-15,7000,libéré,0.0
L2025-01160-1,CMD-2025-01160,2025-08-06,55000,libéré,0.0
L2025-01161-1,CMD-2025-01161,2025-08-09,35700,libéré,0.0
L2025-01161-2,CMD-2025-01161,2025-08-05,35800,libéré,0.0
L2025-01162-1,CMD-2025-01162,2025-08-10,40500,libéré,0.0
L2025-01163-1,CMD-2025-01163,2025-08-13,15200,libéré,0.0
L2025-01163-2,CMD-2025-01163,2025-08-16,15300,libéré,0.0
L2025-01164-1,CMD-2025-01164,2025-08-11,16700,libéré,0.0
L2025-01164-2,CMD-2025-01164,2025-08-06,16800,rejeté,61370.4
L2025-01165-1,CMD-2025-01165,2025-08-10,10000,retraité,6327.0
L2025-01166-1,CMD-2025-01166,2025-08-28,17000,libéré,0.0
L2025-01166-2,CMD-2025-01166,2025-08-18,17000,libéré,0.0
L2025-01166-3,CMD-2025-01166,2025-08-08,17000,libéré,0.0
L2025-01167-1,CMD-2025-01167,2025-08-15,11500,libéré,0.0
L2025-01167-2,CMD-2025-01167,2025-08-10,11500,libéré,0.0
L2025-01167-3,CMD-2025-01167,2025-08-25,11500,libéré,0.0
L2025-01168-1,CMD-2025-01168,2025-08-18,22500,libéré,0.0
L2025-01168-2,CMD-2025-01168,2025-08-06,22500,libéré,0.0
L2025-01169-1,CMD-2025-01169,2025-08-13,34500,libéré,0.0
L2025-01170-1,CMD-2025-01170,2025-08-10,33500,libéré,0.0
L2025-01170-2,CMD-2025-01170,2025-08-08,33500,libéré,0.0
L2025-01171-1,CMD-2025-01171,2025-09-01,43000,libéré,0.0
L2025-01171-2,CMD-2025-01171,2025-08-21,43000,libéré,0.0
L2025-01171-3,CMD-2025-01171,2025-09-02,43000,libéré,0.0
L2025-01172-1,CMD-2025-01172,2025-09-01,13500,libéré,0.0
L2025-01172-2,CMD-2025-01172,2025-09-03,13500,libéré,0.0
L2025-01173-1,CMD-2025-01173,2025-09-01,21200,libéré,0.0
L2025-01173-2,CMD-2025-01173,2025-08-19,21300,libéré,0.0
L2025-01174-1,CMD-2025-01174,2025-09-01,23700,libéré,0.0
L2025-01174-2,CMD-2025-01174,2025-08-22,23800,libéré,0.0
L2025-01175-1,CMD-2025-01175,2025-08-17,21500,libéré,0.0
L2025-01175-2,CMD-2025-01175,2025-08-11,21500,retraité,13203.15
L2025-01176-1,CMD-2025-01176,2025-08-17,12000,libéré,0.0
L2025-01177-1,CMD-2025-01177,2025-08-06,18000,libéré,0.0
L2025-01178-1,CMD-2025-01178,2025-08-07,21600,libéré,0.0
L2025-01178-2,CMD-2025-01178,2025-08-07,21600,libéré,0.0
L2025-01178-3,CMD-2025-01178,2025-08-09,21800,libéré,0.0
L2025-01179-1,CMD-2025-01179,2025-08-16,6100,libéré,0.0
L2025-01179-2,CMD-2025-01179,2025-08-08,6100,libéré,0.0
L2025-01179-3,CMD-2025-01179,2025-08-06,6300,libéré,0.0
L2025-01180-1,CMD-2025-01180,2025-08-04,19300,libéré,0.0
L2025-01180-2,CMD-2025-01180,2025-08-15,19300,libéré,0.0
L2025-01180-3,CMD-2025-01180,2025-08-17,19400,libéré,0.0
L2025-01181-1,CMD-2025-01181,2025-09-05,22800,libéré,0.0
L2025-01181-2,CMD-2025-01181,2025-09-01,22800,libéré,0.0
L2025-01181-3,CMD-2025-01181,2025-08-15,22900,libéré,0.0
L2025-01182-1,CMD-2025-01182,2025-08-10,55000,libéré,0.0
L2025-01183-1,CMD-2025-01183,2025-08-11,20000,libéré,0.0
L2025-01183-2,CMD-2025-01183,2025-08-12,20000,libéré,0.0
L2025-01184-1,CMD-2025-01184,2025-09-12,69500,libéré,0.0
L2025-01185-1,CMD-2025-01185,2025-08-12,32000,libéré,0.0
L2025-01186-1,CMD-2025-01186,2025-08-30,34000,libéré,0.0
L2025-01187-1,CMD-2025-01187,2025-08-10,24700,libéré,0.0
L2025-01187-2,CMD-2025-01187,2025-08-19,24800,libéré,0.0
L2025-01188-1,CMD-2025-01188,2025-08-22,11500,libéré,0.0
L2025-01188-2,CMD-2025-01188,2025-08-31,11500,libéré,0.0
L2025-01188-3,CMD-2025-01188,2025-09-04,11500,libéré,0.0
L2025-01189-1,CMD-2025-01189,2025-08-13,10300,rejeté,40705.6
L2025-01189-2,CMD-2025-01189,2025-08-13,10300,rejeté,40705.6
L2025-01189-3,CMD-2025-01189,2025-08-13,10400,libéré,0.0
L2025-01190-1,CMD-2025-01190,2025-09-10,8800,libéré,0.0
L2025-01190-2,CMD-2025-01190,2025-08-19,8800,libéré,0.0
L2025-01190-3,CMD-2025-01190,2025-09-03,8900,libéré,0.0
L2025-01191-1,CMD-2025-01191,2025-08-11,54000,libéré,0.0
L2025-01192-1,CMD-2025-01192,2025-08-25,16500,libéré,0.0
L2025-01192-2,CMD-2025-01192,2025-08-20,16500,libéré,0.0
L2025-01192-3,CMD-2025-01192,2025-08-27,16500,libéré,0.0
L2025-01193-1,CMD-2025-01193,2025-08-22,21700,libéré,0.0
L2025-01193-2,CMD-2025-01193,2025-08-22,21800,libéré,0.0
L2025-01194-1,CMD-2025-01194,2025-08-25,31200,libéré,0.0
L2025-01194-2,CMD-2025-01194,2025-08-19,31300,libéré,0.0
L2025-01195-1,CMD-2025-01195,2025-08-20,7800,retraité,3428.1
L2025-01195-2,CMD-2025-01195,2025-08-15,7800,libéré,0.0
L2025-01195-3,CMD-2025-01195,2025-08-20,7900,libéré,0.0
L2025-01196-1,CMD-2025-01196,2025-08-07,12000,libéré,0.0
L2025-01197-1,CMD-2025-01197,2025-09-11,12000,libéré,0.0
L2025-01198-1,CMD-2025-01198,2025-08-21,11500,libéré,0.0
L2025-01198-2,CMD-2025-01198,2025-08-18,11500,libéré,0.0
L2025-01198-3,CMD-2025-01198,2025-08-18,11500,libéré,0.0
L2025-01199-1,CMD-2025-01199,2025-08-12,41500,libéré,0.0
L2025-01199-2,CMD-2025-01199,2025-08-09,41500,libéré,0.0
L2025-01199-3,CMD-2025-01199,2025-08-09,41500,libéré,0.0
L2025-01200-1,CMD-2025-01200,2025-08-15,44500,libéré,0.0
L2025-01201-1,CMD-2025-01201,2025-08-27,14700,libéré,0.0
L2025-01201-2,CMD-2025-01201,2025-08-10,14800,libéré,0.0
L2025-01202-1,CMD-2025-01202,2025-08-26,69500,libéré,0.0
L2025-01202-2,CMD-2025-01202,2025-08-16,69500,libéré,0.0
L2025-01203-1,CMD-2025-01203,2025-08-11,20200,libéré,0.0
L2025-01203-2,CMD-2025-01203,2025-08-25,20300,libéré,0.0
L2025-01204-1,CMD-2025-01204,2025-08-17,10600,libéré,0.0
L2025-01204-2,CMD-2025-01204,2025-08-15,10600,libéré,0.0
L2025-01204-3,CMD-2025-01204,2025-08-09,10800,libéré,0.0
L2025-01205-1,CMD-2025-01205,2025-08-15,25800,libéré,0.0
L2025-01205-2,CMD-2025-01205,2025-08-14,25800,libéré,0.0
L2025-01205-3,CMD-2025-01205,2025-08-14,25900,libéré,0.0
L2025-01206-1,CMD-2025-01206,2025-08-25,31500,libéré,0.0
L2025-01207-1,CMD-2025-01207,2025-08-11,19300,libéré,0.0
L2025-01207-2,CMD-2025-01207,2025-08-13,19300,libéré,0.0
L2025-01207-3,CMD-2025-01207,2025-08-15,19400,libéré,0.0
L2025-01208-1,CMD-2025-01208,2025-08-20,19200,libéré,0.0
L2025-01208-2,CMD-2025-01208,2025-08-14,19300,libéré,0.0
L2025-01209-1,CMD-2025-01209,2025-08-16,24200,libéré,0.0
L2025-01209-2,CMD-2025-01209,2025-08-22,24300,libéré,0.0
L2025-01210-1,CMD-2025-01210,2025-08-24,10900,retraité,8961.43
L2025-01210-2,CMD-2025-01210,2025-08-14,11000,libéré,0.0
L2025-01211-1,CMD-2025-01211,2025-08-13,13700,libéré,0.0
L2025-01211-2,CMD-2025-01211,2025-08-26,13800,libéré,0.0
L2025-01212-1,CMD-2025-01212,2025-08-11,16300,libéré,0.0
L2025-01212-2,CMD-2025-01212,2025-08-27,16300,rejeté,48166.5
L2025-01212-3,CMD-2025-01212,2025-08-28,16400,libéré,0.0
L2025-01213-1,CMD-2025-01213,2025-09-13,9300,libéré,0.0
L2025-01213-2,CMD-2025-01213,2025-09-09,9300,libéré,0.0
L2025-01213-3,CMD-2025-01213,2025-08-20,9400,libéré,0.0
L2025-01214-1,CMD-2025-01214,2025-09-09,8700,libéré,0.0
L2025-01214-2,CMD-2025-01214,2025-09-07,8800,libéré,0.0
L2025-01215-1,CMD-2025-01215,2025-08-22,47000,libéré,0.0
L2025-01215-2,CMD-2025-01215,2025-08-29,47000,libéré,0.0
L2025-01216-1,CMD-2025-01216,2025-08-18,42000,libéré,0.0
L2025-01217-1,CMD-2025-01217,2025-08-22,5100,libéré,0.0
L2025-01217-2,CMD-2025-01217,2025-08-25,5100,libéré,0.0
L2025-01217-3,CMD-2025-01217,2025-08-25,5300,libéré,0.0
L2025-01218-1,CMD-2025-01218,2025-08-17,9000,libéré,0.0
L2025-01218-2,CMD-2025-01218,2025-08-19,9000,libéré,0.0
L2025-01219-1,CMD-2025-01219,2025-08-14,22500,libéré,0.0
L2025-01220-1,CMD-2025-01220,2025-08-12,13500,libéré,0.0
L2025-01220-2,CMD-2025-01220,2025-08-25,13500,libéré,0.0
L2025-01221-1,CMD-2025-01221,2025-08-19,13700,libéré,0.0
L2025-01221-2,CMD-2025-01221,2025-08-20,13800,retraité,9130.77
L2025-01222-1,CMD-2025-01222,2025-08-23,22800,libéré,0.0
L2025-01222-2,CMD-2025-01222,2025-08-26,22800,libéré,0.0
L2025-01222-3,CMD-2025-01222,2025-09-02,22900,libéré,0.0
L2025-01223-1,CMD-2025-01223,2025-08-27,9500,libéré,0.0
L2025-01223-2,CMD-2025-01223,2025-08-18,9500,libéré,0.0
L2025-01223-3,CMD-2025-01223,2025-08-25,9500,libéré,0.0
L2025-01224-1,CMD-2025-01224,2025-08-24,27200,libéré,0.0
L2025-01224-2,CMD-2025-01224,2025-08-20,27300,libéré,0.0
L2025-01225-1,CMD-2025-01225,2025-08-18,20500,libéré,0.0
L2025-01226-1,CMD-2025-01226,2025-08-25,57000,libéré,0.0
L2025-01227-1,CMD-2025-01227,2025-09-09,39000,libéré,0.0
L2025-01228-1,CMD-2025-01228,2025-09-03,13700,retraité,3855.18
L2025-01228-2,CMD-2025-01228,2025-08-30,13800,libéré,0.0
L2025-01229-1,CMD-2025-01229,2025-08-26,41000,libéré,0.0
L2025-01230-1,CMD-2025-01230,2025-08-22,11600,libéré,0.0
L2025-01230-2,CMD-2025-01230,2025-09-03,11600,libéré,0.0
L2025-01230-3,CMD-2025-01230,2025-08-30,11800,libéré,0.0
L2025-01231-1,CMD-2025-01231,2025-08-13,18200,libéré,0.0
L2025-01231-2,CMD-2025-01231,2025-08-27,18300,libéré,0.0
L2025-01232-1,CMD-2025-01232,2025-08-16,75000,libéré,0.0
L2025-01232-2,CMD-2025-01232,2025-09-01,75000,libéré,0.0
L2025-01233-1,CMD-2025-01233,2025-08-26,9000,libéré,0.0
L2025-01233-2,CMD-2025-01233,2025-08-17,9000,libéré,0.0
L2025-01234-1,CMD-2025-01234,2025-08-24,9300,libéré,0.0
L2025-01234-2,CMD-2025-01234,2025-09-07,9300,libéré,0.0
L2025-01234-3,CMD-2025-01234,2025-08-27,9400,libéré,0.0
L2025-01235-1,CMD-2025-01235,2025-09-01,23500,libéré,0.0
L2025-01235-2,CMD-2025-01235,2025-08-21,23500,libéré,0.0
L2025-01235-3,CMD-2025-01235,2025-08-21,23500,rejeté,104481.0
L2025-01236-1,CMD-2025-01236,2025-08-22,41000,libéré,0.0
L2025-01237-1,CMD-2025-01237,2025-09-11,11000,libéré,0.0
L2025-01237-2,CMD-2025-01237,2025-08-19,11000,libéré,0.0
L2025-01237-3,CMD-2025-01237,2025-08-31,11000,libéré,0.0
L2025-01238-1,CMD-2025-01238,2025-08-23,31200,libéré,0.0
L2025-01238-2,CMD-2025-01238,2025-09-04,31300,libéré,0.0
L2025-01239-1,CMD-2025-01239,2025-09-01,31500,libéré,0.0
L2025-01240-1,CMD-2025-01240,2025-08-23,14000,libéré,0.0
L2025-01240-2,CMD-2025-01240,2025-09-04,14000,libéré,0.0
L2025-01241-1,CMD-2025-01241,2025-08-22,31600,libéré,0.0
L2025-01241-2,CMD-2025-01241,2025-09-06,31600,libéré,0.0
L2025-01241-3,CMD-2025-01241,2025-09-06,31800,libéré,0.0
L2025-01242-1,CMD-2025-01242,2025-08-28,45000,retraité,30280.5
L2025-01242-2,CMD-2025-01242,2025-09-03,45000,retraité,30280.5
L2025-01242-3,CMD-2025-01242,2025-08-31,45000,libéré,0.0
L2025-01243-1,CMD-2025-01243,2025-08-19,29000,libéré,0.0
L2025-01243-2,CMD-2025-01243,2025-08-31,29000,libéré,0.0
L2025-01244-1,CMD-2025-01244,2025-09-05,33000,libéré,0.0
L2025-01244-2,CMD-2025-01244,2025-08-27,33000,libéré,0.0
L2025-01245-1,CMD-2025-01245,2025-08-17,9300,libéré,0.0
L2025-01245-2,CMD-2025-01245,2025-08-17,9300,libéré,0.0
L2025-01245-3,CMD-2025-01245,2025-08-25,9400,libéré,0.0
L2025-01246-1,CMD-2025-01246,2025-08-20,14500,retraité,9171.97
L2025-01247-1,CMD-2025-01247,2025-09-04,7000,libéré,0.0
L2025-01247-2,CMD-2025-01247,2025-09-05,7000,libéré,0.0
L2025-01248-1,CMD-2025-01248,2025-08-26,44000,libéré,0.0
L2025-01249-1,CMD-2025-01249,2025-09-04,54500,libéré,0.0
L2025-01250-1,CMD-2025-01250,2025-09-07,22600,libéré,0.0
L2025-01250-2,CMD-2025-01250,2025-08-19,22600,retraité,16872.03
L2025-01250-3,CMD-2025-01250,2025-08-19,22800,libéré,0.0
L2025-01251-1,CMD-2025-01251,2025-08-26,11500,libéré,0.0
L2025-01251-2,CMD-2025-01251,2025-09-09,11500,libéré,0.0
L2025-01251-3,CMD-2025-01251,2025-08-18,11500,libéré,0.0
L2025-01252-1,CMD-2025-01252,2025-08-25,20300,libéré,0.0
L2025-01252-2,CMD-2025-01252,2025-09-02,20300,libéré,0.0
L2025-01252-3,CMD-2025-01252,2025-08-24,20400,libéré,0.0
L2025-01253-1,CMD-2025-01253,2025-08-30,6300,libéré,0.0
L2025-01253-2,CMD-2025-01253,2025-08-28,6300,libéré,0.0
L2025-01253-3,CMD-2025-01253,2025-08-27,6400,libéré,0.0
L2025-01254-1,CMD-2025-01254,2025-08-20,12700,libéré,0.0
L2025-01254-2,CMD-2025-01254,2025-08-23,12800,libéré,0.0
L2025-01255-1,CMD-2025-01255,2025-08-23,12600,libéré,0.0
L2025-01255-2,CMD-2025-01255,2025-08-21,12600,libéré,0.0
L2025-01255-3,CMD-2025-01255,2025-08-28,12800,libéré,0.0
L2025-01256-1,CMD-2025-01256,2025-08-28,13000,libéré,0.0
L2025-01256-2,CMD-2025-01256,2025-08-28,13000,libéré,0.0
L2025-01257-1,CMD-2025-01257,2025-09-04,11200,libéré,0.0
L2025-01257-2,CMD-2025-01257,2025-08-31,11300,libéré,0.0
L2025-01258-1,CMD-2025-01258,2025-09-10,16500,libéré,0.0
L2025-01258-2,CMD-2025-01258,2025-08-20,16500,libéré,0.0
L2025-01259-1,CMD-2025-01259,2025-08-27,21000,libéré,0.0
L2025-01259-2,CMD-2025-01259,2025-08-22,21000,libéré,0.0
L2025-01259-3,CMD-2025-01259,2025-08-31,21000,libéré,0.0
L2025-01260-1,CMD-2025-01260,2025-08-31,50000,libéré,0.0
L2025-01261-1,CMD-2025-01261,2025-08-27,27000,libéré,0.0
L2025-01262-1,CMD-2025-01262,2025-08-21,13500,libéré,0.0
L2025-01262-2,CMD-2025-01262,2025-09-08,13500,libéré,0.0
L2025-01263-1,CMD-2025-01263,2025-08-24,33500,libéré,0.0
L2025-01263-2,CMD-2025-01263,2025-08-30,33500,libéré,0.0
L2025-01264-1,CMD-2025-01264,2025-08-23,41000,libéré,0.0
L2025-01265-1,CMD-2025-01265,2025-08-31,25100,libéré,0.0
L2025-01265-2,CMD-2025-01265,2025-08-22,25100,libéré,0.0
L2025-01265-3,CMD-2025-01265,2025-09-03,25300,libéré,0.0
L2025-01266-1,CMD-2025-01266,2025-08-25,21500,libéré,0.0
L2025-01267-1,CMD-2025-01267,2025-08-28,58000,libéré,0.0
L2025-01268-1,CMD-2025-01268,2025-08-30,34500,libéré,0.0
L2025-01269-1,CMD-2025-01269,2025-09-02,29000,libéré,0.0
L2025-01270-1,CMD-2025-01270,2025-08-31,41100,libéré,0.0
L2025-01270-2,CMD-2025-01270,2025-09-09,41100,libéré,0.0
L2025-01270-3,CMD-2025-01270,2025-09-06,41300,libéré,0.0
L2025-01271-1,CMD-2025-01271,2025-08-24,43700,libéré,0.0
L2025-01271-2,CMD-2025-01271,2025-08-21,43800,libéré,0.0
L2025-01272-1,CMD-2025-01272,2025-08-27,31000,libéré,0.0
L2025-01273-1,CMD-2025-01273,2025-09-09,17000,libéré,0.0
L2025-01273-2,CMD-2025-01273,2025-09-12,17000,libéré,0.0
L2025-01274-1,CMD-2025-01274,2025-09-08,32500,libéré,0.0
L2025-01274-2,CMD-2025-01274,2025-09-03,32500,libéré,0.0
L2025-01275-1,CMD-2025-01275,2025-09-10,37000,libéré,0.0
L2025-01276-1,CMD-2025-01276,2025-08-24,45500,libéré,0.0
L2025-01277-1,CMD-2025-01277,2025-09-11,9100,libéré,0.0
L2025-01277-2,CMD-2025-01277,2025-09-05,9100,libéré,0.0
L2025-01277-3,CMD-2025-01277,2025-08-20,9300,libéré,0.0
L2025-01278-1,CMD-2025-01278,2025-09-14,79500,libéré,0.0
L2025-01279-1,CMD-2025-01279,2025-09-08,46000,libéré,0.0
L2025-01279-2,CMD-2025-01279,2025-09-04,46000,libéré,0.0
L2025-01280-1,CMD-2025-01280,2025-09-02,33500,libéré,0.0
L2025-01281-1,CMD-2025-01281,2025-09-14,20100,libéré,0.0
L2025-01281-2,CMD-2025-01281,2025-09-26,20100,libéré,0.0
L2025-01281-3,CMD-2025-01281,2025-09-03,20300,libéré,0.0
L2025-01282-1,CMD-2025-01282,2025-09-17,33000,libéré,0.0
L2025-01283-1,CMD-2025-01283,2025-09-06,31000,libéré,0.0
L2025-01283-2,CMD-2025-01283,2025-09-11,31000,libéré,0.0
L2025-01284-1,CMD-2025-01284,2025-09-19,30000,libéré,0.0
L2025-01284-2,CMD-2025-01284,2025-08-29,30000,libéré,0.0
L2025-01284-3,CMD-2025-01284,2025-08-24,30000,libéré,0.0
L2025-01285-1,CMD-2025-01285,2025-09-06,43000,libéré,0.0
L2025-01286-1,CMD-2025-01286,2025-08-30,14500,libéré,0.0
L2025-01286-2,CMD-2025-01286,2025-09-08,14500,libéré,0.0
L2025-01287-1,CMD-2025-01287,2025-09-07,20600,libéré,0.0
L2025-01287-2,CMD-2025-01287,2025-08-28,20600,libéré,0.0
L2025-01287-3,CMD-2025-01287,2025-09-05,20800,libéré,0.0
L2025-01288-1,CMD-2025-01288,2025-09-13,59500,libéré,0.0
L2025-01289-1,CMD-2025-01289,2025-09-18,57000,rejeté,261174.0
L2025-01290-1,CMD-2025-01290,2025-09-02,17100,libéré,0.0
L2025-01290-2,CMD-2025-01290,2025-09-08,17100,libéré,0.0
L2025-01290-3,CMD-2025-01290,2025-09-08,17300,libéré,0.0
L2025-01291-1,CMD-2025-01291,2025-08-30,53000,libéré,0.0
L2025-01292-1,CMD-2025-01292,2025-09-01,37800,libéré,0.0
L2025-01292-2,CMD-2025-01292,2025-09-01,37800,libéré,0.0
L2025-01292-3,CMD-2025-01292,2025-09-01,37900,libéré,0.0
L2025-01293-1,CMD-2025-01293,2025-09-11,26200,libéré,0.0
L2025-01293-2,CMD-2025-01293,2025-09-22,26300,libéré,0.0
L2025-01294-1,CMD-2025-01294,2025-09-25,38500,libéré,0.0
L2025-01295-1,CMD-2025-01295,2025-09-16,64000,libéré,0.0
L2025-01296-1,CMD-2025-01296,2025-09-27,32500,libéré,0.0
L2025-01297-1,CMD-2025-01297,2025-09-20,9600,libéré,0.0
L2025-01297-2,CMD-2025-01297,2025-08-29,9600,libéré,0.0
L2025-01297-3,CMD-2025-01297,2025-09-25,9800,libéré,0.0
L2025-01298-1,CMD-2025-01298,2025-09-13,34000,libéré,0.0
L2025-01298-2,CMD-2025-01298,2025-09-09,34000,libéré,0.0
L2025-01299-1,CMD-2025-01299,2025-09-07,25600,libéré,0.0
L2025-01299-2,CMD-2025-01299,2025-09-01,25600,libéré,0.0
L2025-01299-3,CMD-2025-01299,2025-08-27,25800,libéré,0.0
L2025-01300-1,CMD-2025-01300,2025-09-19,45500,libéré,0.0
L2025-01301-1,CMD-2025-01301,2025-09-02,69000,libéré,0.0
L2025-01302-1,CMD-2025-01302,2025-09-17,5500,libéré,0.0
L2025-01302-2,CMD-2025-01302,2025-09-09,5500,libéré,0.0
L2025-01302-3,CMD-2025-01302,2025-09-26,5500,libéré,0.0
L2025-01303-1,CMD-2025-01303,2025-08-26,12500,libéré,0.0
L2025-01303-2,CMD-2025-01303,2025-08-27,12500,libéré,0.0
L2025-01304-1,CMD-2025-01304,2025-09-03,6700,libéré,0.0
L2025-01304-2,CMD-2025-01304,2025-09-13,6800,rejeté,22630.4
L2025-01305-1,CMD-2025-01305,2025-09-04,22600,libéré,0.0
L2025-01305-2,CMD-2025-01305,2025-09-10,22600,libéré,0.0
L2025-01305-3,CMD-2025-01305,2025-08-31,22800,retraité,10130.04
L2025-01306-1,CMD-2025-01306,2025-08-28,10000,libéré,0.0
L2025-01306-2,CMD-2025-01306,2025-09-06,10000,libéré,0.0
L2025-01307-1,CMD-2025-01307,2025-09-02,12000,libéré,0.0
L2025-01307-2,CMD-2025-01307,2025-09-05,12000,libéré,0.0
L2025-01308-1,CMD-2025-01308,2025-08-28,51000,libéré,0.0
L2025-01309-1,CMD-2025-01309,2025-09-10,53700,libéré,0.0
L2025-01309-2,CMD-2025-01309,2025-08-31,53800,libéré,0.0
L2025-01310-1,CMD-2025-01310,2025-09-24,36500,rejeté,99608.5
L2025-01311-1,CMD-2025-01311,2025-09-08,13100,libéré,0.0
L2025-01311-2,CMD-2025-01311,2025-09-08,13100,libéré,0.0
L2025-01311-3,CMD-2025-01311,2025-09-29,13300,libéré,0.0
L2025-01312-1,CMD-2025-01312,2025-09-23,11200,libéré,0.0
L2025-01312-2,CMD-2025-01312,2025-09-11,11300,libéré,0.0
L2025-01313-1,CMD-2025-01313,2025-09-15,39100,libéré,0.0
L2025-01313-2,CMD-2025-01313,2025-09-15,39100,libéré,0.0
L2025-01313-3,CMD-2025-01313,2025-09-08,39300,libéré,0.0
L2025-01314-1,CMD-2025-01314,2025-09-07,14500,libéré,0.0
L2025-01315-1,CMD-2025-01315,2025-09-14,54500,libéré,0.0
L2025-01316-1,CMD-2025-01316,2025-09-02,43500,libéré,0.0
L2025-01316-2,CMD-2025-01316,2025-09-13,43500,libéré,0.0
L2025-01317-1,CMD-2025-01317,2025-09-05,33200,libéré,0.0
L2025-01317-2,CMD-2025-01317,2025-09-13,33300,libéré,0.0
L2025-01318-1,CMD-2025-01318,2025-08-31,14500,libéré,0.0
L2025-01318-2,CMD-2025-01318,2025-09-12,14500,libéré,0.0
L2025-01319-1,CMD-2025-01319,2025-09-02,36700,libéré,0.0
L2025-01319-2,CMD-2025-01319,2025-09-16,36800,libéré,0.0
L2025-01320-1,CMD-2025-01320,2025-09-01,16300,libéré,0.0
L2025-01320-2,CMD-2025-01320,2025-09-06,16300,libéré,0.0
L2025-01320-3,CMD-2025-01320,2025-09-18,16400,libéré,0.0
L2025-01321-1,CMD-2025-01321,2025-08-31,32000,libéré,0.0
L2025-01322-1,CMD-2025-01322,2025-09-21,17700,libéré,0.0
L2025-01322-2,CMD-2025-01322,2025-09-20,17800,libéré,0.0
L2025-01323-1,CMD-2025-01323,2025-09-15,14500,libéré,0.0
L2025-01323-2,CMD-2025-01323,2025-09-07,14500,libéré,0.0
L2025-01324-1,CMD-2025-01324,2025-09-29,54500,libéré,0.0
L2025-01325-1,CMD-2025-01325,2025-09-15,10500,libéré,0.0
L2025-01326-1,CMD-2025-01326,2025-09-08,29500,libéré,0.0
L2025-01327-1,CMD-2025-01327,2025-09-16,15200,libéré,0.0
L2025-01327-2,CMD-2025-01327,2025-09-17,15300,libéré,0.0
L2025-01328-1,CMD-2025-01328,2025-09-09,9200,libéré,0.0
L2025-01328-2,CMD-2025-01328,2025-09-16,9300,libéré,0.0
L2025-01329-1,CMD-2025-01329,2025-09-03,16000,libéré,0.0
L2025-01329-2,CMD-2025-01329,2025-09-11,16000,libéré,0.0
L2025-01330-1,CMD-2025-01330,2025-09-10,34500,libéré,0.0
L2025-01331-1,CMD-2025-01331,2025-09-26,52000,rejeté,89752.0
L2025-01332-1,CMD-2025-01332,2025-09-04,26000,libéré,0.0
L2025-01332-2,CMD-2025-01332,2025-09-28,26000,libéré,0.0
L2025-01333-1,CMD-2025-01333,2025-09-11,16300,libéré,0.0
L2025-01333-2,CMD-2025-01333,2025-09-07,16300,libéré,0.0
L2025-01333-3,CMD-2025-01333,2025-09-02,16400,libéré,0.0
L2025-01334-1,CMD-2025-01334,2025-09-10,19000,libéré,0.0
L2025-01335-1,CMD-2025-01335,2025-09-06,55500,libéré,0.0
L2025-01336-1,CMD-2025-01336,2025-09-18,32500,libéré,0.0
L2025-01337-1,CMD-2025-01337,2025-09-06,21500,libéré,0.0
L2025-01338-1,CMD-2025-01338,2025-09-12,22000,libéré,0.0
L2025-01338-2,CMD-2025-01338,2025-09-19,22000,libéré,0.0
L2025-01339-1,CMD-2025-01339,2025-10-05,34500,libéré,0.0
L2025-01339-2,CMD-2025-01339,2025-09-21,34500,libéré,0.0
L2025-01340-1,CMD-2025-01340,2025-09-03,21800,libéré,0.0
L2025-01340-2,CMD-2025-01340,2025-09-10,21800,libéré,0.0
L2025-01340-3,CMD-2025-01340,2025-09-09,21900,libéré,0.0
L2025-01341-1,CMD-2025-01341,2025-09-16,28500,libéré,0.0
L2025-01341-2,CMD-2025-01341,2025-09-07,28500,libéré,0.0
L2025-01342-1,CMD-2025-01342,2025-10-02,23000,libéré,0.0
L2025-01343-1,CMD-2025-01343,2025-09-11,5500,libéré,0.0
L2025-01343-2,CMD-2025-01343,2025-09-28,5500,libéré,0.0
L2025-01343-3,CMD-2025-01343,2025-09-07,5500,libéré,0.0
L2025-01344-1,CMD-2025-01344,2025-09-21,17600,libéré,0.0
L2025-01344-2,CMD-2025-01344,2025-09-13,17600,libéré,0.0
L2025-01344-3,CMD-2025-01344,2025-09-26,17800,libéré,0.0
L2025-01345-1,CMD-2025-01345,2025-09-23,29600,libéré,0.0
L2025-01345-2,CMD-2025-01345,2025-09-29,29600,libéré,0.0
L2025-01345-3,CMD-2025-01345,2025-09-26,29800,libéré,0.0
L2025-01346-1,CMD-2025-01346,2025-09-22,45000,libéré,0.0
L2025-01347-1,CMD-2025-01347,2025-10-06,31500,libéré,0.0
L2025-01348-1,CMD-2025-01348,2025-09-25,25500,libéré,0.0
L2025-01349-1,CMD-2025-01349,2025-09-07,29800,libéré,0.0
L2025-01349-2,CMD-2025-01349,2025-09-19,29800,libéré,0.0
L2025-01349-3,CMD-2025-01349,2025-09-20,29900,libéré,0.0
L2025-01350-1,CMD-2025-01350,2025-09-14,16000,libéré,0.0
L2025-01350-2,CMD-2025-01350,2025-09-07,16000,libéré,0.0
L2025-01351-1,CMD-2025-01351,2025-09-10,59500,libéré,0.0
L2025-01352-1,CMD-2025-01352,2025-09-27,36200,libéré,0.0
L2025-01352-2,CMD-2025-01352,2025-09-07,36300,libéré,0.0
L2025-01353-1,CMD-2025-01353,2025-09-26,15500,libéré,0.0
L2025-01353-2,CMD-2025-01353,2025-09-23,15500,libéré,0.0
L2025-01353-3,CMD-2025-01353,2025-09-10,15500,libéré,0.0
L2025-01354-1,CMD-2025-01354,2025-09-12,53000,libéré,0.0
L2025-01355-1,CMD-2025-01355,2025-09-12,18000,libéré,0.0
L2025-01356-1,CMD-2025-01356,2025-10-04,15100,libéré,0.0
L2025-01356-2,CMD-2025-01356,2025-09-09,15100,libéré,0.0
L2025-01356-3,CMD-2025-01356,2025-09-26,15300,libéré,0.0
L2025-01357-1,CMD-2025-01357,2025-09-13,45200,libéré,0.0
L2025-01357-2,CMD-2025-01357,2025-09-18,45300,libéré,0.0
L2025-01358-1,CMD-2025-01358,2025-09-19,19700,libéré,0.0
L2025-01358-2,CMD-2025-01358,2025-09-17,19800,libéré,0.0
L2025-01359-1,CMD-2025-01359,2025-09-24,58500,retraité,27325.35
L2025-01360-1,CMD-2025-01360,2025-09-20,22200,libéré,0.0
L2025-01360-2,CMD-2025-01360,2025-09-19,22300,libéré,0.0
L2025-01361-1,CMD-2025-01361,2025-09-09,19000,libéré,0.0
L2025-01362-1,CMD-2025-01362,2025-09-20,25500,libéré,0.0
L2025-01363-1,CMD-2025-01363,2025-10-06,8700,libéré,0.0
L2025-01363-2,CMD-2025-01363,2025-09-17,8800,libéré,0.0
L2025-01364-1,CMD-2025-01364,2025-09-14,24800,libéré,0.0
L2025-01364-2,CMD-2025-01364,2025-09-30,24800,libéré,0.0
L2025-01364-3,CMD-2025-01364,2025-10-14,24900,libéré,0.0
L2025-01365-1,CMD-2025-01365,2025-09-20,11000,libéré,0.0
L2025-01366-1,CMD-2025-01366,2025-09-13,5000,libéré,0.0
L2025-01366-2,CMD-2025-01366,2025-09-14,5000,libéré,0.0
L2025-01367-1,CMD-2025-01367,2025-09-14,30300,libéré,0.0
L2025-01367-2,CMD-2025-01367,2025-09-14,30300,libéré,0.0
L2025-01367-3,CMD-2025-01367,2025-09-25,30400,libéré,0.0
L2025-01368-1,CMD-2025-01368,2025-09-27,35500,libéré,0.0
L2025-01369-1,CMD-2025-01369,2025-09-28,16200,libéré,0.0
L2025-01369-2,CMD-2025-01369,2025-09-23,16300,libéré,0.0
L2025-01370-1,CMD-2025-01370,2025-09-24,12100,libéré,0.0
L2025-01370-2,CMD-2025-01370,2025-09-27,12100,libéré,0.0
L2025-01370-3,CMD-2025-01370,2025-10-01,12300,libéré,0.0
L2025-01371-1,CMD-2025-01371,2025-09-24,35000,libéré,0.0
L2025-01372-1,CMD-2025-01372,2025-09-21,64500,libéré,0.0
L2025-01373-1,CMD-2025-01373,2025-09-13,9000,libéré,0.0
L2025-01373-2,CMD-2025-01373,2025-09-24,9000,libéré,0.0
L2025-01373-3,CMD-2025-01373,2025-09-21,9000,libéré,0.0
L2025-01374-1,CMD-2025-01374,2025-10-01,23500,libéré,0.0
L2025-01375-1,CMD-2025-01375,2025-09-13,44200,libéré,0.0
L2025-01375-2,CMD-2025-01375,2025-09-18,44300,libéré,0.0
L2025-01376-1,CMD-2025-01376,2025-09-28,27000,libéré,0.0
L2025-01376-2,CMD-2025-01376,2025-09-29,27000,libéré,0.0
L2025-01376-3,CMD-2025-01376,2025-09-25,27000,libéré,0.0
L2025-01377-1,CMD-2025-01377,2025-10-11,53500,libéré,0.0
L2025-01378-1,CMD-2025-01378,2025-09-17,50500,libéré,0.0
L2025-01379-1,CMD-2025-01379,2025-10-07,13700,libéré,0.0
L2025-01379-2,CMD-2025-01379,2025-09-28,13800,libéré,0.0
L2025-01380-1,CMD-2025-01380,2025-09-24,36700,libéré,0.0
L2025-01380-2,CMD-2025-01380,2025-09-20,36800,libéré,0.0
L2025-01381-1,CMD-2025-01381,2025-09-19,21000,retraité,9046.8
L2025-01382-1,CMD-2025-01382,2025-09-25,31000,libéré,0.0
L2025-01383-1,CMD-2025-01383,2025-09-21,16500,libéré,0.0
L2025-01383-2,CMD-2025-01383,2025-09-26,16500,libéré,0.0
L2025-01384-1,CMD-2025-01384,2025-09-23,61000,libéré,0.0
L2025-01385-1,CMD-2025-01385,2025-09-23,49200,libéré,0.0
L2025-01385-2,CMD-2025-01385,2025-10-03,49300,rejeté,192516.5
L2025-01386-1,CMD-2025-01386,2025-09-14,10000,libéré,0.0
L2025-01386-2,CMD-2025-01386,2025-09-16,10000,libéré,0.0
L2025-01386-3,CMD-2025-01386,2025-09-25,10000,libéré,0.0
L2025-01387-1,CMD-2025-01387,2025-09-19,16600,libéré,0.0
L2025-01387-2,CMD-2025-01387,2025-09-16,16600,libéré,0.0
L2025-01387-3,CMD-2025-01387,2025-09-17,16800,libéré,0.0
L2025-01388-1,CMD-2025-01388,2025-10-11,8500,libéré,0.0
L2025-01388-2,CMD-2025-01388,2025-10-11,8500,libéré,0.0
L2025-01389-1,CMD-2025-01389,2025-09-15,9100,libéré,0.0
L2025-01389-2,CMD-2025-01389,2025-09-25,9100,libéré,0.0
L2025-01389-3,CMD-2025-01389,2025-09-16,9300,libéré,0.0
L2025-01390-1,CMD-2025-01390,2025-09-21,27000,libéré,0.0
L2025-01390-2,CMD-2025-01390,2025-09-18,27000,libéré,0.0
L2025-01391-1,CMD-2025-01391,2025-10-02,43000,libéré,0.0
L2025-01392-1,CMD-2025-01392,2025-10-02,46500,libéré,0.0
L2025-01393-1,CMD-2025-01393,2025-09-25,5000,libéré,0.0
L2025-01393-2,CMD-2025-01393,2025-10-01,5000,libéré,0.0
L2025-01393-3,CMD-2025-01393,2025-09-23,5000,libéré,0.0
L2025-01394-1,CMD-2025-01394,2025-10-09,6000,libéré,0.0
L2025-01394-2,CMD-2025-01394,2025-10-15,6000,retraité,1744.2
L2025-01394-3,CMD-2025-01394,2025-10-04,6000,rejeté,11628.0
L2025-01395-1,CMD-2025-01395,2025-09-24,7200,retraité,3186.0
L2025-01395-2,CMD-2025-01395,2025-10-02,7300,libéré,0.0
L2025-01396-1,CMD-2025-01396,2025-10-07,20500,libéré,0.0
L2025-01396-2,CMD-2025-01396,2025-10-03,20500,libéré,0.0
L2025-01397-1,CMD-2025-01397,2025-10-17,13700,libéré,0.0
L2025-01397-2,CMD-2025-01397,2025-10-04,13800,libéré,0.0
L2025-01398-1,CMD-2025-01398,2025-09-16,20500,libéré,0.0
L2025-01398-2,CMD-2025-01398,2025-09-25,20500,libéré,0.0
L2025-01399-1,CMD-2025-01399,2025-09-20,6200,libéré,0.0
L2025-01399-2,CMD-2025-01399,2025-09-25,6300,libéré,0.0
L2025-01400-1,CMD-2025-01400,2025-09-15,28200,libéré,0.0
L2025-01400-2,CMD-2025-01400,2025-09-27,28300,libéré,0.0
L2025-01401-1,CMD-2025-01401,2025-09-26,9500,libéré,0.0
L2025-01401-2,CMD-2025-01401,2025-09-19,9500,libéré,0.0
L2025-01401-3,CMD-2025-01401,2025-09-16,9500,libéré,0.0
L2025-01402-1,CMD-2025-01402,2025-09-27,23200,libéré,0.0
L2025-01402-2,CMD-2025-01402,2025-09-21,23300,rejeté,74490.1
L2025-01403-1,CMD-2025-01403,2025-09-30,54500,libéré,0.0
L2025-01404-1,CMD-2025-01404,2025-09-27,15700,libéré,0.0
L2025-01404-2,CMD-2025-01404,2025-09-18,15800,libéré,0.0
L2025-01405-1,CMD-2025-01405,2025-09-25,22800,libéré,0.0
L2025-01405-2,CMD-2025-01405,2025-10-03,22800,libéré,0.0
L2025-01405-3,CMD-2025-01405,2025-09-16,22900,libéré,0.0
L2025-01406-1,CMD-2025-01406,2025-09-30,17200,libéré,0.0
L2025-01406-2,CMD-2025-01406,2025-09-21,17300,libéré,0.0
L2025-01407-1,CMD-2025-01407,2025-09-17,16000,libéré,0.0
L2025-01407-2,CMD-2025-01407,2025-09-19,16000,libéré,0.0
L2025-01408-1,CMD-2025-01408,2025-09-25,15200,libéré,0.0
L2025-01408-2,CMD-2025-01408,2025-09-30,15300,libéré,0.0
L2025-01409-1,CMD-2025-01409,2025-10-08,24600,libéré,0.0
L2025-01409-2,CMD-2025-01409,2025-09-25,24600,retraité,18254.43
L2025-01409-3,CMD-2025-01409,2025-09-27,24800,libéré,0.0
L2025-01410-1,CMD-2025-01410,2025-09-17,18500,libéré,0.0
L2025-01410-2,CMD-2025-01410,2025-09-20,18500,libéré,0.0
L2025-01410-3,CMD-2025-01410,2025-09-20,18500,libéré,0.0
L2025-01411-1,CMD-2025-01411,2025-10-08,35000,libéré,0.0
L2025-01411-2,CMD-2025-01411,2025-10-09,35000,libéré,0.0
L2025-01412-1,CMD-2025-01412,2025-09-17,37600,libéré,0.0
L2025-01412-2,CMD-2025-01412,2025-09-19,37600,libéré,0.0
L2025-01412-3,CMD-2025-01412,2025-09-25,37800,libéré,0.0
L2025-01413-1,CMD-2025-01413,2025-09-17,64000,libéré,0.0
L2025-01414-1,CMD-2025-01414,2025-09-30,13500,libéré,0.0
L2025-01414-2,CMD-2025-01414,2025-10-07,13500,libéré,0.0
L2025-01414-3,CMD-2025-01414,2025-09-23,13500,libéré,0.0
L2025-01415-1,CMD-2025-01415,2025-09-20,28300,libéré,0.0
L2025-01415-2,CMD-2025-01415,2025-09-18,28300,libéré,0.0
L2025-01415-3,CMD-2025-01415,2025-09-26,28400,libéré,0.0
L2025-01416-1,CMD-2025-01416,2025-09-28,17000,libéré,0.0
L2025-01416-2,CMD-2025-01416,2025-09-21,17000,libéré,0.0
L2025-01417-1,CMD-2025-01417,2025-10-08,19000,libéré,0.0
L2025-01417-2,CMD-2025-01417,2025-09-22,19000,libéré,0.0
L2025-01417-3,CMD-2025-01417,2025-09-24,19000,libéré,0.0
L2025-01418-1,CMD-2025-01418,2025-09-25,9100,libéré,0.0
L2025-01418-2,CMD-2025-01418,2025-10-05,9100,libéré,0.0
L2025-01418-3,CMD-2025-01418,2025-09-26,9300,libéré,0.0
L2025-01419-1,CMD-2025-01419,2025-09-24,25500,libéré,0.0
L2025-01420-1,CMD-2025-01420,2025-09-20,8100,libéré,0.0
L2025-01420-2,CMD-2025-01420,2025-09-26,8100,libéré,0.0
L2025-01420-3,CMD-2025-01420,2025-10-05,8300,libéré,0.0
L2025-01421-1,CMD-2025-01421,2025-10-11,12500,libéré,0.0
L2025-01421-2,CMD-2025-01421,2025-10-21,12500,libéré,0.0
L2025-01422-1,CMD-2025-01422,2025-10-04,27600,libéré,0.0
L2025-01422-2,CMD-2025-01422,2025-09-28,27600,libéré,0.0
L2025-01422-3,CMD-2025-01422,2025-09-30,27800,libéré,0.0
L2025-01423-1,CMD-2025-01423,2025-10-05,23000,libéré,0.0
L2025-01423-2,CMD-2025-01423,2025-09-22,23000,libéré,0.0
L2025-01424-1,CMD-2025-01424,2025-10-25,9100,libéré,0.0
L2025-01424-2,CMD-2025-01424,2025-10-06,9100,libéré,0.0
L2025-01424-3,CMD-2025-01424,2025-10-25,9300,libéré,0.0
L2025-01425-1,CMD-2025-01425,2025-09-27,16500,rejeté,39121.5
L2025-01426-1,CMD-2025-01426,2025-10-08,28500,libéré,0.0
L2025-01427-1,CMD-2025-01427,2025-09-29,14100,libéré,0.0
L2025-01427-2,CMD-2025-01427,2025-10-15,14100,libéré,0.0
L2025-01427-3,CMD-2025-01427,2025-10-09,14300,libéré,0.0
L2025-01428-1,CMD-2025-01428,2025-09-28,73200,libéré,0.0
L2025-01428-2,CMD-2025-01428,2025-09-27,73300,libéré,0.0
L2025-01429-1,CMD-2025-01429,2025-09-25,69000,libéré,0.0
L2025-01430-1,CMD-2025-01430,2025-09-29,5500,libéré,0.0
L2025-01430-2,CMD-2025-01430,2025-10-03,5500,retraité,4240.5
L2025-01430-3,CMD-2025-01430,2025-09-30,5500,libéré,0.0
L2025-01431-1,CMD-2025-01431,2025-10-02,17000,libéré,0.0
L2025-01432-1,CMD-2025-01432,2025-10-29,34500,libéré,0.0
L2025-01432-2,CMD-2025-01432,2025-10-29,34500,libéré,0.0
L2025-01433-1,CMD-2025-01433,2025-09-28,26600,libéré,0.0
L2025-01433-2,CMD-2025-01433,2025-10-19,26600,libéré,0.0
L2025-01433-3,CMD-2025-01433,2025-10-13,26800,retraité,12196.68
L2025-01434-1,CMD-2025-01434,2025-10-02,34600,libéré,0.0
L2025-01434-2,CMD-2025-01434,2025-09-28,34700,libéré,0.0
L2025-01435-1,CMD-2025-01435,2025-09-23,25500,libéré,0.0
L2025-01436-1,CMD-2025-01436,2025-10-12,45000,libéré,0.0
L2025-01436-2,CMD-2025-01436,2025-10-01,45000,libéré,0.0
L2025-01437-1,CMD-2025-01437,2025-10-20,40000,libéré,0.0
L2025-01438-1,CMD-2025-01438,2025-09-27,33500,rejeté,171319.0
L2025-01439-1,CMD-2025-01439,2025-10-10,23000,libéré,0.0
L2025-01440-1,CMD-2025-01440,2025-10-09,12100,libéré,0.0
L2025-01440-2,CMD-2025-01440,2025-10-03,12100,libéré,0.0
L2025-01440-3,CMD-2025-01440,2025-10-04,12300,libéré,0.0
L2025-01441-1,CMD-2025-01441,2025-10-11,65000,libéré,0.0
L2025-01441-2,CMD-2025-01441,2025-10-01,65000,libéré,0.0
L2025-01442-1,CMD-2025-01442,2025-10-10,42000,libéré,0.0
L2025-01443-1,CMD-2025-01443,2025-10-09,22500,libéré,0.0
L2025-01444-1,CMD-2025-01444,2025-09-28,48300,libéré,0.0
L2025-01444-2,CMD-2025-01444,2025-09-24,48300,libéré,0.0
L2025-01444-3,CMD-2025-01444,2025-10-01,48400,libéré,0.0
L2025-01445-1,CMD-2025-01445,2025-10-09,46500,libéré,0.0
L2025-01446-1,CMD-2025-01446,2025-10-01,23500,libéré,0.0
L2025-01446-2,CMD-2025-01446,2025-10-01,23500,libéré,0.0
L2025-01446-3,CMD-2025-01446,2025-09-24,23500,libéré,0.0
L2025-01447-1,CMD-2025-01447,2025-10-08,31000,libéré,0.0
L2025-01447-2,CMD-2025-01447,2025-09-25,31000,libéré,0.0
L2025-01447-3,CMD-2025-01447,2025-09-28,31000,libéré,0.0
L2025-01448-1,CMD-2025-01448,2025-09-26,10700,libéré,0.0
L2025-01448-2,CMD-2025-01448,2025-09-26,10800,libéré,0.0
L2025-01449-1,CMD-2025-01449,2025-10-04,21000,libéré,0.0
L2025-01450-1,CMD-2025-01450,2025-10-23,14100,libéré,0.0
L2025-01450-2,CMD-2025-01450,2025-10-16,14100,libéré,0.0
L2025-01450-3,CMD-2025-01450,2025-10-18,14200,libéré,0.0
L2025-01451-1,CMD-2025-01451,2025-09-30,31700,libéré,0.0
L2025-01451-2,CMD-2025-01451,2025-09-28,31800,libéré,0.0
L2025-01452-1,CMD-2025-01452,2025-10-05,13500,libéré,0.0
L2025-01453-1,CMD-2025-01453,2025-10-12,14100,libéré,0.0
L2025-01453-2,CMD-2025-01453,2025-10-12,14100,libéré,0.0
L2025-01453-3,CMD-2025-01453,2025-10-08,14300,libéré,0.0
L2025-01454-1,CMD-2025-01454,2025-10-10,22800,libéré,0.0
L2025-01454-2,CMD-2025-01454,2025-09-29,22800,libéré,0.0
L2025-01454-3,CMD-2025-01454,2025-10-02,22900,libéré,0.0
L2025-01455-1,CMD-2025-01455,2025-10-10,11500,rejeté,58293.5
L2025-01455-2,CMD-2025-01455,2025-10-08,11500,libéré,0.0
L2025-01456-1,CMD-2025-01456,2025-10-17,21000,libéré,0.0
L2025-01456-2,CMD-2025-01456,2025-10-05,21000,retraité,11336.85
L2025-01457-1,CMD-2025-01457,2025-10-01,41600,libéré,0.0
L2025-01458-1,CMD-2025-01458,2025-10-12,11300,libéré,0.0
L2025-01458-2,CMD-2025-01458,2025-10-13,11300,libéré,0.0
L2025-01458-3,CMD-2025-01458,2025-10-09,11400,libéré,0.0
L2025-01459-1,CMD-2025-01459,2025-10-09,33000,libéré,0.0
L2025-01459-2,CMD-2025-01459,2025-10-25,33000,libéré,0.0
L2025-01460-1,CMD-2025-01460,2025-10-13,7700,libéré,0.0
L2025-01460-2,CMD-2025-01460,2025-09-30,7800,libéré,0.0
L2025-01461-1,CMD-2025-01461,2025-10-05,26000,libéré,0.0
L2025-01462-1,CMD-2025-01462,2025-10-19,73000,libéré,0.0
L2025-01463-1,CMD-2025-01463,2025-10-03,30000,libéré,0.0
L2025-01464-1,CMD-2025-01464,2025-10-17,8100,libéré,0.0
L2025-01464-2,CMD-2025-01464,2025-10-04,8100,libéré,0.0
L2025-01464-3,CMD-2025-01464,2025-10-12,8300,libéré,0.0
L2025-01465-1,CMD-2025-01465,2025-10-02,5200,libéré,0.0
L2025-01465-2,CMD-2025-01465,2025-10-15,5300,libéré,0.0
L2025-01466-1,CMD-2025-01466,2025-10-10,42100,libéré,0.0
L2025-01466-2,CMD-2025-01466,2025-10-02,42100,libéré,0.0
L2025-01466-3,CMD-2025-01466,2025-10-07,42300,libéré,0.0
L2025-01467-1,CMD-2025-01467,2025-10-08,14500,libéré,0.0
L2025-01467-2,CMD-2025-01467,2025-10-02,14500,libéré,0.0
L2025-01467-3,CMD-2025-01467,2025-09-29,14500,libéré,0.0
L2025-01468-1,CMD-2025-01468,2025-10-15,45500,libéré,0.0
L2025-01469-1,CMD-2025-01469,2025-10-14,42100,libéré,0.0
L2025-01469-2,CMD-2025-01469,2025-10-18,42100,libéré,0.0
L2025-01469-3,CMD-2025-01469,2025-10-07,42300,libéré,0.0
L2025-01470-1,CMD-2025-01470,2025-10-05,79000,libéré,0.0
L2025-01471-1,CMD-2025-01471,2025-10-08,22500,libéré,0.0
L2025-01472-1,CMD-2025-01472,2025-10-09,10100,libéré,0.0
L2025-01472-2,CMD-2025-01472,2025-10-12,10100,libéré,0.0
L2025-01472-3,CMD-2025-01472,2025-10-12,10300,libéré,0.0
L2025-01473-1,CMD-2025-01473,2025-10-13,12500,libéré,0.0
L2025-01473-2,CMD-2025-01473,2025-10-26,12500,libéré,0.0
L2025-01473-3,CMD-2025-01473,2025-10-24,12500,libéré,0.0
L2025-01474-1,CMD-2025-01474,2025-10-03,14600,rejeté,62531.8
L2025-01474-2,CMD-2025-01474,2025-10-11,14600,libéré,0.0
L2025-01474-3,CMD-2025-01474,2025-10-17,14800,libéré,0.0
L2025-01475-1,CMD-2025-01475,2025-10-10,77500,libéré,0.0
L2025-01476-1,CMD-2025-01476,2025-10-06,7800,libéré,0.0
L2025-01476-2,CMD-2025-01476,2025-10-12,7800,libéré,0.0
L2025-01476-3,CMD-2025-01476,2025-10-05,7900,libéré,0.0
L2025-01477-1,CMD-2025-01477,2025-10-10,36700,libéré,0.0
L2025-01477-2,CMD-2025-01477,2025-10-04,36800,libéré,0.0
L2025-01478-1,CMD-2025-01478,2025-10-11,5300,libéré,0.0
L2025-01478-2,CMD-2025-01478,2025-10-05,5300,libéré,0.0
L2025-01478-3,CMD-2025-01478,2025-10-10,5400,libéré,0.0
L2025-01479-1,CMD-2025-01479,2025-10-07,34500,libéré,0.0
L2025-01479-2,CMD-2025-01479,2025-10-22,34500,libéré,0.0
L2025-01480-1,CMD-2025-01480,2025-10-07,15500,rejeté,65844.0
L2025-01481-1,CMD-2025-01481,2025-10-08,35000,libéré,0.0
L2025-01481-2,CMD-2025-01481,2025-10-08,35000,libéré,0.0
L2025-01482-1,CMD-2025-01482,2025-10-08,20200,libéré,0.0
L2025-01482-2,CMD-2025-01482,2025-10-12,20300,libéré,0.0
L2025-01483-1,CMD-2025-01483,2025-10-28,12100,libéré,0.0
L2025-01483-2,CMD-2025-01483,2025-10-30,12100,libéré,0.0
L2025-01483-3,CMD-2025-01483,2025-10-21,12300,libéré,0.0
L2025-01484-1,CMD-2025-01484,2025-10-07,5000,libéré,0.0
L2025-01484-2,CMD-2025-01484,2025-10-07,5000,libéré,0.0
L2025-01484-3,CMD-2025-01484,2025-10-04,5000,libéré,0.0
L2025-01485-1,CMD-2025-01485,2025-10-06,43500,libéré,0.0
L2025-01486-1,CMD-2025-01486,2025-10-14,5600,libéré,0.0
L2025-01486-2,CMD-2025-01486,2025-10-26,5600,libéré,0.0
L2025-01486-3,CMD-2025-01486,2025-10-13,5800,libéré,0.0
L2025-01487-1,CMD-2025-01487,2025-10-10,8100,libéré,0.0
L2025-01487-2,CMD-2025-01487,2025-10-19,8200,libéré,0.0
L2025-01488-1,CMD-2025-01488,2025-10-23,67500,libéré,0.0
L2025-01488-2,CMD-2025-01488,2025-10-20,67500,libéré,0.0
L2025-01489-1,CMD-2025-01489,2025-10-13,15300,libéré,0.0
L2025-01489-2,CMD-2025-01489,2025-10-20,15300,libéré,0.0
L2025-01489-3,CMD-2025-01489,2025-10-06,15400,libéré,0.0
L2025-01490-1,CMD-2025-01490,2025-11-13,47500,libéré,0.0
L2025-01491-1,CMD-2025-01491,2025-10-08,9800,libéré,0.0
L2025-01491-2,CMD-2025-01491,2025-11-02,9800,libéré,0.0
L2025-01491-3,CMD-2025-01491,2025-10-21,9900,libéré,0.0
L2025-01492-1,CMD-2025-01492,2025-10-18,13500,libéré,0.0
L2025-01493-1,CMD-2025-01493,2025-10-11,9500,libéré,0.0
L2025-01493-2,CMD-2025-01493,2025-10-11,9500,libéré,0.0
L2025-01494-1,CMD-2025-01494,2025-10-21,10500,retraité,6918.97
L2025-01494-2,CMD-2025-01494,2025-10-19,10500,rejeté,46126.5
L2025-01494-3,CMD-2025-01494,2025-10-15,10500,libéré,0.0
L2025-01495-1,CMD-2025-01495,2025-10-18,11500,libéré,0.0
L2025-01496-1,CMD-2025-01496,2025-10-21,5500,libéré,0.0
L2025-01496-2,CMD-2025-01496,2025-10-17,5500,libéré,0.0
L2025-01497-1,CMD-2025-01497,2025-10-19,5800,libéré,0.0
L2025-01497-2,CMD-2025-01497,2025-10-14,5800,rejeté,8386.8
L2025-01497-3,CMD-2025-01497,2025-10-11,5900,libéré,0.0
L2025-01498-1,CMD-2025-01498,2025-10-19,23500,libéré,0.0
L2025-01498-2,CMD-2025-01498,2025-10-17,23500,libéré,0.0
L2025-01499-1,CMD-2025-01499,2025-10-15,12000,libéré,0.0
L2025-01500-1,CMD-2025-01500,2025-10-19,37500,libéré,0.0
L2025-01501-1,CMD-2025-01501,2025-10-08,60700,libéré,0.0
L2025-01501-2,CMD-2025-01501,2025-10-15,60800,rejeté,181427.2
L2025-01502-1,CMD-2025-01502,2025-10-16,56500,libéré,0.0
L2025-01503-1,CMD-2025-01503,2025-10-12,10600,libéré,0.0
L2025-01503-2,CMD-2025-01503,2025-10-21,10600,libéré,0.0
L2025-01503-3,CMD-2025-01503,2025-10-31,10800,libéré,0.0
L2025-01504-1,CMD-2025-01504,2025-10-25,57500,libéré,0.0
L2025-01505-1,CMD-2025-01505,2025-11-02,19500,libéré,0.0
L2025-01505-2,CMD-2025-01505,2025-11-02,19500,libéré,0.0
L2025-01506-1,CMD-2025-01506,2025-10-18,10300,libéré,0.0
L2025-01506-2,CMD-2025-01506,2025-10-21,10300,libéré,0.0
L2025-01506-3,CMD-2025-01506,2025-10-18,10400,libéré,0.0
L2025-01507-1,CMD-2025-01507,2025-10-15,20700,libéré,0.0
L2025-01507-2,CMD-2025-01507,2025-10-22,20800,libéré,0.0
L2025-01508-1,CMD-2025-01508,2025-10-23,60000,libéré,0.0
L2025-01508-2,CMD-2025-01508,2025-10-18,60000,libéré,0.0
L2025-01509-1,CMD-2025-01509,2025-10-12,18600,libéré,0.0
L2025-01509-2,CMD-2025-01509,2025-10-17,18600,libéré,0.0
L2025-01509-3,CMD-2025-01509,2025-10-16,18800,libéré,0.0
L2025-01510-1,CMD-2025-01510,2025-10-08,42500,libéré,0.0
L2025-01510-2,CMD-2025-01510,2025-10-13,42500,libéré,0.0
L2025-01511-1,CMD-2025-01511,2025-10-12,27500,libéré,0.0
L2025-01511-2,CMD-2025-01511,2025-10-21,27500,libéré,0.0
L2025-01512-1,CMD-2025-01512,2025-10-24,32800,libéré,0.0
L2025-01512-2,CMD-2025-01512,2025-10-12,32800,libéré,0.0
L2025-01513-1,CMD-2025-01513,2025-10-11,10300,libéré,0.0
L2025-01513-2,CMD-2025-01513,2025-11-04,10300,libéré,0.0
L2025-01513-3,CMD-2025-01513,2025-10-28,10400,libéré,0.0
L2025-01514-1,CMD-2025-01514,2025-10-20,30500,rejeté,163022.5
L2025-01514-2,CMD-2025-01514,2025-10-30,30500,libéré,0.0
L2025-01515-1,CMD-2025-01515,2025-10-27,51000,libéré,0.0
L2025-01516-1,CMD-2025-01516,2025-11-04,5300,libéré,0.0
L2025-01516-2,CMD-2025-01516,2025-10-16,5300,libéré,0.0
L2025-01516-3,CMD-2025-01516,2025-10-15,5400,libéré,0.0
L2025-01517-1,CMD-2025-01517,2025-10-23,29200,libéré,0.0
L2025-01517-2,CMD-2025-01517,2025-10-31,29300,libéré,0.0
L2025-01518-1,CMD-2025-01518,2025-10-21,29800,libéré,0.0
L2025-01518-2,CMD-2025-01518,2025-10-17,29800,libéré,0.0
L2025-01518-3,CMD-2025-01518,2025-10-21,29900,libéré,0.0
L2025-01519-1,CMD-2025-01519,2025-10-27,13000,libéré,0.0
L2025-01520-1,CMD-2025-01520,2025-10-18,11000,libéré,0.0
L2025-01520-2,CMD-2025-01520,2025-10-30,11000,libéré,0.0
L2025-01521-1,CMD-2025-01521,2025-10-19,13000,libéré,0.0
L2025-01521-2,CMD-2025-01521,2025-10-12,13000,retraité,8671.65
L2025-01522-1,CMD-2025-01522,2025-11-02,15200,libéré,0.0
L2025-01522-2,CMD-2025-01522,2025-10-27,15300,libéré,0.0
L2025-01523-1,CMD-2025-01523,2025-10-17,6500,libéré,0.0
L2025-01523-2,CMD-2025-01523,2025-10-20,6500,libéré,0.0
L2025-01523-3,CMD-2025-01523,2025-10-27,6500,libéré,0.0
L2025-01524-1,CMD-2025-01524,2025-10-22,16500,libéré,0.0
L2025-01524-2,CMD-2025-01524,2025-10-29,16500,libéré,0.0
L2025-01524-3,CMD-2025-01524,2025-10-23,16500,retraité,6729.52
L2025-01525-1,CMD-2025-01525,2025-10-21,41700,libéré,0.0
L2025-01525-2,CMD-2025-01525,2025-10-23,41800,libéré,0.0
L2025-01526-1,CMD-2025-01526,2025-11-02,52000,libéré,0.0
L2025-01527-1,CMD-2025-01527,2025-11-13,12800,libéré,0.0
L2025-01527-2,CMD-2025-01527,2025-11-08,12800,libéré,0.0
L2025-01527-3,CMD-2025-01527,2025-11-13,12900,libéré,0.0
L2025-01528-1,CMD-2025-01528,2025-10-20,7100,libéré,0.0
L2025-01528-2,CMD-2025-01528,2025-10-15,7200,libéré,0.0
L2025-01529-1,CMD-2025-01529,2025-11-07,15100,libéré,0.0
L2025-01529-2,CMD-2025-01529,2025-10-22,15200,libéré,0.0
L2025-01530-1,CMD-2025-01530,2025-11-05,24300,libéré,0.0
L2025-01530-2,CMD-2025-01530,2025-11-07,24300,libéré,0.0
L2025-01530-3,CMD-2025-01530,2025-10-26,24400,libéré,0.0
L2025-01531-1,CMD-2025-01531,2025-10-20,16700,libéré,0.0
L2025-01531-2,CMD-2025-01531,2025-10-20,16800,retraité,12612.6
L2025-01532-1,CMD-2025-01532,2025-11-03,18500,libéré,0.0
L2025-01532-2,CMD-2025-01532,2025-10-31,18500,libéré,0.0
L2025-01533-1,CMD-2025-01533,2025-10-23,23500,libéré,0.0
L2025-01534-1,CMD-2025-01534,2025-10-14,17000,libéré,0.0
L2025-01534-2,CMD-2025-01534,2025-10-14,17000,libéré,0.0
L2025-01535-1,CMD-2025-01535,2025-10-15,10800,libéré,0.0
L2025-01535-2,CMD-2025-01535,2025-10-28,10800,libéré,0.0
L2025-01535-3,CMD-2025-01535,2025-10-30,10800,libéré,0.0
L2025-01536-1,CMD-2025-01536,2025-10-26,22500,libéré,0.0
L2025-01537-1,CMD-2025-01537,2025-10-27,36800,libéré,0.0
L2025-01537-2,CMD-2025-01537,2025-10-25,36800,rejeté,109369.6
L2025-01537-3,CMD-2025-01537,2025-10-24,36900,libéré,0.0
L2025-01538-1,CMD-2025-01538,2025-10-30,23700,libéré,0.0
L2025-01538-2,CMD-2025-01538,2025-10-25,23800,libéré,0.0
L2025-01539-1,CMD-2025-01539,2025-11-02,28200,libéré,0.0
L2025-01539-2,CMD-2025-01539,2025-11-06,28300,libéré,0.0
L2025-01540-1,CMD-2025-01540,2025-10-28,17300,libéré,0.0
L2025-01540-2,CMD-2025-01540,2025-10-18,17300,libéré,0.0
L2025-01540-3,CMD-2025-01540,2025-10-26,17400,libéré,0.0
L2025-01541-1,CMD-2025-01541,2025-10-21,26200,libéré,0.0
L2025-01541-2,CMD-2025-01541,2025-10-18,26300,libéré,0.0
L2025-01542-1,CMD-2025-01542,2025-10-16,10000,libéré,0.0
L2025-01543-1,CMD-2025-01543,2025-11-09,21000,rejeté,97440.0
L2025-01543-2,CMD-2025-01543,2025-10-23,21000,libéré,0.0
L2025-01544-1,CMD-2025-01544,2025-10-19,35200,libéré,0.0
L2025-01544-2,CMD-2025-01544,2025-10-31,35300,libéré,0.0
L2025-01545-1,CMD-2025-01545,2025-11-13,26000,libéré,0.0
L2025-01545-2,CMD-2025-01545,2025-11-17,26000,libéré,0.0
L2025-01546-1,CMD-2025-01546,2025-11-04,50200,libéré,0.0
L2025-01546-2,CMD-2025-01546,2025-10-24,50300,libéré,0.0
L2025-01547-1,CMD-2025-01547,2025-10-26,21200,libéré,0.0
L2025-01547-2,CMD-2025-01547,2025-10-21,21300,rejeté,87841.2
L2025-01548-1,CMD-2025-01548,2025-10-29,9800,libéré,0.0
L2025-01548-2,CMD-2025-01548,2025-11-15,9800,libéré,0.0
L2025-01548-3,CMD-2025-01548,2025-11-10,9900,libéré,0.0
L2025-01549-1,CMD-2025-01549,2025-11-05,10600,libéré,0.0
L2025-01549-2,CMD-2025-01549,2025-10-31,10600,libéré,0.0
L2025-01549-3,CMD-2025-01549,2025-10-24,10800,retraité,3852.36
L2025-01550-1,CMD-2025-01550,2025-11-05,25200,libéré,0.0
L2025-01550-2,CMD-2025-01550,2025-10-30,25300,libéré,0.0
L2025-01551-1,CMD-2025-01551,2025-10-22,36300,libéré,0.0
L2025-01551-2,CMD-2025-01551,2025-11-16,36300,libéré,0.0
L2025-01551-3,CMD-2025-01551,2025-11-12,36400,libéré,0.0
L2025-01552-1,CMD-2025-01552,2025-10-23,7800,libéré,0.0
L2025-01552-2,CMD-2025-01552,2025-10-26,7800,libéré,0.0
L2025-01552-3,CMD-2025-01552,2025-10-29,7900,libéré,0.0
L2025-01553-1,CMD-2025-01553,2025-11-12,20500,libéré,0.0
L2025-01553-2,CMD-2025-01553,2025-10-25,20500,libéré,0.0
L2025-01554-1,CMD-2025-01554,2025-10-29,17200,libéré,0.0
L2025-01554-2,CMD-2025-01554,2025-11-11,17300,libéré,0.0
L2025-01555-1,CMD-2025-01555,2025-10-29,40000,libéré,0.0
L2025-01556-1,CMD-2025-01556,2025-11-07,74000,libéré,0.0
L2025-01557-1,CMD-2025-01557,2025-10-31,12700,libéré,0.0
L2025-01557-2,CMD-2025-01557,2025-10-25,12800,libéré,0.0
L2025-01558-1,CMD-2025-01558,2025-10-19,21000,libéré,0.0
L2025-01559-1,CMD-2025-01559,2025-10-19,25700,libéré,0.0
L2025-01559-2,CMD-2025-01559,2025-10-31,25800,libéré,0.0
L2025-01560-1,CMD-2025-01560,2025-10-25,32200,rejeté,100303.0
L2025-01560-2,CMD-2025-01560,2025-10-26,32300,libéré,0.0
L2025-01561-1,CMD-2025-01561,2025-10-20,56500,libéré,0.0
L2025-01562-1,CMD-2025-01562,2025-10-28,7300,libéré,0.0
L2025-01562-2,CMD-2025-01562,2025-10-21,7300,libéré,0.0
L2025-01562-3,CMD-2025-01562,2025-10-21,7400,libéré,0.0
L2025-01563-1,CMD-2025-01563,2025-10-24,54000,libéré,0.0
L2025-01564-1,CMD-2025-01564,2025-10-29,19000,rejeté,79192.0
L2025-01564-2,CMD-2025-01564,2025-10-29,19000,libéré,0.0
L2025-01564-3,CMD-2025-01564,2025-10-30,19000,libéré,0.0
L2025-01565-1,CMD-2025-01565,2025-10-27,49500,libéré,0.0
L2025-01566-1,CMD-2025-01566,2025-11-10,39100,libéré,0.0
L2025-01566-2,CMD-2025-01566,2025-11-10,39100,libéré,0.0
L2025-01566-3,CMD-2025-01566,2025-11-15,39300,libéré,0.0
L2025-01567-1,CMD-2025-01567,2025-11-05,53000,libéré,0.0
L2025-01568-1,CMD-2025-01568,2025-11-06,17000,libéré,0.0
L2025-01568-2,CMD-2025-01568,2025-11-10,17000,libéré,0.0
L2025-01569-1,CMD-2025-01569,2025-11-07,31600,libéré,0.0
L2025-01569-2,CMD-2025-01569,2025-11-15,31600,libéré,0.0
L2025-01569-3,CMD-2025-01569,2025-10-23,31800,libéré,0.0
L2025-01570-1,CMD-2025-01570,2025-11-02,31800,retraité,19604.7
L2025-01570-2,CMD-2025-01570,2025-10-31,31800,libéré,0.0
L2025-01570-3,CMD-2025-01570,2025-11-12,31900,libéré,0.0
L2025-01571-1,CMD-2025-01571,2025-10-20,21700,libéré,0.0
L2025-01571-2,CMD-2025-01571,2025-10-28,21800,libéré,0.0
L2025-01572-1,CMD-2025-01572,2025-10-26,37000,libéré,0.0
L2025-01573-1,CMD-2025-01573,2025-10-24,17100,libéré,0.0
L2025-01573-2,CMD-2025-01573,2025-10-23,17100,libéré,0.0
L2025-01573-3,CMD-2025-01573,2025-11-03,17300,libéré,0.0
L2025-01574-1,CMD-2025-01574,2025-11-17,41500,libéré,0.0
L2025-01574-2,CMD-2025-01574,2025-10-30,41500,libéré,0.0
L2025-01574-3,CMD-2025-01574,2025-11-16,41500,libéré,0.0
L2025-01575-1,CMD-2025-01575,2025-11-09,36000,libéré,0.0
L2025-01576-1,CMD-2025-01576,2025-11-30,39500,libéré,0.0
L2025-01576-2,CMD-2025-01576,2025-10-22,39500,libéré,0.0
L2025-01576-3,CMD-2025-01576,2025-10-21,39500,libéré,0.0
L2025-01577-1,CMD-2025-01577,2025-10-26,33200,libéré,0.0
L2025-01577-2,CMD-2025-01577,2025-10-24,33300,libéré,0.0
L2025-01578-1,CMD-2025-01578,2025-10-22,19000,libéré,0.0
L2025-01578-2,CMD-2025-01578,2025-10-25,19000,libéré,0.0
L2025-01579-1,CMD-2025-01579,2025-11-11,20200,libéré,0.0
L2025-01579-2,CMD-2025-01579,2025-11-04,20300,libéré,0.0
L2025-01580-1,CMD-2025-01580,2025-11-11,12700,libéré,0.0
L2025-01580-2,CMD-2025-01580,2025-11-02,12800,libéré,0.0
L2025-01581-1,CMD-2025-01581,2025-11-08,50000,libéré,0.0
L2025-01582-1,CMD-2025-01582,2025-11-20,55500,retraité,35298.0
L2025-01582-2,CMD-2025-01582,2025-10-31,55500,libéré,0.0
L2025-01583-1,CMD-2025-01583,2025-11-08,33500,libéré,0.0
L2025-01584-1,CMD-2025-01584,2025-10-23,23500,libéré,0.0
L2025-01584-2,CMD-2025-01584,2025-11-08,23500,libéré,0.0
L2025-01585-1,CMD-2025-01585,2025-11-12,12300,libéré,0.0
L2025-01585-2,CMD-2025-01585,2025-11-09,12300,libéré,0.0
L2025-01585-3,CMD-2025-01585,2025-10-26,12400,retraité,5289.84
L2025-01586-1,CMD-2025-01586,2025-10-24,23000,libéré,0.0
L2025-01586-2,CMD-2025-01586,2025-10-25,23000,libéré,0.0
L2025-01587-1,CMD-2025-01587,2025-11-13,12300,libéré,0.0
L2025-01587-2,CMD-2025-01587,2025-11-24,12300,libéré,0.0
L2025-01587-3,CMD-2025-01587,2025-10-27,12400,libéré,0.0
L2025-01588-1,CMD-2025-01588,2025-11-05,15000,libéré,0.0
L2025-01588-2,CMD-2025-01588,2025-11-08,15000,libéré,0.0
L2025-01588-3,CMD-2025-01588,2025-11-03,15200,rejeté,56650.4
L2025-01589-1,CMD-2025-01589,2025-11-02,40700,libéré,0.0
L2025-01589-2,CMD-2025-01589,2025-10-26,40800,libéré,0.0
L2025-01590-1,CMD-2025-01590,2025-10-25,49000,libéré,0.0
L2025-01591-1,CMD-2025-01591,2025-10-27,80000,libéré,0.0
L2025-01592-1,CMD-2025-01592,2025-11-02,77700,libéré,0.0
L2025-01593-1,CMD-2025-01593,2025-11-15,9800,libéré,0.0
L2025-01593-2,CMD-2025-01593,2025-11-11,9800,libéré,0.0
L2025-01593-3,CMD-2025-01593,2025-11-02,9900,libéré,0.0
L2025-01594-1,CMD-2025-01594,2025-11-16,17200,libéré,0.0
L2025-01594-2,CMD-2025-01594,2025-11-06,17300,libéré,0.0
L2025-01595-1,CMD-2025-01595,2025-10-29,8000,libéré,0.0
L2025-01595-2,CMD-2025-01595,2025-11-01,8000,libéré,0.0
L2025-01595-3,CMD-2025-01595,2025-11-14,8000,libéré,0.0
L2025-01596-1,CMD-2025-01596,2025-11-25,67000,libéré,0.0
L2025-01597-1,CMD-2025-01597,2025-11-10,24100,libéré,0.0
L2025-01597-2,CMD-2025-01597,2025-10-26,24100,libéré,0.0
L2025-01597-3,CMD-2025-01597,2025-10-30,24300,libéré,0.0
L2025-01598-1,CMD-2025-01598,2025-11-05,11000,libéré,0.0
L2025-01598-2,CMD-2025-01598,2025-10-31,11000,libéré,0.0
L2025-01598-3,CMD-2025-01598,2025-11-17,11000,libéré,0.0
L2025-01599-1,CMD-2025-01599,2025-10-26,5000,libéré,0.0
L2025-01599-2,CMD-2025-01599,2025-11-02,5000,libéré,0.0
L2025-01600-1,CMD-2025-01600,2025-11-05,15100,libéré,0.0
L2025-01600-2,CMD-2025-01600,2025-11-03,15100,libéré,0.0
L2025-01600-3,CMD-2025-01600,2025-11-09,15300,libéré,0.0
L2025-01601-1,CMD-2025-01601,2025-11-09,15500,libéré,0.0
L2025-01601-2,CMD-2025-01601,2025-10-27,15500,libéré,0.0
L2025-01601-3,CMD-2025-01601,2025-10-26,15500,libéré,0.0
L2025-01602-1,CMD-2025-01602,2025-10-30,43000,libéré,0.0
L2025-01603-1,CMD-2025-01603,2025-11-11,14700,libéré,0.0
L2025-01603-2,CMD-2025-01603,2025-11-28,14800,retraité,9594.84
L2025-01604-1,CMD-2025-01604,2025-11-21,76000,libéré,0.0
L2025-01605-1,CMD-2025-01605,2025-11-07,19700,libéré,0.0
L2025-01605-2,CMD-2025-01605,2025-10-29,19800,libéré,0.0
L2025-01606-1,CMD-2025-01606,2025-11-11,21000,libéré,0.0
L2025-01607-1,CMD-2025-01607,2025-10-29,12000,libéré,0.0
L2025-01607-2,CMD-2025-01607,2025-11-25,12000,libéré,0.0
L2025-01607-3,CMD-2025-01607,2025-10-28,12000,libéré,0.0
L2025-01608-1,CMD-2025-01608,2025-11-01,60500,libéré,0.0
L2025-01609-1,CMD-2025-01609,2025-11-03,35000,libéré,0.0
L2025-01610-1,CMD-2025-01610,2025-11-07,14500,libéré,0.0
L2025-01610-2,CMD-2025-01610,2025-11-03,14500,libéré,0.0
L2025-01610-3,CMD-2025-01610,2025-11-03,14500,libéré,0.0
L2025-01611-1,CMD-2025-01611,2025-11-03,27300,libéré,0.0
L2025-01611-2,CMD-2025-01611,2025-11-03,27300,libéré,0.0
L2025-01611-3,CMD-2025-01611,2025-11-02,27400,libéré,0.0
L2025-01612-1,CMD-2025-01612,2025-11-12,44000,libéré,0.0
L2025-01612-2,CMD-2025-01612,2025-12-01,44000,libéré,0.0
L2025-01612-3,CMD-2025-01612,2025-11-24,44000,libéré,0.0
L2025-01613-1,CMD-2025-01613,2025-11-05,21600,libéré,0.0
L2025-01613-2,CMD-2025-01613,2025-11-19,21600,libéré,0.0
L2025-01613-3,CMD-2025-01613,2025-11-03,21800,libéré,0.0
L2025-01614-1,CMD-2025-01614,2025-11-04,34000,libéré,0.0
L2025-01615-1,CMD-2025-01615,2025-11-22,7600,libéré,0.0
L2025-01615-2,CMD-2025-01615,2025-11-04,7600,libéré,0.0
L2025-01615-3,CMD-2025-01615,2025-11-11,7800,libéré,0.0
L2025-01616-1,CMD-2025-01616,2025-11-06,16000,libéré,0.0
L2025-01617-1,CMD-2025-01617,2025-11-02,22600,libéré,0.0
L2025-01617-2,CMD-2025-01617,2025-11-01,22600,libéré,0.0
L2025-01617-3,CMD-2025-01617,2025-11-06,22800,libéré,0.0
L2025-01618-1,CMD-2025-01618,2025-11-15,5000,libéré,0.0
L2025-01618-2,CMD-2025-01618,2025-11-10,5000,libéré,0.0
L2025-01619-1,CMD-2025-01619,2025-11-09,10600,libéré,0.0
L2025-01619-2,CMD-2025-01619,2025-11-13,10600,libéré,0.0
L2025-01619-3,CMD-2025-01619,2025-11-16,10800,libéré,0.0
L2025-01620-1,CMD-2025-01620,2025-10-31,11500,libéré,0.0
L2025-01621-1,CMD-2025-01621,2025-11-08,39700,libéré,0.0
L2025-01621-2,CMD-2025-01621,2025-11-09,39800,libéré,0.0
L2025-01622-1,CMD-2025-01622,2025-11-01,27000,libéré,0.0
L2025-01622-2,CMD-2025-01622,2025-11-23,27000,libéré,0.0
L2025-01623-1,CMD-2025-01623,2025-11-03,56500,libéré,0.0
L2025-01624-1,CMD-2025-01624,2025-11-30,11800,libéré,0.0
L2025-01624-2,CMD-2025-01624,2025-11-20,11800,libéré,0.0
L2025-01624-3,CMD-2025-01624,2025-11-07,11900,libéré,0.0
L2025-01625-1,CMD-2025-01625,2025-11-14,23500,libéré,0.0
L2025-01625-2,CMD-2025-01625,2025-11-24,23500,libéré,0.0
L2025-01626-1,CMD-2025-01626,2025-11-09,7500,libéré,0.0
L2025-01626-2,CMD-2025-01626,2025-11-02,7500,libéré,0.0
L2025-01626-3,CMD-2025-01626,2025-10-30,7500,libéré,0.0
L2025-01627-1,CMD-2025-01627,2025-10-30,57000,libéré,0.0
L2025-01628-1,CMD-2025-01628,2025-10-29,25500,libéré,0.0
L2025-01629-1,CMD-2025-01629,2025-11-08,22000,libéré,0.0
L2025-01630-1,CMD-2025-01630,2025-11-05,10700,libéré,0.0
L2025-01631-1,CMD-2025-01631,2025-11-23,63500,libéré,0.0
L2025-01632-1,CMD-2025-01632,2025-11-12,26500,libéré,0.0
L2025-01632-2,CMD-2025-01632,2025-11-01,26500,libéré,0.0
L2025-01633-1,CMD-2025-01633,2025-11-26,16500,libéré,0.0
L2025-01634-1,CMD-2025-01634,2025-11-01,25500,libéré,0.0
L2025-01634-2,CMD-2025-01634,2025-11-12,25500,libéré,0.0
L2025-01635-1,CMD-2025-01635,2025-11-12,14800,libéré,0.0
L2025-01635-2,CMD-2025-01635,2025-11-05,14800,libéré,0.0
L2025-01635-3,CMD-2025-01635,2025-11-06,14900,libéré,0.0
L2025-01636-1,CMD-2025-01636,2025-11-16,21100,libéré,0.0
L2025-01636-2,CMD-2025-01636,2025-11-10,21100,libéré,0.0
L2025-01636-3,CMD-2025-01636,2025-11-22,21300,libéré,0.0
L2025-01637-1,CMD-2025-01637,2025-11-27,65700,libéré,0.0
L2025-01637-2,CMD-2025-01637,2025-11-03,65800,libéré,0.0
L2025-01638-1,CMD-2025-01638,2025-11-03,15500,libéré,0.0
L2025-01639-1,CMD-2025-01639,2025-11-14,9600,libéré,0.0
L2025-01639-2,CMD-2025-01639,2025-11-27,9600,libéré,0.0
L2025-01639-3,CMD-2025-01639,2025-11-29,9800,retraité,7655.76
L2025-01640-1,CMD-2025-01640,2025-11-13,64000,libéré,0.0
L2025-01641-1,CMD-2025-01641,2025-11-20,24300,libéré,0.0
L2025-01641-2,CMD-2025-01641,2025-11-15,24300,libéré,0.0
L2025-01641-3,CMD-2025-01641,2025-11-10,24400,libéré,0.0
L2025-01642-1,CMD-2025-01642,2025-11-02,29500,libéré,0.0
L2025-01643-1,CMD-2025-01643,2025-11-19,79000,libéré,0.0
L2025-01644-1,CMD-2025-01644,2025-12-05,26800,libéré,0.0
L2025-01644-2,CMD-2025-01644,2025-11-19,26800,libéré,0.0
L2025-01644-3,CMD-2025-01644,2025-12-02,26900,libéré,0.0
L2025-01645-1,CMD-2025-01645,2025-11-04,9000,libéré,0.0
L2025-01645-2,CMD-2025-01645,2025-11-07,9000,libéré,0.0
L2025-01645-3,CMD-2025-01645,2025-11-12,9000,libéré,0.0
L2025-01646-1,CMD-2025-01646,2025-11-19,32500,libéré,0.0
L2025-01647-1,CMD-2025-01647,2025-11-11,7500,libéré,0.0
L2025-01647-2,CMD-2025-01647,2025-11-07,7500,libéré,0.0
L2025-01647-3,CMD-2025-01647,2025-11-04,7500,libéré,0.0
L2025-01648-1,CMD-2025-01648,2025-11-04,12000,libéré,0.0
L2025-01649-1,CMD-2025-01649,2025-11-22,16800,libéré,0.0
L2025-01650-1,CMD-2025-01650,2025-11-15,7100,libéré,0.0
L2025-01650-2,CMD-2025-01650,2025-11-11,7100,libéré,0.0
L2025-01650-3,CMD-2025-01650,2025-11-07,7300,libéré,0.0
L2025-01651-1,CMD-2025-01651,2025-11-24,57000,libéré,0.0
L2025-01651-2,CMD-2025-01651,2025-11-08,57000,libéré,0.0
L2025-01652-1,CMD-2025-01652,2025-11-13,21100,libéré,0.0
L2025-01652-2,CMD-2025-01652,2025-11-24,21100,libéré,0.0
L2025-01652-3,CMD-2025-01652,2025-11-19,21300,libéré,0.0
L2025-01653-1,CMD-2025-01653,2025-11-08,30300,libéré,0.0
L2025-01653-2,CMD-2025-01653,2025-11-04,30300,libéré,0.0
L2025-01653-3,CMD-2025-01653,2025-11-05,30400,libéré,0.0
L2025-01654-1,CMD-2025-01654,2025-11-09,16000,libéré,0.0
L2025-01654-2,CMD-2025-01654,2025-11-11,16000,libéré,0.0
L2025-01654-3,CMD-2025-01654,2025-11-13,16000,libéré,0.0
L2025-01655-1,CMD-2025-01655,2025-11-06,16100,libéré,0.0
L2025-01655-2,CMD-2025-01655,2025-11-06,16100,libéré,0.0
L2025-01655-3,CMD-2025-01655,2025-11-18,16300,libéré,0.0
L2025-01656-1,CMD-2025-01656,2025-11-18,6500,libéré,0.0
L2025-01656-2,CMD-2025-01656,2025-11-16,6500,libéré,0.0
L2025-01656-3,CMD-2025-01656,2025-11-15,6500,libéré,0.0
L2025-01657-1,CMD-2025-01657,2025-11-09,44000,libéré,0.0
L2025-01658-1,CMD-2025-01658,2025-11-23,50700,libéré,0.0
L2025-01658-2,CMD-2025-01658,2025-11-24,50800,rejeté,162356.8
L2025-01659-1,CMD-2025-01659,2025-11-11,41000,libéré,0.0
L2025-01659-2,CMD-2025-01659,2025-12-01,41000,retraité,30903.75
L2025-01660-1,CMD-2025-01660,2025-11-11,12000,libéré,0.0
L2025-01661-1,CMD-2025-01661,2025-11-14,19000,libéré,0.0
L2025-01662-1,CMD-2025-01662,2025-11-20,45500,libéré,0.0
L2025-01662-2,CMD-2025-01662,2025-11-12,45500,libéré,0.0
L2025-01663-1,CMD-2025-01663,2025-11-22,11100,libéré,0.0
L2025-01663-2,CMD-2025-01663,2025-11-10,11100,libéré,0.0
L2025-01663-3,CMD-2025-01663,2025-11-12,11300,libéré,0.0
L2025-01664-1,CMD-2025-01664,2025-11-14,23700,libéré,0.0
L2025-01664-2,CMD-2025-01664,2025-11-25,23800,libéré,0.0
L2025-01665-1,CMD-2025-01665,2025-12-13,44100,libéré,0.0
L2025-01665-2,CMD-2025-01665,2025-12-09,44100,libéré,0.0
L2025-01665-3,CMD-2025-01665,2025-11-09,44300,libéré,0.0
L2025-01666-1,CMD-2025-01666,2025-11-19,21000,libéré,0.0
L2025-01666-2,CMD-2025-01666,2025-11-22,21000,retraité,13626.9
L2025-01667-1,CMD-2025-01667,2025-12-23,33700,libéré,0.0
L2025-01667-2,CMD-2025-01667,2025-11-14,33800,libéré,0.0
L2025-01668-1,CMD-2025-01668,2025-11-21,20000,libéré,0.0
L2025-01669-1,CMD-2025-01669,2025-11-16,17200,libéré,0.0
L2025-01669-2,CMD-2025-01669,2025-12-06,17300,libéré,0.0
L2025-01670-1,CMD-2025-01670,2025-12-07,10000,libéré,0.0
L2025-01670-2,CMD-2025-01670,2025-11-21,10000,libéré,0.0
L2025-01670-3,CMD-2025-01670,2025-11-09,10000,libéré,0.0
L2025-01671-1,CMD-2025-01671,2025-12-10,55500,libéré,0.0
L2025-01671-2,CMD-2025-01671,2025-11-26,55500,libéré,0.0
L2025-01672-1,CMD-2025-01672,2025-11-17,9000,libéré,0.0
L2025-01672-2,CMD-2025-01672,2025-11-15,9000,libéré,0.0
L2025-01672-3,CMD-2025-01672,2025-11-09,9000,libéré,0.0
L2025-01673-1,CMD-2025-01673,2025-11-14,15500,libéré,0.0
L2025-01674-1,CMD-2025-01674,2025-11-14,30500,libéré,0.0
L2025-01675-1,CMD-2025-01675,2025-11-10,8300,libéré,0.0
L2025-01675-2,CMD-2025-01675,2025-11-12,8300,rejeté,31531.7
L2025-01675-3,CMD-2025-01675,2025-11-22,8400,libéré,0.0
L2025-01676-1,CMD-2025-01676,2025-11-21,56500,libéré,0.0
L2025-01677-1,CMD-2025-01677,2025-11-09,25000,libéré,0.0
L2025-01677-2,CMD-2025-01677,2025-11-25,25000,libéré,0.0
L2025-01677-3,CMD-2025-01677,2025-11-18,25000,libéré,0.0
L2025-01678-1,CMD-2025-01678,2025-11-25,12300,libéré,0.0
L2025-01678-2,CMD-2025-01678,2025-11-12,12300,libéré,0.0
L2025-01678-3,CMD-2025-01678,2025-11-09,12400,libéré,0.0
L2025-01679-1,CMD-2025-01679,2025-11-26,13000,libéré,0.0
L2025-01679-2,CMD-2025-01679,2025-11-28,13000,libéré,0.0
L2025-01680-1,CMD-2025-01680,2025-11-26,33000,libéré,0.0
L2025-01681-1,CMD-2025-01681,2025-11-19,13500,libéré,0.0
L2025-01681-2,CMD-2025-01681,2025-11-11,13500,libéré,0.0
L2025-01682-1,CMD-2025-01682,2025-11-20,52000,libéré,0.0
L2025-01683-1,CMD-2025-01683,2025-11-24,20000,libéré,0.0
L2025-01683-2,CMD-2025-01683,2025-11-20,20000,libéré,0.0
L2025-01683-3,CMD-2025-01683,2025-11-13,20000,libéré,0.0
L2025-01684-1,CMD-2025-01684,2025-11-23,7000,libéré,0.0
L2025-01684-2,CMD-2025-01684,2025-12-07,7000,rejeté,31164.0
L2025-01684-3,CMD-2025-01684,2025-12-02,7000,libéré,0.0
L2025-01685-1,CMD-2025-01685,2025-11-28,8100,libéré,0.0
L2025-01685-2,CMD-2025-01685,2025-11-23,8100,libéré,0.0
L2025-01685-3,CMD-2025-01685,2025-11-11,8300,libéré,0.0
L2025-01686-1,CMD-2025-01686,2025-11-17,29500,libéré,0.0
L2025-01686-2,CMD-2025-01686,2025-11-27,29500,libéré,0.0
L2025-01687-1,CMD-2025-01687,2025-11-26,23000,libéré,0.0
L2025-01688-1,CMD-2025-01688,2025-11-11,11700,libéré,0.0
L2025-01688-2,CMD-2025-01688,2025-11-14,11800,libéré,0.0
L2025-01689-1,CMD-2025-01689,2025-11-29,16200,libéré,0.0
L2025-01689-2,CMD-2025-01689,2025-11-28,16300,libéré,0.0
L2025-01690-1,CMD-2025-01690,2025-11-16,55200,libéré,0.0
L2025-01690-2,CMD-2025-01690,2025-11-13,55300,libéré,0.0
L2025-01691-1,CMD-2025-01691,2025-11-16,75000,libéré,0.0
L2025-01691-2,CMD-2025-01691,2025-11-15,75000,libéré,0.0
L2025-01692-1,CMD-2025-01692,2025-11-24,20300,libéré,0.0
L2025-01692-2,CMD-2025-01692,2025-12-01,20300,libéré,0.0
L2025-01692-3,CMD-2025-01692,2025-12-04,20400,libéré,0.0
L2025-01693-1,CMD-2025-01693,2025-11-24,75000,libéré,0.0
L2025-01693-2,CMD-2025-01693,2025-11-22,75000,libéré,0.0
L2025-01694-1,CMD-2025-01694,2025-11-30,16700,libéré,0.0
L2025-01694-2,CMD-2025-01694,2025-11-30,16800,libéré,0.0
L2025-01695-1,CMD-2025-01695,2025-11-23,33000,libéré,0.0
L2025-01696-1,CMD-2025-01696,2025-11-18,37000,libéré,0.0
L2025-01696-2,CMD-2025-01696,2025-11-21,37000,libéré,0.0
L2025-01697-1,CMD-2025-01697,2025-11-21,29700,libéré,0.0
L2025-01697-2,CMD-2025-01697,2025-11-18,29800,libéré,0.0
L2025-01698-1,CMD-2025-01698,2025-11-28,22700,libéré,0.0
L2025-01698-2,CMD-2025-01698,2025-11-28,22800,libéré,0.0
L2025-01699-1,CMD-2025-01699,2025-11-16,58000,libéré,0.0
L2025-01699-2,CMD-2025-01699,2025-11-16,58000,libéré,0.0
L2025-01700-1,CMD-2025-01700,2025-11-16,28500,libéré,0.0
L2025-01700-2,CMD-2025-01700,2025-11-20,28500,libéré,0.0
L2025-01701-1,CMD-2025-01701,2025-12-06,21800,libéré,0.0
L2025-01701-2,CMD-2025-01701,2025-11-17,21800,libéré,0.0
L2025-01701-3,CMD-2025-01701,2025-11-16,21900,rejeté,63072.0
L2025-01702-1,CMD-2025-01702,2025-11-12,6700,libéré,0.0
L2025-01702-2,CMD-2025-01702,2025-11-23,6800,libéré,0.0
L2025-01703-1,CMD-2025-01703,2025-11-12,16000,libéré,0.0
L2025-01704-1,CMD-2025-01704,2025-11-12,53000,libéré,0.0
L2025-01705-1,CMD-2025-01705,2025-12-06,13000,libéré,0.0
L2025-01705-2,CMD-2025-01705,2025-11-28,13000,libéré,0.0
L2025-01705-3,CMD-2025-01705,2025-11-20,13000,libéré,0.0
L2025-01706-1,CMD-2025-01706,2025-11-27,60000,libéré,0.0
L2025-01707-1,CMD-2025-01707,2025-11-24,39000,libéré,0.0
L2025-01708-1,CMD-2025-01708,2025-12-03,42200,libéré,0.0
L2025-01708-2,CMD-2025-01708,2025-12-01,42300,libéré,0.0
L2025-01709-1,CMD-2025-01709,2025-12-23,24500,libéré,0.0
L2025-01710-1,CMD-2025-01710,2025-11-16,16700,libéré,0.0
L2025-01710-2,CMD-2025-01710,2025-11-29,16700,libéré,0.0
L2025-01710-3,CMD-2025-01710,2025-11-23,16800,libéré,0.0
L2025-01711-1,CMD-2025-01711,2025-11-17,27000,libéré,0.0
L2025-01712-1,CMD-2025-01712,2025-12-10,16700,libéré,0.0
L2025-01712-2,CMD-2025-01712,2025-11-18,16800,libéré,0.0
L2025-01714-1,CMD-2025-01714,2025-11-24,53000,retraité,31354.8
L2025-01715-1,CMD-2025-01715,2025-11-26,45000,libéré,0.0
L2025-01715-2,CMD-2025-01715,2025-12-01,45000,libéré,0.0
L2025-01715-3,CMD-2025-01715,2025-11-21,45000,libéré,0.0
L2025-01716-1,CMD-2025-01716,2025-12-16,45000,libéré,0.0
L2025-01717-1,CMD-2025-01717,2025-12-01,36500,libéré,0.0
L2025-01718-1,CMD-2025-01718,2025-11-18,14700,libéré,0.0
L2025-01718-2,CMD-2025-01718,2025-12-07,14800,libéré,0.0
L2025-01719-1,CMD-2025-01719,2025-12-08,21500,libéré,0.0
L2025-01720-1,CMD-2025-01720,2025-11-18,7000,libéré,0.0
L2025-01720-2,CMD-2025-01720,2025-11-24,7000,libéré,0.0
L2025-01720-3,CMD-2025-01720,2025-12-03,7000,libéré,0.0
L2025-01721-1,CMD-2025-01721,2025-12-06,8100,libéré,0.0
L2025-01721-2,CMD-2025-01721,2025-12-03,8100,libéré,0.0
L2025-01721-3,CMD-2025-01721,2025-12-12,8300,libéré,0.0
L2025-01722-1,CMD-2025-01722,2025-12-07,14200,libéré,0.0
L2025-01722-2,CMD-2025-01722,2025-12-05,14300,libéré,0.0
L2025-01724-1,CMD-2025-01724,2025-11-20,13500,libéré,0.0
L2025-01725-1,CMD-2025-01725,2025-11-29,47500,libéré,0.0
L2025-01725-2,CMD-2025-01725,2025-12-06,47500,libéré,0.0
L2025-01726-1,CMD-2025-01726,2025-11-19,39000,libéré,0.0
L2025-01727-1,CMD-2025-01727,2025-12-06,33500,libéré,0.0
L2025-01728-1,CMD-2025-01728,2025-11-23,12500,libéré,0.0
L2025-01729-1,CMD-2025-01729,2025-11-26,19500,libéré,0.0
L2025-01729-2,CMD-2025-01729,2025-11-26,19500,libéré,0.0
L2025-01729-3,CMD-2025-01729,2025-12-09,19500,rejeté,47034.0
L2025-01730-1,CMD-2025-01730,2025-11-27,23300,libéré,0.0
L2025-01730-2,CMD-2025-01730,2025-11-20,23300,libéré,0.0
L2025-01730-3,CMD-2025-01730,2025-11-26,23400,libéré,0.0
L2025-01731-1,CMD-2025-01731,2025-11-23,38600,libéré,0.0
L2025-01731-2,CMD-2025-01731,2025-12-05,38600,libéré,0.0
L2025-01731-3,CMD-2025-01731,2025-12-03,38800,libéré,0.0
L2025-01732-1,CMD-2025-01732,2025-11-25,52500,libéré,0.0
L2025-01733-1,CMD-2025-01733,2025-12-15,75000,libéré,0.0
L2025-01734-1,CMD-2025-01734,2025-11-26,27500,libéré,0.0
L2025-01734-2,CMD-2025-01734,2025-12-02,27500,libéré,0.0
L2025-01736-1,CMD-2025-01736,2025-11-21,59500,libéré,0.0
L2025-01737-1,CMD-2025-01737,2025-11-22,9000,libéré,0.0
L2025-01737-2,CMD-2025-01737,2025-11-23,9000,libéré,0.0
L2025-01738-1,CMD-2025-01738,2025-11-23,38000,libéré,0.0
L2025-01739-1,CMD-2025-01739,2025-12-01,13800,libéré,0.0
L2025-01739-2,CMD-2025-01739,2025-11-30,13800,libéré,0.0
L2025-01739-3,CMD-2025-01739,2025-11-19,13900,libéré,0.0
L2025-01740-1,CMD-2025-01740,2025-11-25,16100,libéré,0.0
L2025-01740-2,CMD-2025-01740,2025-11-28,16100,libéré,0.0
L2025-01740-3,CMD-2025-01740,2025-12-03,16300,libéré,0.0
L2025-01741-1,CMD-2025-01741,2025-12-09,18200,libéré,0.0
L2025-01741-2,CMD-2025-01741,2025-12-21,18300,libéré,0.0
L2025-01743-1,CMD-2025-01743,2025-12-03,7800,libéré,0.0
L2025-01743-2,CMD-2025-01743,2025-11-30,7800,libéré,0.0
L2025-01743-3,CMD-2025-01743,2025-12-13,7900,libéré,0.0
L2025-01744-1,CMD-2025-01744,2025-12-07,46500,libéré,0.0
L2025-01744-2,CMD-2025-01744,2025-11-24,46500,libéré,0.0
L2025-01745-1,CMD-2025-01745,2025-12-06,15600,rejeté,61011.6
L2025-01745-2,CMD-2025-01745,2025-12-03,15600,rejeté,61011.6
L2025-01745-3,CMD-2025-01745,2025-12-12,15800,libéré,0.0
L2025-01746-1,CMD-2025-01746,2025-12-01,57500,libéré,0.0
L2025-01747-1,CMD-2025-01747,2025-12-03,32200,libéré,0.0
L2025-01747-2,CMD-2025-01747,2025-11-25,32300,libéré,0.0
L2025-01748-1,CMD-2025-01748,2025-12-16,14700,libéré,0.0
L2025-01748-2,CMD-2025-01748,2025-12-05,14800,libéré,0.0
L2025-01749-1,CMD-2025-01749,2025-12-08,46000,libéré,0.0
L2025-01750-1,CMD-2025-01750,2025-12-06,14500,libéré,0.0
L2025-01750-2,CMD-2025-01750,2025-12-01,14500,libéré,0.0
L2025-01751-1,CMD-2025-01751,2025-12-03,20000,libéré,0.0
L2025-01751-2,CMD-2025-01751,2025-12-01,20000,libéré,0.0
L2025-01751-3,CMD-2025-01751,2025-12-01,20000,libéré,0.0
L2025-01752-1,CMD-2025-01752,2025-11-30,11700,libéré,0.0
L2025-01752-2,CMD-2025-01752,2025-11-23,11800,libéré,0.0
L2025-01755-1,CMD-2025-01755,2025-12-07,47500,libéré,0.0
L2025-01756-1,CMD-2025-01756,2025-12-06,15300,libéré,0.0
L2025-01756-2,CMD-2025-01756,2025-12-06,15300,libéré,0.0
L2025-01756-3,CMD-2025-01756,2025-11-27,15400,libéré,0.0
L2025-01757-1,CMD-2025-01757,2025-12-03,6500,libéré,0.0
L2025-01757-2,CMD-2025-01757,2025-11-29,6500,libéré,0.0
L2025-01757-3,CMD-2025-01757,2025-12-03,6500,libéré,0.0
L2025-01759-1,CMD-2025-01759,2025-11-26,32500,retraité,15882.75
L2025-01759-2,CMD-2025-01759,2025-12-09,32500,libéré,0.0
L2025-01760-1,CMD-2025-01760,2025-11-24,50500,libéré,0.0
L2025-01761-1,CMD-2025-01761,2025-12-06,19500,libéré,0.0
L2025-01761-2,CMD-2025-01761,2025-12-05,19500,libéré,0.0
L2025-01762-1,CMD-2025-01762,2025-12-05,15100,libéré,0.0
L2025-01762-2,CMD-2025-01762,2025-12-09,15100,libéré,0.0
L2025-01762-3,CMD-2025-01762,2025-12-01,15300,libéré,0.0
L2025-01763-1,CMD-2025-01763,2025-11-30,15500,libéré,0.0
L2025-01763-2,CMD-2025-01763,2025-12-04,15500,libéré,0.0
L2025-01764-1,CMD-2025-01764,2025-12-10,35200,libéré,0.0
L2025-01764-2,CMD-2025-01764,2025-12-10,35300,libéré,0.0
L2025-01765-1,CMD-2025-01765,2025-11-27,21500,libéré,0.0
L2025-01766-1,CMD-2025-01766,2025-11-30,5300,libéré,0.0
L2025-01766-2,CMD-2025-01766,2025-12-07,5300,libéré,0.0
L2025-01766-3,CMD-2025-01766,2025-12-15,5400,libéré,0.0
L2025-01767-1,CMD-2025-01767,2025-11-25,10300,libéré,0.0
L2025-01767-2,CMD-2025-01767,2025-11-26,10300,libéré,0.0
L2025-01767-3,CMD-2025-01767,2025-12-03,10400,libéré,0.0
L2025-01768-1,CMD-2025-01768,2025-11-29,37000,retraité,17260.5
L2025-01769-1,CMD-2025-01769,2025-11-29,12000,libéré,0.0
L2025-01770-1,CMD-2025-01770,2025-12-20,9000,libéré,0.0
L2025-01770-2,CMD-2025-01770,2025-12-01,9000,libéré,0.0
L2025-01770-3,CMD-2025-01770,2025-12-02,9000,libéré,0.0
L2025-01771-1,CMD-2025-01771,2025-12-04,48000,libéré,0.0
L2025-01772-1,CMD-2025-01772,2025-12-01,21500,retraité,9697.57
L2025-01772-2,CMD-2025-01772,2025-12-19,21500,libéré,0.0
L2025-01773-1,CMD-2025-01773,2025-12-08,25000,libéré,0.0
L2025-01774-1,CMD-2025-01774,2025-11-28,27000,retraité,11688.3
L2025-01774-2,CMD-2025-01774,2025-11-25,27000,libéré,0.0
L2025-01775-1,CMD-2025-01775,2025-12-01,9100,libéré,0.0
L2025-01775-2,CMD-2025-01775,2025-11-30,9100,libéré,0.0
L2025-01775-3,CMD-2025-01775,2025-12-01,9300,libéré,0.0
L2025-01777-1,CMD-2025-01777,2025-11-25,10100,libéré,0.0
L2025-01777-2,CMD-2025-01777,2025-12-04,10100,libéré,0.0
L2025-01777-3,CMD-2025-01777,2025-12-05,10300,libéré,0.0
L2025-01779-1,CMD-2025-01779,2025-12-04,23500,libéré,0.0
L2025-01780-1,CMD-2025-01780,2025-11-27,10800,libéré,0.0
L2025-01780-2,CMD-2025-01780,2025-12-09,10800,libéré,0.0
L2025-01780-3,CMD-2025-01780,2025-12-01,10900,libéré,0.0
L2025-01781-1,CMD-2025-01781,2025-12-16,8000,libéré,0.0
L2025-01781-2,CMD-2025-01781,2025-12-02,8000,libéré,0.0
L2025-01782-1,CMD-2025-01782,2025-12-09,40700,libéré,0.0
L2025-01782-2,CMD-2025-01782,2025-12-03,40800,libéré,0.0
L2025-01784-1,CMD-2025-01784,2025-12-08,63000,libéré,0.0
L2025-01784-2,CMD-2025-01784,2025-11-26,63000,libéré,0.0
L2025-01785-1,CMD-2025-01785,2025-11-28,9800,libéré,0.0
L2025-01785-2,CMD-2025-01785,2025-12-06,9800,libéré,0.0
L2025-01785-3,CMD-2025-01785,2025-11-26,9900,libéré,0.0
L2025-01787-1,CMD-2025-01787,2025-12-16,10100,libéré,0.0
L2025-01787-2,CMD-2025-01787,2025-12-20,10100,libéré,0.0
L2025-01787-3,CMD-2025-01787,2025-12-11,10300,libéré,0.0
L2025-01789-1,CMD-2025-01789,2025-12-01,14000,libéré,0.0
L2025-01789-2,CMD-2025-01789,2025-11-30,14000,libéré,0.0
L2025-01789-3,CMD-2025-01789,2025-11-29,14000,libéré,0.0
L2025-01790-1,CMD-2025-01790,2025-12-13,32000,libéré,0.0
L2025-01790-2,CMD-2025-01790,2025-12-19,32000,libéré,0.0
L2025-01791-1,CMD-2025-01791,2025-12-03,7500,libéré,0.0
L2025-01791-2,CMD-2025-01791,2025-11-29,7500,libéré,0.0
L2025-01791-3,CMD-2025-01791,2025-12-13,7500,retraité,4528.12
L2025-01792-1,CMD-2025-01792,2025-12-02,7100,libéré,0.0
L2025-01792-2,CMD-2025-01792,2025-11-29,7100,retraité,2999.04
L2025-01792-3,CMD-2025-01792,2025-12-09,7300,libéré,0.0
L2025-01793-1,CMD-2025-01793,2025-12-10,11000,libéré,0.0
L2025-01793-2,CMD-2025-01793,2025-12-02,11000,libéré,0.0
L2025-01793-3,CMD-2025-01793,2025-12-13,11000,libéré,0.0
L2025-01796-1,CMD-2025-01796,2025-12-23,22100,libéré,0.0
L2025-01796-2,CMD-2025-01796,2025-12-18,22100,libéré,0.0
L2025-01796-3,CMD-2025-01796,2025-12-09,22300,libéré,0.0
L2025-01797-1,CMD-2025-01797,2025-12-10,12500,libéré,0.0
L2025-01797-2,CMD-2025-01797,2025-12-13,12500,libéré,0.0
L2025-01798-1,CMD-2025-01798,2025-12-07,14300,retraité,7117.11
L2025-01798-2,CMD-2025-01798,2025-11-29,14300,libéré,0.0
L2025-01798-3,CMD-2025-01798,2025-12-08,14400,libéré,0.0
L2025-01799-1,CMD-2025-01799,2025-12-10,50000,libéré,0.0
L2025-01799-2,CMD-2025-01799,2025-12-05,50000,libéré,0.0
L2025-01799-3,CMD-2025-01799,2025-12-01,50000,libéré,0.0
L2025-01803-1,CMD-2025-01803,2025-12-05,34000,libéré,0.0
L2025-01803-2,CMD-2025-01803,2025-12-03,34000,libéré,0.0
L2025-01804-1,CMD-2025-01804,2025-12-08,47500,libéré,0.0
L2025-01804-2,CMD-2025-01804,2025-11-30,47500,libéré,0.0
L2025-01805-1,CMD-2025-01805,2025-12-09,27500,libéré,0.0
L2025-01807-1,CMD-2025-01807,2025-12-10,11700,libéré,0.0
L2025-01807-2,CMD-2025-01807,2025-12-10,11800,libéré,0.0
L2025-01808-1,CMD-2025-01808,2025-12-17,42500,libéré,0.0
L2025-01811-1,CMD-2025-01811,2025-12-01,21000,libéré,0.0
L2025-01811-2,CMD-2025-01811,2025-12-03,21000,libéré,0.0
L2025-01812-1,CMD-2025-01812,2025-12-07,16100,libéré,0.0
L2025-01812-2,CMD-2025-01812,2025-12-12,16100,libéré,0.0
L2025-01812-3,CMD-2025-01812,2025-12-10,16300,libéré,0.0
L2025-01813-1,CMD-2025-01813,2025-12-04,12200,libéré,0.0
L2025-01813-2,CMD-2025-01813,2025-12-13,12300,libéré,0.0
L2025-01815-1,CMD-2025-01815,2025-12-16,10500,libéré,0.0
L2025-01815-2,CMD-2025-01815,2025-12-25,10500,libéré,0.0
L2025-01815-3,CMD-2025-01815,2025-12-09,10500,libéré,0.0
L2025-01816-1,CMD-2025-01816,2025-12-15,78000,libéré,0.0
L2025-01817-1,CMD-2025-01817,2025-12-10,59700,libéré,0.0
L2025-01817-2,CMD-2025-01817,2025-12-18,59800,rejeté,232442.6
L2025-01820-1,CMD-2025-01820,2025-12-04,45700,libéré,0.0
L2025-01820-2,CMD-2025-01820,2025-12-03,45800,libéré,0.0
L2025-01821-1,CMD-2025-01821,2025-12-27,38500,libéré,0.0
L2025-01822-1,CMD-2025-01822,2025-12-08,14500,libéré,0.0
L2025-01822-2,CMD-2025-01822,2025-12-18,14500,libéré,0.0
L2025-01823-1,CMD-2025-01823,2025-12-14,33800,libéré,0.0
L2025-01823-2,CMD-2025-01823,2025-12-20,33800,libéré,0.0
L2025-01823-3,CMD-2025-01823,2025-12-09,33900,libéré,0.0
L2025-01825-1,CMD-2025-01825,2025-12-19,32000,libéré,0.0
L2025-01826-1,CMD-2025-01826,2025-12-10,6000,rejeté,25860.0
L2025-01826-2,CMD-2025-01826,2025-12-11,6000,libéré,0.0
L2025-01827-1,CMD-2025-01827,2025-12-16,71500,libéré,0.0
L2025-01828-1,CMD-2025-01828,2025-12-05,15300,libéré,0.0
L2025-01828-2,CMD-2025-01828,2025-12-05,15300,libéré,0.0
L2025-01828-3,CMD-2025-01828,2025-12-15,15400,libéré,0.0
L2025-01829-1,CMD-2025-01829,2025-12-07,24000,libéré,0.0
L2025-01829-2,CMD-2025-01829,2025-12-05,24000,libéré,0.0
L2025-01830-1,CMD-2025-01830,2025-12-11,75000,libéré,0.0
L2025-01830-2,CMD-2025-01830,2025-12-21,75000,libéré,0.0
L2025-01831-1,CMD-2025-01831,2025-12-20,14500,libéré,0.0
L2025-01831-2,CMD-2025-01831,2025-12-06,14500,libéré,0.0
L2025-01831-3,CMD-2025-01831,2025-12-14,14500,libéré,0.0
L2025-01834-1,CMD-2025-01834,2025-12-16,20000,libéré,0.0
L2025-01834-2,CMD-2025-01834,2025-12-21,20000,libéré,0.0
L2025-01834-3,CMD-2025-01834,2025-12-14,20000,libéré,0.0
L2025-01838-1,CMD-2025-01838,2025-12-13,6600,libéré,0.0
L2025-01838-2,CMD-2025-01838,2025-12-10,6600,libéré,0.0
L2025-01838-3,CMD-2025-01838,2025-12-12,6800,libéré,0.0
L2025-01839-1,CMD-2025-01839,2025-12-19,10700,libéré,0.0
L2025-01839-2,CMD-2025-01839,2025-12-25,10800,libéré,0.0
L2025-01841-1,CMD-2025-01841,2025-12-19,20500,libéré,0.0
L2025-01841-2,CMD-2025-01841,2025-12-19,20500,libéré,0.0
L2025-01842-1,CMD-2025-01842,2025-12-12,17500,libéré,0.0
L2025-01843-1,CMD-2025-01843,2025-12-22,70100,libéré,0.0
L2025-01846-1,CMD-2025-01846,2025-12-18,75000,libéré,0.0
L2025-01846-2,CMD-2025-01846,2025-12-23,75000,libéré,0.0
L2025-01849-1,CMD-2025-01849,2025-12-19,14500,rejeté,48952.0
L2025-01851-1,CMD-2025-01851,2025-12-16,46500,libéré,0.0
L2025-01851-2,CMD-2025-01851,2025-12-11,46500,libéré,0.0
L2025-01853-1,CMD-2025-01853,2025-12-17,14500,libéré,0.0
L2025-01853-2,CMD-2025-01853,2025-12-21,14500,libéré,0.0
L2025-01861-1,CMD-2025-01861,2025-12-15,10500,retraité,4394.25
L2025-01869-1,CMD-2025-01869,2025-12-16,29100,libéré,0.0
L2025-01869-2,CMD-2025-01869,2025-12-26,29100,libéré,0.0
L2025-01869-3,CMD-2025-01869,2025-12-12,29300,retraité,18757.86
L2025-01870-1,CMD-2025-01870,2025-12-20,7200,libéré,0.0
L2025-01870-2,CMD-2025-01870,2025-12-13,7300,libéré,0.0
L2025-01871-1,CMD-2025-01871,2025-12-11,14500,rejeté,46008.5
L2025-01871-2,CMD-2025-01871,2025-12-22,14500,libéré,0.0
L2025-01871-3,CMD-2025-01871,2025-12-20,14500,libéré,0.0
L2025-01875-1,CMD-2025-01875,2025-12-13,24000,libéré,0.0
L2025-01882-1,CMD-2025-01882,2025-12-15,15300,libéré,0.0
L2025-01882-2,CMD-2025-01882,2025-12-20,15300,libéré,0.0
L2025-01882-3,CMD-2025-01882,2025-12-13,15400,libéré,0.0
L2025-01883-1,CMD-2025-01883,2025-12-23,6500,libéré,0.0
L2025-01883-2,CMD-2025-01883,2025-12-19,6500,libéré,0.0
L2025-01883-3,CMD-2025-01883,2025-12-14,6500,libéré,0.0
L2025-01889-1,CMD-2025-01889,2025-12-18,9200,libéré,0.0
L2025-01889-2,CMD-2025-01889,2025-12-17,9300,libéré,0.0
L2025-01891-1,CMD-2025-01891,2025-12-23,45000,libéré,0.0
