id_commande,sku,id_facconnier,date_commande,date_promise,date_livraison,qte_commandee,qte_livree,cout_unitaire_eur,statut_commande
CMD-2023-00001,DL-CA-004,F03,2023-01-02,2023-01-24,2023-01-20,58500,58500,2.982,livrée
CMD-2023-00002,DL-SO-005,F04,2023-01-02,2023-02-06,2023-02-05,62000,62000,2.682,livrée
CMD-2023-00003,DL-HY-004,F04,2023-01-02,2023-02-04,2023-01-30,52500,52500,4.036,livrée
CMD-2023-00004,DL-SV-013,F02,2023-01-02,2023-01-30,2023-01-26,70000,70000,3.065,livrée
CMD-2023-00005,DL-DE-001,F03,2023-01-02,2023-01-28,2023-01-24,31500,31500,4.584,livrée
CMD-2023-00006,DL-HY-005,F08,2023-01-02,2023-02-08,2023-02-10,29000,29000,3.005,livrée
CMD-2023-00007,DL-CA-010,F03,2023-01-02,2023-01-30,2023-01-28,14000,14000,4.102,livrée
CMD-2023-00008,DL-SV-010,F04,2023-01-02,2023-02-07,2023-02-09,27500,27500,3.076,livrée
CMD-2023-00009,DL-BB-005,F04,2023-01-02,2023-02-03,2023-02-03,105000,105000,5.205,livrée
CMD-2023-00010,DL-SV-011,F07,2023-01-02,2023-02-16,2023-02-16,52500,52500,3.026,livrée
CMD-2023-00011,DL-SO-005,F04,2023-01-02,2023-02-07,2023-02-09,21000,21000,2.737,livrée
CMD-2023-00012,DL-DE-001,F03,2023-01-02,2023-01-27,2023-01-26,58500,58500,4.281,livrée
CMD-2023-00013,DL-HY-001,F03,2023-01-03,2023-01-30,2023-01-30,52500,52500,3.273,livrée
CMD-2023-00014,DL-SV-003,F03,2023-01-03,2023-01-30,2023-01-31,20500,20500,4.826,livrée
CMD-2023-00015,DL-SV-008,F04,2023-01-03,2023-02-05,2023-02-15,97500,97500,2.902,livrée
CMD-2023-00016,DL-BB-005,F04,2023-01-03,2023-02-08,2023-02-05,25500,25500,4.961,livrée
CMD-2023-00017,DL-SV-002,F05,2023-01-03,2023-02-14,2023-02-13,85500,85500,3.843,livrée
CMD-2023-00018,DL-BB-001,F02,2023-01-03,2023-01-31,2023-01-30,56000,56000,4.044,livrée
CMD-2023-00019,DL-SV-011,F07,2023-01-03,2023-02-13,2023-02-21,98000,98000,3.16,livrée
CMD-2023-00020,DL-SV-010,F04,2023-01-04,2023-02-06,2023-02-07,51500,51500,2.874,livrée
CMD-2023-00021,DL-SV-002,F05,2023-01-04,2023-02-14,2023-02-09,29500,29500,3.906,livrée
CMD-2023-00022,DL-SV-001,F01,2023-01-04,2023-02-02,2023-02-10,37000,37000,2.908,livrée
CMD-2023-00023,DL-BB-003,F05,2023-01-04,2023-02-12,2023-02-11,18000,18000,4.605,livrée
CMD-2023-00024,DL-DE-004,F01,2023-01-04,2023-02-02,2023-01-29,24500,24500,5.041,livrée
CMD-2023-00025,DL-SV-008,F04,2023-01-04,2023-02-09,2023-02-09,25500,23600,2.972,livrée
CMD-2023-00026,DL-SV-015,F05,2023-01-04,2023-02-10,2023-02-09,18500,18500,3.072,livrée
CMD-2023-00027,DL-SV-010,F04,2023-01-04,2023-02-05,2023-02-16,67000,67000,3.039,livrée
CMD-2023-00028,DL-CA-005,F03,2023-01-04,2023-01-29,2023-01-30,98000,98000,2.765,livrée
CMD-2023-00029,DL-SO-006,F03,2023-01-05,2023-02-02,2023-01-28,36500,36500,3.376,livrée
CMD-2023-00030,DL-BB-001,F02,2023-01-05,2023-02-03,2023-02-22,43000,43000,3.871,livrée
CMD-2023-00031,DL-HY-001,F03,2023-01-05,2023-02-02,2023-02-01,102500,102500,3.239,livrée
CMD-2023-00032,DL-HY-004,F04,2023-01-05,2023-02-06,2023-02-05,60500,60500,3.72,livrée
CMD-2023-00033,DL-SV-001,F01,2023-01-05,2023-02-04,2023-02-05,46500,46500,2.867,livrée
CMD-2023-00034,DL-SV-010,F04,2023-01-05,2023-02-06,2023-02-02,20500,20500,3.019,livrée
CMD-2023-00035,DL-SO-009,F08,2023-01-05,2023-02-11,2023-02-06,37500,37500,3.053,livrée
CMD-2023-00036,DL-HY-004,F04,2023-01-05,2023-02-11,2023-02-08,33500,31300,3.998,livrée
CMD-2023-00037,DL-SV-010,F04,2023-01-05,2023-02-06,2023-02-04,46000,46000,2.856,livrée
CMD-2023-00038,DL-HY-005,F08,2023-01-06,2023-02-16,2023-02-13,29500,29500,3.235,livrée
CMD-2023-00039,DL-SO-001,F02,2023-01-06,2023-02-02,2023-02-02,35000,35000,4.302,livrée
CMD-2023-00040,DL-SO-005,F04,2023-01-06,2023-02-13,2023-02-15,42500,42500,2.769,livrée
CMD-2023-00041,DL-DE-007,F07,2023-01-06,2023-02-17,2023-02-16,19000,19000,1.718,livrée
CMD-2023-00042,DL-CA-011,F02,2023-01-06,2023-02-05,2023-01-31,35000,35000,4.099,livrée
CMD-2023-00043,DL-SV-012,F07,2023-01-06,2023-02-16,2023-02-14,59500,59500,3.828,livrée
CMD-2023-00044,DL-SO-007,F08,2023-01-06,2023-02-11,2023-02-06,46000,46000,5.218,livrée
CMD-2023-00045,DL-SO-005,F04,2023-01-06,2023-02-07,2023-02-08,81000,81000,2.682,livrée
CMD-2023-00046,DL-HY-009,F08,2023-01-06,2023-02-13,2023-02-13,27500,27500,2.25,livrée
CMD-2023-00047,DL-DE-001,F03,2023-01-06,2023-02-02,2023-01-30,43500,43500,4.348,livrée
CMD-2023-00048,DL-SV-015,F05,2023-01-06,2023-02-13,2023-02-10,20000,20000,3.432,livrée
CMD-2023-00049,DL-BB-003,F05,2023-01-09,2023-02-20,2023-02-22,33000,33000,4.302,livrée
CMD-2023-00050,DL-DE-002,F07,2023-01-09,2023-02-20,2023-02-21,29000,29000,3.53,livrée
CMD-2023-00051,DL-HY-004,F04,2023-01-09,2023-02-14,2023-02-16,29500,29500,3.757,livrée
CMD-2023-00052,DL-SO-004,F06,2023-01-09,2023-02-20,2023-02-16,74500,74500,2.734,livrée
CMD-2023-00053,DL-HY-001,F03,2023-01-09,2023-01-31,2023-02-02,15500,15500,3.043,livrée
CMD-2023-00054,DL-CA-005,F03,2023-01-09,2023-02-02,2023-01-29,38500,38500,2.7,livrée
CMD-2023-00055,DL-SV-005,F06,2023-01-10,2023-02-24,2023-02-22,55000,55000,3.21,livrée
CMD-2023-00056,DL-HY-004,F04,2023-01-10,2023-02-17,2023-02-12,62500,62500,3.91,livrée
CMD-2023-00057,DL-SV-002,F05,2023-01-10,2023-02-19,2023-02-18,40500,40500,3.981,livrée
CMD-2023-00058,DL-SV-014,F04,2023-01-10,2023-02-11,2023-02-06,39500,39500,3.907,livrée
CMD-2023-00059,DL-SV-002,F05,2023-01-10,2023-02-17,2023-02-12,32500,32500,3.9,livrée
CMD-2023-00060,DL-BB-003,F05,2023-01-10,2023-02-17,2023-02-19,101500,101500,4.626,livrée
CMD-2023-00061,DL-SO-008,F07,2023-01-10,2023-02-22,2023-02-24,31500,31500,4.501,livrée
CMD-2023-00062,DL-SV-014,F04,2023-01-10,2023-02-17,2023-02-13,18500,18500,4.007,livrée
CMD-2023-00063,DL-SV-001,F01,2023-01-10,2023-02-10,2023-02-10,13000,13000,3.1,livrée
CMD-2023-00064,DL-DE-001,F03,2023-01-10,2023-02-06,2023-02-03,40500,40500,4.414,livrée
CMD-2023-00065,DL-SV-014,F04,2023-01-10,2023-02-17,2023-02-24,55500,55500,3.843,livrée
CMD-2023-00066,DL-DE-009,F02,2023-01-10,2023-02-10,2023-02-09,47500,47500,3.912,livrée
CMD-2023-00067,DL-CA-004,F03,2023-01-11,2023-02-08,2023-02-08,62500,62500,2.901,livrée
CMD-2023-00068,DL-HY-001,F03,2023-01-11,2023-02-07,2023-02-02,34500,34500,3.338,livrée
CMD-2023-00069,DL-SV-008,F04,2023-01-11,2023-02-15,2023-02-16,40500,40500,2.954,livrée
CMD-2023-00070,DL-DE-007,F07,2023-01-11,2023-02-24,2023-03-05,46500,46500,1.858,livrée
CMD-2023-00071,DL-DE-001,F03,2023-01-11,2023-02-07,2023-02-09,18500,18500,4.438,livrée
CMD-2023-00072,DL-BB-001,F02,2023-01-12,2023-02-14,2023-02-16,88000,88000,3.883,livrée
CMD-2023-00073,DL-BB-002,F01,2023-01-12,2023-02-09,2023-02-10,44500,40700,3.254,livrée
CMD-2023-00074,DL-CA-011,F02,2023-01-12,2023-02-14,2023-02-16,18000,18000,4.27,livrée
CMD-2023-00075,DL-SV-002,F05,2023-01-12,2023-02-18,2023-02-13,58000,58000,3.864,livrée
CMD-2023-00076,DL-BB-001,F02,2023-01-12,2023-02-10,2023-02-08,45500,45500,3.816,livrée
CMD-2023-00077,DL-DE-002,F07,2023-01-12,2023-02-25,2023-02-26,39000,39000,3.396,livrée
CMD-2023-00078,DL-CA-008,F05,2023-01-12,2023-02-22,2023-02-22,32000,32000,1.559,livrée
CMD-2023-00079,DL-HY-004,F04,2023-01-12,2023-02-19,2023-02-16,14500,14500,4.014,livrée
CMD-2023-00080,DL-DE-005,F03,2023-01-12,2023-02-04,2023-02-03,44500,44500,2.96,livrée
CMD-2023-00081,DL-SO-005,F04,2023-01-12,2023-02-14,2023-02-11,58000,58000,2.78,livrée
CMD-2023-00082,DL-SV-015,F05,2023-01-12,2023-02-20,2023-02-22,142000,142000,3.097,livrée
CMD-2023-00083,DL-SV-012,F07,2023-01-12,2023-02-20,2023-02-18,94500,94500,4.079,livrée
CMD-2023-00084,DL-SV-008,F04,2023-01-12,2023-02-14,2023-02-11,51000,51000,3.147,livrée
CMD-2023-00085,DL-SV-006,F03,2023-01-12,2023-02-05,2023-02-01,81500,81500,3.271,livrée
CMD-2023-00086,DL-DE-007,F07,2023-01-13,2023-02-25,2023-02-23,46000,46000,1.762,livrée
CMD-2023-00087,DL-BB-003,F05,2023-01-13,2023-02-20,2023-02-21,47500,47500,4.514,livrée
CMD-2023-00088,DL-BB-003,F05,2023-01-13,2023-02-21,2023-02-20,97500,97500,4.577,livrée
CMD-2023-00089,DL-HY-009,F08,2023-01-13,2023-02-19,2023-02-16,42000,42000,2.3,livrée
CMD-2023-00090,DL-DE-001,F03,2023-01-13,2023-02-07,2023-02-04,29000,26800,4.549,livrée
CMD-2023-00091,DL-CA-012,F03,2023-01-13,2023-02-04,2023-01-31,43500,43500,4.343,livrée
CMD-2023-00092,DL-HY-004,F03,2023-01-16,2023-02-08,2023-02-14,22500,21500,3.99,livrée
CMD-2023-00093,DL-DE-007,F07,2023-01-16,2023-02-26,2023-02-25,22500,22500,1.755,livrée
CMD-2023-00094,DL-SO-009,F06,2023-01-16,2023-03-03,2023-03-15,36500,36500,3.251,livrée
CMD-2023-00095,DL-BB-001,F02,2023-01-16,2023-02-18,2023-02-16,30000,30000,4.082,livrée
CMD-2023-00096,DL-BB-001,F02,2023-01-16,2023-02-17,2023-02-19,55500,55500,3.848,livrée
CMD-2023-00097,DL-SV-001,F01,2023-01-16,2023-02-15,2023-02-12,36000,36000,2.846,livrée
CMD-2023-00098,DL-DE-001,F03,2023-01-16,2023-02-07,2023-02-06,81500,81500,4.399,livrée
CMD-2023-00099,DL-SV-011,F07,2023-01-16,2023-03-01,2023-03-14,19000,19000,3.035,livrée
CMD-2023-00100,DL-HY-002,F08,2023-01-17,2023-02-27,2023-02-22,32500,32500,2.311,livrée
CMD-2023-00101,DL-HY-004,F04,2023-01-17,2023-02-23,2023-02-21,129000,129000,3.839,livrée
CMD-2023-00102,DL-DE-007,F07,2023-01-17,2023-03-01,2023-03-03,112500,112500,1.894,livrée
CMD-2023-00103,DL-DE-008,F06,2023-01-17,2023-02-28,2023-02-23,23000,23000,3.471,livrée
CMD-2023-00104,DL-HY-004,F03,2023-01-17,2023-02-13,2023-02-14,33000,33000,4.072,livrée
CMD-2023-00105,DL-SV-008,F04,2023-01-17,2023-02-24,2023-02-22,42000,42000,3.256,livrée
CMD-2023-00106,DL-HY-002,F08,2023-01-17,2023-02-22,2023-02-22,70000,70000,2.41,livrée
CMD-2023-00107,DL-SV-006,F05,2023-01-17,2023-02-28,2023-02-28,27000,27000,3.191,livrée
CMD-2023-00108,DL-SV-011,F07,2023-01-17,2023-03-01,2023-02-27,17000,17000,3.088,livrée
CMD-2023-00109,DL-DE-004,F01,2023-01-17,2023-02-17,2023-02-19,150000,150000,5.125,livrée
CMD-2023-00110,DL-SV-004,F08,2023-01-17,2023-02-24,2023-02-24,36000,36000,2.456,livrée
CMD-2023-00111,DL-SO-005,F04,2023-01-18,2023-02-19,2023-02-14,36000,36000,2.729,livrée
CMD-2023-00112,DL-DE-001,F03,2023-01-18,2023-02-12,2023-02-14,29500,29500,4.63,livrée
CMD-2023-00113,DL-HY-006,F03,2023-01-18,2023-02-13,2023-02-09,59500,59500,1.926,livrée
CMD-2023-00114,DL-DE-001,F03,2023-01-18,2023-02-15,2023-02-12,78500,78500,4.232,livrée
CMD-2023-00115,DL-HY-004,F03,2023-01-18,2023-02-12,2023-02-08,33500,33500,3.815,livrée
CMD-2023-00116,DL-SO-005,F04,2023-01-18,2023-02-22,2023-02-24,30000,27300,2.798,livrée
CMD-2023-00117,DL-HY-004,F04,2023-01-18,2023-02-21,2023-03-09,66000,66000,4.096,livrée
CMD-2023-00118,DL-HY-004,F04,2023-01-18,2023-02-22,2023-02-20,13000,13000,3.752,livrée
CMD-2023-00119,DL-CA-012,F03,2023-01-19,2023-02-11,2023-02-12,62500,62500,4.168,livrée
CMD-2023-00120,DL-HY-004,F04,2023-01-19,2023-02-26,2023-02-28,32000,32000,3.851,livrée
CMD-2023-00121,DL-SV-011,F03,2023-01-19,2023-02-14,2023-02-16,40000,40000,2.98,livrée
CMD-2023-00122,DL-SV-008,F04,2023-01-19,2023-02-21,2023-02-18,18000,18000,2.883,livrée
CMD-2023-00123,DL-BB-006,F07,2023-01-19,2023-02-28,2023-02-28,18000,18000,4.022,livrée
CMD-2023-00124,DL-DE-007,F07,2023-01-19,2023-02-28,2023-03-01,10000,10000,1.845,livrée
CMD-2023-00125,DL-HY-001,F03,2023-01-19,2023-02-15,2023-02-16,16000,16000,3.148,livrée
CMD-2023-00126,DL-CA-012,F03,2023-01-19,2023-02-14,2023-02-09,26000,26000,4.28,livrée
CMD-2023-00127,DL-SV-001,F01,2023-01-19,2023-02-19,2023-02-19,150000,140000,2.983,livrée
CMD-2023-00128,DL-SV-008,F04,2023-01-20,2023-02-21,2023-02-21,21500,21500,2.96,livrée
CMD-2023-00129,DL-HY-004,F04,2023-01-20,2023-02-23,2023-02-18,71500,71500,4.124,livrée
CMD-2023-00130,DL-DE-004,F08,2023-01-20,2023-02-28,2023-03-01,18500,18500,5.31,livrée
CMD-2023-00131,DL-HY-003,F06,2023-01-20,2023-03-06,2023-03-17,29500,29500,5.606,livrée
CMD-2023-00132,DL-SO-004,F06,2023-01-20,2023-03-08,2023-03-09,62000,62000,2.815,livrée
CMD-2023-00133,DL-BB-003,F05,2023-01-20,2023-02-26,2023-02-28,54500,54500,4.431,livrée
CMD-2023-00134,DL-SO-008,F07,2023-01-20,2023-03-01,2023-03-01,19500,19500,4.73,livrée
CMD-2023-00135,DL-CA-004,F03,2023-01-23,2023-02-15,2023-02-25,28000,28000,2.951,livrée
CMD-2023-00136,DL-HY-004,F04,2023-01-23,2023-03-02,2023-02-27,70000,70000,3.639,livrée
CMD-2023-00137,DL-BB-001,F02,2023-01-23,2023-02-22,2023-02-28,78000,78000,4.066,livrée
CMD-2023-00138,DL-BB-001,F02,2023-01-23,2023-02-24,2023-02-24,22000,22000,4.176,livrée
CMD-2023-00139,DL-HY-003,F06,2023-01-23,2023-03-10,2023-03-10,56000,56000,5.715,livrée
CMD-2023-00140,DL-BB-003,F05,2023-01-23,2023-03-04,2023-02-28,31500,31500,4.264,livrée
CMD-2023-00141,DL-HY-005,F02,2023-01-23,2023-02-20,2023-02-21,72500,72500,3.295,livrée
CMD-2023-00142,DL-DE-007,F07,2023-01-23,2023-03-06,2023-03-07,20000,20000,1.939,livrée
CMD-2023-00143,DL-SO-004,F06,2023-01-24,2023-03-13,2023-03-10,25500,25500,2.892,livrée
CMD-2023-00144,DL-SV-002,F05,2023-01-24,2023-03-07,2023-03-04,23500,23500,4.038,livrée
CMD-2023-00145,DL-DE-001,F03,2023-01-24,2023-02-18,2023-02-16,24500,24500,4.587,livrée
CMD-2023-00146,DL-DE-002,F07,2023-01-24,2023-03-05,2023-03-02,36500,36500,3.58,livrée
CMD-2023-00147,DL-HY-008,F02,2023-01-24,2023-02-22,2023-02-22,11000,11000,1.641,livrée
CMD-2023-00148,DL-HY-003,F06,2023-01-24,2023-03-12,2023-03-19,25500,25500,5.236,livrée
CMD-2023-00149,DL-SV-004,F08,2023-01-24,2023-03-01,2023-02-27,19500,19500,2.388,livrée
CMD-2023-00150,DL-CA-001,F02,2023-01-24,2023-02-25,2023-02-20,107000,107000,5.215,livrée
CMD-2023-00151,DL-SV-013,F02,2023-01-24,2023-02-20,2023-02-22,65000,65000,3.001,livrée
CMD-2023-00152,DL-CA-005,F03,2023-01-25,2023-02-17,2023-02-16,48000,48000,2.904,livrée
CMD-2023-00153,DL-HY-005,F08,2023-01-25,2023-03-04,2023-03-04,16000,16000,3.324,livrée
CMD-2023-00154,DL-HY-003,F06,2023-01-25,2023-03-11,2023-03-06,150000,150000,5.806,livrée
CMD-2023-00155,DL-HY-002,F08,2023-01-25,2023-03-03,2023-03-05,51000,51000,2.37,livrée
CMD-2023-00156,DL-HY-005,F08,2023-01-25,2023-03-04,2023-03-01,55500,55500,3.32,livrée
CMD-2023-00157,DL-HY-002,F08,2023-01-25,2023-03-06,2023-03-05,23500,23500,2.16,livrée
CMD-2023-00158,DL-DE-007,F07,2023-01-25,2023-03-07,2023-03-09,69500,69500,1.799,livrée
CMD-2023-00159,DL-CA-006,F03,2023-01-25,2023-02-17,2023-02-16,110500,110500,2.764,livrée
CMD-2023-00160,DL-SV-015,F05,2023-01-25,2023-03-06,2023-03-03,39500,39500,3.36,livrée
CMD-2023-00161,DL-SV-011,F03,2023-01-26,2023-02-18,2023-02-17,57500,57500,2.954,livrée
CMD-2023-00162,DL-DE-001,F03,2023-01-26,2023-02-21,2023-02-19,38500,38500,4.301,livrée
CMD-2023-00163,DL-DE-008,F06,2023-01-26,2023-03-12,2023-03-14,28000,28000,3.111,livrée
CMD-2023-00164,DL-DE-001,F03,2023-01-26,2023-02-18,2023-02-16,90500,90500,4.411,livrée
CMD-2023-00165,DL-BB-003,F05,2023-01-26,2023-03-09,2023-03-22,124500,124500,4.236,livrée
CMD-2023-00166,DL-BB-003,F05,2023-01-26,2023-03-09,2023-03-21,23500,23500,4.146,livrée
CMD-2023-00167,DL-DE-001,F03,2023-01-26,2023-02-18,2023-02-19,10000,9100,4.426,livrée
CMD-2023-00168,DL-DE-007,F07,2023-01-26,2023-03-08,2023-03-06,36500,36500,1.85,livrée
CMD-2023-00169,DL-CA-012,F03,2023-01-26,2023-02-18,2023-02-20,62000,62000,4.388,livrée
CMD-2023-00170,DL-SV-013,F02,2023-01-27,2023-03-01,2023-02-28,139500,139500,3.075,livrée
CMD-2023-00171,DL-DE-007,F07,2023-01-27,2023-03-07,2023-03-02,60000,60000,1.916,livrée
CMD-2023-00172,DL-HY-004,F04,2023-01-27,2023-03-05,2023-03-04,57500,57500,3.725,livrée
CMD-2023-00173,DL-HY-001,F03,2023-01-27,2023-02-18,2023-02-18,41000,41000,3.046,livrée
CMD-2023-00174,DL-CA-006,F03,2023-01-27,2023-02-22,2023-02-21,21500,21500,2.824,livrée
CMD-2023-00175,DL-SO-005,F04,2023-01-27,2023-03-02,2023-02-27,32500,32500,2.866,livrée
CMD-2023-00176,DL-SV-001,F01,2023-01-27,2023-02-23,2023-02-20,29000,29000,3.162,livrée
CMD-2023-00177,DL-SV-003,F03,2023-01-27,2023-02-24,2023-02-23,55500,55500,5.262,livrée
CMD-2023-00178,DL-CA-012,F02,2023-01-27,2023-02-25,2023-02-26,37000,37000,4.005,livrée
CMD-2023-00179,DL-DE-002,F07,2023-01-27,2023-03-13,2023-03-09,54500,54500,3.421,livrée
CMD-2023-00180,DL-BB-006,F01,2023-01-27,2023-02-26,2023-02-24,78000,78000,4.3,livrée
CMD-2023-00181,DL-CA-010,F03,2023-01-30,2023-02-27,2023-02-24,79500,79500,4.017,livrée
CMD-2023-00182,DL-HY-004,F04,2023-01-30,2023-03-05,2023-03-04,29500,29500,4.087,livrée
CMD-2023-00183,DL-BB-004,F01,2023-01-30,2023-03-02,2023-03-10,17000,17000,3.673,livrée
CMD-2023-00184,DL-HY-004,F04,2023-01-30,2023-03-07,2023-03-05,27500,27500,3.985,livrée
CMD-2023-00185,DL-SO-001,F02,2023-01-30,2023-03-02,2023-03-02,26000,26000,4.082,livrée
CMD-2023-00186,DL-BB-001,F02,2023-01-30,2023-02-28,2023-02-27,30500,30500,4.141,livrée
CMD-2023-00187,DL-SO-002,F03,2023-01-30,2023-02-27,2023-02-26,21500,21500,2.605,livrée
CMD-2023-00188,DL-SV-002,F05,2023-01-30,2023-03-13,2023-03-17,18500,18500,4.31,livrée
CMD-2023-00189,DL-BB-005,F04,2023-01-31,2023-03-06,2023-03-03,84000,84000,4.986,livrée
CMD-2023-00190,DL-SV-002,F05,2023-01-31,2023-03-09,2023-03-06,53500,53500,4.337,livrée
CMD-2023-00191,DL-BB-001,F02,2023-01-31,2023-03-03,2023-03-03,17500,17500,3.803,livrée
CMD-2023-00192,DL-HY-006,F03,2023-01-31,2023-02-23,2023-02-24,32000,32000,1.792,livrée
CMD-2023-00193,DL-HY-001,F03,2023-01-31,2023-02-25,2023-02-27,32000,32000,2.993,livrée
CMD-2023-00194,DL-HY-002,F08,2023-01-31,2023-03-07,2023-03-06,18000,18000,2.159,livrée
CMD-2023-00195,DL-DE-009,F04,2023-02-01,2023-03-08,2023-03-10,30500,30500,4.105,livrée
CMD-2023-00196,DL-DE-007,F07,2023-02-01,2023-03-18,2023-03-22,36000,36000,1.734,livrée
CMD-2023-00197,DL-HY-004,F04,2023-02-01,2023-03-09,2023-03-10,50500,50500,4.058,livrée
CMD-2023-00198,DL-HY-003,F06,2023-02-01,2023-03-18,2023-03-20,10000,10000,5.241,livrée
CMD-2023-00199,DL-HY-001,F03,2023-02-01,2023-02-26,2023-02-24,18500,18500,3.132,livrée
CMD-2023-00200,DL-CA-010,F03,2023-02-01,2023-02-25,2023-02-25,33500,33500,4.251,livrée
CMD-2023-00201,DL-HY-004,F04,2023-02-01,2023-03-09,2023-03-11,49500,49500,4.074,livrée
CMD-2023-00202,DL-SV-010,F04,2023-02-02,2023-03-06,2023-03-03,150000,150000,2.796,livrée
CMD-2023-00203,DL-SV-007,F08,2023-02-02,2023-03-11,2023-03-08,33500,33500,3.976,livrée
CMD-2023-00204,DL-SV-006,F03,2023-02-02,2023-02-28,2023-03-02,38500,38500,2.936,livrée
CMD-2023-00205,DL-CA-007,F08,2023-02-02,2023-03-15,2023-03-29,32000,32000,3.532,livrée
CMD-2023-00206,DL-SO-003,F07,2023-02-02,2023-03-14,2023-03-16,65500,65500,3.461,livrée
CMD-2023-00207,DL-CA-006,F03,2023-02-02,2023-03-02,2023-02-26,29000,29000,2.802,livrée
CMD-2023-00208,DL-SV-010,F04,2023-02-02,2023-03-07,2023-03-05,81000,81000,3.033,livrée
CMD-2023-00209,DL-HY-003,F06,2023-02-02,2023-03-20,2023-03-19,26000,26000,5.842,livrée
CMD-2023-00210,DL-HY-004,F03,2023-02-03,2023-03-03,2023-02-26,15500,15500,3.885,livrée
CMD-2023-00211,DL-SV-008,F04,2023-02-03,2023-03-13,2023-03-08,112000,112000,2.936,livrée
CMD-2023-00212,DL-SV-010,F04,2023-02-03,2023-03-11,2023-03-19,56000,56000,3.063,livrée
CMD-2023-00213,DL-DE-008,F06,2023-02-03,2023-03-17,2023-03-19,70500,70500,3.446,livrée
CMD-2023-00214,DL-SV-006,F03,2023-02-03,2023-03-03,2023-03-08,64000,64000,3.029,livrée
CMD-2023-00215,DL-SO-003,F04,2023-02-06,2023-03-14,2023-03-16,22000,22000,3.449,livrée
CMD-2023-00216,DL-DE-007,F07,2023-02-06,2023-03-20,2023-03-15,39000,39000,1.786,livrée
CMD-2023-00217,DL-DE-002,F07,2023-02-06,2023-03-21,2023-03-16,41000,41000,3.525,livrée
CMD-2023-00218,DL-DE-007,F07,2023-02-07,2023-03-24,2023-03-26,29000,29000,1.874,livrée
CMD-2023-00219,DL-SO-002,F03,2023-02-07,2023-03-03,2023-03-04,52000,44300,2.68,livrée
CMD-2023-00220,DL-HY-002,F08,2023-02-07,2023-03-16,2023-03-15,24500,24500,2.319,livrée
CMD-2023-00221,DL-HY-002,F08,2023-02-07,2023-03-14,2023-03-16,50000,50000,2.411,livrée
CMD-2023-00222,DL-CA-011,F02,2023-02-07,2023-03-06,2023-03-08,39500,39500,4.329,livrée
CMD-2023-00223,DL-SO-004,F04,2023-02-07,2023-03-12,2023-03-13,24500,24500,2.799,livrée
CMD-2023-00224,DL-BB-006,F07,2023-02-07,2023-03-22,2023-03-22,42500,42500,3.929,livrée
CMD-2023-00225,DL-CA-004,F03,2023-02-07,2023-03-02,2023-02-27,53000,53000,3.1,livrée
CMD-2023-00226,DL-HY-002,F08,2023-02-08,2023-03-20,2023-03-16,42500,41000,2.356,livrée
CMD-2023-00227,DL-SV-003,F03,2023-02-08,2023-03-02,2023-02-26,120500,120500,4.754,livrée
CMD-2023-00228,DL-CA-004,F03,2023-02-08,2023-03-06,2023-03-03,51000,51000,2.994,livrée
CMD-2023-00229,DL-BB-005,F04,2023-02-08,2023-03-14,2023-03-10,37500,37500,5.167,livrée
CMD-2023-00230,DL-DE-006,F02,2023-02-08,2023-03-11,2023-03-09,83500,83500,1.949,livrée
CMD-2023-00231,DL-DE-008,F06,2023-02-08,2023-03-23,2023-03-21,74000,74000,3.246,livrée
CMD-2023-00232,DL-SV-001,F01,2023-02-08,2023-03-08,2023-03-07,127000,127000,3.006,livrée
CMD-2023-00233,DL-DE-001,F03,2023-02-08,2023-03-07,2023-03-09,56500,56500,4.152,livrée
CMD-2023-00234,DL-CA-004,F03,2023-02-08,2023-03-05,2023-03-03,39000,39000,3.186,livrée
CMD-2023-00235,DL-CA-004,F03,2023-02-08,2023-03-05,2023-03-03,127000,127000,3.13,livrée
CMD-2023-00236,DL-BB-003,F05,2023-02-08,2023-03-17,2023-03-14,56500,56500,4.522,livrée
CMD-2023-00237,DL-CA-011,F02,2023-02-08,2023-03-09,2023-03-11,47500,47500,4.141,livrée
CMD-2023-00238,DL-SV-002,F05,2023-02-08,2023-03-19,2023-03-20,63500,63500,3.986,livrée
CMD-2023-00239,DL-SO-005,F04,2023-02-08,2023-03-13,2023-03-14,40000,40000,2.639,livrée
CMD-2023-00240,DL-SO-009,F08,2023-02-08,2023-03-15,2023-03-14,71500,71500,3.12,livrée
CMD-2023-00241,DL-SO-009,F06,2023-02-08,2023-03-26,2023-03-23,40500,40500,3.117,livrée
CMD-2023-00242,DL-SV-001,F01,2023-02-09,2023-03-12,2023-03-07,122500,122500,2.888,livrée
CMD-2023-00243,DL-BB-001,F02,2023-02-09,2023-03-10,2023-03-08,64500,64500,3.994,livrée
CMD-2023-00244,DL-CA-004,F03,2023-02-09,2023-03-06,2023-03-08,66500,66500,3.006,livrée
CMD-2023-00245,DL-SV-015,F05,2023-02-09,2023-03-18,2023-03-14,53000,53000,3.449,livrée
CMD-2023-00246,DL-BB-005,F04,2023-02-09,2023-03-13,2023-03-09,53000,53000,4.96,livrée
CMD-2023-00247,DL-HY-005,F08,2023-02-09,2023-03-21,2023-03-17,51500,51500,3.322,livrée
CMD-2023-00248,DL-SV-006,F05,2023-02-09,2023-03-20,2023-03-30,98500,98500,3.086,livrée
CMD-2023-00249,DL-HY-006,F03,2023-02-09,2023-03-07,2023-03-09,31500,31500,1.759,livrée
CMD-2023-00250,DL-CA-004,F03,2023-02-10,2023-03-04,2023-03-11,34500,34500,3.05,livrée
CMD-2023-00251,DL-SV-005,F06,2023-02-10,2023-03-29,2023-03-27,38500,38500,3.287,livrée
CMD-2023-00252,DL-BB-001,F02,2023-02-10,2023-03-15,2023-03-17,23000,23000,4.181,livrée
CMD-2023-00253,DL-SV-006,F03,2023-02-10,2023-03-10,2023-03-12,23000,23000,2.902,livrée
CMD-2023-00254,DL-SV-014,F04,2023-02-10,2023-03-16,2023-03-17,17000,17000,4.252,livrée
CMD-2023-00255,DL-DE-001,F03,2023-02-10,2023-03-05,2023-03-02,28500,28500,4.538,livrée
CMD-2023-00256,DL-DE-004,F01,2023-02-10,2023-03-11,2023-03-08,47000,47000,5.438,livrée
CMD-2023-00257,DL-DE-008,F06,2023-02-10,2023-03-24,2023-03-21,31000,31000,3.203,livrée
CMD-2023-00258,DL-SO-002,F03,2023-02-10,2023-03-07,2023-03-06,55500,55500,2.516,livrée
CMD-2023-00259,DL-HY-005,F08,2023-02-10,2023-03-19,2023-03-15,73000,73000,3.088,livrée
CMD-2023-00260,DL-SV-011,F03,2023-02-10,2023-03-10,2023-03-06,42000,42000,2.971,livrée
CMD-2023-00261,DL-BB-003,F05,2023-02-10,2023-03-24,2023-03-24,35500,35500,4.363,livrée
CMD-2023-00262,DL-CA-004,F03,2023-02-10,2023-03-05,2023-03-07,18000,18000,2.868,livrée
CMD-2023-00263,DL-HY-002,F08,2023-02-10,2023-03-20,2023-03-16,24000,24000,2.22,livrée
CMD-2023-00264,DL-SV-015,F05,2023-02-10,2023-03-25,2023-03-22,82500,82500,3.196,livrée
CMD-2023-00265,DL-SO-009,F08,2023-02-10,2023-03-20,2023-03-16,36500,36500,3.095,livrée
CMD-2023-00266,DL-BB-005,F04,2023-02-13,2023-03-21,2023-03-28,33000,33000,4.717,livrée
CMD-2023-00267,DL-CA-011,F02,2023-02-13,2023-03-12,2023-03-10,74000,74000,4.406,livrée
CMD-2023-00268,DL-CA-006,F03,2023-02-13,2023-03-10,2023-03-06,24000,24000,2.826,livrée
CMD-2023-00269,DL-CA-004,F03,2023-02-13,2023-03-08,2023-03-06,14000,14000,3.087,livrée
CMD-2023-00270,DL-DE-007,F07,2023-02-13,2023-03-30,2023-03-28,93500,93500,1.893,livrée
CMD-2023-00271,DL-DE-003,F03,2023-02-13,2023-03-13,2023-03-11,66000,66000,4.114,livrée
CMD-2023-00272,DL-DE-007,F07,2023-02-13,2023-03-26,2023-03-24,32500,32500,1.916,livrée
CMD-2023-00273,DL-SV-001,F01,2023-02-13,2023-03-15,2023-03-15,61000,61000,3.065,livrée
CMD-2023-00274,DL-BB-005,F04,2023-02-13,2023-03-19,2023-03-15,10000,10000,5.121,livrée
CMD-2023-00275,DL-DE-001,F03,2023-02-13,2023-03-09,2023-03-10,55500,55500,4.61,livrée
CMD-2023-00276,DL-SV-014,F04,2023-02-13,2023-03-17,2023-03-24,14000,14000,4.266,livrée
CMD-2023-00277,DL-BB-006,F07,2023-02-13,2023-03-27,2023-03-26,50500,50500,3.996,livrée
CMD-2023-00278,DL-DE-007,F07,2023-02-14,2023-03-29,2023-03-28,46000,46000,1.936,livrée
CMD-2023-00279,DL-SO-004,F06,2023-02-14,2023-04-02,2023-04-02,39000,39000,2.777,livrée
CMD-2023-00280,DL-CA-008,F05,2023-02-14,2023-03-29,2023-03-26,15000,15000,1.629,livrée
CMD-2023-00281,DL-BB-001,F02,2023-02-14,2023-03-14,2023-03-15,26000,26000,3.759,livrée
CMD-2023-00282,DL-DE-007,F07,2023-02-14,2023-03-26,2023-03-22,70000,70000,1.88,livrée
CMD-2023-00283,DL-SV-006,F05,2023-02-15,2023-03-24,2023-03-19,27000,27000,2.883,livrée
CMD-2023-00284,DL-SV-011,F03,2023-02-15,2023-03-09,2023-03-09,23000,23000,3.136,livrée
CMD-2023-00285,DL-DE-004,F08,2023-02-15,2023-03-26,2023-03-25,65500,65500,5.239,livrée
CMD-2023-00286,DL-BB-004,F01,2023-02-16,2023-03-13,2023-03-13,60000,60000,3.723,livrée
CMD-2023-00287,DL-HY-003,F06,2023-02-16,2023-03-30,2023-03-28,45000,45000,5.82,livrée
CMD-2023-00288,DL-DE-001,F03,2023-02-16,2023-03-15,2023-03-16,43000,43000,4.244,livrée
CMD-2023-00289,DL-DE-001,F03,2023-02-16,2023-03-13,2023-03-15,52000,52000,4.426,livrée
CMD-2023-00290,DL-CA-004,F03,2023-02-16,2023-03-16,2023-03-13,29000,29000,3.065,livrée
CMD-2023-00291,DL-HY-003,F06,2023-02-17,2023-04-01,2023-04-03,28500,28500,5.28,livrée
CMD-2023-00292,DL-CA-011,F02,2023-02-17,2023-03-22,2023-03-21,147000,147000,4.609,livrée
CMD-2023-00293,DL-SO-005,F04,2023-02-17,2023-03-21,2023-03-18,55000,55000,2.55,livrée
CMD-2023-00294,DL-DE-007,F07,2023-02-17,2023-03-30,2023-04-14,117000,117000,1.908,livrée
CMD-2023-00295,DL-CA-010,F03,2023-02-17,2023-03-17,2023-03-18,116000,116000,3.982,livrée
CMD-2023-00296,DL-BB-005,F04,2023-02-17,2023-03-22,2023-03-21,40000,40000,5.257,livrée
CMD-2023-00297,DL-SO-002,F03,2023-02-17,2023-03-13,2023-03-09,29000,29000,2.681,livrée
CMD-2023-00298,DL-CA-009,F03,2023-02-17,2023-03-15,2023-03-15,45000,45000,2.631,livrée
CMD-2023-00299,DL-SV-002,F05,2023-02-17,2023-03-30,2023-04-01,27500,27500,3.974,livrée
CMD-2023-00300,DL-CA-006,F03,2023-02-20,2023-03-18,2023-03-13,39500,33800,2.97,livrée
CMD-2023-00301,DL-HY-001,F03,2023-02-20,2023-03-20,2023-03-17,12000,12000,3.109,livrée
CMD-2023-00302,DL-DE-005,F04,2023-02-20,2023-03-24,2023-03-24,41500,41500,2.925,livrée
CMD-2023-00303,DL-DE-001,F03,2023-02-20,2023-03-17,2023-03-19,79500,79500,4.448,livrée
CMD-2023-00304,DL-SV-001,F01,2023-02-20,2023-03-17,2023-03-12,49500,49500,2.928,livrée
CMD-2023-00305,DL-SO-008,F01,2023-02-20,2023-03-18,2023-03-16,19500,19500,4.801,livrée
CMD-2023-00306,DL-SO-008,F07,2023-02-21,2023-04-07,2023-04-16,15000,15000,4.643,livrée
CMD-2023-00307,DL-CA-012,F03,2023-02-21,2023-03-20,2023-03-19,10500,10500,4.222,livrée
CMD-2023-00308,DL-SV-002,F05,2023-02-21,2023-04-04,2023-03-31,73000,73000,3.967,livrée
CMD-2023-00309,DL-SV-008,F04,2023-02-21,2023-03-29,2023-03-26,52000,52000,3.213,livrée
CMD-2023-00310,DL-SV-014,F04,2023-02-21,2023-03-29,2023-03-29,79500,79500,3.913,livrée
CMD-2023-00311,DL-DE-008,F06,2023-02-21,2023-04-04,2023-04-03,68000,68000,3.393,livrée
CMD-2023-00312,DL-BB-006,F07,2023-02-21,2023-04-05,2023-04-13,20500,20500,4.285,livrée
CMD-2023-00313,DL-DE-007,F07,2023-02-21,2023-04-05,2023-03-31,25000,25000,1.803,livrée
CMD-2023-00314,DL-DE-001,F03,2023-02-21,2023-03-19,2023-03-19,130000,130000,4.281,livrée
CMD-2023-00315,DL-SV-010,F04,2023-02-21,2023-03-27,2023-03-26,107500,107500,3.015,livrée
CMD-2023-00316,DL-SV-001,F06,2023-02-22,2023-04-06,2023-04-06,33500,33500,2.913,livrée
CMD-2023-00317,DL-BB-001,F02,2023-02-22,2023-03-27,2023-03-28,15500,15500,4.119,livrée
CMD-2023-00318,DL-HY-006,F03,2023-02-22,2023-03-22,2023-03-24,29000,29000,1.735,livrée
CMD-2023-00319,DL-HY-008,F02,2023-02-22,2023-03-23,2023-03-20,55500,55500,1.457,livrée
CMD-2023-00320,DL-SV-014,F04,2023-02-22,2023-03-31,2023-03-30,58500,58500,4.292,livrée
CMD-2023-00321,DL-SO-002,F03,2023-02-22,2023-03-17,2023-03-15,43000,43000,2.83,livrée
CMD-2023-00322,DL-HY-003,F06,2023-02-22,2023-04-11,2023-04-10,33500,33500,5.177,livrée
CMD-2023-00323,DL-DE-007,F07,2023-02-22,2023-04-08,2023-04-20,19500,19500,1.932,livrée
CMD-2023-00324,DL-HY-004,F04,2023-02-22,2023-03-31,2023-03-28,17500,17500,3.737,livrée
CMD-2023-00325,DL-SV-007,F03,2023-02-23,2023-03-23,2023-03-22,87500,87500,3.928,livrée
CMD-2023-00326,DL-DE-001,F03,2023-02-23,2023-03-21,2023-03-17,16500,16500,4.37,livrée
CMD-2023-00327,DL-HY-004,F04,2023-02-23,2023-03-29,2023-03-27,73500,73500,3.745,livrée
CMD-2023-00328,DL-HY-006,F03,2023-02-23,2023-03-22,2023-03-18,93500,93500,1.814,livrée
CMD-2023-00329,DL-CA-003,F02,2023-02-23,2023-03-26,2023-03-27,79500,79500,2.403,livrée
CMD-2023-00330,DL-HY-002,F08,2023-02-23,2023-03-30,2023-03-28,26500,26500,2.245,livrée
CMD-2023-00331,DL-SV-008,F04,2023-02-23,2023-04-02,2023-04-04,70000,70000,3.039,livrée
CMD-2023-00332,DL-SV-002,F05,2023-02-23,2023-04-01,2023-04-01,28500,28500,3.856,livrée
CMD-2023-00333,DL-SV-008,F04,2023-02-23,2023-03-28,2023-03-30,67500,67500,2.909,livrée
CMD-2023-00334,DL-CA-011,F02,2023-02-24,2023-03-26,2023-03-25,71000,71000,4.538,livrée
CMD-2023-00335,DL-BB-005,F04,2023-02-24,2023-03-30,2023-03-26,33000,33000,4.753,livrée
CMD-2023-00336,DL-DE-008,F06,2023-02-24,2023-04-09,2023-04-07,18500,18500,3.293,livrée
CMD-2023-00337,DL-BB-001,F02,2023-02-24,2023-03-23,2023-03-23,39000,39000,4.193,livrée
CMD-2023-00338,DL-CA-006,F03,2023-02-24,2023-03-18,2023-03-16,127500,127500,2.787,livrée
CMD-2023-00339,DL-SV-007,F08,2023-02-24,2023-04-06,2023-04-08,33000,33000,4.053,livrée
CMD-2023-00340,DL-BB-005,F04,2023-02-24,2023-04-03,2023-03-29,71000,71000,4.806,livrée
CMD-2023-00341,DL-HY-003,F06,2023-02-24,2023-04-11,2023-04-10,21500,21500,5.709,livrée
CMD-2023-00342,DL-CA-011,F02,2023-02-24,2023-03-24,2023-03-26,25000,25000,4.117,livrée
CMD-2023-00343,DL-HY-001,F03,2023-02-27,2023-03-25,2023-03-24,52000,52000,3.367,livrée
CMD-2023-00344,DL-BB-001,F02,2023-02-27,2023-03-31,2023-03-31,74500,74500,3.739,livrée
CMD-2023-00345,DL-DE-007,F07,2023-02-27,2023-04-09,2023-04-08,49000,49000,1.795,livrée
CMD-2023-00346,DL-DE-002,F07,2023-02-27,2023-04-07,2023-04-03,34500,34500,3.571,livrée
CMD-2023-00347,DL-DE-007,F07,2023-02-27,2023-04-08,2023-04-05,35000,35000,1.846,livrée
CMD-2023-00348,DL-BB-003,F05,2023-02-27,2023-04-07,2023-04-09,27000,27000,4.64,livrée
CMD-2023-00349,DL-DE-008,F06,2023-02-27,2023-04-15,2023-04-13,24500,24500,3.331,livrée
CMD-2023-00350,DL-DE-001,F03,2023-02-27,2023-03-22,2023-03-23,52000,52000,4.588,livrée
CMD-2023-00351,DL-HY-002,F08,2023-02-27,2023-04-07,2023-04-04,53500,53500,2.314,livrée
CMD-2023-00352,DL-CA-004,F03,2023-02-27,2023-03-26,2023-03-28,57500,57500,3.1,livrée
CMD-2023-00353,DL-SV-015,F05,2023-02-27,2023-04-06,2023-04-02,46000,46000,3.333,livrée
CMD-2023-00354,DL-SV-002,F05,2023-02-28,2023-04-06,2023-04-02,27500,27500,3.898,livrée
CMD-2023-00355,DL-CA-004,F03,2023-02-28,2023-03-23,2023-03-23,90000,90000,3.175,livrée
CMD-2023-00356,DL-CA-009,F03,2023-02-28,2023-03-22,2023-04-03,80500,80500,2.505,livrée
CMD-2023-00357,DL-HY-004,F04,2023-02-28,2023-04-01,2023-03-28,24000,24000,3.792,livrée
CMD-2023-00358,DL-BB-001,F02,2023-03-01,2023-03-31,2023-04-02,85500,85500,4.229,livrée
CMD-2023-00359,DL-DE-007,F07,2023-03-01,2023-04-14,2023-04-20,65500,65500,1.806,livrée
CMD-2023-00360,DL-BB-005,F04,2023-03-01,2023-04-08,2023-04-09,27000,27000,4.874,livrée
CMD-2023-00361,DL-CA-004,F03,2023-03-01,2023-03-24,2023-03-21,13500,13500,2.922,livrée
CMD-2023-00362,DL-SV-002,F05,2023-03-01,2023-04-12,2023-04-08,78000,74700,4.132,livrée
CMD-2023-00363,DL-HY-008,F02,2023-03-01,2023-03-28,2023-03-24,35500,35500,1.531,livrée
CMD-2023-00364,DL-HY-006,F03,2023-03-01,2023-03-25,2023-03-22,33500,33500,1.734,livrée
CMD-2023-00365,DL-SO-005,F04,2023-03-01,2023-04-07,2023-04-14,56500,56500,2.854,livrée
CMD-2023-00366,DL-DE-002,F07,2023-03-02,2023-04-16,2023-04-11,34000,34000,3.463,livrée
CMD-2023-00367,DL-SO-005,F04,2023-03-02,2023-04-03,2023-03-31,15500,15500,2.655,livrée
CMD-2023-00368,DL-CA-010,F03,2023-03-02,2023-03-30,2023-04-05,13000,13000,4.19,livrée
CMD-2023-00369,DL-SO-003,F07,2023-03-02,2023-04-11,2023-04-24,50000,50000,3.405,livrée
CMD-2023-00370,DL-SV-012,F07,2023-03-02,2023-04-11,2023-04-11,15000,15000,3.932,livrée
CMD-2023-00371,DL-DE-001,F03,2023-03-02,2023-03-26,2023-03-28,46000,46000,4.59,livrée
CMD-2023-00372,DL-BB-006,F07,2023-03-02,2023-04-15,2023-04-11,47500,47500,3.913,livrée
CMD-2023-00373,DL-SV-010,F04,2023-03-02,2023-04-03,2023-04-02,31000,31000,3.133,livrée
CMD-2023-00374,DL-SV-012,F07,2023-03-02,2023-04-11,2023-04-09,35500,35500,3.77,livrée
CMD-2023-00375,DL-DE-002,F07,2023-03-02,2023-04-13,2023-04-10,39500,39500,3.512,livrée
CMD-2023-00376,DL-HY-001,F03,2023-03-03,2023-03-29,2023-03-26,32000,32000,3.318,livrée
CMD-2023-00377,DL-DE-009,F04,2023-03-03,2023-04-08,2023-04-04,40500,40500,4.089,livrée
CMD-2023-00378,DL-SV-001,F01,2023-03-03,2023-03-28,2023-03-29,31000,31000,2.98,livrée
CMD-2023-00379,DL-DE-001,F03,2023-03-03,2023-03-31,2023-03-27,55500,55500,4.57,livrée
CMD-2023-00380,DL-HY-003,F06,2023-03-03,2023-04-16,2023-04-14,46500,46500,5.435,livrée
CMD-2023-00381,DL-HY-006,F03,2023-03-03,2023-03-31,2023-03-27,53000,53000,1.8,livrée
CMD-2023-00382,DL-BB-001,F02,2023-03-03,2023-04-04,2023-04-04,22000,22000,3.745,livrée
CMD-2023-00383,DL-SV-015,F05,2023-03-03,2023-04-15,2023-04-23,40500,40500,3.247,livrée
CMD-2023-00384,DL-CA-004,F03,2023-03-03,2023-03-27,2023-03-22,14500,14500,2.906,livrée
CMD-2023-00385,DL-SV-001,F06,2023-03-06,2023-04-23,2023-04-19,54500,54500,3.125,livrée
CMD-2023-00386,DL-CA-001,F02,2023-03-06,2023-04-07,2023-04-08,42000,42000,5.007,livrée
CMD-2023-00387,DL-DE-007,F07,2023-03-06,2023-04-14,2023-04-15,51000,51000,1.825,livrée
CMD-2023-00388,DL-SV-006,F03,2023-03-06,2023-03-31,2023-03-31,69500,69500,3.081,livrée
CMD-2023-00389,DL-DE-001,F03,2023-03-06,2023-03-29,2023-03-26,53500,53500,4.242,livrée
CMD-2023-00390,DL-SV-011,F03,2023-03-06,2023-03-31,2023-03-30,61500,61500,2.94,livrée
CMD-2023-00391,DL-CA-012,F03,2023-03-06,2023-03-30,2023-03-27,18500,18500,4.166,livrée
CMD-2023-00392,DL-BB-003,F05,2023-03-06,2023-04-18,2023-04-15,35000,35000,4.523,livrée
CMD-2023-00393,DL-CA-010,F03,2023-03-06,2023-04-02,2023-04-01,80000,80000,3.993,livrée
CMD-2023-00394,DL-CA-006,F03,2023-03-06,2023-04-01,2023-03-28,150000,150000,2.86,livrée
CMD-2023-00395,DL-HY-001,F03,2023-03-06,2023-04-01,2023-04-02,25000,25000,3.311,livrée
CMD-2023-00396,DL-CA-011,F02,2023-03-07,2023-04-07,2023-04-06,48500,48500,4.488,livrée
CMD-2023-00397,DL-SO-005,F04,2023-03-07,2023-04-12,2023-04-14,54500,54500,2.609,livrée
CMD-2023-00398,DL-HY-004,F04,2023-03-07,2023-04-09,2023-04-11,73500,73500,4.022,livrée
CMD-2023-00399,DL-CA-011,F02,2023-03-07,2023-04-04,2023-04-05,19500,19500,4.373,livrée
CMD-2023-00400,DL-SV-001,F06,2023-03-08,2023-04-24,2023-04-26,61000,61000,3.112,livrée
CMD-2023-00401,DL-DE-001,F03,2023-03-08,2023-04-05,2023-03-31,15500,15500,4.557,livrée
CMD-2023-00402,DL-DE-001,F03,2023-03-08,2023-04-04,2023-04-01,37000,37000,4.252,livrée
CMD-2023-00403,DL-SV-001,F01,2023-03-08,2023-04-04,2023-03-30,42500,37000,2.922,livrée
CMD-2023-00404,DL-SO-009,F08,2023-03-08,2023-04-13,2023-04-15,25500,25500,2.911,livrée
CMD-2023-00405,DL-CA-012,F03,2023-03-08,2023-03-30,2023-03-30,49000,49000,4.172,livrée
CMD-2023-00406,DL-HY-008,F02,2023-03-09,2023-04-07,2023-04-04,53500,53500,1.517,livrée
CMD-2023-00407,DL-HY-001,F03,2023-03-09,2023-04-05,2023-04-03,31500,31500,3.268,livrée
CMD-2023-00408,DL-SV-007,F08,2023-03-09,2023-04-16,2023-04-15,47000,47000,4.141,livrée
CMD-2023-00409,DL-SV-001,F01,2023-03-09,2023-04-09,2023-04-04,55500,55500,3.012,livrée
CMD-2023-00410,DL-HY-001,F03,2023-03-09,2023-04-04,2023-04-06,22000,22000,3.089,livrée
CMD-2023-00411,DL-CA-011,F02,2023-03-09,2023-04-06,2023-04-06,72500,72500,4.204,livrée
CMD-2023-00412,DL-DE-001,F03,2023-03-09,2023-04-02,2023-04-01,76500,76500,4.488,livrée
CMD-2023-00413,DL-SV-010,F04,2023-03-10,2023-04-12,2023-04-10,43500,41000,3.026,livrée
CMD-2023-00414,DL-DE-002,F07,2023-03-10,2023-04-24,2023-04-23,42000,42000,3.656,livrée
CMD-2023-00415,DL-DE-007,F07,2023-03-10,2023-04-19,2023-04-20,52000,52000,1.889,livrée
CMD-2023-00416,DL-SO-008,F01,2023-03-10,2023-04-04,2023-04-01,23500,23500,4.449,livrée
CMD-2023-00417,DL-CA-006,F03,2023-03-10,2023-04-03,2023-04-05,50000,50000,2.698,livrée
CMD-2023-00418,DL-SV-003,F03,2023-03-10,2023-04-04,2023-03-31,72000,72000,5.239,livrée
CMD-2023-00419,DL-CA-004,F03,2023-03-10,2023-04-02,2023-03-29,18000,18000,2.986,livrée
CMD-2023-00420,DL-SO-005,F04,2023-03-10,2023-04-15,2023-04-17,24000,24000,2.59,livrée
CMD-2023-00421,DL-HY-001,F03,2023-03-10,2023-04-03,2023-03-31,20000,17400,3.324,livrée
CMD-2023-00422,DL-HY-002,F08,2023-03-13,2023-04-17,2023-04-14,88500,88500,2.184,livrée
CMD-2023-00423,DL-SO-009,F08,2023-03-13,2023-04-23,2023-04-20,147000,147000,3.228,livrée
CMD-2023-00424,DL-CA-012,F03,2023-03-13,2023-04-04,2023-04-01,34500,33100,4.012,livrée
CMD-2023-00425,DL-DE-009,F04,2023-03-13,2023-04-20,2023-04-17,10500,10500,3.923,livrée
CMD-2023-00426,DL-CA-004,F03,2023-03-13,2023-04-09,2023-04-15,34000,34000,3.0,livrée
CMD-2023-00427,DL-DE-007,F07,2023-03-13,2023-04-22,2023-05-07,50500,50500,1.754,livrée
CMD-2023-00428,DL-SV-012,F07,2023-03-13,2023-04-24,2023-04-19,35000,35000,3.946,livrée
CMD-2023-00429,DL-SV-010,F04,2023-03-14,2023-04-15,2023-04-13,35500,35500,2.787,livrée
CMD-2023-00430,DL-SO-003,F07,2023-03-14,2023-04-26,2023-04-22,27500,27500,3.432,livrée
CMD-2023-00431,DL-DE-001,F03,2023-03-14,2023-04-08,2023-04-03,24000,24000,4.35,livrée
CMD-2023-00432,DL-SV-006,F03,2023-03-14,2023-04-10,2023-04-08,44000,44000,3.147,livrée
CMD-2023-00433,DL-HY-001,F03,2023-03-14,2023-04-11,2023-04-06,32500,32500,3.385,livrée
CMD-2023-00434,DL-HY-002,F08,2023-03-14,2023-04-24,2023-04-21,38000,38000,2.129,livrée
CMD-2023-00435,DL-SV-001,F01,2023-03-14,2023-04-14,2023-04-16,78000,78000,3.075,livrée
CMD-2023-00436,DL-CA-011,F02,2023-03-14,2023-04-13,2023-04-12,65000,65000,4.523,livrée
CMD-2023-00437,DL-CA-005,F03,2023-03-14,2023-04-10,2023-04-06,38500,38500,2.88,livrée
CMD-2023-00438,DL-HY-004,F03,2023-03-15,2023-04-08,2023-04-10,89500,89500,4.074,livrée
CMD-2023-00439,DL-SO-008,F07,2023-03-15,2023-04-26,2023-04-24,13000,13000,4.544,livrée
CMD-2023-00440,DL-CA-004,F03,2023-03-15,2023-04-11,2023-04-13,16000,16000,3.219,livrée
CMD-2023-00441,DL-HY-004,F04,2023-03-15,2023-04-20,2023-04-17,49500,49500,3.699,livrée
CMD-2023-00442,DL-SV-003,F03,2023-03-15,2023-04-09,2023-04-11,14500,14500,5.205,livrée
CMD-2023-00443,DL-SO-003,F07,2023-03-15,2023-04-24,2023-05-03,31000,31000,3.243,livrée
CMD-2023-00444,DL-DE-002,F07,2023-03-15,2023-04-29,2023-05-07,13000,13000,3.471,livrée
CMD-2023-00445,DL-CA-011,F02,2023-03-15,2023-04-15,2023-04-13,11000,11000,4.374,livrée
CMD-2023-00446,DL-CA-012,F03,2023-03-15,2023-04-07,2023-04-02,19500,19500,4.198,livrée
CMD-2023-00447,DL-DE-007,F07,2023-03-16,2023-04-30,2023-04-28,47500,47500,1.816,livrée
CMD-2023-00448,DL-CA-003,F04,2023-03-16,2023-04-21,2023-04-20,150000,150000,2.447,livrée
CMD-2023-00449,DL-DE-002,F07,2023-03-16,2023-04-30,2023-05-02,21000,21000,3.325,livrée
CMD-2023-00450,DL-HY-009,F08,2023-03-16,2023-04-21,2023-04-21,45500,45500,2.436,livrée
CMD-2023-00451,DL-SV-012,F07,2023-03-17,2023-04-30,2023-04-25,26000,26000,3.936,livrée
CMD-2023-00452,DL-HY-002,F08,2023-03-17,2023-04-22,2023-04-17,46500,46500,2.139,livrée
CMD-2023-00453,DL-BB-003,F05,2023-03-17,2023-04-23,2023-04-24,40500,40500,4.383,livrée
CMD-2023-00454,DL-HY-006,F03,2023-03-17,2023-04-14,2023-04-13,26500,26500,1.906,livrée
CMD-2023-00455,DL-DE-001,F03,2023-03-17,2023-04-09,2023-04-06,49000,49000,4.28,livrée
CMD-2023-00456,DL-SV-012,F07,2023-03-17,2023-04-26,2023-04-26,86000,86000,4.134,livrée
CMD-2023-00457,DL-CA-002,F01,2023-03-17,2023-04-17,2023-04-16,23500,23500,3.82,livrée
CMD-2023-00458,DL-HY-001,F03,2023-03-17,2023-04-13,2023-04-15,11500,11500,3.171,livrée
CMD-2023-00459,DL-CA-004,F03,2023-03-17,2023-04-14,2023-04-15,55500,55500,2.916,livrée
CMD-2023-00460,DL-CA-006,F03,2023-03-20,2023-04-15,2023-04-15,58000,58000,2.978,livrée
CMD-2023-00461,DL-SV-010,F04,2023-03-20,2023-04-22,2023-04-22,101000,101000,2.785,livrée
CMD-2023-00462,DL-SV-010,F04,2023-03-20,2023-04-27,2023-04-27,78000,78000,3.067,livrée
CMD-2023-00463,DL-DE-004,F08,2023-03-20,2023-04-29,2023-04-27,39000,39000,5.152,livrée
CMD-2023-00464,DL-CA-011,F02,2023-03-20,2023-04-18,2023-04-19,40000,40000,4.309,livrée
CMD-2023-00465,DL-SV-001,F01,2023-03-20,2023-04-20,2023-04-20,15500,15500,2.981,livrée
CMD-2023-00466,DL-SO-004,F06,2023-03-20,2023-05-04,2023-04-29,102000,102000,2.737,livrée
CMD-2023-00467,DL-BB-005,F04,2023-03-21,2023-04-28,2023-05-04,100000,100000,4.943,livrée
CMD-2023-00468,DL-BB-002,F01,2023-03-21,2023-04-16,2023-04-12,79000,79000,3.232,livrée
CMD-2023-00469,DL-SO-008,F07,2023-03-21,2023-05-01,2023-04-27,71500,71500,4.894,livrée
CMD-2023-00470,DL-SV-010,F04,2023-03-21,2023-04-27,2023-04-28,18000,18000,2.921,livrée
CMD-2023-00471,DL-SV-001,F01,2023-03-22,2023-04-22,2023-04-20,57000,57000,3.002,livrée
CMD-2023-00472,DL-BB-003,F05,2023-03-22,2023-05-01,2023-04-29,62000,62000,4.42,livrée
CMD-2023-00473,DL-BB-004,F01,2023-03-22,2023-04-17,2023-04-13,84000,84000,3.701,livrée
CMD-2023-00474,DL-SV-006,F03,2023-03-22,2023-04-17,2023-04-12,46500,46500,2.998,livrée
CMD-2023-00475,DL-HY-005,F02,2023-03-22,2023-04-21,2023-04-20,86500,86500,3.018,livrée
CMD-2023-00476,DL-CA-011,F02,2023-03-22,2023-04-21,2023-04-21,27000,27000,4.163,livrée
CMD-2023-00477,DL-HY-003,F06,2023-03-22,2023-05-06,2023-05-07,18500,18500,5.471,livrée
CMD-2023-00478,DL-CA-003,F02,2023-03-22,2023-04-24,2023-04-24,34500,34500,2.415,livrée
CMD-2023-00479,DL-SV-001,F01,2023-03-22,2023-04-22,2023-04-17,64500,64500,2.936,livrée
CMD-2023-00480,DL-CA-004,F03,2023-03-23,2023-04-16,2023-04-17,16000,16000,3.2,livrée
CMD-2023-00481,DL-DE-008,F06,2023-03-23,2023-05-10,2023-05-11,31500,31500,3.362,livrée
CMD-2023-00482,DL-HY-001,F03,2023-03-23,2023-04-17,2023-04-12,46500,46500,3.289,livrée
CMD-2023-00483,DL-DE-002,F07,2023-03-23,2023-05-02,2023-04-28,75500,75500,3.302,livrée
CMD-2023-00484,DL-DE-006,F05,2023-03-23,2023-05-03,2023-05-02,49000,49000,2.032,livrée
CMD-2023-00485,DL-DE-001,F03,2023-03-23,2023-04-19,2023-04-14,38500,38500,4.48,livrée
CMD-2023-00486,DL-HY-005,F02,2023-03-23,2023-04-20,2023-04-20,34000,34000,3.142,livrée
CMD-2023-00487,DL-BB-004,F01,2023-03-23,2023-04-22,2023-04-17,27500,27500,3.787,livrée
CMD-2023-00488,DL-SV-001,F01,2023-03-23,2023-04-20,2023-04-21,17500,17500,2.928,livrée
CMD-2023-00489,DL-SV-011,F03,2023-03-24,2023-04-20,2023-04-22,21000,21000,2.926,livrée
CMD-2023-00490,DL-SV-010,F04,2023-03-24,2023-04-25,2023-04-20,84500,84500,3.057,livrée
CMD-2023-00491,DL-DE-001,F03,2023-03-24,2023-04-16,2023-04-18,11000,11000,4.386,livrée
CMD-2023-00492,DL-HY-007,F02,2023-03-24,2023-04-26,2023-04-21,17000,17000,2.762,livrée
CMD-2023-00493,DL-HY-008,F02,2023-03-24,2023-04-21,2023-04-22,28000,28000,1.475,livrée
CMD-2023-00494,DL-CA-006,F03,2023-03-24,2023-04-17,2023-04-17,39500,39500,2.931,livrée
CMD-2023-00495,DL-SV-014,F04,2023-03-24,2023-04-30,2023-05-12,39500,39500,3.927,livrée
CMD-2023-00496,DL-HY-004,F04,2023-03-24,2023-04-30,2023-04-29,72500,72500,3.812,livrée
CMD-2023-00497,DL-DE-004,F08,2023-03-27,2023-05-03,2023-05-04,58500,58500,5.295,livrée
CMD-2023-00498,DL-CA-011,F02,2023-03-27,2023-04-25,2023-04-21,35500,35500,4.303,livrée
CMD-2023-00499,DL-CA-011,F02,2023-03-27,2023-04-25,2023-04-23,13000,13000,4.301,livrée
CMD-2023-00500,DL-CA-004,F03,2023-03-27,2023-04-21,2023-04-16,60500,60500,3.179,livrée
CMD-2023-00501,DL-SO-008,F07,2023-03-27,2023-05-10,2023-05-09,18000,18000,5.005,livrée
CMD-2023-00502,DL-SO-009,F08,2023-03-27,2023-05-04,2023-05-02,69000,69000,3.161,livrée
CMD-2023-00503,DL-SV-001,F06,2023-03-27,2023-05-13,2023-05-10,114500,114500,2.934,livrée
CMD-2023-00504,DL-SO-008,F07,2023-03-27,2023-05-11,2023-05-19,40500,40500,4.442,livrée
CMD-2023-00505,DL-HY-001,F03,2023-03-27,2023-04-19,2023-04-15,74500,74500,3.298,livrée
CMD-2023-00506,DL-SV-012,F07,2023-03-27,2023-05-09,2023-05-10,44000,44000,4.211,livrée
CMD-2023-00507,DL-SO-005,F04,2023-03-28,2023-05-04,2023-04-29,79500,79500,2.737,livrée
CMD-2023-00508,DL-DE-002,F07,2023-03-28,2023-05-06,2023-05-13,34000,34000,3.627,livrée
CMD-2023-00509,DL-DE-002,F07,2023-03-28,2023-05-07,2023-05-03,30500,30500,3.299,livrée
CMD-2023-00510,DL-CA-011,F02,2023-03-28,2023-04-30,2023-04-28,20500,20500,4.587,livrée
CMD-2023-00511,DL-BB-005,F04,2023-03-28,2023-04-30,2023-05-02,139000,139000,5.133,livrée
CMD-2023-00512,DL-HY-001,F03,2023-03-28,2023-04-20,2023-04-22,33000,33000,3.266,livrée
CMD-2023-00513,DL-HY-004,F04,2023-03-28,2023-05-02,2023-05-06,87500,87500,3.829,livrée
CMD-2023-00514,DL-BB-005,F04,2023-03-28,2023-05-02,2023-04-27,21000,21000,4.887,livrée
CMD-2023-00515,DL-HY-004,F04,2023-03-29,2023-05-01,2023-05-02,55000,55000,3.682,livrée
CMD-2023-00516,DL-SV-008,F04,2023-03-29,2023-04-30,2023-05-01,41000,35700,3.256,livrée
CMD-2023-00517,DL-HY-004,F04,2023-03-29,2023-05-06,2023-05-17,31000,31000,3.856,livrée
CMD-2023-00518,DL-SV-001,F01,2023-03-29,2023-04-25,2023-04-25,38500,38500,2.832,livrée
CMD-2023-00519,DL-BB-003,F05,2023-03-30,2023-05-09,2023-05-11,84500,84500,4.241,livrée
CMD-2023-00520,DL-DE-004,F08,2023-03-30,2023-05-10,2023-05-09,18000,18000,5.435,livrée
CMD-2023-00521,DL-CA-004,F03,2023-03-30,2023-04-21,2023-04-22,64500,64500,2.99,livrée
CMD-2023-00522,DL-SV-006,F05,2023-03-30,2023-05-10,2023-05-05,60500,60500,2.903,livrée
CMD-2023-00523,DL-DE-005,F03,2023-03-30,2023-04-23,2023-04-25,42000,42000,2.767,livrée
CMD-2023-00524,DL-HY-001,F03,2023-03-30,2023-04-25,2023-04-21,150000,150000,3.057,livrée
CMD-2023-00525,DL-SV-006,F03,2023-03-30,2023-04-21,2023-04-17,135000,135000,3.017,livrée
CMD-2023-00526,DL-SV-011,F03,2023-03-30,2023-04-21,2023-04-20,36500,36500,2.974,livrée
CMD-2023-00527,DL-CA-009,F03,2023-03-31,2023-04-26,2023-04-26,50000,50000,2.574,livrée
CMD-2023-00528,DL-SV-008,F04,2023-03-31,2023-05-03,2023-05-03,57500,57500,2.964,livrée
CMD-2023-00529,DL-SV-007,F08,2023-03-31,2023-05-09,2023-05-04,39500,39500,4.118,livrée
CMD-2023-00530,DL-SV-001,F01,2023-03-31,2023-04-29,2023-04-29,33500,33500,2.942,livrée
CMD-2023-00531,DL-SO-007,F08,2023-03-31,2023-05-11,2023-05-10,50500,50500,5.074,livrée
CMD-2023-00532,DL-SV-006,F03,2023-03-31,2023-04-23,2023-04-25,48000,48000,2.998,livrée
CMD-2023-00533,DL-DE-008,F06,2023-03-31,2023-05-12,2023-05-09,49500,49500,3.204,livrée
CMD-2023-00534,DL-SV-010,F04,2023-03-31,2023-05-06,2023-05-06,28500,24900,3.065,livrée
CMD-2023-00535,DL-CA-011,F02,2023-03-31,2023-04-27,2023-04-22,102500,102500,4.216,livrée
CMD-2023-00536,DL-BB-001,F02,2023-03-31,2023-04-28,2023-04-27,21500,21500,3.966,livrée
CMD-2023-00537,DL-DE-004,F08,2023-03-31,2023-05-07,2023-05-07,46000,46000,5.48,livrée
CMD-2023-00538,DL-HY-004,F04,2023-04-03,2023-05-06,2023-05-06,37500,37500,4.023,livrée
CMD-2023-00539,DL-SV-010,F04,2023-04-03,2023-05-05,2023-05-05,23500,23500,2.773,livrée
CMD-2023-00540,DL-SO-005,F04,2023-04-03,2023-05-05,2023-05-01,18500,18500,2.612,livrée
CMD-2023-00541,DL-CA-008,F05,2023-04-03,2023-05-11,2023-05-11,34000,34000,1.504,livrée
CMD-2023-00542,DL-CA-004,F03,2023-04-03,2023-04-27,2023-05-03,17500,17500,2.984,livrée
CMD-2023-00543,DL-SO-009,F08,2023-04-03,2023-05-10,2023-05-09,71500,71500,2.954,livrée
CMD-2023-00544,DL-DE-008,F06,2023-04-04,2023-05-19,2023-05-16,32500,32500,3.189,livrée
CMD-2023-00545,DL-SV-001,F01,2023-04-04,2023-05-05,2023-05-01,150000,142300,2.835,livrée
CMD-2023-00546,DL-HY-001,F03,2023-04-04,2023-05-02,2023-04-28,18500,18500,3.245,livrée
CMD-2023-00547,DL-SO-005,F04,2023-04-04,2023-05-08,2023-05-07,36500,36500,2.568,livrée
CMD-2023-00548,DL-SO-005,F04,2023-04-04,2023-05-06,2023-05-08,140500,140500,2.593,livrée
CMD-2023-00549,DL-DE-004,F08,2023-04-04,2023-05-14,2023-05-09,19000,19000,5.487,livrée
CMD-2023-00550,DL-DE-001,F03,2023-04-04,2023-04-29,2023-04-24,40500,40500,4.546,livrée
CMD-2023-00551,DL-BB-006,F07,2023-04-05,2023-05-18,2023-05-20,19000,19000,4.215,livrée
CMD-2023-00552,DL-SV-001,F06,2023-04-05,2023-05-22,2023-05-24,25000,25000,3.0,livrée
CMD-2023-00553,DL-DE-001,F03,2023-04-05,2023-05-01,2023-04-28,30500,30500,4.376,livrée
CMD-2023-00554,DL-SV-001,F01,2023-04-05,2023-05-06,2023-05-03,111000,111000,2.819,livrée
CMD-2023-00555,DL-SV-010,F04,2023-04-06,2023-05-09,2023-05-16,29000,29000,2.98,livrée
CMD-2023-00556,DL-SV-001,F01,2023-04-06,2023-05-02,2023-04-30,59000,59000,2.905,livrée
CMD-2023-00557,DL-BB-005,F04,2023-04-06,2023-05-09,2023-05-11,29000,29000,5.248,livrée
CMD-2023-00558,DL-DE-001,F03,2023-04-07,2023-05-04,2023-04-29,15000,15000,4.564,livrée
CMD-2023-00559,DL-BB-004,F01,2023-04-07,2023-05-05,2023-04-30,46000,46000,3.983,livrée
CMD-2023-00560,DL-SO-005,F04,2023-04-07,2023-05-09,2023-05-05,142000,142000,2.704,livrée
CMD-2023-00561,DL-SV-001,F01,2023-04-07,2023-05-06,2023-05-03,36000,36000,2.852,livrée
CMD-2023-00562,DL-BB-003,F05,2023-04-07,2023-05-14,2023-05-14,30500,30500,4.509,livrée
CMD-2023-00563,DL-SV-011,F07,2023-04-07,2023-05-19,2023-05-20,40500,40500,3.02,livrée
CMD-2023-00564,DL-SV-011,F03,2023-04-07,2023-05-03,2023-05-03,31500,31500,3.06,livrée
CMD-2023-00565,DL-SV-002,F05,2023-04-07,2023-05-15,2023-05-16,96500,96500,4.189,livrée
CMD-2023-00566,DL-SV-006,F03,2023-04-07,2023-05-02,2023-04-28,150000,150000,2.936,livrée
CMD-2023-00567,DL-SV-014,F04,2023-04-07,2023-05-11,2023-05-09,63500,63500,4.278,livrée
CMD-2023-00568,DL-BB-003,F05,2023-04-10,2023-05-19,2023-05-16,49000,49000,4.55,livrée
CMD-2023-00569,DL-HY-004,F04,2023-04-10,2023-05-14,2023-05-10,35500,35500,3.697,livrée
CMD-2023-00570,DL-SV-010,F04,2023-04-10,2023-05-16,2023-05-12,25000,23600,3.024,livrée
CMD-2023-00571,DL-SV-001,F01,2023-04-10,2023-05-09,2023-05-10,40500,40500,2.879,livrée
CMD-2023-00572,DL-CA-004,F03,2023-04-10,2023-05-02,2023-05-03,47500,47500,3.011,livrée
CMD-2023-00573,DL-CA-012,F03,2023-04-10,2023-05-02,2023-04-30,26000,26000,3.89,livrée
CMD-2023-00574,DL-CA-011,F02,2023-04-10,2023-05-09,2023-05-04,76500,66600,4.288,livrée
CMD-2023-00575,DL-HY-004,F04,2023-04-10,2023-05-15,2023-05-13,36000,36000,3.93,livrée
CMD-2023-00576,DL-SV-002,F05,2023-04-11,2023-05-20,2023-05-19,64500,64500,4.184,livrée
CMD-2023-00577,DL-CA-008,F05,2023-04-11,2023-05-21,2023-05-22,63000,63000,1.631,livrée
CMD-2023-00578,DL-SV-005,F06,2023-04-11,2023-05-24,2023-05-20,17500,17500,3.461,livrée
CMD-2023-00579,DL-SO-001,F02,2023-04-11,2023-05-09,2023-05-06,46500,46500,4.063,livrée
CMD-2023-00580,DL-SV-001,F01,2023-04-12,2023-05-12,2023-05-09,101000,101000,2.839,livrée
CMD-2023-00581,DL-SO-005,F04,2023-04-12,2023-05-16,2023-05-14,31000,28700,2.815,livrée
CMD-2023-00582,DL-DE-007,F07,2023-04-12,2023-05-26,2023-05-23,75000,75000,1.764,livrée
CMD-2023-00583,DL-CA-004,F03,2023-04-12,2023-05-04,2023-05-02,146000,146000,2.909,livrée
CMD-2023-00584,DL-SO-007,F08,2023-04-12,2023-05-19,2023-05-17,26000,26000,5.146,livrée
CMD-2023-00585,DL-HY-005,F08,2023-04-12,2023-05-17,2023-05-16,29000,29000,3.028,livrée
CMD-2023-00586,DL-SO-005,F04,2023-04-13,2023-05-21,2023-05-16,59500,59500,2.711,livrée
CMD-2023-00587,DL-SO-005,F04,2023-04-13,2023-05-17,2023-05-27,74000,74000,2.59,livrée
CMD-2023-00588,DL-SV-010,F04,2023-04-13,2023-05-16,2023-05-15,28000,28000,2.947,livrée
CMD-2023-00589,DL-SV-007,F03,2023-04-13,2023-05-07,2023-05-04,71000,71000,4.202,livrée
CMD-2023-00590,DL-CA-006,F03,2023-04-13,2023-05-05,2023-05-03,40000,40000,2.805,livrée
CMD-2023-00591,DL-SV-012,F07,2023-04-13,2023-05-25,2023-05-22,38000,38000,3.78,livrée
CMD-2023-00592,DL-SV-006,F05,2023-04-13,2023-05-25,2023-05-27,44500,44500,3.135,livrée
CMD-2023-00593,DL-CA-002,F06,2023-04-14,2023-05-27,2023-05-28,150000,150000,3.702,livrée
CMD-2023-00594,DL-SV-006,F05,2023-04-14,2023-05-23,2023-05-19,16000,16000,3.178,livrée
CMD-2023-00595,DL-DE-001,F03,2023-04-14,2023-05-11,2023-05-13,52000,52000,4.642,livrée
CMD-2023-00596,DL-HY-007,F02,2023-04-14,2023-05-17,2023-05-12,38000,38000,3.012,livrée
CMD-2023-00597,DL-SV-006,F03,2023-04-14,2023-05-10,2023-05-10,68000,68000,3.11,livrée
CMD-2023-00598,DL-BB-006,F07,2023-04-14,2023-05-28,2023-05-30,32000,32000,3.983,livrée
CMD-2023-00599,DL-DE-007,F07,2023-04-14,2023-05-29,2023-05-24,17000,17000,1.913,livrée
CMD-2023-00600,DL-SV-006,F03,2023-04-14,2023-05-12,2023-05-10,24000,24000,3.058,livrée
CMD-2023-00601,DL-CA-011,F02,2023-04-14,2023-05-14,2023-05-09,33500,33500,4.282,livrée
CMD-2023-00602,DL-CA-004,F03,2023-04-14,2023-05-10,2023-05-11,114000,114000,3.176,livrée
CMD-2023-00603,DL-HY-001,F03,2023-04-14,2023-05-07,2023-05-07,35500,35500,3.274,livrée
CMD-2023-00604,DL-CA-011,F02,2023-04-17,2023-05-18,2023-05-19,76500,67500,4.375,livrée
CMD-2023-00605,DL-BB-004,F07,2023-04-17,2023-05-27,2023-05-23,106500,106500,3.708,livrée
CMD-2023-00606,DL-DE-006,F05,2023-04-17,2023-05-26,2023-05-28,53500,53500,2.012,livrée
CMD-2023-00607,DL-SV-011,F03,2023-04-18,2023-05-16,2023-05-15,42000,42000,2.888,livrée
CMD-2023-00608,DL-HY-005,F02,2023-04-18,2023-05-19,2023-05-21,39000,39000,3.266,livrée
CMD-2023-00609,DL-BB-003,F05,2023-04-18,2023-05-25,2023-06-02,31500,31500,4.265,livrée
CMD-2023-00610,DL-SO-005,F04,2023-04-18,2023-05-23,2023-05-20,39000,39000,2.714,livrée
CMD-2023-00611,DL-SV-006,F05,2023-04-19,2023-05-31,2023-06-01,26500,26500,3.106,livrée
CMD-2023-00612,DL-HY-004,F03,2023-04-19,2023-05-17,2023-05-15,108000,108000,4.074,livrée
CMD-2023-00613,DL-SV-002,F05,2023-04-19,2023-06-01,2023-05-31,98000,98000,4.146,livrée
CMD-2023-00614,DL-SV-006,F03,2023-04-19,2023-05-16,2023-05-13,81000,81000,3.148,livrée
CMD-2023-00615,DL-SO-002,F03,2023-04-19,2023-05-13,2023-05-08,54500,54500,2.741,livrée
CMD-2023-00616,DL-SO-008,F07,2023-04-20,2023-06-04,2023-06-06,51500,51500,4.605,livrée
CMD-2023-00617,DL-CA-005,F03,2023-04-20,2023-05-17,2023-05-15,78500,78500,2.91,livrée
CMD-2023-00618,DL-SV-008,F04,2023-04-20,2023-05-26,2023-05-24,30000,30000,2.895,livrée
CMD-2023-00619,DL-DE-008,F06,2023-04-21,2023-06-05,2023-05-31,78000,78000,3.098,livrée
CMD-2023-00620,DL-HY-004,F03,2023-04-21,2023-05-14,2023-05-14,19500,19500,4.079,livrée
CMD-2023-00621,DL-SV-002,F05,2023-04-21,2023-06-03,2023-05-29,23500,23500,4.063,livrée
CMD-2023-00622,DL-DE-008,F06,2023-04-21,2023-06-05,2023-06-05,94500,94500,3.329,livrée
CMD-2023-00623,DL-DE-003,F03,2023-04-21,2023-05-13,2023-05-08,56000,56000,3.997,livrée
CMD-2023-00624,DL-CA-005,F03,2023-04-21,2023-05-17,2023-05-14,73000,64200,2.606,livrée
CMD-2023-00625,DL-BB-005,F04,2023-04-21,2023-05-25,2023-05-24,70500,70500,4.988,livrée
CMD-2023-00626,DL-HY-004,F03,2023-04-21,2023-05-19,2023-05-15,25000,25000,3.808,livrée
CMD-2023-00627,DL-SO-005,F04,2023-04-24,2023-05-27,2023-05-26,27000,27000,2.679,livrée
CMD-2023-00628,DL-BB-001,F02,2023-04-24,2023-05-25,2023-05-21,99000,99000,4.065,livrée
CMD-2023-00629,DL-CA-008,F05,2023-04-24,2023-05-31,2023-05-30,32000,32000,1.607,livrée
CMD-2023-00630,DL-DE-001,F03,2023-04-24,2023-05-21,2023-05-18,46000,46000,4.387,livrée
CMD-2023-00631,DL-HY-001,F03,2023-04-24,2023-05-17,2023-05-16,33000,33000,3.384,livrée
CMD-2023-00632,DL-SV-006,F03,2023-04-24,2023-05-20,2023-05-17,33000,33000,2.96,livrée
CMD-2023-00633,DL-HY-004,F04,2023-04-24,2023-05-27,2023-05-22,17000,17000,3.655,livrée
CMD-2023-00634,DL-SV-010,F04,2023-04-24,2023-05-29,2023-05-30,80000,80000,3.008,livrée
CMD-2023-00635,DL-CA-007,F08,2023-04-24,2023-05-31,2023-05-28,29500,29500,3.755,livrée
CMD-2023-00636,DL-BB-005,F04,2023-04-25,2023-05-29,2023-05-30,17500,17500,5.153,livrée
CMD-2023-00637,DL-HY-008,F03,2023-04-25,2023-05-23,2023-05-19,150000,150000,1.548,livrée
CMD-2023-00638,DL-SV-014,F04,2023-04-25,2023-06-02,2023-05-30,52000,52000,4.018,livrée
CMD-2023-00639,DL-SO-009,F08,2023-04-25,2023-06-04,2023-06-03,17000,17000,3.059,livrée
CMD-2023-00640,DL-HY-005,F02,2023-04-25,2023-05-22,2023-05-31,80500,80500,3.08,livrée
CMD-2023-00641,DL-SO-001,F02,2023-04-25,2023-05-22,2023-05-19,24500,24500,4.402,livrée
CMD-2023-00642,DL-BB-005,F04,2023-04-25,2023-05-29,2023-05-26,46000,46000,4.671,livrée
CMD-2023-00643,DL-BB-004,F07,2023-04-25,2023-06-08,2023-06-05,17000,17000,4.072,livrée
CMD-2023-00644,DL-DE-006,F05,2023-04-25,2023-06-04,2023-06-01,18000,18000,2.074,livrée
CMD-2023-00645,DL-SV-012,F07,2023-04-26,2023-06-08,2023-06-15,30000,30000,3.792,livrée
CMD-2023-00646,DL-BB-005,F04,2023-04-26,2023-06-03,2023-06-01,66000,62100,5.07,livrée
CMD-2023-00647,DL-HY-004,F04,2023-04-26,2023-05-28,2023-05-29,30000,30000,3.97,livrée
CMD-2023-00648,DL-SV-007,F03,2023-04-26,2023-05-19,2023-05-17,150000,150000,3.901,livrée
CMD-2023-00649,DL-SV-001,F01,2023-04-26,2023-05-25,2023-05-21,64000,64000,2.958,livrée
CMD-2023-00650,DL-SV-001,F01,2023-04-26,2023-05-24,2023-05-25,31000,31000,2.899,livrée
CMD-2023-00651,DL-HY-002,F08,2023-04-26,2023-06-01,2023-05-28,135500,135500,2.325,livrée
CMD-2023-00652,DL-HY-001,F03,2023-04-26,2023-05-24,2023-05-20,22500,22500,3.136,livrée
CMD-2023-00653,DL-SV-014,F04,2023-04-26,2023-05-30,2023-05-25,16500,16500,4.109,livrée
CMD-2023-00654,DL-HY-001,F03,2023-04-26,2023-05-21,2023-05-20,21000,21000,3.182,livrée
CMD-2023-00655,DL-SV-001,F06,2023-04-27,2023-06-11,2023-06-06,41000,41000,3.067,livrée
CMD-2023-00656,DL-CA-011,F02,2023-04-27,2023-05-26,2023-05-28,47000,47000,4.124,livrée
CMD-2023-00657,DL-SV-015,F05,2023-04-27,2023-06-08,2023-06-08,93500,93500,3.3,livrée
CMD-2023-00658,DL-SO-005,F04,2023-04-27,2023-05-31,2023-05-28,26500,26500,2.767,livrée
CMD-2023-00659,DL-DE-008,F06,2023-04-27,2023-06-09,2023-06-07,71500,71500,3.469,livrée
CMD-2023-00660,DL-HY-002,F08,2023-04-27,2023-06-07,2023-06-02,27000,27000,2.378,livrée
CMD-2023-00661,DL-SO-007,F08,2023-04-27,2023-06-01,2023-05-31,29500,29500,5.392,livrée
CMD-2023-00662,DL-SV-001,F01,2023-04-27,2023-05-25,2023-05-22,80000,80000,3.009,livrée
CMD-2023-00663,DL-HY-002,F08,2023-04-27,2023-06-07,2023-06-05,31000,31000,2.171,livrée
CMD-2023-00664,DL-SV-006,F03,2023-04-28,2023-05-20,2023-05-17,46000,46000,2.936,livrée
CMD-2023-00665,DL-CA-004,F03,2023-04-28,2023-05-23,2023-05-23,50500,50500,3.149,livrée
CMD-2023-00666,DL-SV-008,F04,2023-04-28,2023-05-31,2023-05-26,24000,24000,3.025,livrée
CMD-2023-00667,DL-DE-002,F07,2023-04-28,2023-06-08,2023-06-10,51500,51500,3.29,livrée
CMD-2023-00668,DL-BB-001,F02,2023-04-28,2023-05-28,2023-05-29,63000,63000,3.947,livrée
CMD-2023-00669,DL-SO-005,F04,2023-04-28,2023-06-04,2023-05-31,39500,39500,2.831,livrée
CMD-2023-00670,DL-HY-002,F08,2023-04-28,2023-06-03,2023-05-30,18500,18500,2.286,livrée
CMD-2023-00671,DL-CA-004,F03,2023-04-28,2023-05-25,2023-05-21,49500,49500,3.075,livrée
CMD-2023-00672,DL-DE-004,F08,2023-04-28,2023-06-07,2023-06-08,29000,29000,5.164,livrée
CMD-2023-00673,DL-CA-012,F03,2023-04-28,2023-05-24,2023-05-19,60500,60500,4.281,livrée
CMD-2023-00674,DL-CA-003,F04,2023-05-01,2023-06-05,2023-05-31,26000,26000,2.508,livrée
CMD-2023-00675,DL-SV-014,F04,2023-05-01,2023-06-05,2023-05-31,48500,48500,4.278,livrée
CMD-2023-00676,DL-SV-013,F02,2023-05-01,2023-06-03,2023-06-02,42000,42000,3.035,livrée
CMD-2023-00677,DL-SO-007,F08,2023-05-01,2023-06-10,2023-06-10,150000,150000,5.484,livrée
CMD-2023-00678,DL-CA-004,F03,2023-05-01,2023-05-29,2023-05-31,143500,143500,3.204,livrée
CMD-2023-00679,DL-BB-005,F04,2023-05-01,2023-06-03,2023-05-31,41000,41000,5.129,livrée
CMD-2023-00680,DL-SV-005,F06,2023-05-01,2023-06-16,2023-06-18,48500,48500,3.259,livrée
CMD-2023-00681,DL-CA-003,F02,2023-05-01,2023-05-30,2023-05-25,31000,31000,2.456,livrée
CMD-2023-00682,DL-HY-006,F03,2023-05-01,2023-05-27,2023-05-29,41000,41000,1.937,livrée
CMD-2023-00683,DL-CA-004,F03,2023-05-01,2023-05-24,2023-05-23,37500,37500,2.845,livrée
CMD-2023-00684,DL-SV-001,F01,2023-05-02,2023-05-30,2023-05-25,26000,26000,3.102,livrée
CMD-2023-00685,DL-SV-013,F02,2023-05-02,2023-05-29,2023-05-31,21500,21500,2.818,livrée
CMD-2023-00686,DL-SV-007,F08,2023-05-02,2023-06-06,2023-06-04,12000,12000,4.001,livrée
CMD-2023-00687,DL-SO-003,F04,2023-05-02,2023-06-03,2023-05-31,146500,146500,3.607,livrée
CMD-2023-00688,DL-SO-008,F07,2023-05-02,2023-06-15,2023-06-10,29500,29500,4.518,livrée
CMD-2023-00689,DL-BB-002,F01,2023-05-02,2023-06-02,2023-05-30,33000,33000,3.09,livrée
CMD-2023-00690,DL-HY-005,F08,2023-05-02,2023-06-10,2023-06-10,87500,87500,3.114,livrée
CMD-2023-00691,DL-SO-009,F06,2023-05-02,2023-06-19,2023-06-15,15000,15000,3.232,livrée
CMD-2023-00692,DL-DE-001,F03,2023-05-02,2023-05-24,2023-05-25,16000,16000,4.236,livrée
CMD-2023-00693,DL-SV-001,F01,2023-05-03,2023-05-30,2023-05-27,30500,30500,3.045,livrée
CMD-2023-00694,DL-CA-004,F03,2023-05-03,2023-05-31,2023-05-29,23000,23000,2.885,livrée
CMD-2023-00695,DL-BB-005,F04,2023-05-03,2023-06-04,2023-06-02,73500,73500,4.802,livrée
CMD-2023-00696,DL-SO-004,F06,2023-05-03,2023-06-16,2023-06-12,51500,51500,2.928,livrée
CMD-2023-00697,DL-SV-005,F06,2023-05-03,2023-06-19,2023-06-17,30000,30000,3.388,livrée
CMD-2023-00698,DL-DE-007,F07,2023-05-03,2023-06-14,2023-06-14,32000,32000,1.772,livrée
CMD-2023-00699,DL-DE-001,F03,2023-05-04,2023-05-28,2023-05-25,32500,32500,4.637,livrée
CMD-2023-00700,DL-BB-001,F02,2023-05-04,2023-06-05,2023-06-06,36500,36500,4.12,livrée
CMD-2023-00701,DL-CA-001,F02,2023-05-04,2023-06-03,2023-05-31,23500,23500,5.111,livrée
CMD-2023-00702,DL-SV-001,F01,2023-05-04,2023-05-29,2023-05-31,41500,41500,3.175,livrée
CMD-2023-00703,DL-DE-002,F07,2023-05-04,2023-06-13,2023-06-12,10000,10000,3.646,livrée
CMD-2023-00704,DL-CA-004,F03,2023-05-04,2023-05-29,2023-05-28,23000,23000,3.11,livrée
CMD-2023-00705,DL-DE-002,F07,2023-05-04,2023-06-17,2023-06-24,49000,49000,3.264,livrée
CMD-2023-00706,DL-BB-003,F05,2023-05-05,2023-06-13,2023-06-08,25000,25000,4.591,livrée
CMD-2023-00707,DL-SV-001,F01,2023-05-05,2023-06-01,2023-05-28,123500,123500,2.891,livrée
CMD-2023-00708,DL-CA-003,F04,2023-05-05,2023-06-08,2023-06-03,24000,24000,2.247,livrée
CMD-2023-00709,DL-SV-010,F04,2023-05-05,2023-06-11,2023-06-09,29500,29500,2.946,livrée
CMD-2023-00710,DL-CA-004,F03,2023-05-05,2023-05-30,2023-06-06,36500,36500,2.928,livrée
CMD-2023-00711,DL-SV-001,F01,2023-05-08,2023-06-05,2023-06-06,25000,25000,2.997,livrée
CMD-2023-00712,DL-HY-002,F08,2023-05-08,2023-06-12,2023-06-10,47000,47000,2.355,livrée
CMD-2023-00713,DL-HY-001,F03,2023-05-08,2023-06-05,2023-06-07,60500,60500,3.311,livrée
CMD-2023-00714,DL-BB-006,F07,2023-05-08,2023-06-18,2023-06-15,30000,30000,4.272,livrée
CMD-2023-00715,DL-BB-004,F01,2023-05-08,2023-06-08,2023-06-10,72000,72000,3.671,livrée
CMD-2023-00716,DL-SV-007,F03,2023-05-08,2023-06-05,2023-05-31,18000,16800,4.01,livrée
CMD-2023-00717,DL-CA-011,F02,2023-05-08,2023-06-06,2023-06-04,32500,32500,4.218,livrée
CMD-2023-00718,DL-DE-008,F06,2023-05-08,2023-06-25,2023-06-25,78000,78000,3.276,livrée
CMD-2023-00719,DL-DE-008,F06,2023-05-08,2023-06-24,2023-06-21,29500,29500,3.237,livrée
CMD-2023-00720,DL-HY-004,F04,2023-05-09,2023-06-13,2023-06-12,61500,61500,3.661,livrée
CMD-2023-00721,DL-SV-010,F04,2023-05-09,2023-06-12,2023-06-11,19000,19000,3.035,livrée
CMD-2023-00722,DL-SV-011,F07,2023-05-09,2023-06-21,2023-06-23,68500,68500,2.942,livrée
CMD-2023-00723,DL-CA-005,F03,2023-05-09,2023-05-31,2023-05-28,128500,128500,2.643,livrée
CMD-2023-00724,DL-CA-004,F03,2023-05-09,2023-06-03,2023-05-31,28500,28500,2.881,livrée
CMD-2023-00725,DL-HY-001,F03,2023-05-09,2023-06-06,2023-06-02,105500,105500,3.049,livrée
CMD-2023-00726,DL-BB-006,F07,2023-05-09,2023-06-23,2023-06-18,27500,27500,4.086,livrée
CMD-2023-00727,DL-HY-004,F04,2023-05-09,2023-06-14,2023-06-16,64500,64500,4.087,livrée
CMD-2023-00728,DL-DE-002,F07,2023-05-09,2023-06-22,2023-06-23,45500,45500,3.452,livrée
CMD-2023-00729,DL-CA-008,F05,2023-05-09,2023-06-17,2023-06-16,17500,17500,1.499,livrée
CMD-2023-00730,DL-HY-001,F03,2023-05-10,2023-06-03,2023-05-30,62000,62000,3.307,livrée
CMD-2023-00731,DL-HY-001,F03,2023-05-10,2023-06-05,2023-06-03,26000,26000,3.195,livrée
CMD-2023-00732,DL-HY-001,F03,2023-05-10,2023-06-02,2023-06-04,41000,41000,3.241,livrée
CMD-2023-00733,DL-DE-007,F07,2023-05-10,2023-06-20,2023-06-20,17000,17000,1.884,livrée
CMD-2023-00734,DL-HY-001,F03,2023-05-10,2023-06-01,2023-05-28,27000,27000,3.016,livrée
CMD-2023-00735,DL-DE-001,F03,2023-05-10,2023-06-07,2023-06-05,16000,16000,4.343,livrée
CMD-2023-00736,DL-SV-001,F01,2023-05-10,2023-06-06,2023-06-07,54000,54000,2.834,livrée
CMD-2023-00737,DL-SV-014,F04,2023-05-11,2023-06-16,2023-06-15,26500,26500,4.028,livrée
CMD-2023-00738,DL-CA-010,F03,2023-05-11,2023-06-05,2023-06-07,29500,29500,4.087,livrée
CMD-2023-00739,DL-SV-001,F01,2023-05-11,2023-06-11,2023-06-12,40000,40000,3.14,livrée
CMD-2023-00740,DL-SO-005,F04,2023-05-11,2023-06-15,2023-06-15,43500,43500,2.724,livrée
CMD-2023-00741,DL-DE-001,F03,2023-05-11,2023-06-03,2023-06-01,38000,38000,4.093,livrée
CMD-2023-00742,DL-SV-006,F03,2023-05-11,2023-06-07,2023-06-03,150000,150000,3.171,livrée
CMD-2023-00743,DL-BB-005,F04,2023-05-11,2023-06-16,2023-06-21,26500,26500,5.201,livrée
CMD-2023-00744,DL-BB-003,F05,2023-05-11,2023-06-18,2023-06-19,20000,20000,4.104,livrée
CMD-2023-00745,DL-HY-001,F03,2023-05-12,2023-06-09,2023-06-11,14500,14500,3.261,livrée
CMD-2023-00746,DL-DE-009,F04,2023-05-12,2023-06-19,2023-06-18,21500,21500,4.033,livrée
CMD-2023-00747,DL-HY-002,F08,2023-05-12,2023-06-19,2023-06-16,16500,14200,2.335,livrée
CMD-2023-00748,DL-CA-011,F02,2023-05-12,2023-06-13,2023-06-10,71000,71000,4.078,livrée
CMD-2023-00749,DL-DE-001,F03,2023-05-12,2023-06-03,2023-06-03,23500,23500,4.475,livrée
CMD-2023-00750,DL-SV-010,F04,2023-05-12,2023-06-14,2023-06-14,50000,50000,2.795,livrée
CMD-2023-00751,DL-CA-012,F03,2023-05-12,2023-06-07,2023-06-02,20000,20000,3.883,livrée
CMD-2023-00752,DL-CA-009,F03,2023-05-12,2023-06-08,2023-06-03,85000,75400,2.318,livrée
CMD-2023-00753,DL-SV-010,F04,2023-05-12,2023-06-18,2023-06-17,35000,35000,2.946,livrée
CMD-2023-00754,DL-CA-006,F03,2023-05-12,2023-06-03,2023-06-03,16000,16000,3.026,livrée
CMD-2023-00755,DL-SV-013,F02,2023-05-12,2023-06-14,2023-06-15,25000,25000,3.099,livrée
CMD-2023-00756,DL-DE-001,F03,2023-05-15,2023-06-09,2023-06-07,10000,10000,4.095,livrée
CMD-2023-00757,DL-CA-004,F03,2023-05-15,2023-06-11,2023-06-07,48500,48500,2.987,livrée
CMD-2023-00758,DL-DE-002,F07,2023-05-16,2023-06-28,2023-07-23,46500,46500,3.372,livrée
CMD-2023-00759,DL-HY-002,F08,2023-05-16,2023-06-24,2023-06-21,29500,29500,2.326,livrée
CMD-2023-00760,DL-DE-001,F03,2023-05-16,2023-06-09,2023-06-13,65000,56200,4.408,livrée
CMD-2023-00761,DL-SV-001,F06,2023-05-16,2023-06-27,2023-06-28,32500,32500,2.846,livrée
CMD-2023-00762,DL-DE-002,F07,2023-05-16,2023-06-25,2023-06-23,49500,49500,3.505,livrée
CMD-2023-00763,DL-SV-006,F03,2023-05-16,2023-06-10,2023-06-12,68000,68000,3.05,livrée
CMD-2023-00764,DL-HY-002,F08,2023-05-16,2023-06-22,2023-06-18,25000,25000,2.402,livrée
CMD-2023-00765,DL-BB-005,F04,2023-05-17,2023-06-24,2023-06-23,37000,37000,5.286,livrée
CMD-2023-00766,DL-SV-002,F05,2023-05-17,2023-06-28,2023-06-25,30500,30500,4.346,livrée
CMD-2023-00767,DL-SV-001,F06,2023-05-17,2023-06-28,2023-06-28,29500,29500,3.121,livrée
CMD-2023-00768,DL-CA-011,F02,2023-05-18,2023-06-17,2023-06-16,16500,16500,4.306,livrée
CMD-2023-00769,DL-HY-001,F03,2023-05-18,2023-06-13,2023-06-14,31000,31000,3.304,livrée
CMD-2023-00770,DL-CA-011,F02,2023-05-18,2023-06-20,2023-06-17,55000,55000,4.476,livrée
CMD-2023-00771,DL-HY-006,F03,2023-05-18,2023-06-14,2023-06-13,31000,31000,1.764,livrée
CMD-2023-00772,DL-HY-005,F08,2023-05-18,2023-06-23,2023-07-01,20500,20500,3.003,livrée
CMD-2023-00773,DL-BB-006,F07,2023-05-18,2023-06-29,2023-06-25,62500,62500,4.28,livrée
CMD-2023-00774,DL-BB-001,F02,2023-05-18,2023-06-15,2023-06-14,101500,101500,4.036,livrée
CMD-2023-00775,DL-SO-004,F04,2023-05-18,2023-06-20,2023-06-21,47000,47000,2.907,livrée
CMD-2023-00776,DL-DE-002,F07,2023-05-19,2023-06-30,2023-06-29,36500,36500,3.403,livrée
CMD-2023-00777,DL-SO-008,F07,2023-05-19,2023-06-27,2023-06-26,17000,17000,5.0,livrée
CMD-2023-00778,DL-CA-011,F02,2023-05-19,2023-06-21,2023-06-19,30000,30000,4.569,livrée
CMD-2023-00779,DL-BB-001,F02,2023-05-19,2023-06-19,2023-06-24,28500,28500,3.979,livrée
CMD-2023-00780,DL-SV-004,F08,2023-05-19,2023-06-29,2023-06-26,63000,63000,2.52,livrée
CMD-2023-00781,DL-BB-001,F02,2023-05-19,2023-06-20,2023-06-17,31500,31500,4.131,livrée
CMD-2023-00782,DL-SV-010,F04,2023-05-19,2023-06-21,2023-06-17,29500,29500,3.124,livrée
CMD-2023-00783,DL-SV-001,F01,2023-05-19,2023-06-14,2023-06-09,41000,41000,2.981,livrée
CMD-2023-00784,DL-HY-004,F04,2023-05-19,2023-06-26,2023-06-27,19500,19500,4.125,livrée
CMD-2023-00785,DL-SO-007,F08,2023-05-19,2023-06-28,2023-06-26,30500,30500,5.249,livrée
CMD-2023-00786,DL-SV-002,F05,2023-05-19,2023-06-25,2023-06-21,40500,40500,4.054,livrée
CMD-2023-00787,DL-HY-001,F03,2023-05-22,2023-06-17,2023-06-13,19500,19500,3.029,livrée
CMD-2023-00788,DL-DE-001,F03,2023-05-22,2023-06-19,2023-06-14,111000,111000,4.207,livrée
CMD-2023-00789,DL-HY-003,F06,2023-05-22,2023-07-08,2023-07-05,57000,57000,5.364,livrée
CMD-2023-00790,DL-SV-011,F03,2023-05-22,2023-06-15,2023-06-14,53000,53000,2.807,livrée
CMD-2023-00791,DL-DE-002,F07,2023-05-22,2023-07-01,2023-06-30,32000,32000,3.362,livrée
CMD-2023-00792,DL-SV-002,F05,2023-05-22,2023-07-01,2023-06-29,30000,30000,3.887,livrée
CMD-2023-00793,DL-BB-004,F01,2023-05-23,2023-06-22,2023-06-21,73500,73500,3.739,livrée
CMD-2023-00794,DL-HY-008,F02,2023-05-23,2023-06-21,2023-06-21,10500,10500,1.49,livrée
CMD-2023-00795,DL-SO-005,F04,2023-05-23,2023-06-24,2023-06-26,55500,55500,2.71,livrée
CMD-2023-00796,DL-CA-011,F02,2023-05-23,2023-06-20,2023-07-12,11000,11000,4.166,livrée
CMD-2023-00797,DL-SV-001,F01,2023-05-23,2023-06-19,2023-06-15,35500,35500,2.848,livrée
CMD-2023-00798,DL-SO-004,F06,2023-05-23,2023-07-05,2023-06-30,39500,39500,2.621,livrée
CMD-2023-00799,DL-BB-006,F01,2023-05-23,2023-06-17,2023-06-16,31500,27800,4.318,livrée
CMD-2023-00800,DL-HY-001,F03,2023-05-23,2023-06-18,2023-06-19,101000,101000,3.044,livrée
CMD-2023-00801,DL-DE-009,F04,2023-05-23,2023-06-24,2023-06-24,34500,34500,4.04,livrée
CMD-2023-00802,DL-BB-003,F05,2023-05-23,2023-07-04,2023-07-04,46000,46000,4.648,livrée
CMD-2023-00803,DL-SO-003,F04,2023-05-23,2023-06-27,2023-06-28,26000,26000,3.392,livrée
CMD-2023-00804,DL-SO-005,F04,2023-05-23,2023-06-24,2023-06-25,27000,27000,2.785,livrée
CMD-2023-00805,DL-SO-002,F03,2023-05-24,2023-06-20,2023-06-15,16000,16000,2.508,livrée
CMD-2023-00806,DL-SV-001,F01,2023-05-24,2023-06-20,2023-06-22,95500,95500,2.883,livrée
CMD-2023-00807,DL-SO-005,F04,2023-05-24,2023-06-25,2023-06-20,58000,58000,2.628,livrée
CMD-2023-00808,DL-SV-004,F08,2023-05-24,2023-06-28,2023-06-24,41000,41000,2.408,livrée
CMD-2023-00809,DL-BB-003,F05,2023-05-24,2023-07-05,2023-07-06,95000,95000,4.354,livrée
CMD-2023-00810,DL-HY-004,F04,2023-05-24,2023-06-27,2023-06-28,49000,49000,4.104,livrée
CMD-2023-00811,DL-SV-001,F01,2023-05-25,2023-06-23,2023-06-20,46000,46000,2.932,livrée
CMD-2023-00812,DL-DE-008,F06,2023-05-25,2023-07-08,2023-07-04,84500,84500,3.459,livrée
CMD-2023-00813,DL-SV-001,F06,2023-05-25,2023-07-08,2023-07-03,50000,50000,3.082,livrée
CMD-2023-00814,DL-HY-004,F03,2023-05-25,2023-06-22,2023-06-24,33000,33000,3.94,livrée
CMD-2023-00815,DL-HY-001,F03,2023-05-25,2023-06-17,2023-06-18,26500,26500,2.992,livrée
CMD-2023-00816,DL-CA-006,F03,2023-05-25,2023-06-18,2023-06-19,41000,41000,2.864,livrée
CMD-2023-00817,DL-HY-008,F02,2023-05-25,2023-06-23,2023-06-23,25500,25500,1.487,livrée
CMD-2023-00818,DL-HY-002,F08,2023-05-26,2023-07-04,2023-06-29,53000,53000,2.211,livrée
CMD-2023-00819,DL-DE-007,F07,2023-05-26,2023-07-10,2023-07-11,41000,41000,1.821,livrée
CMD-2023-00820,DL-DE-002,F07,2023-05-26,2023-07-04,2023-07-06,10000,10000,3.258,livrée
CMD-2023-00821,DL-CA-007,F08,2023-05-26,2023-07-02,2023-07-04,43500,43500,3.452,livrée
CMD-2023-00822,DL-SV-001,F01,2023-05-26,2023-06-22,2023-06-18,10000,10000,2.918,livrée
CMD-2023-00823,DL-CA-004,F03,2023-05-26,2023-06-17,2023-06-14,35000,35000,3.164,livrée
CMD-2023-00824,DL-HY-002,F08,2023-05-26,2023-06-30,2023-06-28,19000,19000,2.187,livrée
CMD-2023-00825,DL-HY-001,F03,2023-05-26,2023-06-20,2023-06-18,24000,24000,3.041,livrée
CMD-2023-00826,DL-HY-007,F02,2023-05-29,2023-06-29,2023-06-29,14500,14500,2.819,livrée
CMD-2023-00827,DL-CA-008,F05,2023-05-29,2023-07-07,2023-07-04,37500,37500,1.5,livrée
CMD-2023-00828,DL-SV-010,F04,2023-05-29,2023-07-02,2023-06-28,60500,60500,3.083,livrée
CMD-2023-00829,DL-DE-001,F03,2023-05-29,2023-06-26,2023-06-27,59500,59500,4.556,livrée
CMD-2023-00830,DL-SV-001,F01,2023-05-29,2023-06-24,2023-06-22,40000,40000,3.168,livrée
CMD-2023-00831,DL-HY-001,F03,2023-05-29,2023-06-20,2023-06-17,28000,28000,3.213,livrée
CMD-2023-00832,DL-BB-003,F05,2023-05-29,2023-07-09,2023-07-11,27500,27500,4.539,livrée
CMD-2023-00833,DL-CA-012,F03,2023-05-29,2023-06-20,2023-06-17,25500,25500,4.077,livrée
CMD-2023-00834,DL-SO-005,F04,2023-05-29,2023-07-06,2023-07-20,63500,63500,2.882,livrée
CMD-2023-00835,DL-DE-004,F08,2023-05-29,2023-07-03,2023-07-03,72500,62400,5.607,livrée
CMD-2023-00836,DL-CA-003,F02,2023-05-30,2023-06-28,2023-06-26,63000,63000,2.502,livrée
CMD-2023-00837,DL-SV-002,F05,2023-05-30,2023-07-12,2023-07-13,39500,39500,4.157,livrée
CMD-2023-00838,DL-HY-002,F08,2023-05-30,2023-07-04,2023-06-30,14500,14500,2.175,livrée
CMD-2023-00839,DL-DE-001,F03,2023-05-30,2023-06-22,2023-06-24,111000,111000,4.162,livrée
CMD-2023-00840,DL-CA-006,F03,2023-05-30,2023-06-24,2023-06-21,30000,30000,2.846,livrée
CMD-2023-00841,DL-BB-001,F02,2023-05-30,2023-06-28,2023-06-25,72500,72500,3.904,livrée
CMD-2023-00842,DL-SV-010,F04,2023-05-30,2023-07-03,2023-06-28,41500,39500,2.874,livrée
CMD-2023-00843,DL-CA-006,F03,2023-05-30,2023-06-23,2023-06-18,25000,25000,3.018,livrée
CMD-2023-00844,DL-SO-008,F07,2023-05-31,2023-07-11,2023-07-12,132500,122900,5.005,livrée
CMD-2023-00845,DL-SV-001,F01,2023-05-31,2023-07-01,2023-06-28,37500,37500,2.975,livrée
CMD-2023-00846,DL-DE-001,F03,2023-05-31,2023-06-26,2023-06-26,40000,40000,4.418,livrée
CMD-2023-00847,DL-HY-004,F03,2023-05-31,2023-06-26,2023-06-28,30500,30500,3.858,livrée
CMD-2023-00848,DL-SV-004,F08,2023-05-31,2023-07-05,2023-07-07,34000,34000,2.415,livrée
CMD-2023-00849,DL-HY-001,F03,2023-05-31,2023-06-22,2023-06-21,90500,90500,3.174,livrée
CMD-2023-00850,DL-DE-009,F04,2023-05-31,2023-07-03,2023-07-01,22500,22500,4.21,livrée
CMD-2023-00851,DL-CA-012,F03,2023-05-31,2023-06-24,2023-06-24,45500,45500,4.117,livrée
CMD-2023-00852,DL-SV-015,F05,2023-05-31,2023-07-13,2023-07-10,36500,36500,3.357,livrée
CMD-2023-00853,DL-DE-004,F01,2023-05-31,2023-06-30,2023-06-29,10000,10000,5.617,livrée
CMD-2023-00854,DL-SV-006,F05,2023-05-31,2023-07-12,2023-07-13,14000,14000,2.943,livrée
CMD-2023-00855,DL-HY-001,F03,2023-05-31,2023-06-23,2023-06-19,95000,95000,3.182,livrée
CMD-2023-00856,DL-BB-005,F04,2023-06-01,2023-07-09,2023-07-08,73000,73000,4.904,livrée
CMD-2023-00857,DL-DE-001,F03,2023-06-01,2023-06-27,2023-06-27,45000,45000,4.481,livrée
CMD-2023-00858,DL-CA-004,F03,2023-06-01,2023-06-27,2023-06-29,30000,30000,2.946,livrée
CMD-2023-00859,DL-SV-003,F03,2023-06-01,2023-06-28,2023-06-24,41000,41000,4.744,livrée
CMD-2023-00860,DL-SV-001,F01,2023-06-01,2023-06-28,2023-06-29,55000,55000,2.849,livrée
CMD-2023-00861,DL-SV-010,F04,2023-06-01,2023-07-06,2023-07-01,50000,50000,2.915,livrée
CMD-2023-00862,DL-DE-003,F03,2023-06-02,2023-06-29,2023-06-26,22000,22000,4.273,livrée
CMD-2023-00863,DL-SV-013,F02,2023-06-02,2023-06-30,2023-06-30,14000,14000,2.837,livrée
CMD-2023-00864,DL-DE-001,F03,2023-06-02,2023-06-25,2023-06-21,44000,44000,4.388,livrée
CMD-2023-00865,DL-SO-005,F04,2023-06-02,2023-07-05,2023-07-06,38000,38000,2.791,livrée
CMD-2023-00866,DL-HY-004,F03,2023-06-02,2023-06-26,2023-06-26,110500,110500,4.062,livrée
CMD-2023-00867,DL-SV-008,F04,2023-06-02,2023-07-08,2023-07-05,44500,44500,2.946,livrée
CMD-2023-00868,DL-SV-011,F03,2023-06-02,2023-06-28,2023-06-30,64000,64000,2.893,livrée
CMD-2023-00869,DL-HY-006,F03,2023-06-02,2023-06-29,2023-06-29,37500,37500,1.929,livrée
CMD-2023-00870,DL-SV-014,F04,2023-06-02,2023-07-07,2023-07-03,50000,50000,4.082,livrée
CMD-2023-00871,DL-SO-005,F04,2023-06-02,2023-07-08,2023-07-22,38500,38500,2.886,livrée
CMD-2023-00872,DL-SV-012,F07,2023-06-02,2023-07-16,2023-07-16,20000,20000,3.714,livrée
CMD-2023-00873,DL-SO-005,F04,2023-06-05,2023-07-09,2023-07-05,59500,59500,2.863,livrée
CMD-2023-00874,DL-DE-001,F03,2023-06-05,2023-07-03,2023-07-05,72000,72000,4.258,livrée
CMD-2023-00875,DL-CA-012,F02,2023-06-05,2023-07-04,2023-07-01,36000,36000,4.149,livrée
CMD-2023-00876,DL-SV-011,F03,2023-06-05,2023-06-27,2023-06-26,57000,57000,3.145,livrée
CMD-2023-00877,DL-CA-003,F02,2023-06-05,2023-07-07,2023-07-02,123000,123000,2.367,livrée
CMD-2023-00878,DL-DE-007,F07,2023-06-05,2023-07-14,2023-07-15,41500,35800,1.914,livrée
CMD-2023-00879,DL-HY-001,F03,2023-06-05,2023-06-27,2023-06-23,25500,25500,3.251,livrée
CMD-2023-00880,DL-DE-002,F07,2023-06-06,2023-07-18,2023-07-15,29500,29500,3.496,livrée
CMD-2023-00881,DL-SV-001,F01,2023-06-06,2023-07-05,2023-07-04,34500,34500,2.838,livrée
CMD-2023-00882,DL-CA-004,F03,2023-06-06,2023-06-30,2023-06-25,81500,81500,2.989,livrée
CMD-2023-00883,DL-SV-006,F03,2023-06-06,2023-06-28,2023-06-24,81000,81000,3.124,livrée
CMD-2023-00884,DL-BB-003,F05,2023-06-06,2023-07-16,2023-07-11,50000,50000,4.333,livrée
CMD-2023-00885,DL-SO-005,F04,2023-06-07,2023-07-14,2023-07-10,10000,10000,2.8,livrée
CMD-2023-00886,DL-HY-001,F03,2023-06-07,2023-07-01,2023-07-01,78000,78000,3.211,livrée
CMD-2023-00887,DL-HY-001,F03,2023-06-07,2023-07-03,2023-06-29,79500,70200,3.039,livrée
CMD-2023-00888,DL-HY-007,F02,2023-06-07,2023-07-06,2023-07-06,74000,74000,2.916,livrée
CMD-2023-00889,DL-DE-001,F03,2023-06-07,2023-07-02,2023-07-02,66000,66000,4.142,livrée
CMD-2023-00890,DL-SV-008,F04,2023-06-07,2023-07-11,2023-07-06,71000,71000,2.979,livrée
CMD-2023-00891,DL-HY-001,F03,2023-06-07,2023-07-03,2023-07-03,40500,40500,3.176,livrée
CMD-2023-00892,DL-DE-006,F02,2023-06-07,2023-07-06,2023-07-05,79500,79500,2.047,livrée
CMD-2023-00893,DL-BB-001,F02,2023-06-07,2023-07-07,2023-07-07,39500,39500,3.755,livrée
CMD-2023-00894,DL-BB-006,F01,2023-06-07,2023-07-03,2023-06-30,46500,46500,4.322,livrée
CMD-2023-00895,DL-DE-007,F07,2023-06-07,2023-07-19,2023-07-18,31500,31500,1.836,livrée
CMD-2023-00896,DL-BB-001,F02,2023-06-08,2023-07-05,2023-07-06,17000,17000,3.757,livrée
CMD-2023-00897,DL-HY-002,F08,2023-06-08,2023-07-15,2023-07-14,46000,46000,2.362,livrée
CMD-2023-00898,DL-DE-001,F03,2023-06-09,2023-07-01,2023-06-27,24500,24500,4.233,livrée
CMD-2023-00899,DL-DE-008,F06,2023-06-09,2023-07-22,2023-07-24,28500,28500,3.393,livrée
CMD-2023-00900,DL-DE-001,F03,2023-06-09,2023-07-03,2023-06-30,40500,40500,4.266,livrée
CMD-2023-00901,DL-BB-005,F04,2023-06-09,2023-07-14,2023-07-09,28000,28000,5.191,livrée
CMD-2023-00902,DL-DE-004,F08,2023-06-09,2023-07-19,2023-07-19,92500,92500,5.379,livrée
CMD-2023-00903,DL-SV-010,F04,2023-06-09,2023-07-12,2023-07-08,38000,38000,2.885,livrée
CMD-2023-00904,DL-CA-004,F03,2023-06-09,2023-07-04,2023-07-06,37000,37000,3.144,livrée
CMD-2023-00905,DL-SV-002,F05,2023-06-09,2023-07-22,2023-07-20,24500,24500,4.079,livrée
CMD-2023-00906,DL-DE-001,F03,2023-06-09,2023-07-04,2023-06-29,38000,38000,4.199,livrée
CMD-2023-00907,DL-SV-002,F05,2023-06-09,2023-07-16,2023-07-12,57500,57500,4.085,livrée
CMD-2023-00908,DL-CA-004,F03,2023-06-09,2023-07-06,2023-07-04,57500,54000,2.92,livrée
CMD-2023-00909,DL-BB-006,F07,2023-06-09,2023-07-21,2023-07-21,87000,87000,4.09,livrée
CMD-2023-00910,DL-DE-001,F03,2023-06-09,2023-07-02,2023-06-27,51500,51500,4.55,livrée
CMD-2023-00911,DL-SV-014,F04,2023-06-12,2023-07-14,2023-07-10,18500,18500,4.308,livrée
CMD-2023-00912,DL-SO-003,F04,2023-06-12,2023-07-18,2023-07-16,56500,56500,3.498,livrée
CMD-2023-00913,DL-CA-012,F02,2023-06-12,2023-07-11,2023-07-10,85000,85000,4.253,livrée
CMD-2023-00914,DL-CA-003,F02,2023-06-12,2023-07-09,2023-07-06,31500,31500,2.371,livrée
CMD-2023-00915,DL-HY-001,F03,2023-06-12,2023-07-06,2023-07-01,56000,56000,3.059,livrée
CMD-2023-00916,DL-SO-005,F04,2023-06-13,2023-07-19,2023-07-21,26000,26000,2.7,livrée
CMD-2023-00917,DL-CA-004,F03,2023-06-13,2023-07-05,2023-07-06,78000,78000,3.106,livrée
CMD-2023-00918,DL-HY-002,F08,2023-06-13,2023-07-23,2023-07-18,43500,43500,2.259,livrée
CMD-2023-00919,DL-CA-003,F02,2023-06-13,2023-07-11,2023-07-12,35500,35500,2.457,livrée
CMD-2023-00920,DL-SO-005,F04,2023-06-13,2023-07-18,2023-07-13,34000,34000,2.788,livrée
CMD-2023-00921,DL-CA-004,F03,2023-06-14,2023-07-11,2023-07-11,32000,32000,3.089,livrée
CMD-2023-00922,DL-SV-001,F06,2023-06-14,2023-07-26,2023-07-23,32500,32500,2.954,livrée
CMD-2023-00923,DL-DE-001,F03,2023-06-14,2023-07-09,2023-07-09,16000,16000,4.162,livrée
CMD-2023-00924,DL-SO-009,F06,2023-06-14,2023-07-26,2023-07-23,97500,97500,2.948,livrée
CMD-2023-00925,DL-BB-003,F05,2023-06-14,2023-07-26,2023-07-28,47500,47500,4.278,livrée
CMD-2023-00926,DL-BB-006,F07,2023-06-14,2023-07-24,2023-07-22,42500,42500,4.041,livrée
CMD-2023-00927,DL-BB-003,F05,2023-06-14,2023-07-27,2023-07-26,46000,46000,4.118,livrée
CMD-2023-00928,DL-BB-004,F07,2023-06-15,2023-07-30,2023-07-26,26500,26500,3.796,livrée
CMD-2023-00929,DL-DE-007,F07,2023-06-15,2023-07-29,2023-07-25,42000,42000,1.923,livrée
CMD-2023-00930,DL-SV-001,F01,2023-06-15,2023-07-14,2023-07-10,29500,26100,3.106,livrée
CMD-2023-00931,DL-HY-001,F03,2023-06-15,2023-07-10,2023-07-09,100000,100000,3.081,livrée
CMD-2023-00932,DL-HY-008,F02,2023-06-15,2023-07-17,2023-07-13,18500,18500,1.468,livrée
CMD-2023-00933,DL-DE-008,F06,2023-06-16,2023-07-31,2023-07-27,75500,75500,3.441,livrée
CMD-2023-00934,DL-HY-003,F06,2023-06-16,2023-07-29,2023-07-30,150000,150000,5.207,livrée
CMD-2023-00935,DL-SV-003,F03,2023-06-16,2023-07-12,2023-07-08,36000,36000,5.011,livrée
CMD-2023-00936,DL-DE-001,F03,2023-06-16,2023-07-11,2023-07-13,34500,34500,4.394,livrée
CMD-2023-00937,DL-BB-005,F04,2023-06-16,2023-07-21,2023-07-16,20000,20000,4.751,livrée
CMD-2023-00938,DL-CA-011,F02,2023-06-16,2023-07-15,2023-07-14,11000,11000,4.298,livrée
CMD-2023-00939,DL-BB-001,F02,2023-06-16,2023-07-15,2023-07-15,49000,49000,3.88,livrée
CMD-2023-00940,DL-SV-001,F01,2023-06-16,2023-07-17,2023-07-14,26500,26500,2.829,livrée
CMD-2023-00941,DL-HY-004,F03,2023-06-16,2023-07-13,2023-07-14,35000,35000,3.981,livrée
CMD-2023-00942,DL-SV-014,F04,2023-06-16,2023-07-23,2023-07-28,27500,27500,3.93,livrée
CMD-2023-00943,DL-BB-003,F05,2023-06-16,2023-07-25,2023-07-23,41500,41500,4.209,livrée
CMD-2023-00944,DL-CA-011,F02,2023-06-16,2023-07-19,2023-07-19,31500,31500,4.39,livrée
CMD-2023-00945,DL-HY-006,F03,2023-06-16,2023-07-11,2023-07-12,89000,89000,1.734,livrée
CMD-2023-00946,DL-DE-008,F06,2023-06-16,2023-08-01,2023-08-01,44500,44500,3.488,livrée
CMD-2023-00947,DL-SO-008,F07,2023-06-16,2023-07-27,2023-07-28,64500,64500,4.547,livrée
CMD-2023-00948,DL-SV-011,F03,2023-06-19,2023-07-11,2023-07-17,24500,24500,2.832,livrée
CMD-2023-00949,DL-CA-012,F03,2023-06-19,2023-07-12,2023-07-11,46000,46000,3.923,livrée
CMD-2023-00950,DL-DE-007,F07,2023-06-19,2023-07-30,2023-07-26,21500,19700,1.799,livrée
CMD-2023-00951,DL-BB-005,F04,2023-06-20,2023-07-26,2023-07-27,60000,60000,5.098,livrée
CMD-2023-00952,DL-HY-002,F08,2023-06-20,2023-07-28,2023-08-01,127000,127000,2.311,livrée
CMD-2023-00953,DL-CA-007,F08,2023-06-20,2023-07-30,2023-08-01,75500,75500,3.747,livrée
CMD-2023-00954,DL-BB-006,F07,2023-06-20,2023-07-31,2023-07-30,18000,18000,3.973,livrée
CMD-2023-00955,DL-SV-014,F04,2023-06-20,2023-07-24,2023-07-24,43500,43500,4.221,livrée
CMD-2023-00956,DL-HY-001,F03,2023-06-20,2023-07-16,2023-07-11,27000,27000,3.285,livrée
CMD-2023-00957,DL-BB-001,F02,2023-06-20,2023-07-19,2023-07-17,135000,135000,3.883,livrée
CMD-2023-00958,DL-DE-002,F07,2023-06-21,2023-08-01,2023-08-02,10000,10000,3.316,livrée
CMD-2023-00959,DL-CA-007,F08,2023-06-21,2023-07-30,2023-07-31,52500,52500,3.626,livrée
CMD-2023-00960,DL-CA-012,F03,2023-06-21,2023-07-19,2023-07-17,24500,24500,4.086,livrée
CMD-2023-00961,DL-SV-006,F03,2023-06-21,2023-07-16,2023-07-17,23500,23500,3.091,livrée
CMD-2023-00962,DL-SV-002,F05,2023-06-21,2023-08-01,2023-07-29,68500,68500,4.136,livrée
CMD-2023-00963,DL-BB-001,F02,2023-06-22,2023-07-20,2023-07-18,37500,37500,3.813,livrée
CMD-2023-00964,DL-DE-001,F03,2023-06-22,2023-07-19,2023-07-14,72000,72000,4.097,livrée
CMD-2023-00965,DL-SV-003,F03,2023-06-22,2023-07-16,2023-07-11,46500,46500,5.24,livrée
CMD-2023-00966,DL-CA-003,F02,2023-06-22,2023-07-22,2023-07-20,37000,37000,2.408,livrée
CMD-2023-00967,DL-SV-002,F05,2023-06-22,2023-07-29,2023-07-28,80000,80000,4.356,livrée
CMD-2023-00968,DL-SO-005,F04,2023-06-22,2023-07-27,2023-07-23,14000,14000,2.868,livrée
CMD-2023-00969,DL-HY-002,F08,2023-06-22,2023-07-28,2023-07-29,18000,18000,2.262,livrée
CMD-2023-00970,DL-BB-006,F07,2023-06-22,2023-08-04,2023-08-03,20000,20000,4.249,livrée
CMD-2023-00971,DL-DE-004,F08,2023-06-23,2023-07-28,2023-07-25,14000,14000,5.175,livrée
CMD-2023-00972,DL-DE-007,F07,2023-06-23,2023-08-07,2023-08-03,110000,110000,1.84,livrée
CMD-2023-00973,DL-HY-002,F08,2023-06-23,2023-07-29,2023-07-28,41000,41000,2.274,livrée
CMD-2023-00974,DL-HY-006,F03,2023-06-23,2023-07-15,2023-07-13,24000,24000,1.847,livrée
CMD-2023-00975,DL-DE-007,F07,2023-06-23,2023-08-05,2023-08-11,47000,47000,1.905,livrée
CMD-2023-00976,DL-SV-007,F03,2023-06-26,2023-07-22,2023-07-24,46500,46500,4.215,livrée
CMD-2023-00977,DL-SO-005,F04,2023-06-26,2023-08-03,2023-08-03,32500,32500,2.774,livrée
CMD-2023-00978,DL-CA-004,F03,2023-06-26,2023-07-24,2023-07-23,44500,44500,2.994,livrée
CMD-2023-00979,DL-HY-002,F08,2023-06-26,2023-08-05,2023-08-06,36500,36500,2.217,livrée
CMD-2023-00980,DL-BB-003,F05,2023-06-26,2023-08-03,2023-07-30,32000,32000,4.657,livrée
CMD-2023-00981,DL-SO-005,F04,2023-06-26,2023-07-30,2023-07-30,55000,55000,2.551,livrée
CMD-2023-00982,DL-SO-008,F07,2023-06-26,2023-08-09,2023-08-06,42000,42000,4.631,livrée
CMD-2023-00983,DL-SO-005,F04,2023-06-26,2023-07-29,2023-07-26,21000,21000,2.716,livrée
CMD-2023-00984,DL-HY-004,F04,2023-06-26,2023-07-31,2023-07-31,34500,34500,3.663,livrée
CMD-2023-00985,DL-SV-010,F04,2023-06-27,2023-07-29,2023-08-08,34000,34000,3.043,livrée
CMD-2023-00986,DL-DE-008,F06,2023-06-27,2023-08-11,2023-08-11,126500,126500,3.394,livrée
CMD-2023-00987,DL-CA-005,F03,2023-06-27,2023-07-22,2023-07-23,36000,36000,2.718,livrée
CMD-2023-00988,DL-BB-005,F04,2023-06-27,2023-08-02,2023-08-03,68500,68500,4.862,livrée
CMD-2023-00989,DL-DE-002,F07,2023-06-27,2023-08-07,2023-08-09,38000,38000,3.549,livrée
CMD-2023-00990,DL-DE-004,F08,2023-06-27,2023-08-03,2023-07-29,10000,9400,5.336,livrée
CMD-2023-00991,DL-BB-005,F04,2023-06-27,2023-07-30,2023-07-29,59500,59500,5.106,livrée
CMD-2023-00992,DL-BB-003,F05,2023-06-28,2023-08-09,2023-08-10,22500,22500,4.301,livrée
CMD-2023-00993,DL-DE-006,F05,2023-06-28,2023-08-06,2023-08-08,29000,29000,2.091,livrée
CMD-2023-00994,DL-SV-002,F05,2023-06-28,2023-08-07,2023-08-05,47000,47000,4.169,livrée
CMD-2023-00995,DL-HY-006,F03,2023-06-28,2023-07-20,2023-07-22,78000,78000,1.901,livrée
CMD-2023-00996,DL-SV-001,F01,2023-06-28,2023-07-29,2023-07-24,17500,17500,3.119,livrée
CMD-2023-00997,DL-HY-003,F06,2023-06-28,2023-08-10,2023-08-11,29000,25900,5.249,livrée
CMD-2023-00998,DL-SO-008,F07,2023-06-28,2023-08-08,2023-08-10,27000,27000,5.003,livrée
CMD-2023-00999,DL-SO-002,F03,2023-06-28,2023-07-21,2023-07-17,27000,27000,2.68,livrée
CMD-2023-01000,DL-HY-004,F04,2023-06-28,2023-07-30,2023-08-04,18000,18000,4.109,livrée
CMD-2023-01001,DL-BB-005,F04,2023-06-28,2023-08-04,2023-08-05,46000,46000,4.964,livrée
CMD-2023-01002,DL-DE-002,F07,2023-06-28,2023-08-06,2023-08-03,23000,23000,3.297,livrée
CMD-2023-01003,DL-DE-001,F03,2023-06-28,2023-07-20,2023-07-19,28000,28000,4.204,livrée
CMD-2023-01004,DL-SV-002,F05,2023-06-29,2023-08-09,2023-08-15,38500,38500,4.019,livrée
CMD-2023-01005,DL-SV-010,F04,2023-06-29,2023-08-06,2023-08-01,80000,80000,2.944,livrée
CMD-2023-01006,DL-HY-004,F04,2023-06-30,2023-08-06,2023-08-04,105500,105500,3.991,livrée
CMD-2023-01007,DL-SV-005,F06,2023-06-30,2023-08-17,2023-08-17,75500,75500,3.372,livrée
CMD-2023-01008,DL-HY-001,F03,2023-06-30,2023-07-23,2023-07-20,68000,68000,3.183,livrée
CMD-2023-01009,DL-SV-002,F05,2023-06-30,2023-08-12,2023-08-09,39500,39500,3.947,livrée
CMD-2023-01010,DL-SV-002,F05,2023-06-30,2023-08-08,2023-08-10,30000,30000,4.01,livrée
CMD-2023-01011,DL-DE-002,F07,2023-06-30,2023-08-09,2023-08-11,21500,21500,3.58,livrée
CMD-2023-01012,DL-SV-010,F04,2023-06-30,2023-08-02,2023-07-29,33500,33500,2.985,livrée
CMD-2023-01013,DL-HY-001,F03,2023-06-30,2023-07-28,2023-07-27,27500,27500,2.997,livrée
CMD-2023-01014,DL-SV-001,F01,2023-06-30,2023-07-31,2023-07-31,58500,58500,2.817,livrée
CMD-2023-01015,DL-HY-003,F06,2023-06-30,2023-08-17,2023-08-17,56000,56000,5.332,livrée
CMD-2023-01016,DL-HY-002,F08,2023-06-30,2023-08-05,2023-08-03,12000,12000,2.204,livrée
CMD-2023-01017,DL-HY-005,F08,2023-07-03,2023-08-07,2023-08-17,52000,52000,3.187,livrée
CMD-2023-01018,DL-SV-015,F05,2023-07-03,2023-08-11,2023-08-11,33000,33000,3.27,livrée
CMD-2023-01019,DL-SO-003,F04,2023-07-03,2023-08-06,2023-08-07,14500,14500,3.274,livrée
CMD-2023-01020,DL-SV-003,F03,2023-07-03,2023-07-26,2023-07-26,58500,58500,5.283,livrée
CMD-2023-01021,DL-BB-006,F07,2023-07-03,2023-08-16,2023-08-15,30500,30500,3.971,livrée
CMD-2023-01022,DL-SV-015,F05,2023-07-04,2023-08-11,2023-08-08,37000,37000,3.282,livrée
CMD-2023-01023,DL-HY-005,F08,2023-07-04,2023-08-13,2023-08-14,61000,61000,3.31,livrée
CMD-2023-01024,DL-SO-001,F02,2023-07-04,2023-07-31,2023-07-31,50500,50500,4.445,livrée
CMD-2023-01025,DL-SV-004,F08,2023-07-04,2023-08-10,2023-08-07,50500,50500,2.62,livrée
CMD-2023-01026,DL-DE-001,F03,2023-07-05,2023-07-29,2023-07-30,17500,17500,4.225,livrée
CMD-2023-01027,DL-CA-011,F02,2023-07-05,2023-08-06,2023-08-07,26500,26500,4.238,livrée
CMD-2023-01028,DL-DE-001,F03,2023-07-05,2023-07-31,2023-07-26,19000,19000,4.263,livrée
CMD-2023-01029,DL-SO-005,F04,2023-07-05,2023-08-07,2023-08-03,46000,44200,2.649,livrée
CMD-2023-01030,DL-SO-004,F06,2023-07-05,2023-08-16,2023-08-15,47000,47000,2.756,livrée
CMD-2023-01031,DL-CA-009,F03,2023-07-05,2023-07-27,2023-07-29,23500,23500,2.634,livrée
CMD-2023-01032,DL-BB-001,F02,2023-07-05,2023-08-03,2023-08-03,15000,15000,3.784,livrée
CMD-2023-01033,DL-CA-006,F03,2023-07-05,2023-07-31,2023-07-31,16000,15100,2.992,livrée
CMD-2023-01034,DL-SV-001,F01,2023-07-06,2023-08-04,2023-07-30,80000,80000,3.098,livrée
CMD-2023-01035,DL-SV-001,F01,2023-07-06,2023-08-05,2023-07-31,26000,26000,3.181,livrée
CMD-2023-01036,DL-SV-007,F03,2023-07-06,2023-08-03,2023-08-05,41000,41000,3.817,livrée
CMD-2023-01037,DL-HY-006,F03,2023-07-06,2023-08-03,2023-08-03,31000,31000,1.715,livrée
CMD-2023-01038,DL-HY-006,F03,2023-07-06,2023-07-31,2023-08-02,27000,27000,1.925,livrée
CMD-2023-01039,DL-CA-011,F02,2023-07-06,2023-08-08,2023-08-10,150000,150000,4.153,livrée
CMD-2023-01040,DL-BB-006,F07,2023-07-06,2023-08-18,2023-08-20,36500,36500,3.872,livrée
CMD-2023-01041,DL-SO-008,F07,2023-07-06,2023-08-20,2023-08-18,25000,25000,4.816,livrée
CMD-2023-01042,DL-HY-001,F03,2023-07-06,2023-08-03,2023-08-02,17500,17500,3.368,livrée
CMD-2023-01043,DL-CA-004,F03,2023-07-06,2023-07-31,2023-07-30,37000,37000,2.845,livrée
CMD-2023-01044,DL-BB-001,F02,2023-07-06,2023-08-06,2023-08-01,66000,66000,4.046,livrée
CMD-2023-01045,DL-BB-006,F01,2023-07-07,2023-08-04,2023-08-02,10000,10000,4.009,livrée
CMD-2023-01046,DL-HY-002,F08,2023-07-07,2023-08-11,2023-08-10,75000,75000,2.395,livrée
CMD-2023-01047,DL-SV-001,F01,2023-07-07,2023-08-03,2023-07-31,45500,45500,3.136,livrée
CMD-2023-01048,DL-CA-004,F03,2023-07-07,2023-08-01,2023-08-01,24500,24500,2.894,livrée
CMD-2023-01049,DL-DE-007,F07,2023-07-07,2023-08-20,2023-08-16,20000,20000,1.744,livrée
CMD-2023-01050,DL-DE-001,F03,2023-07-07,2023-07-30,2023-08-06,34000,34000,4.146,livrée
CMD-2023-01051,DL-SV-008,F04,2023-07-07,2023-08-12,2023-08-11,149000,149000,3.206,livrée
CMD-2023-01052,DL-SV-002,F05,2023-07-07,2023-08-19,2023-08-18,60500,60500,3.911,livrée
CMD-2023-01053,DL-BB-004,F01,2023-07-10,2023-08-08,2023-08-04,27500,27500,3.743,livrée
CMD-2023-01054,DL-SV-008,F04,2023-07-10,2023-08-17,2023-08-16,67000,67000,3.079,livrée
CMD-2023-01055,DL-SO-009,F08,2023-07-10,2023-08-19,2023-08-14,46500,46500,2.985,livrée
CMD-2023-01056,DL-CA-003,F02,2023-07-10,2023-08-12,2023-08-13,31000,31000,2.233,livrée
CMD-2023-01057,DL-SV-007,F03,2023-07-10,2023-08-03,2023-07-30,25000,25000,3.787,livrée
CMD-2023-01058,DL-DE-001,F03,2023-07-10,2023-08-04,2023-08-18,150000,150000,4.566,livrée
CMD-2023-01059,DL-DE-001,F03,2023-07-10,2023-08-06,2023-08-07,74000,74000,4.293,livrée
CMD-2023-01060,DL-CA-012,F03,2023-07-10,2023-08-04,2023-08-01,65000,65000,4.252,livrée
CMD-2023-01061,DL-DE-003,F03,2023-07-10,2023-08-03,2023-08-05,51000,51000,4.396,livrée
CMD-2023-01062,DL-BB-005,F04,2023-07-10,2023-08-14,2023-09-03,109000,109000,5.188,livrée
CMD-2023-01063,DL-CA-012,F03,2023-07-10,2023-08-02,2023-08-02,76500,76500,4.365,livrée
CMD-2023-01064,DL-BB-001,F02,2023-07-11,2023-08-11,2023-08-06,28500,28500,3.902,livrée
CMD-2023-01065,DL-HY-007,F02,2023-07-11,2023-08-07,2023-08-05,33000,33000,2.916,livrée
CMD-2023-01066,DL-CA-010,F03,2023-07-11,2023-08-04,2023-08-02,27000,27000,3.779,livrée
CMD-2023-01067,DL-CA-004,F03,2023-07-11,2023-08-04,2023-07-31,12500,12500,3.056,livrée
CMD-2023-01068,DL-CA-011,F02,2023-07-11,2023-08-13,2023-08-08,26000,26000,4.114,livrée
CMD-2023-01069,DL-HY-006,F03,2023-07-11,2023-08-07,2023-08-04,53000,53000,1.801,livrée
CMD-2023-01070,DL-SV-015,F05,2023-07-11,2023-08-22,2023-08-19,67000,67000,3.352,livrée
CMD-2023-01071,DL-HY-002,F08,2023-07-11,2023-08-17,2023-08-19,78500,78500,2.162,livrée
CMD-2023-01072,DL-DE-006,F05,2023-07-12,2023-08-24,2023-08-26,32500,32500,1.96,livrée
CMD-2023-01073,DL-DE-007,F07,2023-07-12,2023-08-25,2023-08-22,90000,90000,1.869,livrée
CMD-2023-01074,DL-SV-012,F07,2023-07-12,2023-08-22,2023-08-19,50500,50500,4.208,livrée
CMD-2023-01075,DL-SO-002,F03,2023-07-12,2023-08-07,2023-08-08,57500,57500,2.607,livrée
CMD-2023-01076,DL-SV-003,F03,2023-07-12,2023-08-08,2023-08-05,54500,54500,5.314,livrée
CMD-2023-01077,DL-DE-007,F07,2023-07-12,2023-08-24,2023-08-19,23000,23000,1.94,livrée
CMD-2023-01078,DL-SV-010,F04,2023-07-12,2023-08-19,2023-08-29,92500,92500,3.018,livrée
CMD-2023-01079,DL-HY-002,F08,2023-07-12,2023-08-19,2023-08-17,29500,29500,2.414,livrée
CMD-2023-01080,DL-CA-007,F08,2023-07-12,2023-08-18,2023-08-14,128000,128000,3.555,livrée
CMD-2023-01081,DL-SO-004,F06,2023-07-12,2023-08-26,2023-08-26,150000,150000,2.826,livrée
CMD-2023-01082,DL-SV-003,F03,2023-07-12,2023-08-09,2023-08-07,43000,43000,5.005,livrée
CMD-2023-01083,DL-SO-002,F03,2023-07-13,2023-08-06,2023-08-08,27000,27000,2.834,livrée
CMD-2023-01084,DL-HY-004,F04,2023-07-13,2023-08-15,2023-08-11,29500,29500,3.75,livrée
CMD-2023-01085,DL-SV-001,F01,2023-07-13,2023-08-10,2023-08-06,14500,14500,2.879,livrée
CMD-2023-01086,DL-SV-006,F03,2023-07-13,2023-08-04,2023-07-30,54000,54000,3.012,livrée
CMD-2023-01087,DL-SO-009,F06,2023-07-13,2023-08-28,2023-08-27,16000,16000,3.166,livrée
CMD-2023-01088,DL-SV-001,F01,2023-07-13,2023-08-10,2023-08-09,16000,16000,3.037,livrée
CMD-2023-01089,DL-HY-006,F03,2023-07-13,2023-08-08,2023-08-07,34000,31800,1.776,livrée
CMD-2023-01090,DL-SV-002,F05,2023-07-14,2023-08-22,2023-08-24,30000,30000,4.113,livrée
CMD-2023-01091,DL-DE-007,F07,2023-07-14,2023-08-27,2023-08-28,13000,13000,1.811,livrée
CMD-2023-01092,DL-SV-002,F05,2023-07-14,2023-08-25,2023-08-26,42000,42000,4.293,livrée
CMD-2023-01093,DL-DE-007,F07,2023-07-14,2023-08-26,2023-08-27,19500,19500,1.913,livrée
CMD-2023-01094,DL-CA-012,F03,2023-07-14,2023-08-06,2023-08-07,109500,109500,3.933,livrée
CMD-2023-01095,DL-HY-002,F08,2023-07-14,2023-08-23,2023-08-24,18000,18000,2.397,livrée
CMD-2023-01096,DL-SV-002,F05,2023-07-14,2023-08-22,2023-08-23,137500,137500,4.247,livrée
CMD-2023-01097,DL-SV-001,F01,2023-07-14,2023-08-09,2023-08-07,101500,101500,2.888,livrée
CMD-2023-01098,DL-SV-006,F05,2023-07-14,2023-08-22,2023-08-20,68000,68000,2.919,livrée
CMD-2023-01099,DL-CA-012,F02,2023-07-17,2023-08-17,2023-08-18,25000,25000,4.271,livrée
CMD-2023-01100,DL-DE-001,F03,2023-07-17,2023-08-08,2023-08-03,14500,14500,4.2,livrée
CMD-2023-01101,DL-BB-005,F04,2023-07-17,2023-08-20,2023-08-18,27000,27000,5.104,livrée
CMD-2023-01102,DL-HY-004,F04,2023-07-17,2023-08-20,2023-08-17,74000,74000,3.688,livrée
CMD-2023-01103,DL-SV-011,F03,2023-07-17,2023-08-10,2023-08-11,63500,63500,3.032,livrée
CMD-2023-01104,DL-SO-002,F03,2023-07-17,2023-08-08,2023-08-07,61500,61500,2.545,livrée
CMD-2023-01105,DL-HY-001,F03,2023-07-17,2023-08-08,2023-08-10,13000,13000,3.034,livrée
CMD-2023-01106,DL-CA-004,F03,2023-07-17,2023-08-14,2023-08-16,55000,55000,2.927,livrée
CMD-2023-01107,DL-BB-005,F04,2023-07-17,2023-08-22,2023-08-18,56000,56000,5.224,livrée
CMD-2023-01108,DL-DE-001,F03,2023-07-17,2023-08-09,2023-08-04,34000,34000,4.321,livrée
CMD-2023-01109,DL-DE-002,F07,2023-07-17,2023-08-25,2023-09-01,25000,25000,3.503,livrée
CMD-2023-01110,DL-SO-002,F03,2023-07-18,2023-08-14,2023-08-12,72000,72000,2.83,livrée
CMD-2023-01111,DL-SO-005,F04,2023-07-18,2023-08-20,2023-08-18,42500,42500,2.803,livrée
CMD-2023-01112,DL-BB-005,F04,2023-07-18,2023-08-21,2023-08-23,58000,58000,5.161,livrée
CMD-2023-01113,DL-HY-002,F08,2023-07-18,2023-08-22,2023-08-23,43000,43000,2.352,livrée
CMD-2023-01114,DL-CA-008,F05,2023-07-18,2023-08-30,2023-09-07,57000,57000,1.598,livrée
CMD-2023-01115,DL-SV-008,F04,2023-07-18,2023-08-20,2023-08-29,45500,45500,3.138,livrée
CMD-2023-01116,DL-SV-011,F03,2023-07-18,2023-08-09,2023-08-09,57500,57500,2.899,livrée
CMD-2023-01117,DL-SV-014,F04,2023-07-18,2023-08-21,2023-08-16,28500,28500,3.881,livrée
CMD-2023-01118,DL-HY-002,F08,2023-07-18,2023-08-24,2023-08-23,43000,43000,2.284,livrée
CMD-2023-01119,DL-CA-011,F02,2023-07-18,2023-08-17,2023-08-15,48500,48500,4.278,livrée
CMD-2023-01120,DL-SV-003,F03,2023-07-18,2023-08-12,2023-08-10,84000,84000,5.361,livrée
CMD-2023-01121,DL-CA-003,F02,2023-07-18,2023-08-20,2023-08-19,87000,87000,2.446,livrée
CMD-2023-01122,DL-SV-013,F02,2023-07-18,2023-08-16,2023-08-11,70000,70000,2.932,livrée
CMD-2023-01123,DL-SO-004,F04,2023-07-18,2023-08-22,2023-08-18,16500,16500,2.83,livrée
CMD-2023-01124,DL-HY-008,F02,2023-07-18,2023-08-16,2023-08-12,39000,39000,1.55,livrée
CMD-2023-01125,DL-DE-001,F03,2023-07-19,2023-08-15,2023-08-16,41000,41000,4.328,livrée
CMD-2023-01126,DL-SV-002,F05,2023-07-19,2023-08-29,2023-08-24,57000,57000,4.143,livrée
CMD-2023-01127,DL-HY-008,F02,2023-07-19,2023-08-18,2023-08-16,29000,29000,1.472,livrée
CMD-2023-01128,DL-SO-007,F08,2023-07-19,2023-08-24,2023-08-20,59000,59000,4.906,livrée
CMD-2023-01129,DL-SV-001,F01,2023-07-19,2023-08-19,2023-08-15,27000,27000,2.983,livrée
CMD-2023-01130,DL-BB-001,F02,2023-07-19,2023-08-20,2023-08-16,114000,114000,4.079,livrée
CMD-2023-01131,DL-DE-006,F02,2023-07-19,2023-08-21,2023-08-17,58500,58500,1.928,livrée
CMD-2023-01132,DL-SV-010,F04,2023-07-20,2023-08-27,2023-09-03,51000,51000,2.966,livrée
CMD-2023-01133,DL-HY-003,F06,2023-07-20,2023-09-01,2023-08-31,49000,49000,5.618,livrée
CMD-2023-01134,DL-CA-006,F03,2023-07-20,2023-08-16,2023-08-11,10000,10000,3.018,livrée
CMD-2023-01135,DL-SV-006,F05,2023-07-20,2023-08-28,2023-08-23,21000,21000,3.087,livrée
CMD-2023-01136,DL-SO-005,F04,2023-07-20,2023-08-27,2023-08-29,51000,51000,2.584,livrée
CMD-2023-01137,DL-HY-001,F03,2023-07-20,2023-08-15,2023-08-17,120500,120500,3.253,livrée
CMD-2023-01138,DL-SV-005,F06,2023-07-20,2023-08-31,2023-09-01,69000,69000,3.466,livrée
CMD-2023-01139,DL-SO-001,F07,2023-07-20,2023-08-31,2023-08-27,150000,150000,4.069,livrée
CMD-2023-01140,DL-HY-007,F02,2023-07-20,2023-08-18,2023-08-18,24000,24000,3.026,livrée
CMD-2023-01141,DL-DE-004,F08,2023-07-21,2023-08-29,2023-08-25,49000,49000,5.449,livrée
CMD-2023-01142,DL-SV-003,F03,2023-07-21,2023-08-18,2023-08-16,33500,33500,4.789,livrée
CMD-2023-01143,DL-SV-001,F01,2023-07-21,2023-08-19,2023-08-16,17500,17500,3.054,livrée
CMD-2023-01144,DL-SV-008,F04,2023-07-21,2023-08-27,2023-08-23,36000,36000,2.936,livrée
CMD-2023-01145,DL-HY-004,F04,2023-07-21,2023-08-26,2023-08-21,98000,98000,3.753,livrée
CMD-2023-01146,DL-SO-005,F04,2023-07-21,2023-08-24,2023-08-20,48500,48500,2.776,livrée
CMD-2023-01147,DL-SV-001,F01,2023-07-21,2023-08-17,2023-08-21,31500,31500,3.19,livrée
CMD-2023-01148,DL-SV-014,F04,2023-07-21,2023-08-25,2023-08-27,28000,28000,3.84,livrée
CMD-2023-01149,DL-SV-015,F05,2023-07-24,2023-09-02,2023-09-07,20000,20000,3.097,livrée
CMD-2023-01150,DL-HY-008,F02,2023-07-24,2023-08-23,2023-08-24,41000,41000,1.623,livrée
CMD-2023-01151,DL-BB-005,F04,2023-07-24,2023-08-28,2023-08-28,58000,58000,4.954,livrée
CMD-2023-01152,DL-SV-006,F03,2023-07-24,2023-08-16,2023-08-11,58500,58500,3.111,livrée
CMD-2023-01153,DL-SV-001,F01,2023-07-24,2023-08-22,2023-08-17,48500,48500,2.984,livrée
CMD-2023-01154,DL-CA-011,F02,2023-07-24,2023-08-23,2023-08-25,74500,74500,4.101,livrée
CMD-2023-01155,DL-CA-011,F02,2023-07-24,2023-08-21,2023-08-16,19000,19000,4.174,livrée
CMD-2023-01156,DL-HY-002,F08,2023-07-25,2023-09-04,2023-09-12,62500,62500,2.208,livrée
CMD-2023-01157,DL-SV-001,F01,2023-07-25,2023-08-23,2023-08-24,48000,48000,2.82,livrée
CMD-2023-01158,DL-SV-003,F03,2023-07-25,2023-08-17,2023-08-19,66500,66500,5.027,livrée
CMD-2023-01159,DL-CA-004,F03,2023-07-25,2023-08-21,2023-08-21,22000,22000,2.879,livrée
CMD-2023-01160,DL-SO-008,F07,2023-07-25,2023-09-08,2023-09-03,16500,16500,4.451,livrée
CMD-2023-01161,DL-SO-004,F04,2023-07-25,2023-09-01,2023-08-29,26500,26500,2.596,livrée
CMD-2023-01162,DL-SV-002,F05,2023-07-25,2023-09-02,2023-08-31,59500,59500,4.123,livrée
CMD-2023-01163,DL-HY-004,F04,2023-07-26,2023-08-29,2023-08-31,69000,69000,3.812,livrée
CMD-2023-01164,DL-SO-001,F02,2023-07-26,2023-08-26,2023-08-25,86500,86500,4.298,livrée
CMD-2023-01165,DL-CA-008,F05,2023-07-26,2023-09-05,2023-09-06,50500,50500,1.549,livrée
CMD-2023-01166,DL-SV-014,F04,2023-07-26,2023-08-30,2023-08-28,84500,84500,4.314,livrée
CMD-2023-01167,DL-HY-006,F03,2023-07-26,2023-08-18,2023-08-18,130000,130000,1.719,livrée
CMD-2023-01168,DL-HY-004,F03,2023-07-26,2023-08-20,2023-08-22,22000,22000,3.997,livrée
CMD-2023-01169,DL-HY-006,F03,2023-07-26,2023-08-22,2023-08-23,30000,30000,1.768,livrée
CMD-2023-01170,DL-SV-002,F05,2023-07-26,2023-09-06,2023-09-08,51000,51000,4.022,livrée
CMD-2023-01171,DL-SV-002,F05,2023-07-26,2023-09-01,2023-08-29,51000,51000,3.889,livrée
CMD-2023-01172,DL-CA-011,F02,2023-07-26,2023-08-27,2023-08-26,21500,21500,4.15,livrée
CMD-2023-01173,DL-HY-001,F03,2023-07-26,2023-08-23,2023-08-19,18000,18000,3.179,livrée
CMD-2023-01174,DL-SO-007,F08,2023-07-26,2023-09-03,2023-08-30,41500,41500,5.1,livrée
CMD-2023-01175,DL-SO-005,F04,2023-07-27,2023-08-29,2023-08-27,25500,25500,2.891,livrée
CMD-2023-01176,DL-SO-001,F02,2023-07-27,2023-08-24,2023-08-26,39000,39000,4.432,livrée
CMD-2023-01177,DL-DE-005,F03,2023-07-27,2023-08-19,2023-08-18,12500,12500,3.082,livrée
CMD-2023-01178,DL-DE-002,F07,2023-07-27,2023-09-07,2023-09-05,133500,133500,3.528,livrée
CMD-2023-01179,DL-DE-002,F07,2023-07-28,2023-09-10,2023-09-08,42000,42000,3.569,livrée
CMD-2023-01180,DL-CA-008,F05,2023-07-28,2023-09-04,2023-09-02,24500,24500,1.468,livrée
CMD-2023-01181,DL-HY-004,F04,2023-07-31,2023-09-02,2023-08-30,16500,15400,3.728,livrée
CMD-2023-01182,DL-HY-004,F03,2023-07-31,2023-08-27,2023-08-27,41000,41000,4.012,livrée
CMD-2023-01183,DL-CA-011,F02,2023-07-31,2023-09-02,2023-09-04,72000,72000,4.32,livrée
CMD-2023-01184,DL-DE-009,F04,2023-07-31,2023-09-02,2023-09-01,51000,51000,4.121,livrée
CMD-2023-01185,DL-SO-002,F03,2023-07-31,2023-08-26,2023-08-22,36000,36000,2.533,livrée
CMD-2023-01186,DL-CA-011,F02,2023-07-31,2023-08-27,2023-08-25,10500,10500,4.546,livrée
CMD-2023-01187,DL-SV-011,F03,2023-07-31,2023-08-25,2023-08-21,84500,84500,2.86,livrée
CMD-2023-01188,DL-DE-005,F04,2023-07-31,2023-09-07,2023-09-05,50000,50000,2.9,livrée
CMD-2023-01189,DL-HY-005,F08,2023-07-31,2023-09-06,2023-09-18,74500,74500,2.986,livrée
CMD-2023-01190,DL-SO-005,F04,2023-07-31,2023-09-03,2023-09-02,52000,52000,2.741,livrée
CMD-2023-01191,DL-SO-009,F08,2023-07-31,2023-09-06,2023-09-01,53000,53000,3.205,livrée
CMD-2023-01192,DL-HY-004,F04,2023-07-31,2023-09-01,2023-09-08,10500,10500,4.005,livrée
CMD-2023-01193,DL-CA-011,F02,2023-08-01,2023-08-28,2023-08-27,45500,45500,4.391,livrée
CMD-2023-01194,DL-BB-005,F04,2023-08-01,2023-09-04,2023-09-08,75500,75500,5.189,livrée
CMD-2023-01195,DL-HY-005,F02,2023-08-01,2023-09-01,2023-08-30,37500,37500,3.155,livrée
CMD-2023-01196,DL-BB-006,F01,2023-08-01,2023-08-30,2023-08-26,33500,33500,3.964,livrée
CMD-2023-01197,DL-DE-009,F04,2023-08-01,2023-09-04,2023-09-13,62500,62500,4.204,livrée
CMD-2023-01198,DL-HY-005,F08,2023-08-01,2023-09-10,2023-09-17,60500,60500,3.045,livrée
CMD-2023-01199,DL-SV-010,F04,2023-08-01,2023-09-08,2023-09-05,17500,17500,2.767,livrée
CMD-2023-01200,DL-SV-006,F03,2023-08-01,2023-08-24,2023-08-22,12000,12000,2.882,livrée
CMD-2023-01201,DL-HY-009,F08,2023-08-02,2023-09-08,2023-09-07,87500,87500,2.265,livrée
CMD-2023-01202,DL-SV-013,F02,2023-08-02,2023-09-04,2023-09-03,53500,53500,2.995,livrée
CMD-2023-01203,DL-DE-001,F03,2023-08-02,2023-08-27,2023-08-29,39500,39500,4.624,livrée
CMD-2023-01204,DL-CA-004,F03,2023-08-02,2023-08-28,2023-08-28,29500,29500,3.036,livrée
CMD-2023-01205,DL-SV-002,F05,2023-08-02,2023-09-10,2023-09-20,108000,108000,3.849,livrée
CMD-2023-01206,DL-CA-004,F03,2023-08-02,2023-08-26,2023-08-26,146500,146500,2.969,livrée
CMD-2023-01207,DL-SV-009,F02,2023-08-02,2023-08-29,2023-08-28,37000,37000,3.623,livrée
CMD-2023-01208,DL-DE-002,F07,2023-08-03,2023-09-16,2023-09-17,150000,150000,3.377,livrée
CMD-2023-01209,DL-SV-002,F05,2023-08-03,2023-09-09,2023-09-04,31500,31500,3.886,livrée
CMD-2023-01210,DL-SV-005,F06,2023-08-03,2023-09-16,2023-09-14,148000,148000,3.277,livrée
CMD-2023-01211,DL-DE-001,F03,2023-08-03,2023-08-31,2023-09-01,12500,12500,4.631,livrée
CMD-2023-01212,DL-HY-006,F03,2023-08-03,2023-08-25,2023-08-25,11500,11500,1.937,livrée
CMD-2023-01213,DL-HY-005,F08,2023-08-03,2023-09-11,2023-09-18,79000,79000,3.238,livrée
CMD-2023-01214,DL-CA-010,F03,2023-08-03,2023-08-28,2023-08-23,52500,52500,3.857,livrée
CMD-2023-01215,DL-SV-006,F05,2023-08-04,2023-09-15,2023-09-15,36000,36000,3.239,livrée
CMD-2023-01216,DL-CA-012,F03,2023-08-04,2023-08-28,2023-08-24,94000,94000,4.261,livrée
CMD-2023-01217,DL-HY-008,F02,2023-08-04,2023-08-31,2023-09-14,21500,21500,1.579,livrée
CMD-2023-01218,DL-HY-006,F03,2023-08-04,2023-08-31,2023-08-27,26500,26500,1.871,livrée
CMD-2023-01219,DL-SV-001,F01,2023-08-04,2023-09-01,2023-09-01,26000,26000,3.16,livrée
CMD-2023-01220,DL-CA-008,F05,2023-08-04,2023-09-15,2023-09-15,74500,74500,1.651,livrée
CMD-2023-01221,DL-DE-007,F07,2023-08-07,2023-09-15,2023-09-14,21000,19100,1.868,livrée
CMD-2023-01222,DL-BB-004,F01,2023-08-07,2023-09-07,2023-09-02,58500,58500,3.633,livrée
CMD-2023-01223,DL-SO-004,F06,2023-08-07,2023-09-19,2023-09-16,17500,17500,2.799,livrée
CMD-2023-01224,DL-BB-006,F07,2023-08-08,2023-09-16,2023-09-30,29000,29000,4.096,livrée
CMD-2023-01225,DL-SO-005,F04,2023-08-08,2023-09-15,2023-09-14,28000,28000,2.885,livrée
CMD-2023-01226,DL-CA-006,F03,2023-08-08,2023-09-05,2023-09-18,39500,39500,3.007,livrée
CMD-2023-01227,DL-DE-005,F03,2023-08-08,2023-09-03,2023-08-29,68000,68000,3.088,livrée
CMD-2023-01228,DL-SV-003,F03,2023-08-08,2023-09-01,2023-08-31,41500,41500,5.317,livrée
CMD-2023-01229,DL-BB-004,F01,2023-08-08,2023-09-05,2023-09-03,140000,140000,3.776,livrée
CMD-2023-01230,DL-SV-006,F05,2023-08-08,2023-09-14,2023-09-09,45000,45000,3.187,livrée
CMD-2023-01231,DL-CA-006,F03,2023-08-08,2023-09-05,2023-09-07,13500,13500,2.751,livrée
CMD-2023-01232,DL-HY-002,F08,2023-08-08,2023-09-14,2023-09-23,27500,27500,2.302,livrée
CMD-2023-01233,DL-CA-006,F03,2023-08-08,2023-08-30,2023-08-29,132500,132500,2.802,livrée
CMD-2023-01234,DL-BB-005,F04,2023-08-08,2023-09-10,2023-09-07,20000,20000,4.997,livrée
CMD-2023-01235,DL-SV-014,F04,2023-08-08,2023-09-14,2023-09-10,95500,81300,3.924,livrée
CMD-2023-01236,DL-BB-005,F04,2023-08-08,2023-09-14,2023-09-15,36000,36000,5.195,livrée
CMD-2023-01237,DL-CA-003,F04,2023-08-08,2023-09-13,2023-09-08,15000,15000,2.361,livrée
CMD-2023-01238,DL-SV-008,F04,2023-08-09,2023-09-12,2023-09-07,10000,10000,3.156,livrée
CMD-2023-01239,DL-SV-001,F01,2023-08-09,2023-09-04,2023-09-02,21500,21500,3.018,livrée
CMD-2023-01240,DL-HY-005,F08,2023-08-09,2023-09-14,2023-09-14,42000,42000,3.324,livrée
CMD-2023-01241,DL-SV-001,F01,2023-08-09,2023-09-09,2023-09-09,30500,30500,2.877,livrée
CMD-2023-01242,DL-SV-007,F03,2023-08-09,2023-09-03,2023-09-02,62000,62000,3.933,livrée
CMD-2023-01243,DL-CA-006,F03,2023-08-09,2023-09-03,2023-08-30,35000,35000,2.922,livrée
CMD-2023-01244,DL-CA-008,F05,2023-08-09,2023-09-19,2023-09-30,49000,49000,1.47,livrée
CMD-2023-01245,DL-HY-003,F06,2023-08-09,2023-09-22,2023-09-24,70500,70500,5.399,livrée
CMD-2023-01246,DL-SO-005,F04,2023-08-10,2023-09-16,2023-09-17,33500,33500,2.59,livrée
CMD-2023-01247,DL-HY-002,F08,2023-08-10,2023-09-16,2023-09-14,149500,149500,2.164,livrée
CMD-2023-01248,DL-DE-001,F03,2023-08-10,2023-09-03,2023-09-01,70000,70000,4.571,livrée
CMD-2023-01249,DL-HY-004,F04,2023-08-10,2023-09-16,2023-09-12,21000,17900,3.901,livrée
CMD-2023-01250,DL-HY-002,F08,2023-08-10,2023-09-15,2023-09-13,42000,39000,2.311,livrée
CMD-2023-01251,DL-SV-001,F01,2023-08-11,2023-09-11,2023-09-08,34500,34500,3.08,livrée
CMD-2023-01252,DL-DE-004,F08,2023-08-11,2023-09-18,2023-09-17,25000,25000,5.294,livrée
CMD-2023-01253,DL-SO-009,F06,2023-08-11,2023-09-23,2023-09-23,30500,30500,3.139,livrée
CMD-2023-01254,DL-SO-001,F07,2023-08-11,2023-09-19,2023-09-20,43500,43500,4.068,livrée
CMD-2023-01255,DL-SO-005,F04,2023-08-11,2023-09-17,2023-09-13,10000,9400,2.71,livrée
CMD-2023-01256,DL-BB-003,F05,2023-08-11,2023-09-22,2023-09-18,37500,37500,4.118,livrée
CMD-2023-01257,DL-SV-010,F04,2023-08-11,2023-09-14,2023-09-12,36000,36000,2.951,livrée
CMD-2023-01258,DL-DE-004,F01,2023-08-11,2023-09-10,2023-09-08,27500,27500,5.131,livrée
CMD-2023-01259,DL-BB-001,F02,2023-08-14,2023-09-16,2023-09-11,85000,85000,4.179,livrée
CMD-2023-01260,DL-HY-006,F03,2023-08-14,2023-09-07,2023-09-04,30500,30500,1.854,livrée
CMD-2023-01261,DL-DE-002,F07,2023-08-14,2023-09-22,2023-09-18,95000,95000,3.495,livrée
CMD-2023-01262,DL-SV-015,F05,2023-08-14,2023-09-25,2023-09-24,52500,52500,3.438,livrée
CMD-2023-01263,DL-SV-002,F05,2023-08-14,2023-09-26,2023-09-26,65000,65000,3.872,livrée
CMD-2023-01264,DL-SO-005,F04,2023-08-14,2023-09-18,2023-09-15,29500,29500,2.847,livrée
CMD-2023-01265,DL-SV-002,F05,2023-08-14,2023-09-21,2023-09-21,33000,33000,4.305,livrée
CMD-2023-01266,DL-SO-003,F04,2023-08-14,2023-09-21,2023-09-17,27500,27500,3.501,livrée
CMD-2023-01267,DL-SV-002,F05,2023-08-14,2023-09-23,2023-09-24,54000,54000,3.909,livrée
CMD-2023-01268,DL-CA-011,F02,2023-08-14,2023-09-13,2023-09-15,17500,17500,4.249,livrée
CMD-2023-01269,DL-HY-001,F03,2023-08-14,2023-09-10,2023-09-10,99000,99000,2.995,livrée
CMD-2023-01270,DL-SO-005,F04,2023-08-15,2023-09-17,2023-09-14,40500,40500,2.849,livrée
CMD-2023-01271,DL-BB-005,F04,2023-08-15,2023-09-21,2023-09-22,95000,95000,4.78,livrée
CMD-2023-01272,DL-DE-002,F07,2023-08-15,2023-09-26,2023-09-22,50500,50500,3.531,livrée
CMD-2023-01273,DL-SV-002,F05,2023-08-15,2023-09-27,2023-10-15,86000,86000,4.049,livrée
CMD-2023-01274,DL-SV-001,F06,2023-08-16,2023-10-03,2023-10-02,54000,54000,3.187,livrée
CMD-2023-01275,DL-SV-002,F05,2023-08-16,2023-09-26,2023-09-27,43000,43000,4.057,livrée
CMD-2023-01276,DL-SV-012,F07,2023-08-16,2023-09-28,2023-09-25,39500,39500,4.023,livrée
CMD-2023-01277,DL-DE-006,F05,2023-08-16,2023-09-26,2023-09-27,50500,50500,1.906,livrée
CMD-2023-01278,DL-SV-006,F05,2023-08-16,2023-09-25,2023-09-21,62000,62000,2.921,livrée
CMD-2023-01279,DL-CA-004,F03,2023-08-16,2023-09-11,2023-09-12,21500,19300,2.841,livrée
CMD-2023-01280,DL-HY-002,F08,2023-08-17,2023-09-27,2023-09-25,19500,19500,2.386,livrée
CMD-2023-01281,DL-BB-005,F04,2023-08-17,2023-09-24,2023-09-25,59000,59000,5.062,livrée
CMD-2023-01282,DL-DE-001,F03,2023-08-17,2023-09-14,2023-09-12,117500,117500,4.256,livrée
CMD-2023-01283,DL-SV-002,F05,2023-08-17,2023-09-29,2023-09-30,46000,46000,4.042,livrée
CMD-2023-01284,DL-HY-004,F03,2023-08-17,2023-09-08,2023-09-05,58000,58000,3.934,livrée
CMD-2023-01285,DL-BB-005,F04,2023-08-18,2023-09-25,2023-09-27,31000,26400,4.938,livrée
CMD-2023-01286,DL-BB-001,F02,2023-08-18,2023-09-15,2023-09-11,74500,74500,3.87,livrée
CMD-2023-01287,DL-SO-002,F03,2023-08-18,2023-09-14,2023-09-11,98000,98000,2.694,livrée
CMD-2023-01288,DL-CA-003,F04,2023-08-18,2023-09-19,2023-09-19,33000,33000,2.502,livrée
CMD-2023-01289,DL-DE-007,F07,2023-08-18,2023-09-27,2023-09-26,57000,57000,1.787,livrée
CMD-2023-01290,DL-HY-001,F03,2023-08-18,2023-09-13,2023-09-10,69000,69000,3.386,livrée
CMD-2023-01291,DL-DE-002,F07,2023-08-18,2023-09-29,2023-09-29,60000,60000,3.664,livrée
CMD-2023-01292,DL-SV-002,F05,2023-08-21,2023-10-01,2023-09-29,32500,32500,3.924,livrée
CMD-2023-01293,DL-SV-006,F03,2023-08-21,2023-09-12,2023-09-13,13500,13500,2.956,livrée
CMD-2023-01294,DL-CA-012,F02,2023-08-21,2023-09-21,2023-09-22,87000,87000,4.387,livrée
CMD-2023-01295,DL-SO-009,F08,2023-08-21,2023-09-27,2023-10-04,39500,39500,3.222,livrée
CMD-2023-01296,DL-HY-004,F04,2023-08-21,2023-09-24,2023-09-25,38000,38000,3.856,livrée
CMD-2023-01297,DL-HY-001,F03,2023-08-22,2023-09-16,2023-09-15,21500,21500,3.334,livrée
CMD-2023-01298,DL-SV-001,F01,2023-08-22,2023-09-17,2023-09-13,11500,11500,3.114,livrée
CMD-2023-01299,DL-SV-010,F04,2023-08-22,2023-09-26,2023-09-22,13000,13000,3.097,livrée
CMD-2023-01300,DL-SV-009,F02,2023-08-22,2023-09-19,2023-09-15,20500,20500,3.514,livrée
CMD-2023-01301,DL-CA-001,F02,2023-08-22,2023-09-19,2023-09-19,114000,114000,5.02,livrée
CMD-2023-01302,DL-SV-011,F07,2023-08-22,2023-10-02,2023-10-03,34500,34500,2.821,livrée
CMD-2023-01303,DL-BB-006,F01,2023-08-22,2023-09-21,2023-09-19,40500,40500,4.109,livrée
CMD-2023-01304,DL-HY-009,F08,2023-08-23,2023-09-27,2023-09-23,18000,18000,2.541,livrée
CMD-2023-01305,DL-SV-008,F04,2023-08-23,2023-09-29,2023-09-29,105000,105000,3.108,livrée
CMD-2023-01306,DL-CA-012,F03,2023-08-23,2023-09-20,2023-09-15,33500,33500,4.32,livrée
CMD-2023-01307,DL-DE-008,F06,2023-08-23,2023-10-10,2023-10-05,48000,48000,3.487,livrée
CMD-2023-01308,DL-HY-004,F04,2023-08-23,2023-09-30,2023-09-25,131000,131000,3.687,livrée
CMD-2023-01309,DL-SV-001,F06,2023-08-23,2023-10-09,2023-10-21,25500,25500,3.068,livrée
CMD-2023-01310,DL-SV-011,F03,2023-08-23,2023-09-19,2023-09-19,42500,42500,2.845,livrée
CMD-2023-01311,DL-DE-007,F07,2023-08-23,2023-10-05,2023-10-03,150000,150000,1.77,livrée
CMD-2023-01312,DL-SO-003,F04,2023-08-24,2023-09-26,2023-09-23,30000,30000,3.294,livrée
CMD-2023-01313,DL-BB-005,F04,2023-08-24,2023-09-28,2023-09-27,42000,42000,5.065,livrée
CMD-2023-01314,DL-CA-007,F08,2023-08-24,2023-10-01,2023-10-03,150000,150000,3.35,livrée
CMD-2023-01315,DL-SV-007,F03,2023-08-24,2023-09-16,2023-09-11,39500,39500,3.83,livrée
CMD-2023-01316,DL-SV-001,F01,2023-08-24,2023-09-18,2023-09-13,27000,27000,2.97,livrée
CMD-2023-01317,DL-HY-002,F08,2023-08-24,2023-09-28,2023-09-30,46000,46000,2.419,livrée
CMD-2023-01318,DL-CA-012,F03,2023-08-24,2023-09-19,2023-09-15,90500,90500,3.889,livrée
CMD-2023-01319,DL-SV-002,F05,2023-08-25,2023-10-05,2023-10-06,29000,29000,4.13,livrée
CMD-2023-01320,DL-DE-008,F06,2023-08-25,2023-10-11,2023-10-11,63500,63500,3.188,livrée
CMD-2023-01321,DL-SV-013,F02,2023-08-25,2023-09-23,2023-09-23,37500,37500,2.95,livrée
CMD-2023-01322,DL-CA-008,F05,2023-08-25,2023-10-04,2023-10-02,36500,36500,1.575,livrée
CMD-2023-01323,DL-SV-010,F04,2023-08-25,2023-09-27,2023-09-23,27500,27500,3.095,livrée
CMD-2023-01324,DL-DE-008,F06,2023-08-25,2023-10-11,2023-10-07,74500,74500,3.364,livrée
CMD-2023-01325,DL-HY-007,F02,2023-08-25,2023-09-21,2023-09-23,45500,45500,2.813,livrée
CMD-2023-01326,DL-SV-001,F01,2023-08-25,2023-09-20,2023-09-15,95500,95500,2.845,livrée
CMD-2023-01327,DL-SO-005,F04,2023-08-25,2023-09-27,2023-10-10,36000,36000,2.667,livrée
CMD-2023-01328,DL-SV-001,F06,2023-08-28,2023-10-12,2023-10-09,47000,47000,3.184,livrée
CMD-2023-01329,DL-DE-005,F03,2023-08-28,2023-09-20,2023-09-15,46000,46000,3.104,livrée
CMD-2023-01330,DL-DE-008,F06,2023-08-28,2023-10-09,2023-10-10,39500,39500,3.492,livrée
CMD-2023-01331,DL-DE-002,F07,2023-08-28,2023-10-08,2023-10-07,33000,33000,3.366,livrée
CMD-2023-01332,DL-SV-001,F01,2023-08-28,2023-09-24,2023-09-23,42000,42000,3.147,livrée
CMD-2023-01333,DL-HY-003,F06,2023-08-28,2023-10-15,2023-10-13,43500,43500,5.385,livrée
CMD-2023-01334,DL-DE-002,F07,2023-08-28,2023-10-09,2023-10-06,13000,13000,3.422,livrée
CMD-2023-01335,DL-BB-005,F04,2023-08-28,2023-10-03,2023-09-30,100500,100500,5.191,livrée
CMD-2023-01336,DL-SO-002,F03,2023-08-28,2023-09-23,2023-09-25,43500,43500,2.725,livrée
CMD-2023-01337,DL-DE-008,F06,2023-08-28,2023-10-15,2023-10-13,36500,36500,3.259,livrée
CMD-2023-01338,DL-CA-003,F02,2023-08-28,2023-09-25,2023-09-26,20500,20500,2.471,livrée
CMD-2023-01339,DL-BB-005,F04,2023-08-28,2023-10-04,2023-10-16,29500,29500,5.057,livrée
CMD-2023-01340,DL-BB-003,F05,2023-08-28,2023-10-05,2023-10-06,13500,12600,4.266,livrée
CMD-2023-01341,DL-DE-001,F03,2023-08-29,2023-09-24,2023-09-23,40500,40500,4.403,livrée
CMD-2023-01342,DL-SV-001,F01,2023-08-29,2023-09-25,2023-09-26,47000,47000,2.843,livrée
CMD-2023-01343,DL-SO-001,F02,2023-08-29,2023-09-26,2023-09-27,46500,46500,4.282,livrée
CMD-2023-01344,DL-SV-003,F03,2023-08-29,2023-09-24,2023-09-29,59000,59000,5.26,livrée
CMD-2023-01345,DL-SV-001,F06,2023-08-29,2023-10-16,2023-10-14,34000,32500,2.955,livrée
CMD-2023-01346,DL-DE-001,F03,2023-08-29,2023-09-21,2023-09-22,32500,31200,4.295,livrée
CMD-2023-01347,DL-CA-012,F02,2023-08-29,2023-09-30,2023-09-26,19500,19500,4.16,livrée
CMD-2023-01348,DL-BB-004,F07,2023-08-29,2023-10-13,2023-10-11,32500,32500,4.041,livrée
CMD-2023-01349,DL-CA-008,F05,2023-08-29,2023-10-06,2023-10-08,59000,59000,1.517,livrée
CMD-2023-01350,DL-CA-010,F03,2023-08-30,2023-09-27,2023-09-25,21500,21500,3.876,livrée
CMD-2023-01351,DL-HY-001,F03,2023-08-30,2023-09-21,2023-09-18,64500,64500,3.29,livrée
CMD-2023-01352,DL-HY-001,F03,2023-08-30,2023-09-21,2023-09-20,18000,18000,3.379,livrée
CMD-2023-01353,DL-SV-006,F03,2023-08-30,2023-09-24,2023-09-22,31500,31500,2.935,livrée
CMD-2023-01354,DL-CA-011,F02,2023-08-30,2023-09-28,2023-09-25,30000,30000,4.615,livrée
CMD-2023-01355,DL-SV-003,F03,2023-08-30,2023-09-26,2023-09-26,52500,52500,5.388,livrée
CMD-2023-01356,DL-DE-001,F03,2023-08-30,2023-09-25,2023-09-22,86500,86500,4.619,livrée
CMD-2023-01357,DL-HY-005,F02,2023-08-30,2023-09-26,2023-09-24,40000,40000,3.183,livrée
CMD-2023-01358,DL-SV-004,F08,2023-08-31,2023-10-07,2023-10-09,28000,28000,2.341,livrée
CMD-2023-01359,DL-SV-004,F08,2023-08-31,2023-10-11,2023-10-09,30500,30500,2.354,livrée
CMD-2023-01360,DL-CA-004,F03,2023-08-31,2023-09-24,2023-09-25,39000,39000,2.925,livrée
CMD-2023-01361,DL-DE-004,F08,2023-08-31,2023-10-09,2023-10-10,19500,19500,5.296,livrée
CMD-2023-01362,DL-CA-006,F03,2023-08-31,2023-09-22,2023-09-21,126000,126000,2.974,livrée
CMD-2023-01363,DL-SV-001,F01,2023-08-31,2023-10-01,2023-10-01,43500,43500,3.019,livrée
CMD-2023-01364,DL-HY-004,F03,2023-08-31,2023-09-22,2023-09-18,34000,34000,4.066,livrée
CMD-2023-01365,DL-SV-002,F05,2023-08-31,2023-10-13,2023-10-13,66000,66000,3.859,livrée
CMD-2023-01366,DL-HY-009,F08,2023-08-31,2023-10-08,2023-10-06,47000,47000,2.546,livrée
CMD-2023-01367,DL-SV-002,F05,2023-09-01,2023-10-09,2023-10-11,20500,20500,4.012,livrée
CMD-2023-01368,DL-HY-008,F03,2023-09-01,2023-09-25,2023-09-24,22000,22000,1.475,livrée
CMD-2023-01369,DL-DE-001,F03,2023-09-01,2023-09-29,2023-09-28,21000,21000,4.439,livrée
CMD-2023-01370,DL-SV-002,F05,2023-09-01,2023-10-14,2023-10-11,33500,33500,3.928,livrée
CMD-2023-01371,DL-SV-006,F03,2023-09-01,2023-09-24,2023-09-23,150000,150000,3.201,livrée
CMD-2023-01372,DL-DE-007,F07,2023-09-01,2023-10-12,2023-10-20,59000,59000,1.757,livrée
CMD-2023-01373,DL-SV-001,F01,2023-09-01,2023-10-01,2023-09-29,20500,20500,3.17,livrée
CMD-2023-01374,DL-CA-004,F03,2023-09-01,2023-09-26,2023-09-27,26500,26500,3.139,livrée
CMD-2023-01375,DL-SO-005,F04,2023-09-01,2023-10-04,2023-09-30,37000,37000,2.787,livrée
CMD-2023-01376,DL-SO-001,F07,2023-09-01,2023-10-10,2023-10-12,39500,39500,4.087,livrée
CMD-2023-01377,DL-DE-001,F03,2023-09-01,2023-09-27,2023-09-26,40500,40500,4.534,livrée
CMD-2023-01378,DL-CA-003,F02,2023-09-01,2023-10-03,2023-09-29,10000,10000,2.526,livrée
CMD-2023-01379,DL-DE-009,F04,2023-09-01,2023-10-07,2023-10-08,104500,104500,3.982,livrée
CMD-2023-01380,DL-HY-001,F03,2023-09-01,2023-09-27,2023-09-29,35000,35000,3.008,livrée
CMD-2023-01381,DL-CA-010,F03,2023-09-04,2023-09-27,2023-09-23,33500,33500,4.065,livrée
CMD-2023-01382,DL-SV-002,F05,2023-09-04,2023-10-14,2023-10-10,27000,27000,4.277,livrée
CMD-2023-01383,DL-SV-003,F03,2023-09-04,2023-09-29,2023-09-28,38500,38500,5.323,livrée
CMD-2023-01384,DL-CA-006,F03,2023-09-04,2023-09-27,2023-10-04,91500,91500,2.805,livrée
CMD-2023-01385,DL-DE-004,F08,2023-09-04,2023-10-12,2023-10-08,36500,36500,5.055,livrée
CMD-2023-01386,DL-DE-009,F04,2023-09-04,2023-10-08,2023-10-07,29000,29000,4.184,livrée
CMD-2023-01387,DL-HY-004,F04,2023-09-04,2023-10-10,2023-10-05,26000,26000,3.741,livrée
CMD-2023-01388,DL-HY-006,F03,2023-09-04,2023-09-29,2023-10-01,41500,41500,1.716,livrée
CMD-2023-01389,DL-CA-003,F02,2023-09-04,2023-10-06,2023-10-02,44500,44500,2.353,livrée
CMD-2023-01390,DL-DE-007,F07,2023-09-04,2023-10-17,2023-10-17,36500,36500,1.832,livrée
CMD-2023-01391,DL-BB-003,F05,2023-09-05,2023-10-18,2023-10-14,89000,89000,4.185,livrée
CMD-2023-01392,DL-DE-002,F07,2023-09-05,2023-10-16,2023-10-18,50500,50500,3.429,livrée
CMD-2023-01393,DL-CA-011,F02,2023-09-05,2023-10-03,2023-09-30,36000,36000,4.137,livrée
CMD-2023-01394,DL-DE-008,F06,2023-09-05,2023-10-22,2023-10-19,31000,31000,3.175,livrée
CMD-2023-01395,DL-HY-003,F06,2023-09-05,2023-10-18,2023-10-17,13000,13000,5.834,livrée
CMD-2023-01396,DL-HY-001,F03,2023-09-05,2023-09-28,2023-09-27,16000,16000,3.172,livrée
CMD-2023-01397,DL-CA-003,F04,2023-09-06,2023-10-11,2023-10-06,74000,74000,2.442,livrée
CMD-2023-01398,DL-SV-003,F03,2023-09-06,2023-10-04,2023-09-29,20500,20500,4.978,livrée
CMD-2023-01399,DL-SO-004,F06,2023-09-06,2023-10-19,2023-10-21,130500,130500,2.933,livrée
CMD-2023-01400,DL-HY-002,F08,2023-09-06,2023-10-16,2023-10-11,63000,63000,2.265,livrée
CMD-2023-01401,DL-DE-002,F07,2023-09-06,2023-10-18,2023-10-20,37500,37500,3.563,livrée
CMD-2023-01402,DL-BB-001,F02,2023-09-07,2023-10-07,2023-10-03,25500,25500,3.941,livrée
CMD-2023-01403,DL-SV-002,F05,2023-09-07,2023-10-16,2023-10-11,10000,10000,4.23,livrée
CMD-2023-01404,DL-DE-001,F03,2023-09-07,2023-10-01,2023-10-05,28500,28500,4.392,livrée
CMD-2023-01405,DL-SV-010,F04,2023-09-07,2023-10-11,2023-10-09,65500,65500,2.792,livrée
CMD-2023-01406,DL-SV-015,F05,2023-09-07,2023-10-16,2023-10-18,59500,59500,3.355,livrée
CMD-2023-01407,DL-HY-006,F03,2023-09-07,2023-09-30,2023-10-02,143000,143000,1.887,livrée
CMD-2023-01408,DL-SO-004,F06,2023-09-07,2023-10-20,2023-10-21,46500,46500,2.762,livrée
CMD-2023-01409,DL-SO-001,F02,2023-09-07,2023-10-10,2023-10-07,26000,26000,4.149,livrée
CMD-2023-01410,DL-SV-006,F03,2023-09-08,2023-10-03,2023-10-01,58000,58000,2.967,livrée
CMD-2023-01411,DL-DE-007,F07,2023-09-08,2023-10-22,2023-10-19,22500,22500,1.802,livrée
CMD-2023-01412,DL-SO-002,F03,2023-09-08,2023-10-06,2023-10-04,44000,44000,2.647,livrée
CMD-2023-01413,DL-SV-015,F05,2023-09-08,2023-10-15,2023-10-16,33000,28300,3.199,livrée
CMD-2023-01414,DL-HY-003,F06,2023-09-08,2023-10-24,2023-10-23,33000,33000,5.536,livrée
CMD-2023-01415,DL-SV-002,F05,2023-09-08,2023-10-18,2023-11-02,45000,45000,3.968,livrée
CMD-2023-01416,DL-HY-007,F02,2023-09-08,2023-10-09,2023-10-08,39000,39000,2.999,livrée
CMD-2023-01417,DL-SO-005,F04,2023-09-08,2023-10-16,2023-10-17,37500,37500,2.702,livrée
CMD-2023-01418,DL-CA-004,F03,2023-09-08,2023-10-03,2023-10-08,64000,64000,2.877,livrée
CMD-2023-01419,DL-CA-001,F02,2023-09-11,2023-10-08,2023-10-04,18500,18500,5.501,livrée
CMD-2023-01420,DL-HY-004,F04,2023-09-11,2023-10-13,2023-10-13,68500,68500,4.005,livrée
CMD-2023-01421,DL-SV-007,F03,2023-09-11,2023-10-08,2023-10-05,88000,88000,4.227,livrée
CMD-2023-01422,DL-HY-002,F08,2023-09-11,2023-10-20,2023-10-25,25000,25000,2.132,livrée
CMD-2023-01423,DL-DE-001,F03,2023-09-11,2023-10-03,2023-09-28,75000,75000,4.284,livrée
CMD-2023-01424,DL-DE-008,F06,2023-09-11,2023-10-24,2023-10-22,121000,121000,3.456,livrée
CMD-2023-01425,DL-SO-009,F08,2023-09-11,2023-10-22,2023-10-18,26000,26000,3.177,livrée
CMD-2023-01426,DL-SO-002,F03,2023-09-11,2023-10-08,2023-10-08,100000,88600,2.625,livrée
CMD-2023-01427,DL-BB-006,F07,2023-09-11,2023-10-23,2023-10-19,32500,32500,4.257,livrée
CMD-2023-01428,DL-SV-006,F03,2023-09-11,2023-10-05,2023-10-05,79000,79000,2.989,livrée
CMD-2023-01429,DL-SV-002,F05,2023-09-11,2023-10-24,2023-10-20,28000,28000,3.933,livrée
CMD-2023-01430,DL-DE-004,F08,2023-09-12,2023-10-23,2023-10-24,37500,37500,5.553,livrée
CMD-2023-01431,DL-SO-005,F04,2023-09-12,2023-10-14,2023-10-14,150000,150000,2.82,livrée
CMD-2023-01432,DL-HY-001,F03,2023-09-12,2023-10-05,2023-10-07,77000,77000,3.288,livrée
CMD-2023-01433,DL-BB-005,F04,2023-09-12,2023-10-16,2023-10-12,30000,30000,5.066,livrée
CMD-2023-01434,DL-DE-006,F05,2023-09-12,2023-10-22,2023-10-19,112500,112500,2.081,livrée
CMD-2023-01435,DL-CA-007,F07,2023-09-12,2023-10-24,2023-10-31,23500,23500,3.768,livrée
CMD-2023-01436,DL-SV-001,F01,2023-09-12,2023-10-12,2023-10-13,25000,25000,3.117,livrée
CMD-2023-01437,DL-HY-004,F04,2023-09-12,2023-10-20,2023-10-21,133500,133500,4.057,livrée
CMD-2023-01438,DL-DE-007,F07,2023-09-12,2023-10-27,2023-10-24,41000,41000,1.779,livrée
CMD-2023-01439,DL-SV-014,F04,2023-09-12,2023-10-19,2023-10-16,44000,44000,3.849,livrée
CMD-2023-01440,DL-DE-001,F03,2023-09-13,2023-10-10,2023-10-09,18000,18000,4.541,livrée
CMD-2023-01441,DL-DE-007,F07,2023-09-13,2023-10-25,2023-10-20,16500,16500,1.85,livrée
CMD-2023-01442,DL-SV-001,F01,2023-09-13,2023-10-08,2023-10-08,36000,36000,3.183,livrée
CMD-2023-01443,DL-DE-007,F07,2023-09-13,2023-10-24,2023-10-21,14500,14500,1.776,livrée
CMD-2023-01444,DL-SO-008,F07,2023-09-13,2023-10-23,2023-10-20,43500,43500,4.968,livrée
CMD-2023-01445,DL-DE-005,F03,2023-09-13,2023-10-07,2023-10-08,46000,46000,2.776,livrée
CMD-2023-01446,DL-CA-004,F03,2023-09-14,2023-10-10,2023-10-10,85500,85500,3.109,livrée
CMD-2023-01447,DL-HY-008,F03,2023-09-14,2023-10-10,2023-10-07,22500,22500,1.499,livrée
CMD-2023-01448,DL-SO-003,F04,2023-09-14,2023-10-22,2023-10-17,43000,43000,3.406,livrée
CMD-2023-01449,DL-SO-004,F06,2023-09-14,2023-10-30,2023-10-29,26000,26000,2.917,livrée
CMD-2023-01450,DL-DE-001,F03,2023-09-15,2023-10-11,2023-10-11,35000,35000,4.485,livrée
CMD-2023-01451,DL-SV-002,F05,2023-09-15,2023-10-26,2023-11-12,46000,46000,4.33,livrée
CMD-2023-01452,DL-SV-010,F04,2023-09-15,2023-10-22,2023-10-22,58000,58000,2.846,livrée
CMD-2023-01453,DL-DE-004,F08,2023-09-15,2023-10-20,2023-10-19,28500,28500,5.197,livrée
CMD-2023-01454,DL-DE-001,F03,2023-09-15,2023-10-07,2023-10-04,38500,38500,4.389,livrée
CMD-2023-01455,DL-HY-006,F03,2023-09-15,2023-10-10,2023-10-24,47500,47500,1.85,livrée
CMD-2023-01456,DL-SV-010,F04,2023-09-15,2023-10-22,2023-10-17,50500,50500,2.901,livrée
CMD-2023-01457,DL-SV-002,F05,2023-09-15,2023-10-28,2023-10-30,33000,33000,3.917,livrée
CMD-2023-01458,DL-SO-001,F07,2023-09-15,2023-10-27,2023-10-23,44500,44500,4.011,livrée
CMD-2023-01459,DL-SO-002,F03,2023-09-15,2023-10-13,2023-10-13,71000,71000,2.635,livrée
CMD-2023-01460,DL-SV-002,F05,2023-09-15,2023-10-25,2023-11-04,57500,57500,4.067,livrée
CMD-2023-01461,DL-CA-003,F02,2023-09-15,2023-10-12,2023-10-08,42000,42000,2.502,livrée
CMD-2023-01462,DL-SV-007,F03,2023-09-15,2023-10-13,2023-10-12,33000,33000,4.282,livrée
CMD-2023-01463,DL-HY-001,F03,2023-09-18,2023-10-14,2023-10-11,55500,55500,3.283,livrée
CMD-2023-01464,DL-SV-001,F01,2023-09-18,2023-10-18,2023-10-16,22500,22500,3.163,livrée
CMD-2023-01465,DL-SV-002,F05,2023-09-18,2023-10-29,2023-10-25,150000,150000,4.072,livrée
CMD-2023-01466,DL-DE-002,F07,2023-09-18,2023-10-27,2023-10-25,25000,25000,3.664,livrée
CMD-2023-01467,DL-DE-001,F03,2023-09-18,2023-10-10,2023-10-05,31000,29500,4.342,livrée
CMD-2023-01468,DL-CA-001,F02,2023-09-18,2023-10-21,2023-10-21,22000,22000,5.335,livrée
CMD-2023-01469,DL-SO-005,F04,2023-09-18,2023-10-24,2023-10-21,101000,101000,2.857,livrée
CMD-2023-01470,DL-BB-006,F07,2023-09-18,2023-10-31,2023-11-02,30000,30000,4.11,livrée
CMD-2023-01471,DL-BB-005,F04,2023-09-18,2023-10-24,2023-10-24,20000,20000,4.837,livrée
CMD-2023-01472,DL-BB-001,F02,2023-09-18,2023-10-17,2023-10-12,150000,150000,4.145,livrée
CMD-2023-01473,DL-BB-003,F05,2023-09-19,2023-11-01,2023-11-02,73500,73500,4.115,livrée
CMD-2023-01474,DL-DE-001,F03,2023-09-19,2023-10-17,2023-10-17,29500,29500,4.234,livrée
CMD-2023-01475,DL-SO-001,F02,2023-09-19,2023-10-18,2023-10-18,62000,62000,4.068,livrée
CMD-2023-01476,DL-HY-002,F08,2023-09-19,2023-10-28,2023-10-27,54000,54000,2.147,livrée
CMD-2023-01477,DL-SV-001,F01,2023-09-19,2023-10-18,2023-10-20,16500,15200,3.129,livrée
CMD-2023-01478,DL-CA-009,F03,2023-09-19,2023-10-16,2023-10-25,20500,20500,2.4,livrée
CMD-2023-01479,DL-HY-002,F08,2023-09-20,2023-10-31,2023-10-29,49000,49000,2.402,livrée
CMD-2023-01480,DL-DE-001,F03,2023-09-20,2023-10-17,2023-10-14,19500,19500,4.436,livrée
CMD-2023-01481,DL-CA-003,F02,2023-09-20,2023-10-19,2023-10-14,102000,102000,2.317,livrée
CMD-2023-01482,DL-SV-011,F03,2023-09-20,2023-10-12,2023-10-09,45000,45000,3.077,livrée
CMD-2023-01483,DL-SV-014,F04,2023-09-20,2023-10-22,2023-10-23,77500,77500,4.293,livrée
CMD-2023-01484,DL-HY-001,F03,2023-09-20,2023-10-17,2023-10-19,36500,36500,3.154,livrée
CMD-2023-01485,DL-SV-002,F05,2023-09-20,2023-10-27,2023-10-27,20500,20500,4.025,livrée
CMD-2023-01486,DL-SV-001,F06,2023-09-20,2023-11-02,2023-10-31,69000,69000,2.984,livrée
CMD-2023-01487,DL-CA-004,F03,2023-09-20,2023-10-16,2023-10-18,14000,14000,3.108,livrée
CMD-2023-01488,DL-HY-005,F08,2023-09-21,2023-11-01,2023-10-31,47500,47500,3.092,livrée
CMD-2023-01489,DL-DE-007,F07,2023-09-21,2023-11-02,2023-11-10,44500,44500,1.849,livrée
CMD-2023-01490,DL-SV-001,F01,2023-09-21,2023-10-18,2023-10-15,22000,22000,2.947,livrée
CMD-2023-01491,DL-SV-002,F05,2023-09-21,2023-10-31,2023-11-02,19000,19000,4.25,livrée
CMD-2023-01492,DL-SV-014,F04,2023-09-21,2023-10-26,2023-10-31,52000,52000,3.812,livrée
CMD-2023-01493,DL-HY-004,F04,2023-09-21,2023-10-29,2023-10-24,50500,50500,3.852,livrée
CMD-2023-01494,DL-SV-006,F03,2023-09-21,2023-10-19,2023-10-19,41000,41000,3.134,livrée
CMD-2023-01495,DL-SV-010,F04,2023-09-21,2023-10-23,2023-10-24,26500,26500,2.771,livrée
CMD-2023-01496,DL-HY-001,F03,2023-09-22,2023-10-14,2023-10-10,24500,24500,3.214,livrée
CMD-2023-01497,DL-DE-002,F07,2023-09-22,2023-11-03,2023-11-05,37500,37500,3.488,livrée
CMD-2023-01498,DL-SO-005,F04,2023-09-22,2023-10-28,2023-11-05,14000,14000,2.712,livrée
CMD-2023-01499,DL-SV-007,F03,2023-09-22,2023-10-14,2023-10-11,31000,31000,4.259,livrée
CMD-2023-01500,DL-DE-001,F03,2023-09-22,2023-10-17,2023-10-12,10000,10000,4.36,livrée
CMD-2023-01501,DL-HY-004,F03,2023-09-22,2023-10-20,2023-10-15,16000,16000,4.057,livrée
CMD-2023-01502,DL-HY-002,F08,2023-09-22,2023-10-28,2023-10-26,94500,94500,2.212,livrée
CMD-2023-01503,DL-CA-011,F02,2023-09-22,2023-10-23,2023-10-25,34500,29400,4.124,livrée
CMD-2023-01504,DL-DE-005,F03,2023-09-25,2023-10-19,2023-10-20,24500,24500,2.917,livrée
CMD-2023-01505,DL-SO-002,F03,2023-09-25,2023-10-17,2023-10-17,62000,62000,2.646,livrée
CMD-2023-01506,DL-BB-001,F02,2023-09-25,2023-10-26,2023-10-23,50000,50000,4.047,livrée
CMD-2023-01507,DL-SO-005,F04,2023-09-25,2023-10-28,2023-10-23,19500,19500,2.551,livrée
CMD-2023-01508,DL-SV-003,F03,2023-09-25,2023-10-20,2023-10-17,30000,30000,5.079,livrée
CMD-2023-01509,DL-HY-002,F08,2023-09-25,2023-10-30,2023-11-01,29500,29500,2.159,livrée
CMD-2023-01510,DL-DE-005,F03,2023-09-25,2023-10-20,2023-10-21,110500,110500,2.868,livrée
CMD-2023-01511,DL-HY-004,F04,2023-09-25,2023-10-29,2023-10-29,28500,28500,4.019,livrée
CMD-2023-01512,DL-CA-011,F02,2023-09-25,2023-10-25,2023-10-24,40500,40500,4.252,livrée
CMD-2023-01513,DL-HY-004,F04,2023-09-25,2023-10-30,2023-10-29,19500,19500,4.003,livrée
CMD-2023-01514,DL-CA-004,F03,2023-09-25,2023-10-17,2023-10-14,16000,16000,3.093,livrée
CMD-2023-01515,DL-SO-005,F04,2023-09-26,2023-11-01,2023-11-02,39000,39000,2.745,livrée
CMD-2023-01516,DL-BB-005,F04,2023-09-26,2023-10-30,2023-10-30,18500,18500,4.678,livrée
CMD-2023-01517,DL-SV-014,F04,2023-09-26,2023-11-02,2023-11-03,61000,61000,4.24,livrée
CMD-2023-01518,DL-CA-001,F02,2023-09-26,2023-10-26,2023-10-21,77500,77500,5.072,livrée
CMD-2023-01519,DL-SO-007,F08,2023-09-26,2023-11-05,2023-11-07,15000,15000,4.88,livrée
CMD-2023-01520,DL-HY-002,F08,2023-09-26,2023-11-05,2023-11-04,37000,37000,2.41,livrée
CMD-2023-01521,DL-DE-007,F07,2023-09-26,2023-11-10,2023-11-10,64500,64500,1.717,livrée
CMD-2023-01522,DL-SO-009,F08,2023-09-26,2023-11-05,2023-11-14,52500,52500,3.018,livrée
CMD-2023-01523,DL-DE-008,F06,2023-09-26,2023-11-08,2023-11-17,26000,26000,3.343,livrée
CMD-2023-01524,DL-HY-006,F03,2023-09-26,2023-10-22,2023-10-17,38500,38500,1.733,livrée
CMD-2023-01525,DL-CA-004,F03,2023-09-27,2023-10-21,2023-10-23,138500,138500,3.091,livrée
CMD-2023-01526,DL-CA-006,F03,2023-09-27,2023-10-24,2023-10-24,36000,36000,2.853,livrée
CMD-2023-01527,DL-SO-003,F07,2023-09-27,2023-11-06,2023-11-01,55000,55000,3.616,livrée
CMD-2023-01528,DL-HY-002,F08,2023-09-27,2023-11-02,2023-10-30,43500,43500,2.267,livrée
CMD-2023-01529,DL-SV-008,F04,2023-09-27,2023-10-31,2023-10-30,31500,31500,2.945,livrée
CMD-2023-01530,DL-HY-001,F03,2023-09-27,2023-10-19,2023-10-20,15000,15000,3.129,livrée
CMD-2023-01531,DL-SV-001,F06,2023-09-27,2023-11-10,2023-11-11,43500,43500,2.945,livrée
CMD-2023-01532,DL-SV-001,F01,2023-09-27,2023-10-24,2023-10-20,33500,33500,2.915,livrée
CMD-2023-01533,DL-CA-010,F03,2023-09-27,2023-10-20,2023-10-17,26500,26500,3.797,livrée
CMD-2023-01534,DL-SV-012,F07,2023-09-28,2023-11-06,2023-11-04,34500,34500,3.757,livrée
CMD-2023-01535,DL-SV-001,F06,2023-09-28,2023-11-12,2023-11-10,79000,79000,3.079,livrée
CMD-2023-01536,DL-CA-004,F03,2023-09-28,2023-10-22,2023-10-23,105000,105000,2.9,livrée
CMD-2023-01537,DL-DE-004,F08,2023-09-28,2023-11-07,2023-11-02,83000,83000,5.535,livrée
CMD-2023-01538,DL-BB-006,F07,2023-09-28,2023-11-12,2023-11-12,34500,34500,4.127,livrée
CMD-2023-01539,DL-SV-002,F05,2023-09-28,2023-11-08,2023-11-05,24500,24500,4.284,livrée
CMD-2023-01540,DL-CA-004,F03,2023-09-28,2023-10-22,2023-10-30,63000,63000,3.222,livrée
CMD-2023-01541,DL-CA-004,F03,2023-09-28,2023-10-26,2023-10-22,109500,109500,3.029,livrée
CMD-2023-01542,DL-SO-005,F04,2023-09-28,2023-10-31,2023-10-31,30000,30000,2.559,livrée
CMD-2023-01543,DL-SV-007,F03,2023-09-28,2023-10-21,2023-10-17,41000,41000,3.954,livrée
CMD-2023-01544,DL-SV-012,F07,2023-09-28,2023-11-11,2023-11-17,28000,28000,4.137,livrée
CMD-2023-01545,DL-CA-006,F03,2023-09-28,2023-10-25,2023-10-22,150000,150000,2.71,livrée
CMD-2023-01546,DL-SV-005,F06,2023-09-29,2023-11-12,2023-11-07,10000,10000,3.436,livrée
CMD-2023-01547,DL-CA-004,F03,2023-09-29,2023-10-27,2023-10-26,11500,11500,3.19,livrée
CMD-2023-01548,DL-SV-008,F04,2023-09-29,2023-11-05,2023-11-05,67500,67500,3.204,livrée
CMD-2023-01549,DL-HY-001,F03,2023-09-29,2023-10-21,2023-10-23,75500,75500,3.023,livrée
CMD-2023-01550,DL-DE-006,F05,2023-09-29,2023-11-08,2023-11-08,64500,64500,1.92,livrée
CMD-2023-01551,DL-DE-005,F03,2023-10-02,2023-10-25,2023-10-22,26000,26000,2.779,livrée
CMD-2023-01552,DL-SV-002,F05,2023-10-02,2023-11-08,2023-11-05,32000,29700,4.283,livrée
CMD-2023-01553,DL-SV-002,F05,2023-10-02,2023-11-09,2023-11-08,96500,96500,3.97,livrée
CMD-2023-01554,DL-HY-004,F04,2023-10-02,2023-11-08,2023-11-07,31500,31500,3.699,livrée
CMD-2023-01555,DL-HY-001,F03,2023-10-02,2023-10-29,2023-10-25,49000,49000,3.042,livrée
CMD-2023-01556,DL-SV-002,F05,2023-10-02,2023-11-08,2023-11-10,68000,68000,3.893,livrée
CMD-2023-01557,DL-HY-004,F04,2023-10-02,2023-11-07,2023-11-07,23000,23000,3.806,livrée
CMD-2023-01558,DL-CA-005,F03,2023-10-02,2023-10-29,2023-10-27,47500,47500,2.912,livrée
CMD-2023-01559,DL-SV-010,F04,2023-10-02,2023-11-06,2023-11-01,22500,22500,3.076,livrée
CMD-2023-01560,DL-HY-003,F06,2023-10-02,2023-11-13,2023-11-10,75500,75500,5.623,livrée
CMD-2023-01561,DL-HY-002,F08,2023-10-02,2023-11-06,2023-11-01,41000,41000,2.157,livrée
CMD-2023-01562,DL-SV-006,F05,2023-10-03,2023-11-11,2023-11-06,93000,93000,3.221,livrée
CMD-2023-01563,DL-SV-001,F06,2023-10-03,2023-11-18,2023-11-15,44000,44000,3.13,livrée
CMD-2023-01564,DL-CA-011,F02,2023-10-03,2023-11-03,2023-11-09,78500,78500,4.166,livrée
CMD-2023-01565,DL-SV-007,F03,2023-10-03,2023-10-26,2023-10-26,26500,26500,3.793,livrée
CMD-2023-01566,DL-DE-001,F03,2023-10-03,2023-10-30,2023-10-27,66000,66000,4.186,livrée
CMD-2023-01567,DL-DE-008,F06,2023-10-03,2023-11-18,2023-11-20,62500,62500,3.35,livrée
CMD-2023-01568,DL-HY-002,F08,2023-10-03,2023-11-08,2023-11-04,26000,26000,2.339,livrée
CMD-2023-01569,DL-DE-001,F03,2023-10-03,2023-10-28,2023-11-14,28000,28000,4.468,livrée
CMD-2023-01570,DL-HY-001,F03,2023-10-03,2023-10-28,2023-10-26,18500,18500,3.096,livrée
CMD-2023-01571,DL-DE-005,F03,2023-10-03,2023-10-30,2023-10-27,12000,12000,2.778,livrée
CMD-2023-01572,DL-HY-002,F08,2023-10-04,2023-11-12,2023-11-08,44000,44000,2.241,livrée
CMD-2023-01573,DL-SV-002,F05,2023-10-04,2023-11-14,2023-11-12,44500,44500,4.326,livrée
CMD-2023-01574,DL-BB-005,F04,2023-10-04,2023-11-09,2023-11-06,39500,39500,4.715,livrée
CMD-2023-01575,DL-HY-002,F08,2023-10-04,2023-11-08,2023-11-08,38500,38500,2.364,livrée
CMD-2023-01576,DL-SV-008,F04,2023-10-04,2023-11-11,2023-11-08,65000,65000,2.939,livrée
CMD-2023-01577,DL-BB-005,F04,2023-10-04,2023-11-10,2023-11-12,51500,51500,4.757,livrée
CMD-2023-01578,DL-HY-002,F08,2023-10-04,2023-11-14,2023-11-10,32000,32000,2.287,livrée
CMD-2023-01579,DL-BB-005,F04,2023-10-04,2023-11-07,2023-11-02,52500,48200,4.894,livrée
CMD-2023-01580,DL-HY-003,F06,2023-10-05,2023-11-21,2023-11-16,18500,18500,5.356,livrée
CMD-2023-01581,DL-SV-001,F01,2023-10-05,2023-10-31,2023-11-01,21500,21500,2.839,livrée
CMD-2023-01582,DL-SV-009,F02,2023-10-05,2023-11-01,2023-10-31,45500,45500,3.365,livrée
CMD-2023-01583,DL-HY-007,F02,2023-10-05,2023-11-05,2023-11-01,49500,49500,2.924,livrée
CMD-2023-01584,DL-SV-010,F04,2023-10-05,2023-11-06,2023-11-07,12000,12000,3.122,livrée
CMD-2023-01585,DL-CA-004,F03,2023-10-05,2023-10-28,2023-10-27,65000,65000,2.853,livrée
CMD-2023-01586,DL-DE-007,F07,2023-10-05,2023-11-16,2023-11-14,25000,25000,1.882,livrée
CMD-2023-01587,DL-HY-006,F03,2023-10-05,2023-10-31,2023-11-02,32000,32000,1.785,livrée
CMD-2023-01588,DL-DE-001,F03,2023-10-06,2023-11-03,2023-11-05,58000,58000,4.235,livrée
CMD-2023-01589,DL-SV-010,F04,2023-10-06,2023-11-10,2023-11-05,24500,24500,3.077,livrée
CMD-2023-01590,DL-CA-012,F03,2023-10-06,2023-10-29,2023-10-29,35000,35000,4.08,livrée
CMD-2023-01591,DL-SV-001,F01,2023-10-06,2023-11-01,2023-10-30,36500,36500,2.919,livrée
CMD-2023-01592,DL-SO-004,F06,2023-10-06,2023-11-19,2023-11-19,40000,40000,2.801,livrée
CMD-2023-01593,DL-DE-009,F04,2023-10-06,2023-11-10,2023-11-06,10000,10000,4.233,livrée
CMD-2023-01594,DL-CA-006,F03,2023-10-06,2023-10-29,2023-10-26,10000,10000,3.039,livrée
CMD-2023-01595,DL-SV-009,F02,2023-10-06,2023-11-07,2023-11-12,105500,105500,3.551,livrée
CMD-2023-01596,DL-SV-001,F01,2023-10-09,2023-11-04,2023-11-05,53500,53500,2.932,livrée
CMD-2023-01597,DL-SO-007,F06,2023-10-09,2023-11-21,2023-11-22,52500,52500,5.339,livrée
CMD-2023-01598,DL-SV-001,F01,2023-10-09,2023-11-03,2023-10-29,59000,59000,3.085,livrée
CMD-2023-01599,DL-BB-006,F07,2023-10-09,2023-11-21,2023-11-22,54000,54000,4.265,livrée
CMD-2023-01600,DL-CA-012,F03,2023-10-09,2023-11-01,2023-10-31,24000,24000,4.074,livrée
CMD-2023-01601,DL-HY-002,F08,2023-10-09,2023-11-15,2023-11-11,24500,24500,2.311,livrée
CMD-2023-01602,DL-SO-001,F02,2023-10-10,2023-11-12,2023-11-14,36000,36000,4.09,livrée
CMD-2023-01603,DL-DE-007,F07,2023-10-10,2023-11-23,2023-11-25,42000,42000,1.735,livrée
CMD-2023-01604,DL-SV-001,F01,2023-10-10,2023-11-06,2023-11-08,20500,20500,2.915,livrée
CMD-2023-01605,DL-HY-005,F08,2023-10-10,2023-11-19,2023-11-21,18000,18000,3.222,livrée
CMD-2023-01606,DL-HY-002,F08,2023-10-10,2023-11-20,2023-11-16,43000,43000,2.226,livrée
CMD-2023-01607,DL-SV-014,F04,2023-10-10,2023-11-15,2023-11-14,39000,39000,3.892,livrée
CMD-2023-01608,DL-SV-001,F01,2023-10-10,2023-11-09,2023-11-07,43000,43000,3.055,livrée
CMD-2023-01609,DL-SV-007,F03,2023-10-11,2023-11-05,2023-11-07,105000,105000,3.865,livrée
CMD-2023-01610,DL-DE-002,F07,2023-10-11,2023-11-22,2023-11-21,51500,51500,3.452,livrée
CMD-2023-01611,DL-HY-001,F03,2023-10-11,2023-11-07,2023-11-22,36000,36000,2.994,livrée
CMD-2023-01612,DL-DE-008,F06,2023-10-11,2023-11-27,2023-11-26,51000,51000,3.401,livrée
CMD-2023-01613,DL-DE-008,F06,2023-10-11,2023-11-24,2023-11-21,30500,30500,3.377,livrée
CMD-2023-01614,DL-SO-007,F08,2023-10-12,2023-11-21,2023-11-22,19000,19000,5.006,livrée
CMD-2023-01615,DL-CA-006,F03,2023-10-12,2023-11-08,2023-11-10,13500,13500,2.833,livrée
CMD-2023-01616,DL-SV-002,F05,2023-10-12,2023-11-23,2023-11-19,17000,17000,4.098,livrée
CMD-2023-01617,DL-SO-009,F08,2023-10-12,2023-11-21,2023-11-23,33000,33000,3.223,livrée
CMD-2023-01618,DL-BB-005,F04,2023-10-12,2023-11-14,2023-11-09,66500,66500,5.122,livrée
CMD-2023-01619,DL-HY-006,F03,2023-10-12,2023-11-03,2023-11-05,26500,26500,1.88,livrée
CMD-2023-01620,DL-CA-011,F02,2023-10-12,2023-11-09,2023-11-08,58500,58500,4.199,livrée
CMD-2023-01621,DL-CA-011,F02,2023-10-13,2023-11-11,2023-11-08,32500,32500,4.114,livrée
CMD-2023-01622,DL-SO-003,F04,2023-10-13,2023-11-20,2023-11-30,38500,38500,3.605,livrée
CMD-2023-01623,DL-SV-007,F03,2023-10-13,2023-11-10,2023-11-05,52500,52500,4.263,livrée
CMD-2023-01624,DL-SV-006,F03,2023-10-13,2023-11-06,2023-11-06,28000,28000,3.252,livrée
CMD-2023-01625,DL-SV-015,F05,2023-10-16,2023-11-23,2023-11-18,87000,87000,3.288,livrée
CMD-2023-01626,DL-SO-004,F06,2023-10-16,2023-12-01,2023-11-28,16000,16000,2.94,livrée
CMD-2023-01627,DL-DE-001,F03,2023-10-16,2023-11-07,2023-11-15,18500,18500,4.614,livrée
CMD-2023-01628,DL-SV-001,F01,2023-10-16,2023-11-16,2023-11-12,14000,14000,3.026,livrée
CMD-2023-01629,DL-CA-004,F03,2023-10-16,2023-11-10,2023-11-09,32500,32500,2.856,livrée
CMD-2023-01630,DL-HY-001,F03,2023-10-17,2023-11-13,2023-11-11,103500,103500,3.223,livrée
CMD-2023-01631,DL-SV-007,F03,2023-10-17,2023-11-09,2023-11-05,29000,29000,4.107,livrée
CMD-2023-01632,DL-DE-003,F03,2023-10-17,2023-11-12,2023-11-09,14500,14500,4.37,livrée
CMD-2023-01633,DL-DE-001,F03,2023-10-17,2023-11-10,2023-11-12,71000,71000,4.106,livrée
CMD-2023-01634,DL-HY-001,F03,2023-10-17,2023-11-10,2023-11-06,33500,33500,3.113,livrée
CMD-2023-01635,DL-SV-010,F04,2023-10-17,2023-11-21,2023-11-18,72000,72000,2.982,livrée
CMD-2023-01636,DL-SO-003,F07,2023-10-17,2023-11-28,2023-11-25,61000,61000,3.643,livrée
CMD-2023-01637,DL-HY-007,F02,2023-10-17,2023-11-17,2023-11-16,75500,75500,2.936,livrée
CMD-2023-01638,DL-SO-005,F04,2023-10-17,2023-11-23,2023-11-18,48500,48500,2.885,livrée
CMD-2023-01639,DL-BB-001,F02,2023-10-18,2023-11-15,2023-11-10,29500,25800,4.161,livrée
CMD-2023-01640,DL-SV-002,F05,2023-10-18,2023-11-28,2023-12-04,83000,83000,4.057,livrée
CMD-2023-01641,DL-SO-005,F04,2023-10-18,2023-11-23,2023-11-23,38000,38000,2.654,livrée
CMD-2023-01642,DL-SV-002,F05,2023-10-18,2023-11-30,2023-11-29,37500,37500,4.248,livrée
CMD-2023-01643,DL-CA-008,F05,2023-10-18,2023-11-29,2023-11-27,119500,119500,1.539,livrée
CMD-2023-01644,DL-BB-006,F07,2023-10-18,2023-12-02,2023-11-30,38500,38500,4.048,livrée
CMD-2023-01645,DL-CA-006,F03,2023-10-18,2023-11-12,2023-11-09,28500,28500,2.813,livrée
CMD-2023-01646,DL-SV-010,F04,2023-10-18,2023-11-22,2023-11-17,15000,15000,3.124,livrée
CMD-2023-01647,DL-HY-003,F06,2023-10-18,2023-12-03,2023-12-04,52000,52000,5.285,livrée
CMD-2023-01648,DL-SO-005,F04,2023-10-18,2023-11-19,2023-11-20,42500,42500,2.727,livrée
CMD-2023-01649,DL-CA-011,F02,2023-10-18,2023-11-17,2023-11-13,60500,60500,4.565,livrée
CMD-2023-01650,DL-SV-004,F08,2023-10-18,2023-11-24,2023-11-24,73500,73500,2.563,livrée
CMD-2023-01651,DL-HY-008,F02,2023-10-19,2023-11-16,2023-11-16,45000,45000,1.56,livrée
CMD-2023-01652,DL-CA-007,F08,2023-10-19,2023-11-27,2023-11-26,34000,34000,3.709,livrée
CMD-2023-01653,DL-HY-004,F04,2023-10-19,2023-11-26,2023-12-01,55500,55500,3.997,livrée
CMD-2023-01654,DL-CA-005,F03,2023-10-19,2023-11-13,2023-11-08,50000,50000,2.776,livrée
CMD-2023-01655,DL-SV-002,F05,2023-10-19,2023-11-27,2023-11-27,50000,50000,4.01,livrée
CMD-2023-01656,DL-CA-006,F03,2023-10-20,2023-11-12,2023-11-08,60500,60500,2.716,livrée
CMD-2023-01657,DL-DE-009,F04,2023-10-20,2023-11-27,2023-11-24,41000,41000,3.916,livrée
CMD-2023-01658,DL-SV-001,F01,2023-10-20,2023-11-16,2023-11-17,43000,43000,2.847,livrée
CMD-2023-01659,DL-HY-003,F06,2023-10-20,2023-12-02,2023-11-30,26000,26000,5.248,livrée
CMD-2023-01660,DL-DE-009,F04,2023-10-20,2023-11-21,2023-11-23,55500,55500,4.031,livrée
CMD-2023-01661,DL-CA-011,F02,2023-10-20,2023-11-17,2023-11-16,37500,37500,4.232,livrée
CMD-2023-01662,DL-DE-008,F06,2023-10-20,2023-12-01,2023-12-01,50500,50500,3.444,livrée
CMD-2023-01663,DL-HY-002,F08,2023-10-20,2023-11-25,2023-11-25,77500,77500,2.202,livrée
CMD-2023-01664,DL-SO-008,F07,2023-10-23,2023-12-01,2023-11-26,31500,31500,4.833,livrée
CMD-2023-01665,DL-HY-004,F04,2023-10-23,2023-11-29,2023-11-27,20000,20000,4.029,livrée
CMD-2023-01666,DL-HY-008,F03,2023-10-23,2023-11-15,2023-11-15,21000,21000,1.599,livrée
CMD-2023-01667,DL-HY-003,F06,2023-10-23,2023-12-07,2023-12-20,24500,24500,5.816,livrée
CMD-2023-01668,DL-SV-002,F05,2023-10-23,2023-11-30,2023-11-27,41000,41000,4.224,livrée
CMD-2023-01669,DL-CA-011,F02,2023-10-24,2023-11-20,2023-11-17,102000,102000,4.218,livrée
CMD-2023-01670,DL-BB-003,F05,2023-10-24,2023-12-03,2023-12-11,10000,10000,4.18,livrée
CMD-2023-01671,DL-SV-013,F02,2023-10-24,2023-11-26,2023-11-25,39000,39000,3.158,livrée
CMD-2023-01672,DL-DE-002,F07,2023-10-24,2023-12-05,2023-12-02,15500,15500,3.515,livrée
CMD-2023-01673,DL-CA-007,F08,2023-10-24,2023-12-04,2023-12-04,34000,34000,3.734,livrée
CMD-2023-01674,DL-SV-001,F01,2023-10-24,2023-11-23,2023-11-22,35000,35000,2.819,livrée
CMD-2023-01675,DL-CA-007,F08,2023-10-24,2023-12-03,2023-12-02,28500,28500,3.691,livrée
CMD-2023-01676,DL-SV-005,F06,2023-10-25,2023-12-10,2023-12-12,59000,59000,3.258,livrée
CMD-2023-01677,DL-CA-004,F03,2023-10-25,2023-11-21,2023-11-17,43500,43500,2.932,livrée
CMD-2023-01678,DL-CA-001,F02,2023-10-25,2023-11-27,2023-11-23,23500,23500,5.248,livrée
CMD-2023-01679,DL-CA-011,F02,2023-10-25,2023-11-24,2023-11-26,31000,31000,4.569,livrée
CMD-2023-01680,DL-HY-004,F04,2023-10-25,2023-11-30,2023-12-02,68000,68000,3.766,livrée
CMD-2023-01681,DL-HY-001,F03,2023-10-25,2023-11-18,2023-11-13,71000,71000,2.985,livrée
CMD-2023-01682,DL-HY-007,F02,2023-10-26,2023-11-23,2023-11-22,44000,44000,2.768,livrée
CMD-2023-01683,DL-SV-003,F03,2023-10-26,2023-11-22,2023-11-23,44000,44000,5.006,livrée
CMD-2023-01684,DL-SO-004,F04,2023-10-26,2023-11-29,2023-11-27,62000,62000,2.948,livrée
CMD-2023-01685,DL-HY-002,F08,2023-10-26,2023-12-03,2023-11-30,36500,36500,2.408,livrée
CMD-2023-01686,DL-SV-004,F08,2023-10-26,2023-12-05,2023-12-04,26000,26000,2.521,livrée
CMD-2023-01687,DL-SV-008,F04,2023-10-26,2023-11-27,2023-11-23,12500,12500,3.005,livrée
CMD-2023-01688,DL-SO-005,F04,2023-10-26,2023-12-02,2023-12-03,19500,19500,2.85,livrée
CMD-2023-01689,DL-CA-011,F02,2023-10-27,2023-11-28,2023-11-29,24000,24000,4.393,livrée
CMD-2023-01690,DL-CA-012,F03,2023-10-27,2023-11-18,2023-11-18,56000,56000,4.117,livrée
CMD-2023-01691,DL-SO-009,F08,2023-10-27,2023-12-07,2023-12-07,20500,20500,2.919,livrée
CMD-2023-01692,DL-SV-007,F03,2023-10-27,2023-11-21,2023-11-18,40500,40500,4.085,livrée
CMD-2023-01693,DL-HY-001,F03,2023-10-27,2023-11-23,2023-11-28,18000,18000,3.191,livrée
CMD-2023-01694,DL-SO-007,F06,2023-10-27,2023-12-13,2023-12-15,23000,23000,5.449,livrée
CMD-2023-01695,DL-SV-006,F03,2023-10-27,2023-11-22,2023-11-17,21500,21500,3.186,livrée
CMD-2023-01696,DL-SV-014,F04,2023-10-30,2023-12-06,2023-12-01,97000,97000,4.224,livrée
CMD-2023-01697,DL-HY-009,F08,2023-10-30,2023-12-09,2023-12-07,144000,144000,2.48,livrée
CMD-2023-01698,DL-SO-003,F04,2023-10-30,2023-12-02,2023-12-03,32500,32500,3.577,livrée
CMD-2023-01699,DL-BB-006,F01,2023-10-30,2023-11-24,2023-11-26,17000,17000,4.291,livrée
CMD-2023-01700,DL-CA-006,F03,2023-10-30,2023-11-27,2023-11-26,63500,63500,2.921,livrée
CMD-2023-01701,DL-SV-003,F03,2023-10-30,2023-11-27,2023-11-24,27500,24900,5.213,livrée
CMD-2023-01702,DL-BB-006,F07,2023-10-30,2023-12-12,2023-12-14,18500,18500,3.999,livrée
CMD-2023-01703,DL-SV-004,F08,2023-10-30,2023-12-04,2023-12-05,39000,39000,2.587,livrée
CMD-2023-01704,DL-CA-004,F03,2023-10-31,2023-11-28,2023-11-26,39500,39500,2.887,livrée
CMD-2023-01705,DL-SO-009,F08,2023-10-31,2023-12-09,2023-12-07,24500,24500,2.93,livrée
CMD-2023-01706,DL-SV-010,F04,2023-10-31,2023-12-04,2023-12-05,40000,40000,3.085,livrée
CMD-2023-01707,DL-SV-004,F08,2023-10-31,2023-12-08,2023-12-07,39500,39500,2.424,livrée
CMD-2023-01708,DL-SV-006,F03,2023-11-01,2023-11-23,2023-11-23,54000,54000,3.213,livrée
CMD-2023-01709,DL-CA-012,F02,2023-11-01,2023-12-03,2023-12-01,77500,77500,3.998,livrée
CMD-2023-01710,DL-SV-002,F05,2023-11-01,2023-12-09,2023-12-07,42500,42500,4.267,livrée
CMD-2023-01711,DL-SV-011,F03,2023-11-02,2023-11-28,2023-11-30,43500,43500,3.152,livrée
CMD-2023-01712,DL-HY-006,F03,2023-11-02,2023-11-26,2023-12-11,15500,15500,1.82,livrée
CMD-2023-01713,DL-BB-003,F05,2023-11-02,2023-12-09,2023-12-09,19000,19000,4.129,livrée
CMD-2023-01714,DL-BB-005,F04,2023-11-02,2023-12-09,2023-12-05,42500,42500,5.094,livrée
CMD-2023-01715,DL-HY-001,F03,2023-11-02,2023-11-24,2023-11-19,13000,13000,3.013,livrée
CMD-2023-01716,DL-SV-001,F01,2023-11-02,2023-12-02,2023-11-28,116000,116000,3.053,livrée
CMD-2023-01717,DL-DE-007,F07,2023-11-02,2023-12-12,2023-12-08,54000,54000,1.869,livrée
CMD-2023-01718,DL-DE-008,F06,2023-11-02,2023-12-15,2023-12-11,29000,29000,3.192,livrée
CMD-2023-01719,DL-DE-004,F08,2023-11-02,2023-12-08,2023-12-08,25500,25500,5.172,livrée
CMD-2023-01720,DL-SV-006,F03,2023-11-03,2023-11-27,2023-11-27,27000,27000,2.926,livrée
CMD-2023-01721,DL-CA-004,F03,2023-11-03,2023-11-25,2023-11-20,25500,25500,2.974,livrée
CMD-2023-01722,DL-DE-001,F03,2023-11-03,2023-11-29,2023-11-24,24000,24000,4.124,livrée
CMD-2023-01723,DL-CA-011,F02,2023-11-03,2023-12-04,2023-11-29,21500,21500,4.083,livrée
CMD-2023-01724,DL-BB-005,F04,2023-11-03,2023-12-09,2023-12-08,22500,22500,4.899,livrée
CMD-2023-01725,DL-DE-007,F07,2023-11-03,2023-12-14,2023-12-09,27000,27000,1.869,livrée
CMD-2023-01726,DL-SV-002,F05,2023-11-03,2023-12-13,2023-12-15,63500,63500,4.012,livrée
CMD-2023-01727,DL-SO-007,F08,2023-11-03,2023-12-14,2023-12-11,64500,64500,5.113,livrée
CMD-2023-01728,DL-SV-010,F04,2023-11-06,2023-12-12,2023-12-14,11000,11000,2.967,livrée
CMD-2023-01729,DL-HY-009,F08,2023-11-06,2023-12-15,2023-12-11,63500,63500,2.495,livrée
CMD-2023-01730,DL-HY-001,F03,2023-11-06,2023-11-28,2023-11-24,104000,104000,3.286,livrée
CMD-2023-01731,DL-BB-005,F04,2023-11-06,2023-12-09,2023-12-05,35500,35500,4.818,livrée
CMD-2023-01732,DL-BB-005,F04,2023-11-06,2023-12-10,2023-12-11,53500,53500,5.207,livrée
CMD-2023-01733,DL-SV-014,F04,2023-11-06,2023-12-08,2023-12-03,19000,19000,4.155,livrée
CMD-2023-01734,DL-SO-009,F06,2023-11-06,2023-12-22,2023-12-18,110000,110000,3.024,livrée
CMD-2023-01735,DL-SV-001,F06,2023-11-06,2023-12-24,2023-12-25,40000,40000,2.899,livrée
CMD-2023-01736,DL-SO-005,F04,2023-11-06,2023-12-08,2023-12-06,70500,70500,2.877,livrée
CMD-2023-01737,DL-SV-002,F05,2023-11-07,2023-12-16,2023-12-14,31000,31000,4.049,livrée
CMD-2023-01738,DL-HY-001,F03,2023-11-07,2023-11-30,2023-12-01,33500,33500,2.998,livrée
CMD-2023-01739,DL-HY-004,F03,2023-11-07,2023-12-05,2023-12-01,65000,65000,4.121,livrée
CMD-2023-01740,DL-SV-002,F05,2023-11-07,2023-12-14,2023-12-14,37000,37000,4.068,livrée
CMD-2023-01741,DL-DE-002,F07,2023-11-07,2023-12-18,2023-12-18,51000,51000,3.476,livrée
CMD-2023-01742,DL-DE-001,F03,2023-11-08,2023-12-02,2023-12-04,150000,150000,4.5,livrée
CMD-2023-01743,DL-SO-003,F04,2023-11-08,2023-12-15,2023-12-14,46500,46500,3.445,livrée
CMD-2023-01744,DL-HY-003,F06,2023-11-08,2023-12-22,2023-12-17,34500,34500,5.442,livrée
CMD-2023-01745,DL-CA-003,F04,2023-11-08,2023-12-16,2023-12-16,32500,32500,2.518,livrée
CMD-2023-01746,DL-CA-012,F02,2023-11-08,2023-12-08,2023-12-05,37000,37000,3.983,livrée
CMD-2023-01747,DL-CA-007,F08,2023-11-08,2023-12-17,2023-12-18,38000,38000,3.463,livrée
CMD-2023-01748,DL-CA-004,F03,2023-11-08,2023-12-05,2023-12-02,51000,51000,3.129,livrée
CMD-2023-01749,DL-CA-008,F05,2023-11-08,2023-12-18,2023-12-20,26500,26500,1.625,livrée
CMD-2023-01750,DL-SO-005,F04,2023-11-08,2023-12-15,2023-12-10,106500,106500,2.774,livrée
CMD-2023-01751,DL-SV-001,F06,2023-11-08,2023-12-21,2024-01-05,19500,19500,2.858,livrée
CMD-2023-01752,DL-SV-010,F04,2023-11-09,2023-12-17,2023-12-19,61000,61000,2.924,livrée
CMD-2023-01753,DL-SV-006,F03,2023-11-09,2023-12-07,2023-12-08,53500,53500,2.974,livrée
CMD-2023-01754,DL-CA-012,F03,2023-11-09,2023-12-04,2023-12-02,30500,30500,3.915,livrée
CMD-2023-01755,DL-SO-005,F04,2023-11-10,2023-12-12,2023-12-13,54500,54500,2.704,livrée
CMD-2023-01756,DL-SV-008,F04,2023-11-10,2023-12-14,2023-12-16,40500,40500,2.879,livrée
CMD-2023-01757,DL-HY-001,F03,2023-11-10,2023-12-02,2023-11-27,41000,41000,3.246,livrée
CMD-2023-01758,DL-HY-002,F08,2023-11-10,2023-12-15,2023-12-17,61000,61000,2.309,livrée
CMD-2023-01759,DL-SV-009,F02,2023-11-13,2023-12-13,2023-12-10,43000,43000,3.344,livrée
CMD-2023-01760,DL-HY-001,F03,2023-11-13,2023-12-07,2023-12-04,88000,88000,3.377,livrée
CMD-2023-01761,DL-SO-007,F08,2023-11-13,2023-12-23,2023-12-18,13500,13500,5.151,livrée
CMD-2023-01762,DL-SV-001,F01,2023-11-13,2023-12-14,2023-12-16,25500,25500,3.144,livrée
CMD-2023-01763,DL-SV-001,F01,2023-11-13,2023-12-09,2023-12-06,19500,19500,3.049,livrée
CMD-2023-01764,DL-DE-001,F03,2023-11-13,2023-12-09,2023-12-10,18000,18000,4.618,livrée
CMD-2023-01765,DL-DE-008,F06,2023-11-13,2023-12-25,2023-12-20,24500,24500,3.133,livrée
CMD-2023-01766,DL-CA-006,F03,2023-11-13,2023-12-07,2023-12-06,33500,33500,2.856,livrée
CMD-2023-01767,DL-DE-001,F03,2023-11-14,2023-12-09,2023-12-09,58500,58500,4.092,livrée
CMD-2023-01768,DL-CA-008,F05,2023-11-14,2023-12-24,2023-12-19,49000,49000,1.547,livrée
CMD-2023-01769,DL-HY-003,F06,2023-11-14,2023-12-27,2024-01-07,39500,39500,5.273,livrée
CMD-2023-01770,DL-DE-001,F03,2023-11-14,2023-12-08,2023-12-07,72500,72500,4.531,livrée
CMD-2023-01771,DL-BB-006,F07,2023-11-14,2023-12-28,2023-12-29,22000,22000,4.277,livrée
CMD-2023-01772,DL-SV-008,F04,2023-11-14,2023-12-17,2023-12-18,20500,20500,3.086,livrée
CMD-2023-01773,DL-DE-001,F03,2023-11-14,2023-12-06,2023-12-08,39500,39500,4.638,livrée
CMD-2023-01774,DL-SV-001,F01,2023-11-14,2023-12-15,2023-12-13,32000,32000,2.911,livrée
CMD-2023-01775,DL-HY-002,F08,2023-11-15,2023-12-24,2023-12-20,43500,43500,2.274,livrée
CMD-2023-01776,DL-HY-007,F02,2023-11-15,2023-12-13,2023-12-13,74000,74000,2.752,livrée
CMD-2023-01777,DL-CA-009,F03,2023-11-15,2023-12-07,2023-12-07,57000,52600,2.572,livrée
CMD-2023-01778,DL-SV-009,F02,2023-11-15,2023-12-13,2023-12-08,17500,17500,3.496,livrée
CMD-2023-01779,DL-SO-005,F04,2023-11-15,2023-12-17,2023-12-17,90500,90500,2.656,livrée
CMD-2023-01780,DL-HY-002,F08,2023-11-16,2023-12-21,2023-12-18,23000,23000,2.145,livrée
CMD-2023-01781,DL-DE-001,F03,2023-11-16,2023-12-12,2023-12-11,28000,28000,4.618,livrée
CMD-2023-01782,DL-CA-012,F03,2023-11-16,2023-12-08,2023-12-07,13500,13500,4.111,livrée
CMD-2023-01783,DL-CA-004,F03,2023-11-16,2023-12-09,2023-12-06,10000,9700,3.116,livrée
CMD-2023-01784,DL-HY-001,F03,2023-11-16,2023-12-11,2023-12-08,64500,64500,3.075,livrée
CMD-2023-01785,DL-CA-004,F03,2023-11-16,2023-12-13,2023-12-10,51000,51000,3.029,livrée
CMD-2023-01786,DL-DE-001,F03,2023-11-16,2023-12-13,2023-12-13,71500,71500,4.329,livrée
CMD-2023-01787,DL-SO-005,F04,2023-11-16,2023-12-21,2023-12-19,33500,33500,2.812,livrée
CMD-2023-01788,DL-SV-002,F05,2023-11-16,2023-12-24,2023-12-19,38000,38000,4.072,livrée
CMD-2023-01789,DL-HY-001,F03,2023-11-16,2023-12-14,2023-12-11,35500,35500,3.362,livrée
CMD-2023-01790,DL-SO-003,F04,2023-11-16,2023-12-21,2023-12-17,40000,40000,3.484,livrée
CMD-2023-01791,DL-DE-007,F07,2023-11-16,2023-12-28,2023-12-28,32500,32500,1.753,livrée
CMD-2023-01792,DL-SV-010,F04,2023-11-17,2023-12-24,2023-12-19,118500,118500,2.863,livrée
CMD-2023-01793,DL-BB-004,F01,2023-11-17,2023-12-12,2023-12-28,38000,38000,3.619,livrée
CMD-2023-01794,DL-SO-004,F06,2023-11-17,2023-12-31,2023-12-28,93000,93000,2.742,livrée
CMD-2023-01795,DL-SV-001,F06,2023-11-17,2024-01-04,2024-01-03,15000,15000,3.005,livrée
CMD-2023-01796,DL-CA-003,F02,2023-11-17,2023-12-17,2023-12-16,85500,85500,2.442,livrée
CMD-2023-01797,DL-DE-004,F08,2023-11-17,2023-12-23,2023-12-25,66500,66500,5.364,livrée
CMD-2023-01798,DL-HY-006,F03,2023-11-17,2023-12-10,2023-12-05,25500,25500,1.926,livrée
CMD-2023-01799,DL-HY-001,F03,2023-11-17,2023-12-10,2023-12-06,46000,46000,3.137,livrée
CMD-2023-01800,DL-CA-004,F03,2023-11-17,2023-12-13,2023-12-15,28500,28500,3.106,livrée
CMD-2023-01801,DL-SV-007,F03,2023-11-17,2023-12-10,2023-12-11,41000,41000,3.826,livrée
CMD-2023-01802,DL-SV-006,F03,2023-11-17,2023-12-12,2023-12-14,67000,67000,3.183,livrée
CMD-2023-01803,DL-HY-002,F08,2023-11-17,2023-12-22,2023-12-24,44000,44000,2.256,livrée
CMD-2023-01804,DL-SV-004,F08,2023-11-20,2023-12-31,2023-12-30,22500,22500,2.623,livrée
CMD-2023-01805,DL-SV-007,F03,2023-11-20,2023-12-14,2023-12-15,63000,63000,3.945,livrée
CMD-2023-01806,DL-CA-004,F03,2023-11-20,2023-12-14,2023-12-12,42000,42000,2.972,livrée
CMD-2023-01807,DL-BB-006,F07,2023-11-20,2024-01-04,2024-01-16,15000,15000,4.036,livrée
CMD-2023-01808,DL-SO-005,F04,2023-11-20,2023-12-26,2023-12-23,40500,40500,2.661,livrée
CMD-2023-01809,DL-SV-011,F03,2023-11-20,2023-12-16,2023-12-13,45500,45500,2.985,livrée
CMD-2023-01810,DL-SV-001,F01,2023-11-20,2023-12-17,2023-12-14,62500,62500,3.194,livrée
CMD-2023-01811,DL-BB-001,F02,2023-11-21,2023-12-18,2023-12-15,16000,16000,3.79,livrée
CMD-2023-01812,DL-HY-008,F02,2023-11-21,2023-12-18,2023-12-20,19500,19500,1.524,livrée
CMD-2023-01813,DL-SV-001,F01,2023-11-21,2023-12-17,2023-12-19,44000,44000,2.942,livrée
CMD-2023-01814,DL-CA-011,F02,2023-11-21,2023-12-23,2023-12-20,21000,21000,4.344,livrée
CMD-2023-01815,DL-SO-004,F04,2023-11-21,2023-12-27,2023-12-26,98000,98000,2.817,livrée
CMD-2023-01816,DL-CA-007,F08,2023-11-21,2023-12-30,2023-12-28,50500,50500,3.704,livrée
CMD-2023-01817,DL-SV-001,F01,2023-11-21,2023-12-21,2023-12-19,23500,23500,2.867,livrée
CMD-2023-01818,DL-SV-006,F03,2023-11-21,2023-12-16,2024-01-01,77500,77500,3.03,livrée
CMD-2023-01819,DL-CA-004,F03,2023-11-21,2023-12-17,2023-12-14,46000,46000,2.911,livrée
CMD-2023-01820,DL-HY-007,F02,2023-11-22,2023-12-24,2023-12-21,45000,45000,2.721,livrée
CMD-2023-01821,DL-SO-005,F04,2023-11-22,2023-12-27,2023-12-28,45000,45000,2.599,livrée
CMD-2023-01822,DL-SV-008,F04,2023-11-22,2023-12-26,2023-12-23,27500,27500,3.027,livrée
CMD-2023-01823,DL-DE-007,F07,2023-11-22,2024-01-05,2024-01-06,75500,75500,1.832,livrée
CMD-2023-01824,DL-SV-002,F05,2023-11-23,2024-01-04,2024-01-05,69500,69500,4.29,livrée
CMD-2023-01825,DL-CA-009,F03,2023-11-23,2023-12-20,2023-12-22,44500,44500,2.348,livrée
CMD-2023-01826,DL-SO-008,F07,2023-11-23,2024-01-07,2024-01-02,142500,142500,4.85,livrée
CMD-2023-01827,DL-DE-006,F05,2023-11-23,2023-12-31,2023-12-27,70000,70000,1.994,livrée
CMD-2023-01828,DL-HY-002,F08,2023-11-23,2023-12-28,2023-12-27,54000,54000,2.23,livrée
CMD-2023-01829,DL-DE-007,F07,2023-11-23,2024-01-01,2023-12-31,46000,46000,1.9,livrée
CMD-2023-01830,DL-SV-001,F06,2023-11-23,2024-01-06,2024-01-08,30000,30000,3.051,livrée
CMD-2023-01831,DL-SV-001,F01,2023-11-23,2023-12-19,2023-12-20,27000,27000,2.91,livrée
CMD-2023-01832,DL-BB-003,F05,2023-11-23,2024-01-02,2023-12-28,38500,38500,4.158,livrée
CMD-2023-01833,DL-BB-003,F05,2023-11-24,2024-01-05,2024-01-07,97500,97500,4.306,livrée
CMD-2023-01834,DL-BB-001,F02,2023-11-24,2023-12-24,2023-12-25,66500,66500,4.2,livrée
CMD-2023-01835,DL-HY-004,F04,2023-11-24,2023-12-26,2023-12-24,41000,41000,3.842,livrée
CMD-2023-01836,DL-SO-004,F06,2023-11-24,2024-01-07,2024-01-06,18500,18500,2.811,livrée
CMD-2023-01837,DL-DE-002,F07,2023-11-24,2024-01-05,2024-01-04,31000,31000,3.451,livrée
CMD-2023-01838,DL-BB-005,F04,2023-11-24,2023-12-26,2023-12-24,43500,37100,4.806,livrée
CMD-2023-01839,DL-BB-006,F01,2023-11-24,2023-12-20,2023-12-22,45000,45000,4.272,livrée
CMD-2023-01840,DL-BB-005,F04,2023-11-27,2023-12-31,2024-01-02,25000,25000,5.227,livrée
CMD-2023-01841,DL-DE-008,F06,2023-11-27,2024-01-09,2024-01-06,48000,48000,3.094,livrée
CMD-2023-01842,DL-CA-004,F03,2023-11-27,2023-12-25,2023-12-27,61500,61500,2.845,livrée
CMD-2023-01843,DL-SV-006,F03,2023-11-27,2023-12-23,2023-12-24,83000,83000,3.072,livrée
CMD-2023-01844,DL-DE-001,F03,2023-11-27,2023-12-19,2023-12-14,96500,96500,4.412,livrée
CMD-2023-01845,DL-SO-004,F06,2023-11-27,2024-01-12,2024-01-13,29000,29000,2.823,livrée
CMD-2023-01846,DL-HY-002,F08,2023-11-27,2024-01-02,2024-01-14,38000,38000,2.356,livrée
CMD-2023-01847,DL-DE-001,F03,2023-11-27,2023-12-24,2023-12-22,65000,65000,4.414,livrée
CMD-2023-01848,DL-SV-015,F05,2023-11-28,2024-01-04,2024-01-04,20000,20000,3.436,livrée
CMD-2023-01849,DL-SV-010,F04,2023-11-28,2024-01-03,2024-01-04,34500,34500,3.094,livrée
CMD-2023-01850,DL-SV-001,F01,2023-11-28,2023-12-27,2023-12-22,47000,47000,2.922,livrée
CMD-2023-01851,DL-BB-006,F07,2023-11-28,2024-01-10,2024-01-08,21000,21000,4.313,livrée
CMD-2023-01852,DL-BB-001,F02,2023-11-28,2023-12-30,2023-12-26,37000,37000,4.211,livrée
CMD-2023-01853,DL-CA-011,F02,2023-11-28,2023-12-25,2023-12-20,17000,17000,4.162,livrée
CMD-2023-01854,DL-SV-001,F01,2023-11-28,2023-12-24,2023-12-26,61000,61000,2.821,livrée
CMD-2023-01855,DL-HY-003,F06,2023-11-28,2024-01-11,2024-01-07,59000,59000,5.508,livrée
CMD-2023-01856,DL-SV-010,F04,2023-11-28,2024-01-03,2024-01-05,18500,18500,2.774,livrée
CMD-2023-01857,DL-BB-005,F04,2023-11-28,2023-12-31,2023-12-27,41000,41000,5.18,livrée
CMD-2023-01858,DL-SV-010,F04,2023-11-29,2023-12-31,2023-12-31,76500,76500,3.127,livrée
CMD-2023-01859,DL-SV-006,F03,2023-11-29,2023-12-25,2023-12-23,17000,17000,2.944,livrée
CMD-2023-01860,DL-BB-005,F04,2023-11-29,2024-01-02,2024-01-07,30000,30000,4.967,livrée
CMD-2023-01861,DL-SV-002,F05,2023-11-29,2024-01-08,2024-01-05,111500,111500,4.339,livrée
CMD-2023-01862,DL-SV-010,F04,2023-11-29,2024-01-01,2023-12-28,60500,60500,2.784,livrée
CMD-2023-01863,DL-SV-001,F06,2023-11-29,2024-01-11,2024-01-10,140500,140500,2.832,livrée
CMD-2023-01864,DL-HY-007,F02,2023-11-29,2023-12-29,2023-12-31,76000,76000,2.745,livrée
CMD-2023-01865,DL-CA-001,F02,2023-11-29,2024-01-01,2023-12-29,18000,18000,5.519,livrée
CMD-2023-01866,DL-SO-004,F06,2023-11-30,2024-01-13,2024-01-10,25000,25000,2.818,livrée
CMD-2023-01867,DL-SV-007,F03,2023-11-30,2023-12-25,2023-12-23,19000,19000,3.882,livrée
CMD-2023-01868,DL-DE-008,F06,2023-11-30,2024-01-13,2024-01-15,115500,115500,3.296,livrée
CMD-2023-01869,DL-DE-001,F03,2023-11-30,2023-12-22,2023-12-20,44500,44500,4.152,livrée
CMD-2023-01870,DL-CA-004,F03,2023-11-30,2023-12-23,2023-12-21,14000,14000,3.101,livrée
CMD-2023-01871,DL-BB-001,F02,2023-11-30,2023-12-30,2023-12-28,44500,44500,4.113,livrée
CMD-2023-01872,DL-HY-003,F06,2023-11-30,2024-01-16,2024-01-14,10000,10000,5.176,livrée
CMD-2023-01873,DL-CA-011,F02,2023-11-30,2024-01-01,2024-01-02,33500,33500,4.296,livrée
CMD-2023-01874,DL-SV-010,F04,2023-11-30,2024-01-06,2024-01-07,55500,55500,2.922,livrée
CMD-2023-01875,DL-BB-006,F07,2023-11-30,2024-01-14,2024-01-10,67500,67500,4.276,livrée
CMD-2023-01876,DL-SO-005,F04,2023-11-30,2024-01-06,2024-01-08,24500,24500,2.83,livrée
CMD-2023-01877,DL-SV-001,F06,2023-12-01,2024-01-16,2024-01-11,26500,26500,2.856,livrée
CMD-2023-01878,DL-HY-004,F04,2023-12-01,2024-01-08,2024-01-05,14000,14000,3.734,livrée
CMD-2023-01879,DL-SV-011,F03,2023-12-01,2023-12-25,2023-12-22,21000,21000,2.984,livrée
CMD-2023-01880,DL-DE-007,F07,2023-12-01,2024-01-15,2024-01-14,68000,68000,1.818,livrée
CMD-2023-01881,DL-CA-007,F08,2023-12-01,2024-01-11,2024-01-13,52000,52000,3.693,livrée
CMD-2023-01882,DL-SV-007,F03,2023-12-01,2023-12-25,2023-12-22,52000,52000,4.148,livrée
CMD-2023-01883,DL-BB-001,F02,2023-12-01,2023-12-28,2023-12-28,34000,34000,3.813,livrée
CMD-2023-01884,DL-CA-004,F03,2023-12-01,2023-12-23,2023-12-20,18000,18000,2.913,livrée
CMD-2023-01885,DL-SV-001,F01,2023-12-04,2024-01-01,2023-12-29,55500,55500,3.068,livrée
CMD-2023-01886,DL-CA-004,F03,2023-12-04,2023-12-28,2023-12-24,37000,37000,3.099,livrée
CMD-2023-01887,DL-BB-001,F02,2023-12-04,2024-01-01,2024-01-01,99000,99000,3.79,livrée
CMD-2023-01888,DL-DE-005,F03,2023-12-04,2024-01-01,2023-12-31,44000,44000,2.893,livrée
CMD-2023-01889,DL-SV-006,F03,2023-12-04,2023-12-28,2023-12-27,89000,89000,2.987,livrée
CMD-2023-01890,DL-HY-004,F04,2023-12-04,2024-01-11,2024-01-10,27000,27000,3.761,livrée
CMD-2023-01891,DL-CA-012,F03,2023-12-04,2023-12-26,2023-12-24,53000,53000,4.369,livrée
CMD-2023-01892,DL-SO-005,F04,2023-12-04,2024-01-05,2024-01-04,10000,10000,2.558,livrée
CMD-2023-01893,DL-DE-004,F08,2023-12-05,2024-01-12,2024-01-12,79500,79500,5.114,livrée
CMD-2023-01894,DL-HY-004,F04,2023-12-05,2024-01-12,2024-01-13,14500,14500,3.703,livrée
CMD-2023-01895,DL-HY-004,F03,2023-12-05,2023-12-30,2023-12-29,30000,30000,3.91,livrée
CMD-2023-01896,DL-SV-002,F05,2023-12-05,2024-01-17,2024-01-17,60500,60500,3.905,livrée
CMD-2023-01897,DL-SV-003,F03,2023-12-05,2023-12-27,2023-12-24,21500,21500,5.053,livrée
CMD-2023-01898,DL-CA-004,F03,2023-12-06,2024-01-01,2024-01-02,63000,63000,3.179,livrée
CMD-2023-01899,DL-SV-010,F04,2023-12-06,2024-01-07,2024-01-05,18000,18000,2.856,livrée
CMD-2023-01900,DL-CA-011,F02,2023-12-06,2024-01-05,2024-01-05,27500,27500,4.27,livrée
CMD-2023-01901,DL-SV-001,F06,2023-12-06,2024-01-23,2024-01-24,52500,52500,2.923,livrée
CMD-2023-01902,DL-DE-004,F08,2023-12-06,2024-01-15,2024-01-19,11500,11500,5.379,livrée
CMD-2023-01903,DL-BB-005,F04,2023-12-06,2024-01-10,2024-01-06,29500,29500,4.778,livrée
CMD-2023-01904,DL-CA-003,F04,2023-12-06,2024-01-08,2024-01-06,15500,15500,2.519,livrée
CMD-2023-01905,DL-SV-001,F01,2023-12-07,2024-01-03,2024-01-02,56000,56000,2.962,livrée
CMD-2023-01906,DL-CA-007,F08,2023-12-07,2024-01-16,2024-01-15,55000,55000,3.587,livrée
CMD-2023-01907,DL-SO-002,F03,2023-12-07,2023-12-31,2023-12-28,33500,28800,2.524,livrée
CMD-2023-01908,DL-CA-003,F02,2023-12-07,2024-01-05,2024-01-05,45000,45000,2.36,livrée
CMD-2023-01909,DL-SO-009,F06,2023-12-07,2024-01-22,2024-01-19,62500,62500,3.194,livrée
CMD-2023-01910,DL-CA-004,F03,2023-12-07,2024-01-04,2024-01-02,37000,37000,2.983,livrée
CMD-2023-01911,DL-BB-004,F01,2023-12-07,2024-01-04,2024-01-04,25000,25000,3.924,livrée
CMD-2023-01912,DL-SV-002,F05,2023-12-08,2024-01-18,2024-01-13,45000,45000,4.226,livrée
CMD-2023-01913,DL-SV-001,F01,2023-12-08,2024-01-06,2024-01-03,51500,51500,3.091,livrée
CMD-2023-01914,DL-HY-006,F03,2023-12-08,2024-01-03,2023-12-29,27500,27500,1.918,livrée
CMD-2023-01915,DL-CA-011,F02,2023-12-08,2024-01-08,2024-01-03,20000,20000,4.293,livrée
CMD-2023-01916,DL-BB-002,F01,2023-12-08,2024-01-06,2024-01-02,19000,19000,3.087,livrée
CMD-2023-01917,DL-HY-004,F04,2023-12-08,2024-01-13,2024-01-10,38000,38000,4.081,livrée
CMD-2023-01918,DL-DE-003,F05,2023-12-08,2024-01-16,2024-01-14,56500,56500,4.397,livrée
CMD-2023-01919,DL-SV-001,F01,2023-12-08,2024-01-06,2024-01-07,39000,39000,3.097,livrée
CMD-2023-01920,DL-SV-001,F06,2023-12-08,2024-01-19,2024-01-20,68500,68500,3.037,livrée
CMD-2023-01921,DL-CA-002,F01,2023-12-08,2024-01-02,2023-12-31,92500,92500,3.608,livrée
CMD-2023-01922,DL-CA-003,F02,2023-12-11,2024-01-07,2024-01-07,28500,28500,2.424,livrée
CMD-2023-01923,DL-SO-005,F04,2023-12-11,2024-01-13,2024-01-09,27500,27500,2.707,livrée
CMD-2023-01924,DL-SO-005,F04,2023-12-11,2024-01-13,2024-01-09,150000,150000,2.788,livrée
CMD-2023-01925,DL-BB-003,F05,2023-12-11,2024-01-21,2024-01-17,28000,28000,4.17,livrée
CMD-2023-01926,DL-CA-005,F03,2023-12-11,2024-01-04,2024-01-01,18500,18500,2.857,livrée
CMD-2023-01927,DL-SV-014,F04,2023-12-11,2024-01-17,2024-01-13,65500,65500,4.078,livrée
CMD-2023-01928,DL-SV-008,F04,2023-12-11,2024-01-14,2024-01-11,133000,133000,3.195,livrée
CMD-2023-01929,DL-CA-004,F03,2023-12-11,2024-01-05,2024-01-02,31000,31000,3.12,livrée
CMD-2023-01930,DL-CA-004,F03,2023-12-11,2024-01-08,2024-01-09,35000,35000,2.972,livrée
CMD-2023-01931,DL-DE-002,F07,2023-12-12,2024-01-21,2024-01-23,25000,25000,3.345,livrée
CMD-2023-01932,DL-SV-015,F05,2023-12-12,2024-01-24,2024-01-25,22000,22000,3.158,livrée
CMD-2023-01933,DL-CA-008,F05,2023-12-12,2024-01-19,2024-01-20,125000,125000,1.604,livrée
CMD-2023-01934,DL-SV-014,F04,2023-12-12,2024-01-19,2024-01-16,19000,19000,4.278,livrée
CMD-2023-01935,DL-BB-005,F04,2023-12-12,2024-01-15,2024-01-14,55500,55500,4.82,livrée
CMD-2023-01936,DL-SO-002,F03,2023-12-12,2024-01-04,2024-01-01,16000,16000,2.833,livrée
CMD-2023-01937,DL-CA-012,F03,2023-12-12,2024-01-05,2024-01-03,47000,47000,3.886,livrée
CMD-2023-01938,DL-SV-001,F01,2023-12-13,2024-01-11,2024-01-11,20000,20000,2.829,livrée
CMD-2023-01939,DL-HY-003,F06,2023-12-13,2024-01-25,2024-01-25,13000,13000,5.524,livrée
CMD-2023-01940,DL-SO-007,F08,2023-12-13,2024-01-20,2024-01-15,21500,21500,5.1,livrée
CMD-2023-01941,DL-SV-001,F01,2023-12-13,2024-01-12,2024-01-11,32000,32000,2.824,livrée
CMD-2023-01942,DL-SV-001,F01,2023-12-13,2024-01-10,2024-01-07,41500,41500,3.077,livrée
CMD-2023-01943,DL-SV-007,F08,2023-12-13,2024-01-17,2024-01-16,43000,43000,4.121,livrée
CMD-2023-01944,DL-DE-007,F07,2023-12-14,2024-01-26,2024-01-22,20000,20000,1.815,livrée
CMD-2023-01945,DL-SO-004,F06,2023-12-14,2024-01-29,2024-01-27,40500,40500,2.818,livrée
CMD-2023-01946,DL-DE-007,F07,2023-12-14,2024-01-28,2024-01-26,76000,76000,1.787,livrée
CMD-2023-01947,DL-SV-001,F01,2023-12-14,2024-01-10,2024-01-07,55000,55000,3.054,livrée
CMD-2023-01948,DL-SV-001,F01,2023-12-14,2024-01-12,2024-01-08,16500,16500,3.088,livrée
CMD-2023-01949,DL-CA-004,F03,2023-12-14,2024-01-06,2024-01-07,41000,41000,2.99,livrée
CMD-2023-01950,DL-SV-001,F01,2023-12-14,2024-01-12,2024-01-09,33000,33000,3.059,livrée
CMD-2023-01951,DL-BB-005,F04,2023-12-15,2024-01-22,2024-01-19,41000,41000,5.174,livrée
CMD-2023-01952,DL-SV-001,F01,2023-12-15,2024-01-15,2024-01-15,25500,25500,2.91,livrée
CMD-2023-01953,DL-DE-002,F07,2023-12-15,2024-01-25,2024-01-24,72500,72500,3.602,livrée
CMD-2023-01954,DL-CA-004,F03,2023-12-15,2024-01-10,2024-01-12,43000,43000,3.226,livrée
CMD-2023-01955,DL-CA-011,F02,2023-12-15,2024-01-17,2024-01-19,80500,80500,4.081,livrée
CMD-2023-01956,DL-SV-001,F01,2023-12-15,2024-01-10,2024-01-11,19500,19500,2.951,livrée
CMD-2023-01957,DL-SV-014,F04,2023-12-15,2024-01-18,2024-01-15,57500,57500,4.153,livrée
CMD-2023-01958,DL-CA-004,F03,2023-12-18,2024-01-12,2024-01-14,120500,120500,3.05,livrée
CMD-2023-01959,DL-CA-011,F02,2023-12-18,2024-01-19,2024-01-17,25500,25500,4.09,livrée
CMD-2023-01960,DL-DE-005,F04,2023-12-18,2024-01-21,2024-01-29,79500,79500,2.779,livrée
CMD-2023-01961,DL-CA-004,F03,2023-12-18,2024-01-11,2024-01-13,37500,32200,3.094,livrée
CMD-2023-01962,DL-SO-005,F04,2023-12-18,2024-01-19,2024-01-18,66000,66000,2.729,livrée
CMD-2023-01963,DL-BB-001,F02,2023-12-18,2024-01-18,2024-01-19,76000,76000,3.905,livrée
CMD-2023-01964,DL-SV-008,F04,2023-12-18,2024-01-20,2024-02-02,38500,38500,3.058,livrée
CMD-2023-01965,DL-HY-007,F02,2023-12-19,2024-01-19,2024-01-14,17500,17500,2.872,livrée
CMD-2023-01966,DL-HY-004,F04,2023-12-19,2024-01-21,2024-01-29,62500,62500,4.084,livrée
CMD-2023-01967,DL-CA-004,F03,2023-12-19,2024-01-11,2024-01-11,34000,34000,3.065,livrée
CMD-2023-01968,DL-CA-004,F03,2023-12-19,2024-01-11,2024-01-09,48500,48500,3.09,livrée
CMD-2023-01969,DL-CA-011,F02,2023-12-19,2024-01-20,2024-01-19,36000,36000,4.595,livrée
CMD-2023-01970,DL-HY-002,F08,2023-12-19,2024-01-29,2024-01-29,41500,41500,2.293,livrée
CMD-2023-01971,DL-DE-004,F01,2023-12-19,2024-01-17,2024-01-15,99500,99500,5.048,livrée
CMD-2023-01972,DL-CA-004,F03,2023-12-19,2024-01-11,2024-01-06,29000,29000,3.032,livrée
CMD-2023-01973,DL-BB-006,F01,2023-12-19,2024-01-16,2024-01-11,22000,22000,4.332,livrée
CMD-2023-01974,DL-CA-004,F03,2023-12-19,2024-01-11,2024-01-13,34500,34500,2.976,livrée
CMD-2023-01975,DL-CA-012,F03,2023-12-19,2024-01-11,2024-01-11,19500,19500,4.152,livrée
CMD-2023-01976,DL-HY-004,F03,2023-12-19,2024-01-12,2024-01-11,28000,28000,3.902,livrée
CMD-2023-01977,DL-SO-005,F04,2023-12-19,2024-01-25,2024-01-22,28500,28500,2.776,livrée
CMD-2023-01978,DL-HY-008,F02,2023-12-20,2024-01-18,2024-01-19,12500,12500,1.478,livrée
CMD-2023-01979,DL-SV-001,F01,2023-12-20,2024-01-18,2024-01-14,51500,51500,3.0,livrée
CMD-2023-01980,DL-HY-001,F03,2023-12-20,2024-01-13,2024-01-15,17500,17500,3.065,livrée
CMD-2023-01981,DL-DE-008,F06,2023-12-21,2024-02-02,2024-01-28,26500,26500,3.392,livrée
CMD-2023-01982,DL-DE-001,F03,2023-12-22,2024-01-17,2024-01-13,40500,40500,4.219,livrée
CMD-2023-01983,DL-DE-007,F07,2023-12-22,2024-02-01,2024-01-30,30000,30000,1.91,livrée
CMD-2023-01984,DL-CA-004,F03,2023-12-22,2024-01-13,2024-01-13,18000,18000,2.89,livrée
CMD-2023-01985,DL-CA-006,F03,2023-12-22,2024-01-14,2024-01-12,12000,12000,3.038,livrée
CMD-2023-01986,DL-HY-002,F08,2023-12-25,2024-02-03,2024-02-11,12000,12000,2.274,livrée
CMD-2023-01987,DL-HY-001,F03,2023-12-25,2024-01-21,2024-01-20,32000,32000,3.323,livrée
CMD-2023-01988,DL-SV-007,F03,2023-12-25,2024-01-22,2024-01-19,50500,50500,3.878,livrée
CMD-2023-01989,DL-BB-005,F04,2023-12-25,2024-01-26,2024-01-25,32500,32500,4.908,livrée
CMD-2023-01990,DL-BB-005,F04,2023-12-25,2024-02-01,2024-02-01,37500,37500,4.914,livrée
CMD-2023-01991,DL-HY-001,F03,2023-12-25,2024-01-22,2024-01-18,25000,25000,3.146,livrée
CMD-2023-01992,DL-SO-005,F04,2023-12-25,2024-01-26,2024-01-26,17000,17000,2.593,livrée
CMD-2023-01993,DL-BB-005,F04,2023-12-25,2024-01-29,2024-01-26,120000,120000,5.286,livrée
CMD-2023-01994,DL-HY-005,F08,2023-12-25,2024-01-29,2024-01-26,52000,52000,3.087,livrée
CMD-2023-01995,DL-SO-004,F06,2023-12-25,2024-02-07,2024-02-03,33500,33500,2.686,livrée
CMD-2023-01996,DL-BB-001,F02,2023-12-25,2024-01-26,2024-01-23,43500,43500,3.944,livrée
CMD-2023-01997,DL-HY-004,F03,2023-12-25,2024-01-21,2024-01-21,33500,33500,3.878,livrée
CMD-2023-01998,DL-HY-004,F03,2023-12-25,2024-01-19,2024-01-17,38000,38000,3.633,livrée
CMD-2023-01999,DL-DE-001,F03,2023-12-25,2024-01-22,2024-01-20,30000,30000,4.44,livrée
CMD-2023-02000,DL-SV-002,F05,2023-12-25,2024-02-01,2024-01-30,27500,27500,4.199,livrée
CMD-2023-02001,DL-HY-003,F06,2023-12-26,2024-02-07,2024-02-02,30000,30000,5.716,livrée
CMD-2023-02002,DL-DE-007,F07,2023-12-26,2024-02-06,2024-02-07,51000,51000,1.851,livrée
CMD-2023-02003,DL-SV-003,F03,2023-12-26,2024-01-20,2024-01-20,61000,61000,5.008,livrée
CMD-2023-02004,DL-CA-006,F03,2023-12-26,2024-01-20,2024-01-22,119500,119500,2.817,livrée
CMD-2023-02005,DL-SO-009,F08,2023-12-27,2024-01-31,2024-01-28,35000,35000,2.915,livrée
CMD-2023-02006,DL-DE-002,F07,2023-12-27,2024-02-06,2024-02-11,18500,18500,3.603,livrée
CMD-2023-02007,DL-SV-006,F03,2023-12-27,2024-01-21,2024-01-17,32500,32500,2.976,livrée
CMD-2023-02008,DL-SV-006,F03,2023-12-27,2024-01-20,2024-01-17,59500,59500,3.122,livrée
CMD-2023-02009,DL-CA-010,F03,2023-12-27,2024-01-23,2024-01-20,45000,45000,4.061,livrée
CMD-2023-02010,DL-CA-011,F02,2023-12-27,2024-01-23,2024-01-23,54500,54500,4.591,livrée
CMD-2023-02011,DL-SO-005,F04,2023-12-27,2024-02-02,2024-01-28,13000,13000,2.709,livrée
CMD-2023-02012,DL-HY-006,F03,2023-12-27,2024-01-20,2024-01-21,20500,20500,1.752,livrée
CMD-2023-02013,DL-DE-007,F07,2023-12-27,2024-02-09,2024-02-08,77000,77000,1.817,livrée
CMD-2023-02014,DL-SO-008,F01,2023-12-27,2024-01-27,2024-01-27,100000,100000,4.523,livrée
CMD-2023-02015,DL-SV-002,F05,2023-12-28,2024-02-03,2024-02-01,28500,28500,3.962,livrée
CMD-2023-02016,DL-HY-002,F08,2023-12-28,2024-02-06,2024-02-12,24000,24000,2.229,livrée
CMD-2023-02017,DL-SV-007,F03,2023-12-28,2024-01-24,2024-01-24,35000,35000,4.028,livrée
CMD-2023-02018,DL-BB-001,F02,2023-12-28,2024-01-30,2024-02-01,128500,128500,3.728,livrée
CMD-2023-02019,DL-BB-001,F02,2023-12-28,2024-01-28,2024-01-28,31000,31000,4.189,livrée
CMD-2023-02020,DL-SV-004,F08,2023-12-28,2024-02-04,2024-02-01,44000,40600,2.631,livrée
CMD-2023-02021,DL-HY-003,F06,2023-12-28,2024-02-12,2024-02-09,14000,14000,5.763,livrée
CMD-2023-02022,DL-BB-005,F04,2023-12-28,2024-01-31,2024-01-27,25000,25000,4.736,livrée
CMD-2023-02023,DL-DE-007,F07,2023-12-28,2024-02-09,2024-02-17,33500,33500,1.883,livrée
CMD-2023-02024,DL-DE-001,F03,2023-12-28,2024-01-21,2024-01-20,49500,49500,4.149,livrée
CMD-2023-02025,DL-SV-014,F04,2023-12-28,2024-02-03,2024-01-31,20000,20000,4.052,livrée
CMD-2023-02026,DL-DE-008,F06,2023-12-29,2024-02-10,2024-02-12,89000,89000,3.165,livrée
CMD-2023-02027,DL-CA-011,F02,2023-12-29,2024-01-29,2024-01-27,65000,65000,4.448,livrée
CMD-2023-02028,DL-SV-001,F01,2023-12-29,2024-01-24,2024-01-24,41500,41500,3.168,livrée
CMD-2023-02029,DL-SV-002,F05,2023-12-29,2024-02-05,2024-02-06,37500,37500,4.339,livrée
CMD-2024-00001,DL-SV-013,F02,2024-01-01,2024-01-29,2024-01-31,43500,43500,3.048,livrée
CMD-2024-00002,DL-BB-003,F05,2024-01-01,2024-02-10,2024-02-11,54500,54500,4.501,livrée
CMD-2024-00003,DL-DE-002,F07,2024-01-01,2024-02-09,2024-02-10,60000,60000,3.477,livrée
CMD-2024-00004,DL-DE-002,F07,2024-01-01,2024-02-15,2024-02-10,51500,51500,3.58,livrée
CMD-2024-00005,DL-DE-004,F08,2024-01-02,2024-02-10,2024-02-09,42500,37400,5.661,livrée
CMD-2024-00006,DL-SV-002,F05,2024-01-02,2024-02-08,2024-02-08,57500,57500,4.132,livrée
CMD-2024-00007,DL-SO-003,F07,2024-01-02,2024-02-13,2024-02-10,64500,64500,3.42,livrée
CMD-2024-00008,DL-DE-002,F07,2024-01-03,2024-02-13,2024-02-09,38000,38000,3.59,livrée
CMD-2024-00009,DL-CA-006,F03,2024-01-03,2024-01-30,2024-01-31,31000,31000,2.773,livrée
CMD-2024-00010,DL-SV-002,F05,2024-01-03,2024-02-13,2024-02-13,45000,45000,3.949,livrée
CMD-2024-00011,DL-SV-004,F08,2024-01-03,2024-02-09,2024-02-10,75500,75500,2.561,livrée
CMD-2024-00012,DL-DE-007,F07,2024-01-03,2024-02-15,2024-02-16,27000,27000,1.747,livrée
CMD-2024-00013,DL-SV-001,F01,2024-01-03,2024-01-30,2024-01-28,43000,43000,3.131,livrée
CMD-2024-00014,DL-HY-002,F08,2024-01-03,2024-02-12,2024-02-07,56500,56500,2.411,livrée
CMD-2024-00015,DL-CA-010,F03,2024-01-03,2024-01-26,2024-01-23,23000,23000,4.058,livrée
CMD-2024-00016,DL-SV-003,F03,2024-01-03,2024-01-30,2024-01-30,92000,92000,5.134,livrée
CMD-2024-00017,DL-SO-007,F06,2024-01-03,2024-02-19,2024-02-19,35000,35000,5.116,livrée
CMD-2024-00018,DL-CA-011,F02,2024-01-03,2024-02-01,2024-02-11,103000,103000,4.559,livrée
CMD-2024-00019,DL-HY-007,F02,2024-01-04,2024-02-01,2024-02-03,35500,35500,2.955,livrée
CMD-2024-00020,DL-HY-006,F03,2024-01-04,2024-01-31,2024-01-26,20000,20000,1.873,livrée
CMD-2024-00021,DL-BB-006,F07,2024-01-04,2024-02-14,2024-02-15,38500,38500,3.831,livrée
CMD-2024-00022,DL-CA-007,F08,2024-01-04,2024-02-12,2024-02-09,25500,25500,3.415,livrée
CMD-2024-00023,DL-CA-001,F02,2024-01-04,2024-02-04,2024-02-06,31500,31500,5.458,livrée
CMD-2024-00024,DL-HY-001,F03,2024-01-04,2024-01-26,2024-01-23,52500,52500,3.078,livrée
CMD-2024-00025,DL-SV-006,F03,2024-01-04,2024-01-31,2024-02-01,23500,23500,2.973,livrée
CMD-2024-00026,DL-SO-001,F02,2024-01-04,2024-02-01,2024-01-30,43000,43000,3.958,livrée
CMD-2024-00027,DL-SV-011,F07,2024-01-04,2024-02-14,2024-02-14,32000,32000,3.017,livrée
CMD-2024-00028,DL-DE-002,F07,2024-01-04,2024-02-13,2024-02-14,22000,22000,3.383,livrée
CMD-2024-00029,DL-BB-006,F07,2024-01-04,2024-02-18,2024-02-14,41000,41000,3.998,livrée
CMD-2024-00030,DL-SV-002,F05,2024-01-04,2024-02-11,2024-02-06,22500,22500,4.347,livrée
CMD-2024-00031,DL-DE-004,F08,2024-01-04,2024-02-11,2024-02-10,41500,41500,5.433,livrée
CMD-2024-00032,DL-BB-001,F02,2024-01-04,2024-02-03,2024-01-29,96500,96500,3.883,livrée
CMD-2024-00033,DL-SV-011,F03,2024-01-05,2024-01-28,2024-01-25,14000,14000,2.931,livrée
CMD-2024-00034,DL-BB-005,F04,2024-01-05,2024-02-12,2024-02-18,76000,76000,5.174,livrée
CMD-2024-00035,DL-BB-001,F02,2024-01-05,2024-02-05,2024-02-02,19000,19000,4.096,livrée
CMD-2024-00036,DL-HY-005,F08,2024-01-08,2024-02-14,2024-02-12,59000,59000,3.161,livrée
CMD-2024-00037,DL-BB-005,F04,2024-01-08,2024-02-09,2024-02-04,55000,55000,5.279,livrée
CMD-2024-00038,DL-BB-001,F02,2024-01-08,2024-02-10,2024-02-06,48500,48500,3.99,livrée
CMD-2024-00039,DL-HY-006,F03,2024-01-08,2024-02-01,2024-01-31,65000,65000,1.892,livrée
CMD-2024-00040,DL-HY-007,F02,2024-01-08,2024-02-08,2024-02-09,82000,82000,2.978,livrée
CMD-2024-00041,DL-HY-001,F03,2024-01-09,2024-02-05,2024-02-03,36000,36000,3.161,livrée
CMD-2024-00042,DL-SV-014,F04,2024-01-09,2024-02-14,2024-02-16,40000,40000,3.882,livrée
CMD-2024-00043,DL-SO-009,F08,2024-01-09,2024-02-13,2024-02-09,23000,23000,3.043,livrée
CMD-2024-00044,DL-SV-008,F04,2024-01-09,2024-02-10,2024-02-06,10500,10500,3.139,livrée
CMD-2024-00045,DL-SO-002,F03,2024-01-09,2024-02-04,2024-02-02,26500,26500,2.599,livrée
CMD-2024-00046,DL-CA-004,F03,2024-01-09,2024-02-06,2024-02-01,27000,27000,3.172,livrée
CMD-2024-00047,DL-CA-006,F03,2024-01-09,2024-02-04,2024-02-01,39500,35500,2.763,livrée
CMD-2024-00048,DL-SO-007,F06,2024-01-10,2024-02-21,2024-02-19,117000,117000,5.018,livrée
CMD-2024-00049,DL-CA-004,F03,2024-01-10,2024-02-02,2024-01-31,27500,27500,3.09,livrée
CMD-2024-00050,DL-CA-012,F03,2024-01-10,2024-02-05,2024-02-07,58500,58500,4.092,livrée
CMD-2024-00051,DL-SV-015,F05,2024-01-10,2024-02-21,2024-02-23,49500,49500,3.425,livrée
CMD-2024-00052,DL-BB-003,F05,2024-01-10,2024-02-17,2024-02-19,14500,14500,4.354,livrée
CMD-2024-00053,DL-SV-003,F03,2024-01-10,2024-02-03,2024-02-04,19500,19500,4.992,livrée
CMD-2024-00054,DL-SV-001,F06,2024-01-10,2024-02-21,2024-02-17,14500,14500,2.85,livrée
CMD-2024-00055,DL-SO-003,F04,2024-01-10,2024-02-14,2024-02-14,44500,44500,3.397,livrée
CMD-2024-00056,DL-SV-003,F03,2024-01-10,2024-02-01,2024-01-27,38000,38000,4.83,livrée
CMD-2024-00057,DL-CA-007,F08,2024-01-11,2024-02-15,2024-02-13,25000,25000,3.719,livrée
CMD-2024-00058,DL-HY-002,F08,2024-01-11,2024-02-17,2024-02-14,93500,93500,2.323,livrée
CMD-2024-00059,DL-HY-009,F08,2024-01-11,2024-02-21,2024-02-16,27000,27000,2.49,livrée
CMD-2024-00060,DL-SO-005,F04,2024-01-11,2024-02-14,2024-02-09,44000,44000,2.807,livrée
CMD-2024-00061,DL-HY-006,F03,2024-01-11,2024-02-07,2024-02-02,57500,57500,1.879,livrée
CMD-2024-00062,DL-HY-002,F08,2024-01-11,2024-02-19,2024-02-18,42500,42500,2.36,livrée
CMD-2024-00063,DL-HY-007,F02,2024-01-11,2024-02-10,2024-02-27,16500,16500,2.976,livrée
CMD-2024-00064,DL-CA-006,F03,2024-01-11,2024-02-06,2024-02-06,21500,21500,2.83,livrée
CMD-2024-00065,DL-HY-004,F04,2024-01-11,2024-02-17,2024-02-14,29000,29000,3.826,livrée
CMD-2024-00066,DL-DE-007,F07,2024-01-11,2024-02-20,2024-02-17,30000,30000,1.824,livrée
CMD-2024-00067,DL-CA-005,F03,2024-01-11,2024-02-05,2024-02-03,79000,79000,2.892,livrée
CMD-2024-00068,DL-CA-004,F03,2024-01-12,2024-02-06,2024-02-08,25000,25000,2.896,livrée
CMD-2024-00069,DL-SO-007,F08,2024-01-12,2024-02-17,2024-02-12,95500,95500,5.358,livrée
CMD-2024-00070,DL-HY-004,F03,2024-01-12,2024-02-08,2024-02-09,38000,38000,3.707,livrée
CMD-2024-00071,DL-SV-001,F06,2024-01-12,2024-02-24,2024-02-19,25500,25500,3.094,livrée
CMD-2024-00072,DL-SV-003,F03,2024-01-12,2024-02-04,2024-01-30,37500,37500,5.199,livrée
CMD-2024-00073,DL-CA-006,F03,2024-01-12,2024-02-04,2024-02-03,150000,150000,2.84,livrée
CMD-2024-00074,DL-SV-001,F06,2024-01-12,2024-02-27,2024-02-28,40000,40000,2.83,livrée
CMD-2024-00075,DL-CA-011,F02,2024-01-15,2024-02-15,2024-02-10,15500,15500,4.24,livrée
CMD-2024-00076,DL-SV-010,F04,2024-01-15,2024-02-21,2024-02-17,58000,58000,3.06,livrée
CMD-2024-00077,DL-SV-011,F03,2024-01-15,2024-02-06,2024-02-18,150000,150000,2.969,livrée
CMD-2024-00078,DL-SV-004,F08,2024-01-15,2024-02-25,2024-02-27,49500,49500,2.588,livrée
CMD-2024-00079,DL-SV-007,F03,2024-01-15,2024-02-06,2024-02-03,70500,70500,3.821,livrée
CMD-2024-00080,DL-SV-006,F05,2024-01-15,2024-02-26,2024-02-25,12000,12000,3.092,livrée
CMD-2024-00081,DL-SO-002,F03,2024-01-15,2024-02-10,2024-02-05,61000,61000,2.618,livrée
CMD-2024-00082,DL-HY-004,F04,2024-01-15,2024-02-18,2024-02-19,33000,33000,4.046,livrée
CMD-2024-00083,DL-DE-002,F07,2024-01-15,2024-02-29,2024-02-24,34500,34500,3.331,livrée
CMD-2024-00084,DL-HY-006,F03,2024-01-15,2024-02-06,2024-02-07,61000,61000,1.798,livrée
CMD-2024-00085,DL-CA-010,F03,2024-01-16,2024-02-09,2024-02-08,37000,37000,4.01,livrée
CMD-2024-00086,DL-CA-001,F02,2024-01-16,2024-02-15,2024-02-15,27000,27000,5.515,livrée
CMD-2024-00087,DL-DE-007,F07,2024-01-16,2024-02-28,2024-02-24,54500,54500,1.799,livrée
CMD-2024-00088,DL-SV-002,F05,2024-01-16,2024-02-24,2024-02-21,32500,32500,4.3,livrée
CMD-2024-00089,DL-SV-002,F05,2024-01-16,2024-02-23,2024-03-01,46500,46500,4.321,livrée
CMD-2024-00090,DL-HY-004,F04,2024-01-16,2024-02-18,2024-02-19,37500,37500,3.716,livrée
CMD-2024-00091,DL-HY-001,F03,2024-01-17,2024-02-13,2024-02-14,73500,73500,3.106,livrée
CMD-2024-00092,DL-BB-005,F04,2024-01-17,2024-02-19,2024-02-20,26000,26000,5.255,livrée
CMD-2024-00093,DL-DE-003,F03,2024-01-17,2024-02-11,2024-02-09,22500,22500,4.067,livrée
CMD-2024-00094,DL-CA-008,F05,2024-01-17,2024-02-26,2024-03-04,64000,64000,1.661,livrée
CMD-2024-00095,DL-CA-002,F06,2024-01-17,2024-02-28,2024-02-25,40000,40000,3.784,livrée
CMD-2024-00096,DL-SV-007,F03,2024-01-17,2024-02-12,2024-02-10,59000,59000,3.947,livrée
CMD-2024-00097,DL-HY-002,F08,2024-01-18,2024-02-28,2024-02-23,71500,71500,2.218,livrée
CMD-2024-00098,DL-SO-004,F06,2024-01-18,2024-03-04,2024-03-16,47000,47000,2.821,livrée
CMD-2024-00099,DL-HY-004,F04,2024-01-18,2024-02-23,2024-03-08,55500,55500,4.042,livrée
CMD-2024-00100,DL-DE-007,F07,2024-01-18,2024-03-02,2024-03-01,36500,36500,1.788,livrée
CMD-2024-00101,DL-DE-001,F03,2024-01-18,2024-02-09,2024-02-09,24000,24000,4.472,livrée
CMD-2024-00102,DL-SV-007,F03,2024-01-18,2024-02-14,2024-02-15,15500,15500,3.938,livrée
CMD-2024-00103,DL-HY-006,F03,2024-01-18,2024-02-09,2024-02-05,43000,43000,1.726,livrée
CMD-2024-00104,DL-SO-004,F04,2024-01-18,2024-02-20,2024-02-19,39000,39000,2.904,livrée
CMD-2024-00105,DL-CA-003,F02,2024-01-19,2024-02-19,2024-02-14,64000,64000,2.261,livrée
CMD-2024-00106,DL-SV-014,F04,2024-01-19,2024-02-24,2024-02-19,36000,36000,3.803,livrée
CMD-2024-00107,DL-CA-004,F03,2024-01-19,2024-02-16,2024-02-17,56000,56000,3.188,livrée
CMD-2024-00108,DL-BB-004,F01,2024-01-19,2024-02-18,2024-02-17,56000,56000,3.936,livrée
CMD-2024-00109,DL-HY-006,F03,2024-01-19,2024-02-11,2024-02-08,63500,63500,1.803,livrée
CMD-2024-00110,DL-HY-001,F03,2024-01-19,2024-02-16,2024-02-12,26500,26500,3.389,livrée
CMD-2024-00111,DL-SV-002,F05,2024-01-19,2024-02-26,2024-02-24,95500,95500,4.152,livrée
CMD-2024-00112,DL-SO-001,F02,2024-01-19,2024-02-17,2024-02-15,92500,92500,4.139,livrée
CMD-2024-00113,DL-CA-004,F03,2024-01-19,2024-02-14,2024-02-14,25000,25000,3.093,livrée
CMD-2024-00114,DL-BB-001,F02,2024-01-19,2024-02-20,2024-02-16,33500,33500,4.122,livrée
CMD-2024-00115,DL-BB-006,F07,2024-01-22,2024-03-05,2024-03-07,15500,14300,4.295,livrée
CMD-2024-00116,DL-BB-006,F07,2024-01-22,2024-03-07,2024-03-06,55500,53300,3.894,livrée
CMD-2024-00117,DL-SV-011,F03,2024-01-22,2024-02-19,2024-02-17,56000,56000,2.817,livrée
CMD-2024-00118,DL-HY-004,F03,2024-01-22,2024-02-17,2024-02-16,43500,43500,4.112,livrée
CMD-2024-00119,DL-SO-005,F04,2024-01-22,2024-02-24,2024-02-19,17000,17000,2.688,livrée
CMD-2024-00120,DL-SV-006,F03,2024-01-22,2024-02-16,2024-02-23,57000,57000,3.191,livrée
CMD-2024-00121,DL-DE-001,F03,2024-01-23,2024-02-19,2024-02-21,52500,52500,4.581,livrée
CMD-2024-00122,DL-SV-010,F04,2024-01-23,2024-02-27,2024-02-29,48500,48500,3.025,livrée
CMD-2024-00123,DL-HY-008,F03,2024-01-23,2024-02-16,2024-02-15,22000,22000,1.628,livrée
CMD-2024-00124,DL-BB-004,F01,2024-01-23,2024-02-20,2024-02-21,20500,20500,3.763,livrée
CMD-2024-00125,DL-SO-005,F04,2024-01-23,2024-02-29,2024-02-24,67000,67000,2.889,livrée
CMD-2024-00126,DL-HY-001,F03,2024-01-23,2024-02-20,2024-02-20,43500,43500,3.146,livrée
CMD-2024-00127,DL-SV-007,F03,2024-01-23,2024-02-16,2024-02-14,47500,47500,3.781,livrée
CMD-2024-00128,DL-SV-001,F01,2024-01-23,2024-02-23,2024-03-06,31500,31500,3.078,livrée
CMD-2024-00129,DL-HY-004,F04,2024-01-23,2024-02-28,2024-02-23,22500,22500,3.712,livrée
CMD-2024-00130,DL-CA-006,F03,2024-01-23,2024-02-20,2024-02-25,75500,75500,2.728,livrée
CMD-2024-00131,DL-DE-002,F07,2024-01-23,2024-03-06,2024-03-04,26000,26000,3.613,livrée
CMD-2024-00132,DL-CA-008,F05,2024-01-24,2024-03-02,2024-03-04,27500,27500,1.599,livrée
CMD-2024-00133,DL-BB-001,F02,2024-01-24,2024-02-26,2024-02-26,36000,36000,4.138,livrée
CMD-2024-00134,DL-SV-001,F01,2024-01-24,2024-02-19,2024-02-16,150000,150000,2.85,livrée
CMD-2024-00135,DL-CA-011,F02,2024-01-24,2024-02-23,2024-02-20,148000,148000,4.279,livrée
CMD-2024-00136,DL-SV-007,F03,2024-01-24,2024-02-17,2024-02-18,64000,64000,4.252,livrée
CMD-2024-00137,DL-SV-008,F04,2024-01-24,2024-02-28,2024-03-03,35500,35500,3.133,livrée
CMD-2024-00138,DL-BB-005,F04,2024-01-24,2024-02-27,2024-02-28,31500,31500,5.013,livrée
CMD-2024-00139,DL-HY-004,F04,2024-01-24,2024-02-29,2024-02-29,83000,83000,3.964,livrée
CMD-2024-00140,DL-DE-008,F06,2024-01-25,2024-03-13,2024-03-14,73000,73000,3.395,livrée
CMD-2024-00141,DL-DE-008,F06,2024-01-25,2024-03-12,2024-03-28,24500,24500,3.417,livrée
CMD-2024-00142,DL-SV-003,F03,2024-01-25,2024-02-18,2024-02-13,38500,38500,4.913,livrée
CMD-2024-00143,DL-SO-008,F07,2024-01-25,2024-03-05,2024-03-07,11000,11000,4.869,livrée
CMD-2024-00144,DL-SV-002,F05,2024-01-25,2024-03-07,2024-03-06,56500,53900,3.995,livrée
CMD-2024-00145,DL-CA-001,F02,2024-01-25,2024-02-23,2024-02-23,27000,27000,4.958,livrée
CMD-2024-00146,DL-DE-009,F02,2024-01-25,2024-02-26,2024-02-22,105500,105500,4.218,livrée
CMD-2024-00147,DL-SV-006,F03,2024-01-26,2024-02-17,2024-02-17,38500,38500,3.082,livrée
CMD-2024-00148,DL-HY-001,F03,2024-01-26,2024-02-21,2024-02-17,18500,18500,3.342,livrée
CMD-2024-00149,DL-HY-009,F08,2024-01-26,2024-03-06,2024-03-06,35500,35500,2.409,livrée
CMD-2024-00150,DL-SO-005,F04,2024-01-26,2024-02-28,2024-02-27,10000,10000,2.682,livrée
CMD-2024-00151,DL-BB-003,F05,2024-01-26,2024-03-08,2024-03-06,16500,16500,4.18,livrée
CMD-2024-00152,DL-CA-011,F02,2024-01-29,2024-03-01,2024-02-26,10000,10000,4.494,livrée
CMD-2024-00153,DL-HY-001,F03,2024-01-29,2024-02-26,2024-02-28,14500,12300,2.998,livrée
CMD-2024-00154,DL-DE-008,F06,2024-01-29,2024-03-11,2024-03-09,51500,51500,3.148,livrée
CMD-2024-00155,DL-SV-011,F03,2024-01-29,2024-02-24,2024-02-26,73000,73000,3.002,livrée
CMD-2024-00156,DL-SV-002,F05,2024-01-29,2024-03-07,2024-03-07,67000,67000,4.336,livrée
CMD-2024-00157,DL-DE-001,F03,2024-01-29,2024-02-25,2024-02-24,149500,149500,4.297,livrée
CMD-2024-00158,DL-CA-001,F02,2024-01-29,2024-02-26,2024-02-22,19500,19500,5.221,livrée
CMD-2024-00159,DL-CA-008,F05,2024-01-29,2024-03-09,2024-03-04,56000,56000,1.519,livrée
CMD-2024-00160,DL-CA-012,F02,2024-01-29,2024-02-26,2024-02-21,45000,45000,3.958,livrée
CMD-2024-00161,DL-CA-006,F03,2024-01-29,2024-02-22,2024-02-20,41500,41500,2.941,livrée
CMD-2024-00162,DL-SV-001,F01,2024-01-30,2024-02-28,2024-02-24,15500,15500,3.01,livrée
CMD-2024-00163,DL-SO-005,F04,2024-01-30,2024-03-03,2024-02-29,15000,15000,2.865,livrée
CMD-2024-00164,DL-SV-008,F04,2024-01-30,2024-03-06,2024-03-04,34500,34500,2.953,livrée
CMD-2024-00165,DL-HY-003,F06,2024-01-30,2024-03-16,2024-03-12,11000,11000,5.194,livrée
CMD-2024-00166,DL-SV-011,F03,2024-01-30,2024-02-26,2024-02-23,93000,93000,3.123,livrée
CMD-2024-00167,DL-DE-001,F03,2024-01-30,2024-02-27,2024-02-24,17500,17500,4.17,livrée
CMD-2024-00168,DL-CA-006,F03,2024-01-30,2024-02-27,2024-03-08,65500,65500,2.967,livrée
CMD-2024-00169,DL-SV-008,F04,2024-01-30,2024-03-02,2024-03-09,75500,75500,2.889,livrée
CMD-2024-00170,DL-CA-006,F03,2024-01-30,2024-02-25,2024-02-24,33500,33500,2.739,livrée
CMD-2024-00171,DL-SV-014,F04,2024-01-31,2024-03-04,2024-03-04,10000,10000,4.189,livrée
CMD-2024-00172,DL-BB-006,F07,2024-01-31,2024-03-15,2024-03-12,99000,99000,4.33,livrée
CMD-2024-00173,DL-DE-009,F02,2024-01-31,2024-02-28,2024-02-23,41000,41000,4.131,livrée
CMD-2024-00174,DL-BB-005,F04,2024-01-31,2024-03-08,2024-03-08,15000,15000,4.688,livrée
CMD-2024-00175,DL-SV-001,F01,2024-01-31,2024-02-27,2024-02-29,60500,60500,2.864,livrée
CMD-2024-00176,DL-CA-004,F03,2024-01-31,2024-02-28,2024-02-28,57500,57500,3.029,livrée
CMD-2024-00177,DL-BB-003,F05,2024-01-31,2024-03-09,2024-03-11,27000,27000,4.229,livrée
CMD-2024-00178,DL-HY-004,F04,2024-01-31,2024-03-05,2024-02-29,37000,37000,4.102,livrée
CMD-2024-00179,DL-DE-009,F04,2024-01-31,2024-03-09,2024-03-11,55500,55500,3.982,livrée
CMD-2024-00180,DL-BB-001,F02,2024-01-31,2024-03-01,2024-03-08,23000,23000,3.726,livrée
CMD-2024-00181,DL-HY-005,F02,2024-01-31,2024-03-02,2024-03-02,13000,13000,2.974,livrée
CMD-2024-00182,DL-DE-007,F07,2024-01-31,2024-03-14,2024-03-09,56000,56000,1.76,livrée
CMD-2024-00183,DL-SV-002,F05,2024-01-31,2024-03-14,2024-03-12,75000,65300,4.054,livrée
CMD-2024-00184,DL-SV-004,F08,2024-01-31,2024-03-09,2024-03-11,14000,14000,2.459,livrée
CMD-2024-00185,DL-BB-006,F01,2024-01-31,2024-02-27,2024-02-23,10000,10000,4.276,livrée
CMD-2024-00186,DL-CA-004,F03,2024-02-01,2024-02-29,2024-03-01,17500,17500,3.093,livrée
CMD-2024-00187,DL-SV-011,F03,2024-02-01,2024-02-28,2024-02-26,47000,47000,3.134,livrée
CMD-2024-00188,DL-HY-002,F08,2024-02-01,2024-03-12,2024-03-13,64500,64500,2.413,livrée
CMD-2024-00189,DL-SO-005,F04,2024-02-01,2024-03-06,2024-03-01,16500,16500,2.781,livrée
CMD-2024-00190,DL-CA-004,F03,2024-02-01,2024-02-23,2024-02-18,30500,30500,3.219,livrée
CMD-2024-00191,DL-SO-008,F07,2024-02-01,2024-03-15,2024-03-26,23500,23500,4.969,livrée
CMD-2024-00192,DL-DE-001,F03,2024-02-02,2024-02-25,2024-02-22,46000,46000,4.224,livrée
CMD-2024-00193,DL-HY-005,F02,2024-02-02,2024-02-29,2024-02-24,23500,23500,2.981,livrée
CMD-2024-00194,DL-CA-004,F03,2024-02-02,2024-03-01,2024-03-01,49500,49500,3.047,livrée
CMD-2024-00195,DL-SV-006,F03,2024-02-02,2024-03-01,2024-02-25,56500,56500,3.127,livrée
CMD-2024-00196,DL-CA-006,F03,2024-02-02,2024-02-24,2024-02-24,17500,17500,2.775,livrée
CMD-2024-00197,DL-SO-009,F08,2024-02-02,2024-03-10,2024-03-09,64000,64000,3.197,livrée
CMD-2024-00198,DL-SV-002,F05,2024-02-02,2024-03-14,2024-03-12,11000,11000,4.328,livrée
CMD-2024-00199,DL-SV-009,F02,2024-02-02,2024-03-03,2024-03-13,46500,46500,3.647,livrée
CMD-2024-00200,DL-DE-007,F07,2024-02-05,2024-03-20,2024-03-22,13000,13000,1.787,livrée
CMD-2024-00201,DL-HY-007,F02,2024-02-05,2024-03-09,2024-03-25,52000,52000,2.891,livrée
CMD-2024-00202,DL-CA-004,F03,2024-02-05,2024-03-01,2024-02-25,40500,40500,2.973,livrée
CMD-2024-00203,DL-BB-001,F02,2024-02-05,2024-03-06,2024-03-07,34000,34000,3.936,livrée
CMD-2024-00204,DL-SV-002,F05,2024-02-05,2024-03-17,2024-03-16,18500,18500,4.206,livrée
CMD-2024-00205,DL-SV-002,F05,2024-02-05,2024-03-17,2024-03-16,28500,28500,3.87,livrée
CMD-2024-00206,DL-CA-004,F03,2024-02-05,2024-03-04,2024-03-13,47000,47000,3.174,livrée
CMD-2024-00207,DL-CA-004,F03,2024-02-05,2024-02-28,2024-02-23,76000,76000,3.158,livrée
CMD-2024-00208,DL-BB-005,F04,2024-02-05,2024-03-11,2024-03-09,45500,45500,5.205,livrée
CMD-2024-00209,DL-CA-011,F02,2024-02-06,2024-03-08,2024-03-07,18000,18000,4.099,livrée
CMD-2024-00210,DL-HY-001,F03,2024-02-06,2024-03-01,2024-02-27,46500,46500,3.173,livrée
CMD-2024-00211,DL-HY-003,F06,2024-02-06,2024-03-24,2024-03-19,46500,46500,5.623,livrée
CMD-2024-00212,DL-BB-005,F04,2024-02-06,2024-03-09,2024-03-06,80500,80500,4.966,livrée
CMD-2024-00213,DL-SV-001,F01,2024-02-06,2024-03-07,2024-03-07,26000,26000,3.181,livrée
CMD-2024-00214,DL-HY-003,F06,2024-02-07,2024-03-23,2024-04-01,37000,37000,5.65,livrée
CMD-2024-00215,DL-SO-009,F06,2024-02-07,2024-03-25,2024-03-26,33500,33500,3.177,livrée
CMD-2024-00216,DL-DE-008,F06,2024-02-07,2024-03-21,2024-03-23,31500,31500,3.088,livrée
CMD-2024-00217,DL-CA-004,F03,2024-02-07,2024-02-29,2024-03-02,42500,42500,3.102,livrée
CMD-2024-00218,DL-BB-003,F05,2024-02-07,2024-03-16,2024-03-18,53000,53000,4.291,livrée
CMD-2024-00219,DL-HY-004,F04,2024-02-08,2024-03-17,2024-03-12,37000,37000,3.931,livrée
CMD-2024-00220,DL-HY-006,F03,2024-02-08,2024-03-04,2024-03-05,37000,37000,1.738,livrée
CMD-2024-00221,DL-SO-005,F04,2024-02-08,2024-03-17,2024-03-15,15500,15500,2.7,livrée
CMD-2024-00222,DL-SV-001,F01,2024-02-08,2024-03-09,2024-03-10,150000,150000,2.942,livrée
CMD-2024-00223,DL-SV-010,F04,2024-02-08,2024-03-14,2024-03-15,22000,22000,3.084,livrée
CMD-2024-00224,DL-DE-007,F07,2024-02-08,2024-03-24,2024-03-23,26000,26000,1.862,livrée
CMD-2024-00225,DL-SV-001,F01,2024-02-08,2024-03-05,2024-03-01,10000,10000,3.165,livrée
CMD-2024-00226,DL-HY-008,F03,2024-02-08,2024-03-04,2024-03-10,53500,53500,1.566,livrée
CMD-2024-00227,DL-HY-007,F02,2024-02-08,2024-03-08,2024-03-04,47500,47500,2.849,livrée
CMD-2024-00228,DL-SV-001,F01,2024-02-09,2024-03-07,2024-03-08,27500,27500,3.077,livrée
CMD-2024-00229,DL-BB-003,F05,2024-02-09,2024-03-20,2024-03-16,70000,70000,4.618,livrée
CMD-2024-00230,DL-SO-005,F04,2024-02-09,2024-03-17,2024-03-12,75000,75000,2.686,livrée
CMD-2024-00231,DL-SV-010,F04,2024-02-09,2024-03-13,2024-03-10,71000,71000,3.089,livrée
CMD-2024-00232,DL-HY-006,F03,2024-02-09,2024-03-06,2024-03-07,18500,18500,1.831,livrée
CMD-2024-00233,DL-HY-002,F08,2024-02-12,2024-03-20,2024-03-17,61500,61500,2.35,livrée
CMD-2024-00234,DL-CA-012,F03,2024-02-12,2024-03-09,2024-03-11,66000,66000,4.305,livrée
CMD-2024-00235,DL-DE-004,F08,2024-02-12,2024-03-24,2024-03-22,46000,46000,5.613,livrée
CMD-2024-00236,DL-SV-006,F05,2024-02-12,2024-03-20,2024-03-20,19000,19000,2.89,livrée
CMD-2024-00237,DL-SV-002,F05,2024-02-12,2024-03-21,2024-03-23,81000,81000,4.233,livrée
CMD-2024-00238,DL-DE-002,F07,2024-02-12,2024-03-28,2024-03-23,123000,123000,3.617,livrée
CMD-2024-00239,DL-DE-001,F03,2024-02-13,2024-03-10,2024-03-09,92000,87200,4.514,livrée
CMD-2024-00240,DL-SO-001,F02,2024-02-13,2024-03-13,2024-03-15,53500,53500,4.207,livrée
CMD-2024-00241,DL-SV-006,F05,2024-02-13,2024-03-24,2024-03-21,27500,27500,2.929,livrée
CMD-2024-00242,DL-SV-004,F08,2024-02-13,2024-03-23,2024-03-22,31500,31500,2.496,livrée
CMD-2024-00243,DL-SV-007,F03,2024-02-13,2024-03-07,2024-03-06,25000,25000,3.995,livrée
CMD-2024-00244,DL-DE-006,F02,2024-02-14,2024-03-17,2024-03-19,45000,45000,1.986,livrée
CMD-2024-00245,DL-HY-006,F03,2024-02-14,2024-03-13,2024-03-11,34500,34500,1.754,livrée
CMD-2024-00246,DL-BB-004,F01,2024-02-14,2024-03-12,2024-03-12,57500,57500,3.827,livrée
CMD-2024-00247,DL-BB-005,F04,2024-02-14,2024-03-21,2024-03-16,23500,23500,5.228,livrée
CMD-2024-00248,DL-HY-005,F08,2024-02-14,2024-03-20,2024-03-19,29500,29500,3.202,livrée
CMD-2024-00249,DL-DE-007,F07,2024-02-14,2024-03-27,2024-04-01,28500,28500,1.767,livrée
CMD-2024-00250,DL-CA-004,F03,2024-02-14,2024-03-10,2024-03-12,80000,80000,2.937,livrée
CMD-2024-00251,DL-SV-015,F05,2024-02-15,2024-03-29,2024-03-24,39500,34800,3.21,livrée
CMD-2024-00252,DL-CA-004,F03,2024-02-15,2024-03-08,2024-03-04,49500,49500,2.858,livrée
CMD-2024-00253,DL-CA-012,F02,2024-02-15,2024-03-18,2024-03-18,63000,63000,4.327,livrée
CMD-2024-00254,DL-CA-011,F02,2024-02-15,2024-03-17,2024-03-16,36000,36000,4.522,livrée
CMD-2024-00255,DL-SV-012,F07,2024-02-15,2024-03-30,2024-03-27,14500,14500,3.844,livrée
CMD-2024-00256,DL-DE-001,F03,2024-02-15,2024-03-08,2024-03-04,46500,46500,4.096,livrée
CMD-2024-00257,DL-CA-004,F03,2024-02-15,2024-03-09,2024-03-09,37000,37000,3.212,livrée
CMD-2024-00258,DL-CA-006,F03,2024-02-15,2024-03-14,2024-03-16,38500,38500,2.914,livrée
CMD-2024-00259,DL-DE-007,F07,2024-02-16,2024-04-01,2024-03-31,48500,48500,1.913,livrée
CMD-2024-00260,DL-DE-007,F07,2024-02-16,2024-03-30,2024-03-27,54500,54500,1.805,livrée
CMD-2024-00261,DL-SV-006,F03,2024-02-16,2024-03-14,2024-03-12,43500,43500,3.099,livrée
CMD-2024-00262,DL-CA-011,F02,2024-02-16,2024-03-14,2024-03-10,43000,43000,4.349,livrée
CMD-2024-00263,DL-HY-003,F06,2024-02-16,2024-03-29,2024-03-31,96000,96000,5.382,livrée
CMD-2024-00264,DL-DE-008,F06,2024-02-19,2024-04-02,2024-04-01,21500,21500,3.302,livrée
CMD-2024-00265,DL-HY-001,F03,2024-02-19,2024-03-18,2024-03-14,43500,43500,3.21,livrée
CMD-2024-00266,DL-BB-001,F02,2024-02-19,2024-03-21,2024-03-20,23500,23500,3.888,livrée
CMD-2024-00267,DL-HY-005,F02,2024-02-19,2024-03-19,2024-03-18,98000,98000,2.952,livrée
CMD-2024-00268,DL-DE-002,F07,2024-02-19,2024-04-03,2024-04-02,40500,40500,3.399,livrée
CMD-2024-00269,DL-DE-002,F07,2024-02-19,2024-04-03,2024-03-31,10000,10000,3.405,livrée
CMD-2024-00270,DL-DE-001,F03,2024-02-19,2024-03-18,2024-03-19,45500,45500,4.598,livrée
CMD-2024-00271,DL-HY-005,F02,2024-02-19,2024-03-21,2024-03-22,21000,21000,3.113,livrée
CMD-2024-00272,DL-DE-007,F07,2024-02-20,2024-04-03,2024-04-02,58000,58000,1.77,livrée
CMD-2024-00273,DL-SV-011,F03,2024-02-20,2024-03-17,2024-03-17,43000,43000,3.102,livrée
CMD-2024-00274,DL-DE-001,F03,2024-02-20,2024-03-19,2024-03-14,21500,21500,4.171,livrée
CMD-2024-00275,DL-CA-003,F04,2024-02-20,2024-03-26,2024-04-10,35500,35500,2.386,livrée
CMD-2024-00276,DL-DE-001,F03,2024-02-20,2024-03-14,2024-03-12,30500,30500,4.194,livrée
CMD-2024-00277,DL-SO-002,F03,2024-02-20,2024-03-13,2024-03-08,110000,110000,2.825,livrée
CMD-2024-00278,DL-DE-001,F03,2024-02-20,2024-03-13,2024-03-09,49000,49000,4.456,livrée
CMD-2024-00279,DL-HY-004,F04,2024-02-21,2024-03-24,2024-03-19,36500,36500,3.64,livrée
CMD-2024-00280,DL-HY-009,F08,2024-02-21,2024-04-01,2024-04-02,48500,46100,2.388,livrée
CMD-2024-00281,DL-SO-009,F08,2024-02-21,2024-03-30,2024-03-30,34000,34000,3.217,livrée
CMD-2024-00282,DL-HY-001,F03,2024-02-21,2024-03-19,2024-03-19,32500,32500,3.33,livrée
CMD-2024-00283,DL-SV-011,F03,2024-02-21,2024-03-18,2024-03-16,22000,22000,2.822,livrée
CMD-2024-00284,DL-BB-003,F05,2024-02-21,2024-03-30,2024-04-04,37500,37500,4.198,livrée
CMD-2024-00285,DL-SO-009,F08,2024-02-22,2024-04-03,2024-04-03,33500,33500,3.282,livrée
CMD-2024-00286,DL-BB-001,F02,2024-02-22,2024-03-21,2024-03-17,28000,28000,3.749,livrée
CMD-2024-00287,DL-DE-001,F03,2024-02-22,2024-03-15,2024-03-17,73500,73500,4.105,livrée
CMD-2024-00288,DL-CA-006,F03,2024-02-22,2024-03-15,2024-03-17,22000,22000,2.753,livrée
CMD-2024-00289,DL-SV-002,F05,2024-02-22,2024-04-03,2024-04-05,49000,49000,4.213,livrée
CMD-2024-00290,DL-SV-002,F05,2024-02-22,2024-04-03,2024-04-10,28000,28000,3.841,livrée
CMD-2024-00291,DL-HY-003,F06,2024-02-22,2024-04-07,2024-04-07,150000,150000,5.48,livrée
CMD-2024-00292,DL-SV-011,F07,2024-02-22,2024-04-01,2024-03-31,50500,50500,2.95,livrée
CMD-2024-00293,DL-HY-006,F03,2024-02-22,2024-03-15,2024-03-14,66500,66500,1.891,livrée
CMD-2024-00294,DL-DE-003,F03,2024-02-22,2024-03-21,2024-03-17,61500,61500,4.071,livrée
CMD-2024-00295,DL-CA-007,F07,2024-02-23,2024-04-07,2024-04-19,150000,150000,3.417,livrée
CMD-2024-00296,DL-DE-001,F03,2024-02-23,2024-03-21,2024-03-23,29500,29500,4.183,livrée
CMD-2024-00297,DL-SV-001,F01,2024-02-23,2024-03-22,2024-03-22,50000,50000,3.141,livrée
CMD-2024-00298,DL-DE-007,F07,2024-02-26,2024-04-11,2024-04-06,38500,38500,1.895,livrée
CMD-2024-00299,DL-SO-009,F08,2024-02-26,2024-04-05,2024-03-31,29000,29000,3.084,livrée
CMD-2024-00300,DL-BB-001,F02,2024-02-26,2024-03-26,2024-04-10,90000,90000,3.985,livrée
CMD-2024-00301,DL-CA-006,F03,2024-02-26,2024-03-25,2024-03-25,18000,18000,2.985,livrée
CMD-2024-00302,DL-SO-008,F07,2024-02-26,2024-04-06,2024-04-08,27000,27000,4.804,livrée
CMD-2024-00303,DL-SO-008,F01,2024-02-26,2024-03-26,2024-03-23,97000,97000,4.826,livrée
CMD-2024-00304,DL-CA-006,F03,2024-02-26,2024-03-19,2024-03-21,51000,51000,2.933,livrée
CMD-2024-00305,DL-HY-002,F08,2024-02-26,2024-04-06,2024-04-08,68000,68000,2.284,livrée
CMD-2024-00306,DL-DE-001,F03,2024-02-26,2024-03-24,2024-03-24,40500,39100,4.345,livrée
CMD-2024-00307,DL-CA-004,F03,2024-02-26,2024-03-23,2024-03-22,131000,131000,2.931,livrée
CMD-2024-00308,DL-BB-003,F05,2024-02-26,2024-04-03,2024-04-02,34000,34000,4.552,livrée
CMD-2024-00309,DL-SV-001,F01,2024-02-26,2024-03-23,2024-03-22,41000,41000,3.17,livrée
CMD-2024-00310,DL-BB-001,F02,2024-02-27,2024-03-31,2024-03-31,39000,39000,3.779,livrée
CMD-2024-00311,DL-SO-009,F06,2024-02-27,2024-04-11,2024-04-08,31000,31000,3.054,livrée
CMD-2024-00312,DL-SV-010,F04,2024-02-28,2024-04-06,2024-04-01,51000,51000,2.832,livrée
CMD-2024-00313,DL-SV-015,F05,2024-02-28,2024-04-09,2024-04-07,28500,28500,3.133,livrée
CMD-2024-00314,DL-SV-006,F03,2024-02-28,2024-03-27,2024-04-04,22000,22000,2.926,livrée
CMD-2024-00315,DL-DE-001,F03,2024-02-28,2024-03-26,2024-03-27,36500,36500,4.221,livrée
CMD-2024-00316,DL-SV-015,F05,2024-02-28,2024-04-06,2024-04-07,56500,56500,3.163,livrée
CMD-2024-00317,DL-SO-009,F06,2024-02-28,2024-04-11,2024-04-12,56000,56000,3.167,livrée
CMD-2024-00318,DL-CA-012,F03,2024-02-28,2024-03-25,2024-03-26,30500,30500,3.909,livrée
CMD-2024-00319,DL-SV-008,F04,2024-02-28,2024-04-05,2024-04-06,40500,40500,2.872,livrée
CMD-2024-00320,DL-BB-001,F02,2024-02-28,2024-03-26,2024-03-21,15500,15500,4.038,livrée
CMD-2024-00321,DL-HY-002,F08,2024-02-28,2024-04-07,2024-04-06,33500,33500,2.414,livrée
CMD-2024-00322,DL-SO-005,F04,2024-02-28,2024-04-04,2024-04-14,30000,30000,2.839,livrée
CMD-2024-00323,DL-BB-001,F02,2024-02-28,2024-03-30,2024-03-30,65500,65500,3.792,livrée
CMD-2024-00324,DL-CA-004,F03,2024-02-29,2024-03-28,2024-03-30,56500,56500,2.938,livrée
CMD-2024-00325,DL-CA-011,F02,2024-02-29,2024-03-31,2024-04-06,15500,15500,4.436,livrée
CMD-2024-00326,DL-CA-003,F02,2024-02-29,2024-04-02,2024-03-31,144500,144500,2.511,livrée
CMD-2024-00327,DL-SO-004,F06,2024-02-29,2024-04-14,2024-04-15,34500,29300,2.849,livrée
CMD-2024-00328,DL-BB-005,F04,2024-02-29,2024-04-04,2024-04-03,28500,28500,5.209,livrée
CMD-2024-00329,DL-SV-010,F04,2024-02-29,2024-04-02,2024-04-04,71500,71500,3.084,livrée
CMD-2024-00330,DL-BB-001,F02,2024-02-29,2024-03-27,2024-03-22,48500,48500,4.036,livrée
CMD-2024-00331,DL-BB-004,F07,2024-03-01,2024-04-10,2024-04-18,46000,46000,3.672,livrée
CMD-2024-00332,DL-SV-006,F03,2024-03-01,2024-03-27,2024-03-25,31500,31500,3.221,livrée
CMD-2024-00333,DL-HY-004,F03,2024-03-01,2024-03-28,2024-03-27,51500,51500,4.007,livrée
CMD-2024-00334,DL-CA-004,F03,2024-03-01,2024-03-25,2024-03-21,29500,29500,3.156,livrée
CMD-2024-00335,DL-HY-006,F03,2024-03-01,2024-03-29,2024-03-28,150000,150000,1.84,livrée
CMD-2024-00336,DL-SV-007,F03,2024-03-01,2024-03-23,2024-03-21,122500,122500,3.772,livrée
CMD-2024-00337,DL-CA-007,F08,2024-03-04,2024-04-09,2024-04-08,16000,16000,3.417,livrée
CMD-2024-00338,DL-BB-005,F04,2024-03-04,2024-04-06,2024-04-03,61000,61000,5.288,livrée
CMD-2024-00339,DL-DE-008,F06,2024-03-04,2024-04-16,2024-04-16,26000,26000,3.241,livrée
CMD-2024-00340,DL-BB-001,F02,2024-03-04,2024-04-05,2024-04-17,27500,27500,3.769,livrée
CMD-2024-00341,DL-HY-005,F08,2024-03-04,2024-04-10,2024-04-11,106500,106500,3.225,livrée
CMD-2024-00342,DL-CA-007,F08,2024-03-04,2024-04-09,2024-04-06,27500,27500,3.381,livrée
CMD-2024-00343,DL-DE-001,F03,2024-03-04,2024-03-30,2024-03-30,44000,44000,4.565,livrée
CMD-2024-00344,DL-HY-001,F03,2024-03-05,2024-03-28,2024-03-28,20500,20500,3.114,livrée
CMD-2024-00345,DL-SV-008,F04,2024-03-05,2024-04-06,2024-04-05,44500,44500,3.1,livrée
CMD-2024-00346,DL-DE-007,F07,2024-03-05,2024-04-15,2024-04-15,25000,25000,1.937,livrée
CMD-2024-00347,DL-SV-007,F03,2024-03-05,2024-03-29,2024-03-27,43500,43500,3.886,livrée
CMD-2024-00348,DL-CA-006,F03,2024-03-05,2024-03-29,2024-03-30,35000,35000,2.915,livrée
CMD-2024-00349,DL-SV-010,F04,2024-03-05,2024-04-09,2024-04-06,59500,59500,2.897,livrée
CMD-2024-00350,DL-CA-004,F03,2024-03-05,2024-03-28,2024-03-27,28000,26700,3.003,livrée
CMD-2024-00351,DL-SV-014,F04,2024-03-05,2024-04-07,2024-04-05,26000,26000,3.921,livrée
CMD-2024-00352,DL-SO-009,F06,2024-03-05,2024-04-22,2024-04-23,44000,44000,2.992,livrée
CMD-2024-00353,DL-SV-005,F06,2024-03-05,2024-04-22,2024-04-18,73500,73500,3.192,livrée
CMD-2024-00354,DL-HY-001,F03,2024-03-06,2024-03-30,2024-03-25,70500,70500,3.19,livrée
CMD-2024-00355,DL-DE-007,F07,2024-03-06,2024-04-18,2024-04-30,35000,35000,1.887,livrée
CMD-2024-00356,DL-SV-004,F08,2024-03-06,2024-04-14,2024-04-16,28000,28000,2.398,livrée
CMD-2024-00357,DL-DE-008,F06,2024-03-06,2024-04-18,2024-04-16,64000,64000,3.233,livrée
CMD-2024-00358,DL-SV-001,F06,2024-03-06,2024-04-21,2024-04-22,41500,41500,2.968,livrée
CMD-2024-00359,DL-HY-009,F08,2024-03-06,2024-04-10,2024-04-10,16000,16000,2.522,livrée
CMD-2024-00360,DL-CA-006,F03,2024-03-06,2024-04-02,2024-03-31,55000,55000,2.751,livrée
CMD-2024-00361,DL-CA-004,F03,2024-03-07,2024-04-04,2024-04-04,40500,40500,3.198,livrée
CMD-2024-00362,DL-SO-005,F04,2024-03-07,2024-04-14,2024-04-24,10000,10000,2.881,livrée
CMD-2024-00363,DL-SV-006,F03,2024-03-07,2024-04-01,2024-04-01,37500,37500,3.139,livrée
CMD-2024-00364,DL-SV-007,F08,2024-03-07,2024-04-17,2024-04-18,31000,31000,4.259,livrée
CMD-2024-00365,DL-HY-002,F08,2024-03-07,2024-04-14,2024-04-10,46000,46000,2.329,livrée
CMD-2024-00366,DL-SV-007,F03,2024-03-07,2024-03-31,2024-03-31,60000,60000,4.239,livrée
CMD-2024-00367,DL-BB-006,F01,2024-03-07,2024-04-01,2024-04-02,60000,60000,4.323,livrée
CMD-2024-00368,DL-DE-008,F06,2024-03-07,2024-04-18,2024-04-18,54500,54500,3.212,livrée
CMD-2024-00369,DL-HY-004,F04,2024-03-08,2024-04-10,2024-04-09,26500,26500,3.914,livrée
CMD-2024-00370,DL-DE-001,F03,2024-03-08,2024-04-03,2024-03-30,28000,28000,4.577,livrée
CMD-2024-00371,DL-HY-003,F06,2024-03-08,2024-04-20,2024-04-19,26500,26500,5.509,livrée
CMD-2024-00372,DL-CA-006,F03,2024-03-08,2024-04-01,2024-03-28,46000,46000,2.905,livrée
CMD-2024-00373,DL-SV-002,F05,2024-03-08,2024-04-18,2024-04-28,30000,30000,4.033,livrée
CMD-2024-00374,DL-SV-002,F05,2024-03-08,2024-04-17,2024-04-12,41000,41000,4.36,livrée
CMD-2024-00375,DL-CA-002,F06,2024-03-11,2024-04-24,2024-04-19,79500,79500,3.973,livrée
CMD-2024-00376,DL-CA-003,F02,2024-03-11,2024-04-09,2024-04-09,16000,16000,2.287,livrée
CMD-2024-00377,DL-SV-005,F06,2024-03-11,2024-04-27,2024-04-27,81500,81500,3.2,livrée
CMD-2024-00378,DL-CA-011,F02,2024-03-11,2024-04-09,2024-04-05,22000,22000,4.431,livrée
CMD-2024-00379,DL-SV-001,F01,2024-03-11,2024-04-05,2024-04-04,81500,81500,2.897,livrée
CMD-2024-00380,DL-BB-001,F02,2024-03-11,2024-04-12,2024-04-11,64000,64000,3.762,livrée
CMD-2024-00381,DL-BB-004,F01,2024-03-11,2024-04-08,2024-04-09,42000,42000,3.796,livrée
CMD-2024-00382,DL-SV-001,F01,2024-03-11,2024-04-09,2024-04-09,69000,69000,2.867,livrée
CMD-2024-00383,DL-CA-004,F03,2024-03-11,2024-04-04,2024-04-02,10500,10500,2.873,livrée
CMD-2024-00384,DL-CA-009,F03,2024-03-11,2024-04-07,2024-04-06,90500,90500,2.486,livrée
CMD-2024-00385,DL-SV-010,F04,2024-03-12,2024-04-18,2024-04-17,30500,30500,2.838,livrée
CMD-2024-00386,DL-SV-001,F01,2024-03-12,2024-04-07,2024-04-09,23000,23000,2.983,livrée
CMD-2024-00387,DL-CA-004,F03,2024-03-12,2024-04-08,2024-04-06,11500,11500,3.126,livrée
CMD-2024-00388,DL-SO-002,F03,2024-03-12,2024-04-09,2024-04-07,40000,40000,2.753,livrée
CMD-2024-00389,DL-SO-004,F06,2024-03-12,2024-04-28,2024-04-25,11000,11000,2.657,livrée
CMD-2024-00390,DL-CA-006,F03,2024-03-12,2024-04-03,2024-04-03,31500,31500,2.87,livrée
CMD-2024-00391,DL-SO-005,F04,2024-03-12,2024-04-17,2024-04-19,93000,93000,2.622,livrée
CMD-2024-00392,DL-CA-011,F02,2024-03-12,2024-04-14,2024-04-16,14000,14000,4.609,livrée
CMD-2024-00393,DL-SV-001,F06,2024-03-12,2024-04-24,2024-04-19,28500,28500,2.903,livrée
CMD-2024-00394,DL-BB-005,F04,2024-03-12,2024-04-16,2024-04-15,57500,57500,5.113,livrée
CMD-2024-00395,DL-SO-005,F04,2024-03-12,2024-04-18,2024-04-17,22500,22500,2.752,livrée
CMD-2024-00396,DL-SV-012,F07,2024-03-12,2024-04-23,2024-05-01,27500,27500,3.97,livrée
CMD-2024-00397,DL-SV-006,F03,2024-03-13,2024-04-05,2024-04-04,21000,21000,3.154,livrée
CMD-2024-00398,DL-CA-004,F03,2024-03-13,2024-04-10,2024-04-10,61500,61500,2.864,livrée
CMD-2024-00399,DL-CA-004,F03,2024-03-13,2024-04-06,2024-04-02,114500,114500,3.194,livrée
CMD-2024-00400,DL-BB-003,F05,2024-03-13,2024-04-21,2024-04-18,27000,27000,4.626,livrée
CMD-2024-00401,DL-DE-004,F08,2024-03-13,2024-04-19,2024-04-14,19500,19500,5.686,livrée
CMD-2024-00402,DL-DE-001,F03,2024-03-13,2024-04-08,2024-04-03,11500,11500,4.117,livrée
CMD-2024-00403,DL-CA-004,F03,2024-03-14,2024-04-09,2024-04-08,23500,23500,3.088,livrée
CMD-2024-00404,DL-CA-011,F02,2024-03-14,2024-04-16,2024-04-14,29500,29500,4.272,livrée
CMD-2024-00405,DL-CA-003,F02,2024-03-14,2024-04-15,2024-04-13,55500,55500,2.393,livrée
CMD-2024-00406,DL-CA-011,F02,2024-03-14,2024-04-16,2024-04-14,77500,77500,4.611,livrée
CMD-2024-00407,DL-SV-006,F03,2024-03-14,2024-04-11,2024-04-07,29000,29000,3.2,livrée
CMD-2024-00408,DL-BB-005,F04,2024-03-14,2024-04-17,2024-04-26,17500,17500,5.066,livrée
CMD-2024-00409,DL-HY-001,F03,2024-03-14,2024-04-08,2024-04-03,36500,36500,3.294,livrée
CMD-2024-00410,DL-DE-003,F03,2024-03-14,2024-04-06,2024-04-01,20500,20500,4.051,livrée
CMD-2024-00411,DL-CA-011,F02,2024-03-14,2024-04-12,2024-04-07,22000,22000,4.609,livrée
CMD-2024-00412,DL-SV-007,F03,2024-03-15,2024-04-06,2024-04-01,38500,34600,4.217,livrée
CMD-2024-00413,DL-BB-003,F05,2024-03-15,2024-04-22,2024-04-18,24500,24500,4.184,livrée
CMD-2024-00414,DL-HY-004,F04,2024-03-15,2024-04-22,2024-04-17,24500,24500,3.747,livrée
CMD-2024-00415,DL-CA-003,F02,2024-03-15,2024-04-11,2024-04-11,40000,40000,2.317,livrée
CMD-2024-00416,DL-SO-005,F04,2024-03-15,2024-04-17,2024-04-18,22000,22000,2.564,livrée
CMD-2024-00417,DL-SV-002,F05,2024-03-15,2024-04-27,2024-04-25,19500,19500,4.229,livrée
CMD-2024-00418,DL-SV-006,F05,2024-03-15,2024-04-27,2024-04-26,96000,96000,2.88,livrée
CMD-2024-00419,DL-DE-009,F04,2024-03-15,2024-04-22,2024-04-23,65000,65000,4.204,livrée
CMD-2024-00420,DL-SV-014,F04,2024-03-15,2024-04-18,2024-04-15,81500,81500,3.988,livrée
CMD-2024-00421,DL-SO-005,F04,2024-03-18,2024-04-24,2024-04-26,18500,18500,2.887,livrée
CMD-2024-00422,DL-SV-006,F05,2024-03-18,2024-04-25,2024-04-23,15000,15000,3.263,livrée
CMD-2024-00423,DL-CA-011,F02,2024-03-18,2024-04-18,2024-04-13,59000,59000,4.336,livrée
CMD-2024-00424,DL-SV-015,F05,2024-03-18,2024-04-25,2024-04-24,84500,84500,3.424,livrée
CMD-2024-00425,DL-BB-003,F05,2024-03-18,2024-04-24,2024-04-23,80500,80500,4.538,livrée
CMD-2024-00426,DL-DE-008,F06,2024-03-18,2024-05-01,2024-05-16,41000,41000,3.493,livrée
CMD-2024-00427,DL-SV-008,F04,2024-03-18,2024-04-19,2024-04-19,129500,129500,2.981,livrée
CMD-2024-00428,DL-SV-001,F01,2024-03-18,2024-04-14,2024-04-09,58000,58000,2.94,livrée
CMD-2024-00429,DL-SV-014,F04,2024-03-18,2024-04-24,2024-04-19,80500,80500,4.046,livrée
CMD-2024-00430,DL-CA-011,F02,2024-03-18,2024-04-20,2024-04-17,18000,18000,4.202,livrée
CMD-2024-00431,DL-SV-010,F04,2024-03-18,2024-04-21,2024-04-20,135500,135500,2.864,livrée
CMD-2024-00432,DL-CA-006,F03,2024-03-19,2024-04-11,2024-04-09,81000,81000,3.046,livrée
CMD-2024-00433,DL-SV-001,F01,2024-03-19,2024-04-13,2024-04-15,74500,74500,2.871,livrée
CMD-2024-00434,DL-HY-004,F03,2024-03-19,2024-04-14,2024-04-11,50000,50000,4.078,livrée
CMD-2024-00435,DL-BB-005,F04,2024-03-19,2024-04-25,2024-04-21,40500,40500,5.201,livrée
CMD-2024-00436,DL-SO-005,F04,2024-03-19,2024-04-23,2024-04-25,44000,44000,2.73,livrée
CMD-2024-00437,DL-SV-011,F03,2024-03-19,2024-04-14,2024-04-12,39500,39500,2.882,livrée
CMD-2024-00438,DL-SV-001,F01,2024-03-19,2024-04-15,2024-04-11,39000,39000,2.922,livrée
CMD-2024-00439,DL-CA-007,F08,2024-03-19,2024-04-29,2024-05-01,136500,136500,3.582,livrée
CMD-2024-00440,DL-BB-001,F02,2024-03-19,2024-04-21,2024-04-21,106000,106000,4.17,livrée
CMD-2024-00441,DL-HY-001,F03,2024-03-19,2024-04-10,2024-04-07,47500,47500,3.168,livrée
CMD-2024-00442,DL-CA-012,F02,2024-03-19,2024-04-16,2024-04-16,23500,23500,4.254,livrée
CMD-2024-00443,DL-CA-007,F08,2024-03-20,2024-04-28,2024-04-27,24500,24500,3.775,livrée
CMD-2024-00444,DL-SO-002,F03,2024-03-20,2024-04-15,2024-04-20,27500,27500,2.814,livrée
CMD-2024-00445,DL-BB-003,F05,2024-03-20,2024-04-27,2024-04-26,91500,91500,4.204,livrée
CMD-2024-00446,DL-CA-004,F03,2024-03-20,2024-04-17,2024-04-12,20000,20000,3.18,livrée
CMD-2024-00447,DL-CA-006,F03,2024-03-20,2024-04-11,2024-04-13,89500,89500,2.95,livrée
CMD-2024-00448,DL-SV-005,F06,2024-03-20,2024-05-04,2024-04-30,29500,29500,3.208,livrée
CMD-2024-00449,DL-SV-008,F04,2024-03-20,2024-04-25,2024-04-20,36000,36000,3.064,livrée
CMD-2024-00450,DL-SV-002,F05,2024-03-20,2024-04-27,2024-04-29,47000,47000,4.187,livrée
CMD-2024-00451,DL-SV-011,F03,2024-03-21,2024-04-12,2024-04-18,45500,45500,2.995,livrée
CMD-2024-00452,DL-SV-014,F04,2024-03-21,2024-04-27,2024-04-25,33000,33000,3.815,livrée
CMD-2024-00453,DL-HY-005,F02,2024-03-21,2024-04-21,2024-04-18,83500,83500,3.112,livrée
CMD-2024-00454,DL-BB-006,F07,2024-03-21,2024-05-05,2024-05-01,33000,33000,4.305,livrée
CMD-2024-00455,DL-HY-002,F08,2024-03-22,2024-04-28,2024-04-30,11500,11500,2.276,livrée
CMD-2024-00456,DL-SV-006,F05,2024-03-22,2024-05-01,2024-05-03,96000,96000,3.072,livrée
CMD-2024-00457,DL-SV-006,F03,2024-03-22,2024-04-18,2024-04-18,51500,51500,3.216,livrée
CMD-2024-00458,DL-HY-006,F03,2024-03-22,2024-04-15,2024-04-10,102000,102000,1.871,livrée
CMD-2024-00459,DL-HY-007,F02,2024-03-22,2024-04-18,2024-04-14,24500,24500,2.765,livrée
CMD-2024-00460,DL-SO-004,F06,2024-03-22,2024-05-03,2024-04-28,34500,34500,2.602,livrée
CMD-2024-00461,DL-HY-005,F08,2024-03-22,2024-05-02,2024-04-29,50500,50500,3.074,livrée
CMD-2024-00462,DL-SO-004,F04,2024-03-22,2024-04-27,2024-05-03,44500,44500,2.846,livrée
CMD-2024-00463,DL-DE-008,F06,2024-03-25,2024-05-08,2024-05-04,41500,41500,3.13,livrée
CMD-2024-00464,DL-HY-001,F03,2024-03-25,2024-04-16,2024-04-16,50000,50000,3.335,livrée
CMD-2024-00465,DL-HY-002,F08,2024-03-25,2024-04-29,2024-04-29,20500,20500,2.295,livrée
CMD-2024-00466,DL-SO-003,F04,2024-03-26,2024-04-27,2024-04-24,150000,150000,3.361,livrée
CMD-2024-00467,DL-HY-003,F06,2024-03-26,2024-05-11,2024-05-10,39000,39000,5.43,livrée
CMD-2024-00468,DL-BB-006,F01,2024-03-26,2024-04-22,2024-04-17,65500,65500,4.003,livrée
CMD-2024-00469,DL-HY-002,F08,2024-03-26,2024-05-01,2024-05-01,14000,14000,2.189,livrée
CMD-2024-00470,DL-CA-004,F03,2024-03-26,2024-04-23,2024-04-21,50000,50000,2.893,livrée
CMD-2024-00471,DL-SV-002,F05,2024-03-26,2024-05-07,2024-05-04,113000,113000,4.024,livrée
CMD-2024-00472,DL-HY-001,F03,2024-03-27,2024-04-19,2024-04-17,41500,41500,3.169,livrée
CMD-2024-00473,DL-DE-007,F07,2024-03-27,2024-05-06,2024-05-01,12500,12500,1.788,livrée
CMD-2024-00474,DL-SV-011,F07,2024-03-27,2024-05-05,2024-05-02,23000,23000,2.937,livrée
CMD-2024-00475,DL-SV-010,F04,2024-03-28,2024-05-04,2024-05-01,32500,32500,2.914,livrée
CMD-2024-00476,DL-HY-004,F03,2024-03-28,2024-04-19,2024-04-18,25500,25500,3.913,livrée
CMD-2024-00477,DL-SV-001,F01,2024-03-28,2024-04-24,2024-04-20,20500,20500,2.844,livrée
CMD-2024-00478,DL-SV-008,F04,2024-03-28,2024-05-04,2024-05-03,54500,54500,2.973,livrée
CMD-2024-00479,DL-BB-003,F05,2024-03-28,2024-05-05,2024-05-04,22000,22000,4.501,livrée
CMD-2024-00480,DL-SO-007,F08,2024-03-28,2024-05-04,2024-04-29,56000,56000,5.333,livrée
CMD-2024-00481,DL-SV-001,F01,2024-03-29,2024-04-28,2024-04-29,150000,150000,3.162,livrée
CMD-2024-00482,DL-CA-003,F04,2024-03-29,2024-05-04,2024-05-06,34000,34000,2.398,livrée
CMD-2024-00483,DL-CA-012,F02,2024-03-29,2024-04-25,2024-04-22,10000,10000,4.114,livrée
CMD-2024-00484,DL-SV-002,F05,2024-03-29,2024-05-09,2024-05-08,95500,95500,3.968,livrée
CMD-2024-00485,DL-HY-008,F02,2024-03-29,2024-05-01,2024-05-03,10000,9600,1.633,livrée
CMD-2024-00486,DL-SV-002,F05,2024-03-29,2024-05-06,2024-05-07,58500,54300,4.327,livrée
CMD-2024-00487,DL-CA-012,F03,2024-03-29,2024-04-20,2024-04-18,26500,26500,4.274,livrée
CMD-2024-00488,DL-CA-012,F03,2024-04-01,2024-04-29,2024-05-01,49000,49000,4.273,livrée
CMD-2024-00489,DL-SV-001,F01,2024-04-01,2024-05-01,2024-04-28,35000,35000,3.003,livrée
CMD-2024-00490,DL-HY-004,F04,2024-04-01,2024-05-07,2024-05-04,20000,20000,4.067,livrée
CMD-2024-00491,DL-SV-014,F04,2024-04-01,2024-05-04,2024-04-29,46500,46500,3.937,livrée
CMD-2024-00492,DL-SV-007,F03,2024-04-01,2024-04-27,2024-04-24,59000,59000,4.108,livrée
CMD-2024-00493,DL-SO-005,F04,2024-04-01,2024-05-09,2024-05-11,47000,47000,2.598,livrée
CMD-2024-00494,DL-HY-001,F03,2024-04-01,2024-04-25,2024-04-21,78000,78000,3.251,livrée
CMD-2024-00495,DL-HY-005,F08,2024-04-01,2024-05-06,2024-05-05,50000,50000,2.969,livrée
CMD-2024-00496,DL-SO-005,F04,2024-04-01,2024-05-03,2024-05-16,57000,57000,2.614,livrée
CMD-2024-00497,DL-SV-010,F04,2024-04-01,2024-05-04,2024-05-01,20000,20000,2.805,livrée
CMD-2024-00498,DL-SV-005,F06,2024-04-01,2024-05-13,2024-05-14,28500,28500,3.503,livrée
CMD-2024-00499,DL-SV-002,F05,2024-04-01,2024-05-12,2024-05-17,150000,150000,3.941,livrée
CMD-2024-00500,DL-HY-007,F02,2024-04-02,2024-04-29,2024-04-25,35000,35000,2.884,livrée
CMD-2024-00501,DL-CA-003,F02,2024-04-02,2024-05-01,2024-05-03,85500,85500,2.338,livrée
CMD-2024-00502,DL-SV-003,F03,2024-04-02,2024-04-27,2024-04-22,13000,13000,5.365,livrée
CMD-2024-00503,DL-SO-005,F04,2024-04-02,2024-05-07,2024-05-07,48500,48500,2.661,livrée
CMD-2024-00504,DL-SO-004,F06,2024-04-02,2024-05-19,2024-05-25,32500,32500,2.906,livrée
CMD-2024-00505,DL-DE-001,F03,2024-04-02,2024-04-30,2024-04-28,18500,18500,4.467,livrée
CMD-2024-00506,DL-CA-004,F03,2024-04-02,2024-04-24,2024-04-19,89000,89000,3.005,livrée
CMD-2024-00507,DL-HY-008,F02,2024-04-02,2024-05-01,2024-04-28,53500,53500,1.453,livrée
CMD-2024-00508,DL-CA-011,F02,2024-04-03,2024-05-04,2024-05-17,28000,26000,4.254,livrée
CMD-2024-00509,DL-HY-006,F03,2024-04-03,2024-04-28,2024-04-26,28000,28000,1.831,livrée
CMD-2024-00510,DL-SV-010,F04,2024-04-03,2024-05-07,2024-05-12,140500,140500,2.805,livrée
CMD-2024-00511,DL-HY-001,F03,2024-04-03,2024-04-29,2024-04-27,36000,36000,3.083,livrée
CMD-2024-00512,DL-BB-005,F04,2024-04-03,2024-05-10,2024-05-09,28000,28000,4.779,livrée
CMD-2024-00513,DL-CA-010,F03,2024-04-03,2024-04-30,2024-04-28,68000,68000,3.879,livrée
CMD-2024-00514,DL-CA-003,F02,2024-04-03,2024-05-04,2024-05-04,50500,50500,2.261,livrée
CMD-2024-00515,DL-SV-006,F05,2024-04-04,2024-05-15,2024-05-13,68000,68000,3.112,livrée
CMD-2024-00516,DL-HY-002,F08,2024-04-04,2024-05-14,2024-05-19,11500,11500,2.331,livrée
CMD-2024-00517,DL-DE-008,F06,2024-04-04,2024-05-22,2024-05-21,67500,67500,3.15,livrée
CMD-2024-00518,DL-HY-008,F02,2024-04-04,2024-05-03,2024-04-28,50500,50500,1.471,livrée
CMD-2024-00519,DL-DE-001,F03,2024-04-04,2024-04-28,2024-04-28,74500,74500,4.2,livrée
CMD-2024-00520,DL-SV-001,F01,2024-04-04,2024-05-01,2024-04-28,92000,92000,3.034,livrée
CMD-2024-00521,DL-SV-015,F05,2024-04-04,2024-05-12,2024-05-08,24500,24500,3.202,livrée
CMD-2024-00522,DL-SV-008,F04,2024-04-04,2024-05-12,2024-05-08,15500,15500,3.15,livrée
CMD-2024-00523,DL-CA-003,F02,2024-04-04,2024-05-02,2024-05-06,39000,39000,2.459,livrée
CMD-2024-00524,DL-HY-001,F03,2024-04-04,2024-05-01,2024-05-05,31000,31000,3.177,livrée
CMD-2024-00525,DL-CA-004,F03,2024-04-04,2024-04-26,2024-04-22,10500,10500,2.953,livrée
CMD-2024-00526,DL-SO-009,F06,2024-04-04,2024-05-16,2024-05-16,70500,70500,2.983,livrée
CMD-2024-00527,DL-HY-001,F03,2024-04-04,2024-05-02,2024-04-29,47500,47500,3.304,livrée
CMD-2024-00528,DL-SV-010,F04,2024-04-04,2024-05-07,2024-05-06,43500,43500,3.003,livrée
CMD-2024-00529,DL-DE-003,F03,2024-04-05,2024-04-30,2024-04-26,41500,41500,4.213,livrée
CMD-2024-00530,DL-HY-005,F08,2024-04-05,2024-05-10,2024-05-10,40500,40500,3.066,livrée
CMD-2024-00531,DL-CA-008,F05,2024-04-05,2024-05-15,2024-05-10,42000,42000,1.48,livrée
CMD-2024-00532,DL-DE-007,F07,2024-04-05,2024-05-15,2024-05-11,136000,136000,1.774,livrée
CMD-2024-00533,DL-SV-014,F04,2024-04-05,2024-05-13,2024-05-10,37500,37500,4.097,livrée
CMD-2024-00534,DL-BB-006,F07,2024-04-05,2024-05-14,2024-05-12,26000,26000,3.878,livrée
CMD-2024-00535,DL-CA-009,F03,2024-04-05,2024-04-30,2024-05-02,68500,68500,2.532,livrée
CMD-2024-00536,DL-HY-006,F03,2024-04-08,2024-05-03,2024-05-03,89000,89000,1.918,livrée
CMD-2024-00537,DL-SV-001,F01,2024-04-08,2024-05-08,2024-05-05,27000,27000,2.875,livrée
CMD-2024-00538,DL-CA-012,F03,2024-04-08,2024-05-06,2024-05-07,44500,44500,4.107,livrée
CMD-2024-00539,DL-DE-007,F07,2024-04-08,2024-05-20,2024-05-20,34500,34500,1.943,livrée
CMD-2024-00540,DL-DE-007,F07,2024-04-08,2024-05-23,2024-05-19,71000,71000,1.861,livrée
CMD-2024-00541,DL-DE-001,F03,2024-04-08,2024-04-30,2024-04-30,20000,20000,4.191,livrée
CMD-2024-00542,DL-BB-005,F04,2024-04-09,2024-05-17,2024-05-18,41500,41500,4.804,livrée
CMD-2024-00543,DL-CA-002,F01,2024-04-09,2024-05-05,2024-05-01,28000,28000,3.679,livrée
CMD-2024-00544,DL-SV-011,F03,2024-04-09,2024-05-07,2024-05-04,44500,44500,2.837,livrée
CMD-2024-00545,DL-SO-003,F07,2024-04-09,2024-05-22,2024-05-19,32500,32500,3.56,livrée
CMD-2024-00546,DL-HY-004,F03,2024-04-09,2024-05-05,2024-05-04,59000,59000,3.689,livrée
CMD-2024-00547,DL-BB-001,F02,2024-04-09,2024-05-11,2024-05-08,24500,24500,4.134,livrée
CMD-2024-00548,DL-BB-003,F05,2024-04-09,2024-05-16,2024-05-11,21500,21500,4.373,livrée
CMD-2024-00549,DL-DE-007,F07,2024-04-09,2024-05-24,2024-05-23,68000,68000,1.93,livrée
CMD-2024-00550,DL-BB-005,F04,2024-04-09,2024-05-12,2024-05-08,63000,63000,5.158,livrée
CMD-2024-00551,DL-HY-005,F08,2024-04-10,2024-05-16,2024-05-13,23000,23000,3.103,livrée
CMD-2024-00552,DL-HY-001,F03,2024-04-10,2024-05-03,2024-05-20,85500,85500,3.202,livrée
CMD-2024-00553,DL-BB-003,F05,2024-04-10,2024-05-23,2024-05-20,57500,53600,4.426,livrée
CMD-2024-00554,DL-SV-001,F01,2024-04-10,2024-05-05,2024-05-05,19500,19500,3.035,livrée
CMD-2024-00555,DL-CA-011,F02,2024-04-10,2024-05-10,2024-05-05,24500,24500,4.502,livrée
CMD-2024-00556,DL-BB-003,F05,2024-04-10,2024-05-21,2024-05-18,34000,34000,4.151,livrée
CMD-2024-00557,DL-SV-008,F04,2024-04-10,2024-05-12,2024-05-07,38000,38000,3.215,livrée
CMD-2024-00558,DL-BB-005,F04,2024-04-10,2024-05-13,2024-05-13,38000,38000,4.867,livrée
CMD-2024-00559,DL-HY-004,F03,2024-04-10,2024-05-07,2024-05-04,58000,58000,3.931,livrée
CMD-2024-00560,DL-CA-004,F03,2024-04-11,2024-05-04,2024-04-30,13000,13000,2.986,livrée
CMD-2024-00561,DL-CA-008,F05,2024-04-11,2024-05-24,2024-05-25,33500,33500,1.614,livrée
CMD-2024-00562,DL-HY-006,F03,2024-04-11,2024-05-04,2024-05-04,34000,34000,1.837,livrée
CMD-2024-00563,DL-DE-001,F03,2024-04-11,2024-05-06,2024-05-04,29500,29500,4.506,livrée
CMD-2024-00564,DL-DE-006,F05,2024-04-11,2024-05-23,2024-05-25,11000,11000,2.065,livrée
CMD-2024-00565,DL-CA-001,F02,2024-04-11,2024-05-14,2024-05-15,69500,69500,5.482,livrée
CMD-2024-00566,DL-HY-006,F03,2024-04-11,2024-05-09,2024-05-05,37000,37000,1.873,livrée
CMD-2024-00567,DL-SO-007,F08,2024-04-11,2024-05-17,2024-05-16,63500,63500,5.124,livrée
CMD-2024-00568,DL-SV-006,F03,2024-04-11,2024-05-09,2024-05-04,68000,68000,3.218,livrée
CMD-2024-00569,DL-SO-007,F08,2024-04-11,2024-05-16,2024-05-11,65500,65500,5.361,livrée
CMD-2024-00570,DL-CA-011,F02,2024-04-12,2024-05-14,2024-05-11,34500,34500,4.206,livrée
CMD-2024-00571,DL-CA-008,F05,2024-04-12,2024-05-19,2024-05-19,59500,59500,1.651,livrée
CMD-2024-00572,DL-DE-006,F05,2024-04-12,2024-05-21,2024-05-18,83000,83000,1.897,livrée
CMD-2024-00573,DL-BB-006,F07,2024-04-12,2024-05-25,2024-05-26,63000,63000,3.848,livrée
CMD-2024-00574,DL-SV-001,F01,2024-04-15,2024-05-11,2024-05-10,62500,62500,2.957,livrée
CMD-2024-00575,DL-HY-008,F02,2024-04-15,2024-05-18,2024-05-18,37500,37500,1.449,livrée
CMD-2024-00576,DL-SO-003,F04,2024-04-15,2024-05-22,2024-05-22,150000,150000,3.643,livrée
CMD-2024-00577,DL-SV-010,F04,2024-04-15,2024-05-23,2024-05-23,18000,18000,2.932,livrée
CMD-2024-00578,DL-BB-006,F07,2024-04-15,2024-05-26,2024-05-22,40500,40500,3.991,livrée
CMD-2024-00579,DL-SV-013,F02,2024-04-15,2024-05-12,2024-05-13,108000,108000,2.886,livrée
CMD-2024-00580,DL-CA-006,F03,2024-04-15,2024-05-11,2024-05-09,39500,39500,2.945,livrée
CMD-2024-00581,DL-CA-004,F03,2024-04-15,2024-05-10,2024-05-05,82500,82500,2.876,livrée
CMD-2024-00582,DL-SV-003,F03,2024-04-15,2024-05-11,2024-05-06,55000,55000,5.103,livrée
CMD-2024-00583,DL-SO-003,F07,2024-04-15,2024-05-24,2024-05-30,75000,75000,3.569,livrée
CMD-2024-00584,DL-SV-007,F03,2024-04-15,2024-05-13,2024-05-08,10000,10000,4.205,livrée
CMD-2024-00585,DL-CA-006,F03,2024-04-15,2024-05-07,2024-05-08,33500,33500,3.045,livrée
CMD-2024-00586,DL-SV-015,F05,2024-04-15,2024-05-24,2024-05-22,20000,20000,3.076,livrée
CMD-2024-00587,DL-SV-003,F03,2024-04-15,2024-05-09,2024-05-09,14000,14000,4.793,livrée
CMD-2024-00588,DL-SV-015,F05,2024-04-15,2024-05-23,2024-05-25,50500,50500,3.067,livrée
CMD-2024-00589,DL-HY-003,F06,2024-04-16,2024-06-02,2024-05-28,30500,30500,5.791,livrée
CMD-2024-00590,DL-SV-009,F02,2024-04-16,2024-05-18,2024-05-13,17000,17000,3.516,livrée
CMD-2024-00591,DL-SV-007,F08,2024-04-16,2024-05-26,2024-05-24,71500,71500,4.07,livrée
CMD-2024-00592,DL-CA-001,F02,2024-04-16,2024-05-19,2024-05-16,41000,41000,5.223,livrée
CMD-2024-00593,DL-SO-009,F08,2024-04-16,2024-05-21,2024-05-26,33500,33500,3.14,livrée
CMD-2024-00594,DL-HY-002,F08,2024-04-16,2024-05-23,2024-06-10,29500,29500,2.396,livrée
CMD-2024-00595,DL-BB-003,F05,2024-04-16,2024-05-25,2024-05-26,70500,70500,4.624,livrée
CMD-2024-00596,DL-DE-002,F07,2024-04-17,2024-05-31,2024-06-05,34000,34000,3.394,livrée
CMD-2024-00597,DL-SO-009,F08,2024-04-17,2024-05-28,2024-05-23,37500,37500,3.165,livrée
CMD-2024-00598,DL-BB-005,F04,2024-04-17,2024-05-25,2024-05-27,64000,64000,4.742,livrée
CMD-2024-00599,DL-SV-012,F07,2024-04-17,2024-05-29,2024-05-28,19500,19500,3.95,livrée
CMD-2024-00600,DL-SV-014,F04,2024-04-17,2024-05-22,2024-05-20,31000,31000,4.062,livrée
CMD-2024-00601,DL-CA-006,F03,2024-04-17,2024-05-14,2024-05-13,46000,46000,2.802,livrée
CMD-2024-00602,DL-SV-014,F04,2024-04-17,2024-05-25,2024-05-22,122000,122000,4.044,livrée
CMD-2024-00603,DL-DE-005,F03,2024-04-17,2024-05-13,2024-05-15,27000,27000,3.131,livrée
CMD-2024-00604,DL-CA-008,F05,2024-04-17,2024-05-29,2024-05-28,31500,31500,1.604,livrée
CMD-2024-00605,DL-CA-006,F03,2024-04-17,2024-05-14,2024-05-12,86000,86000,2.99,livrée
CMD-2024-00606,DL-HY-007,F02,2024-04-18,2024-05-16,2024-05-13,57000,57000,2.835,livrée
CMD-2024-00607,DL-DE-001,F03,2024-04-18,2024-05-11,2024-05-08,32000,32000,4.254,livrée
CMD-2024-00608,DL-HY-001,F03,2024-04-18,2024-05-11,2024-05-07,42000,42000,3.147,livrée
CMD-2024-00609,DL-DE-007,F07,2024-04-18,2024-05-27,2024-05-28,27500,27500,1.858,livrée
CMD-2024-00610,DL-SO-005,F04,2024-04-18,2024-05-23,2024-05-20,71500,71500,2.735,livrée
CMD-2024-00611,DL-HY-001,F03,2024-04-19,2024-05-13,2024-05-15,39500,39500,3.226,livrée
CMD-2024-00612,DL-SV-005,F06,2024-04-19,2024-05-31,2024-05-29,52500,52500,3.326,livrée
CMD-2024-00613,DL-SV-001,F06,2024-04-19,2024-06-05,2024-06-01,24000,24000,2.839,livrée
CMD-2024-00614,DL-SV-008,F04,2024-04-19,2024-05-25,2024-05-24,38000,38000,2.928,livrée
CMD-2024-00615,DL-HY-001,F03,2024-04-19,2024-05-17,2024-05-19,138000,138000,3.322,livrée
CMD-2024-00616,DL-SV-006,F03,2024-04-19,2024-05-15,2024-05-20,52500,52500,2.929,livrée
CMD-2024-00617,DL-HY-001,F03,2024-04-19,2024-05-13,2024-05-15,63000,63000,3.043,livrée
CMD-2024-00618,DL-SO-005,F04,2024-04-19,2024-05-21,2024-05-22,124500,124500,2.691,livrée
CMD-2024-00619,DL-BB-001,F02,2024-04-19,2024-05-20,2024-05-15,41000,41000,4.053,livrée
CMD-2024-00620,DL-HY-004,F03,2024-04-19,2024-05-16,2024-05-14,48500,48500,3.911,livrée
CMD-2024-00621,DL-DE-001,F03,2024-04-19,2024-05-11,2024-05-10,39000,39000,4.508,livrée
CMD-2024-00622,DL-BB-003,F05,2024-04-19,2024-05-30,2024-05-27,97500,97500,4.636,livrée
CMD-2024-00623,DL-SO-007,F06,2024-04-22,2024-06-06,2024-06-04,64000,64000,5.057,livrée
CMD-2024-00624,DL-HY-005,F08,2024-04-22,2024-05-29,2024-05-29,27500,27500,3.105,livrée
CMD-2024-00625,DL-SV-001,F01,2024-04-22,2024-05-21,2024-05-19,22500,22500,2.812,livrée
CMD-2024-00626,DL-SO-009,F08,2024-04-22,2024-05-31,2024-05-26,43000,43000,3.238,livrée
CMD-2024-00627,DL-HY-007,F02,2024-04-22,2024-05-21,2024-05-23,21500,21500,2.761,livrée
CMD-2024-00628,DL-DE-001,F03,2024-04-22,2024-05-14,2024-05-15,42500,42500,4.639,livrée
CMD-2024-00629,DL-HY-005,F08,2024-04-22,2024-05-29,2024-05-28,57000,57000,2.964,livrée
CMD-2024-00630,DL-SV-001,F01,2024-04-23,2024-05-22,2024-05-18,150000,150000,3.09,livrée
CMD-2024-00631,DL-SV-006,F03,2024-04-23,2024-05-20,2024-05-17,39500,39500,2.883,livrée
CMD-2024-00632,DL-SV-002,F05,2024-04-23,2024-06-01,2024-06-02,14500,14500,4.126,livrée
CMD-2024-00633,DL-SO-009,F06,2024-04-23,2024-06-05,2024-06-04,41000,41000,3.254,livrée
CMD-2024-00634,DL-CA-007,F08,2024-04-23,2024-06-02,2024-06-01,51000,51000,3.744,livrée
CMD-2024-00635,DL-DE-007,F07,2024-04-23,2024-06-01,2024-05-28,15000,15000,1.842,livrée
CMD-2024-00636,DL-CA-006,F03,2024-04-23,2024-05-17,2024-05-16,58000,58000,2.964,livrée
CMD-2024-00637,DL-CA-006,F03,2024-04-23,2024-05-20,2024-05-21,37500,37500,2.937,livrée
CMD-2024-00638,DL-BB-003,F05,2024-04-24,2024-06-02,2024-05-30,34000,34000,4.376,livrée
CMD-2024-00639,DL-SO-005,F04,2024-04-24,2024-05-26,2024-05-27,48500,48500,2.613,livrée
CMD-2024-00640,DL-DE-001,F03,2024-04-24,2024-05-19,2024-05-20,42500,42500,4.599,livrée
CMD-2024-00641,DL-DE-006,F05,2024-04-24,2024-06-01,2024-05-27,55000,55000,2.005,livrée
CMD-2024-00642,DL-HY-001,F03,2024-04-24,2024-05-17,2024-05-16,47000,47000,3.288,livrée
CMD-2024-00643,DL-SV-013,F02,2024-04-24,2024-05-23,2024-05-25,19000,19000,2.959,livrée
CMD-2024-00644,DL-CA-003,F02,2024-04-24,2024-05-23,2024-05-24,13500,13500,2.356,livrée
CMD-2024-00645,DL-CA-001,F02,2024-04-24,2024-05-26,2024-05-22,59500,59500,5.317,livrée
CMD-2024-00646,DL-HY-001,F03,2024-04-25,2024-05-17,2024-05-18,18500,18500,3.049,livrée
CMD-2024-00647,DL-BB-005,F04,2024-04-25,2024-06-02,2024-06-04,81500,81500,4.856,livrée
CMD-2024-00648,DL-HY-004,F04,2024-04-25,2024-05-27,2024-05-24,36500,36500,3.863,livrée
CMD-2024-00649,DL-HY-001,F03,2024-04-25,2024-05-20,2024-05-20,13500,13500,3.141,livrée
CMD-2024-00650,DL-HY-009,F08,2024-04-25,2024-06-04,2024-06-08,10000,10000,2.54,livrée
CMD-2024-00651,DL-SV-011,F03,2024-04-25,2024-05-21,2024-05-19,24500,24500,3.017,livrée
CMD-2024-00652,DL-HY-006,F03,2024-04-25,2024-05-19,2024-05-16,95000,95000,1.79,livrée
CMD-2024-00653,DL-CA-004,F03,2024-04-25,2024-05-23,2024-05-25,59000,59000,3.031,livrée
CMD-2024-00654,DL-SV-001,F01,2024-04-26,2024-05-24,2024-05-19,77000,77000,2.939,livrée
CMD-2024-00655,DL-CA-011,F02,2024-04-26,2024-05-29,2024-05-25,30500,30500,4.191,livrée
CMD-2024-00656,DL-SV-008,F04,2024-04-26,2024-05-29,2024-05-24,95500,95500,2.918,livrée
CMD-2024-00657,DL-SV-002,F05,2024-04-26,2024-06-08,2024-06-03,61000,61000,3.927,livrée
CMD-2024-00658,DL-SV-001,F01,2024-04-26,2024-05-24,2024-05-24,77000,77000,2.997,livrée
CMD-2024-00659,DL-HY-004,F04,2024-04-26,2024-05-29,2024-05-28,58500,58500,4.079,livrée
CMD-2024-00660,DL-DE-004,F08,2024-04-29,2024-06-03,2024-06-05,39000,39000,5.58,livrée
CMD-2024-00661,DL-HY-008,F03,2024-04-29,2024-05-24,2024-05-20,25000,25000,1.491,livrée
CMD-2024-00662,DL-DE-001,F03,2024-04-29,2024-05-27,2024-05-24,33000,33000,4.427,livrée
CMD-2024-00663,DL-SV-011,F03,2024-04-29,2024-05-27,2024-05-23,24000,24000,2.859,livrée
CMD-2024-00664,DL-DE-007,F07,2024-04-29,2024-06-10,2024-06-06,71500,71500,1.922,livrée
CMD-2024-00665,DL-HY-004,F03,2024-04-29,2024-05-24,2024-05-20,36500,36500,3.878,livrée
CMD-2024-00666,DL-DE-004,F08,2024-04-29,2024-06-08,2024-06-03,96500,96500,5.287,livrée
CMD-2024-00667,DL-DE-002,F07,2024-04-29,2024-06-11,2024-06-08,96500,96500,3.491,livrée
CMD-2024-00668,DL-BB-003,F05,2024-04-30,2024-06-12,2024-06-10,20500,20500,4.556,livrée
CMD-2024-00669,DL-CA-011,F02,2024-04-30,2024-05-29,2024-05-28,91500,91500,4.415,livrée
CMD-2024-00670,DL-SO-007,F08,2024-04-30,2024-06-10,2024-06-11,38500,38500,5.025,livrée
CMD-2024-00671,DL-HY-001,F03,2024-04-30,2024-05-22,2024-05-23,23500,22700,3.281,livrée
CMD-2024-00672,DL-SV-002,F05,2024-04-30,2024-06-10,2024-06-11,45000,45000,3.896,livrée
CMD-2024-00673,DL-HY-001,F03,2024-05-01,2024-05-24,2024-05-29,34500,34500,3.279,livrée
CMD-2024-00674,DL-CA-006,F03,2024-05-01,2024-05-24,2024-05-20,28000,28000,2.715,livrée
CMD-2024-00675,DL-DE-007,F07,2024-05-01,2024-06-14,2024-06-29,20500,20500,1.919,livrée
CMD-2024-00676,DL-HY-005,F08,2024-05-01,2024-06-06,2024-06-02,20500,20500,3.226,livrée
CMD-2024-00677,DL-SV-010,F04,2024-05-01,2024-06-04,2024-06-05,13500,13500,2.848,livrée
CMD-2024-00678,DL-SV-008,F04,2024-05-02,2024-06-08,2024-06-06,44500,44500,3.206,livrée
CMD-2024-00679,DL-SO-008,F01,2024-05-02,2024-06-02,2024-06-03,15500,15500,4.733,livrée
CMD-2024-00680,DL-SV-014,F04,2024-05-02,2024-06-05,2024-06-05,101500,101500,3.95,livrée
CMD-2024-00681,DL-DE-007,F07,2024-05-02,2024-06-10,2024-06-18,68500,68500,1.798,livrée
CMD-2024-00682,DL-BB-004,F01,2024-05-02,2024-06-01,2024-05-29,40500,40500,3.596,livrée
CMD-2024-00683,DL-SV-004,F08,2024-05-03,2024-06-13,2024-06-08,19500,19500,2.579,livrée
CMD-2024-00684,DL-SV-001,F06,2024-05-03,2024-06-16,2024-06-17,38500,38500,3.04,livrée
CMD-2024-00685,DL-BB-006,F07,2024-05-03,2024-06-15,2024-06-28,23500,23500,4.018,livrée
CMD-2024-00686,DL-SV-001,F01,2024-05-03,2024-05-31,2024-05-27,35000,35000,2.994,livrée
CMD-2024-00687,DL-SV-002,F05,2024-05-03,2024-06-14,2024-06-26,30500,30500,3.916,livrée
CMD-2024-00688,DL-HY-001,F03,2024-05-03,2024-05-29,2024-05-30,44500,44500,3.138,livrée
CMD-2024-00689,DL-BB-001,F02,2024-05-03,2024-05-30,2024-05-25,17500,17500,4.112,livrée
CMD-2024-00690,DL-CA-006,F03,2024-05-03,2024-05-31,2024-05-27,34000,34000,2.897,livrée
CMD-2024-00691,DL-SV-001,F01,2024-05-03,2024-05-28,2024-05-29,34000,34000,3.137,livrée
CMD-2024-00692,DL-BB-004,F01,2024-05-06,2024-06-02,2024-05-30,28000,28000,3.749,livrée
CMD-2024-00693,DL-SV-001,F01,2024-05-06,2024-05-31,2024-06-02,48000,48000,3.062,livrée
CMD-2024-00694,DL-SV-007,F03,2024-05-06,2024-05-31,2024-05-26,31500,31500,3.859,livrée
CMD-2024-00695,DL-SV-014,F04,2024-05-06,2024-06-13,2024-06-14,15000,15000,3.805,livrée
CMD-2024-00696,DL-SV-008,F04,2024-05-06,2024-06-09,2024-06-08,74000,74000,2.886,livrée
CMD-2024-00697,DL-SO-002,F03,2024-05-07,2024-05-29,2024-05-28,22500,22500,2.711,livrée
CMD-2024-00698,DL-BB-004,F07,2024-05-07,2024-06-15,2024-06-27,40000,40000,4.073,livrée
CMD-2024-00699,DL-DE-007,F07,2024-05-07,2024-06-19,2024-06-21,30500,30500,1.937,livrée
CMD-2024-00700,DL-DE-001,F03,2024-05-07,2024-06-04,2024-06-04,35500,35500,4.312,livrée
CMD-2024-00701,DL-BB-005,F04,2024-05-07,2024-06-11,2024-06-08,71500,71500,5.183,livrée
CMD-2024-00702,DL-HY-001,F03,2024-05-07,2024-05-29,2024-05-30,29000,29000,3.135,livrée
CMD-2024-00703,DL-SV-001,F01,2024-05-07,2024-06-01,2024-05-30,62000,62000,2.882,livrée
CMD-2024-00704,DL-HY-001,F03,2024-05-07,2024-05-30,2024-05-28,65500,65500,3.311,livrée
CMD-2024-00705,DL-CA-006,F03,2024-05-07,2024-05-31,2024-06-02,27000,27000,2.854,livrée
CMD-2024-00706,DL-BB-005,F04,2024-05-07,2024-06-14,2024-06-12,53500,53500,4.974,livrée
CMD-2024-00707,DL-HY-001,F03,2024-05-08,2024-06-02,2024-06-10,25500,25500,3.211,livrée
CMD-2024-00708,DL-DE-004,F08,2024-05-08,2024-06-18,2024-06-19,49000,49000,5.547,livrée
CMD-2024-00709,DL-HY-001,F03,2024-05-08,2024-06-04,2024-05-31,39500,39500,3.24,livrée
CMD-2024-00710,DL-SO-003,F04,2024-05-08,2024-06-13,2024-06-15,70500,70500,3.49,livrée
CMD-2024-00711,DL-BB-005,F04,2024-05-08,2024-06-10,2024-06-12,28500,28500,4.93,livrée
CMD-2024-00712,DL-HY-002,F08,2024-05-09,2024-06-18,2024-06-16,129500,129500,2.314,livrée
CMD-2024-00713,DL-SO-007,F08,2024-05-09,2024-06-16,2024-06-17,36500,36500,5.008,livrée
CMD-2024-00714,DL-DE-001,F03,2024-05-09,2024-06-01,2024-06-02,70000,70000,4.148,livrée
CMD-2024-00715,DL-SV-014,F04,2024-05-09,2024-06-11,2024-06-10,25000,25000,4.133,livrée
CMD-2024-00716,DL-CA-004,F03,2024-05-09,2024-06-05,2024-06-03,61500,61500,3.055,livrée
CMD-2024-00717,DL-BB-006,F07,2024-05-09,2024-06-21,2024-06-30,34000,34000,4.157,livrée
CMD-2024-00718,DL-HY-004,F04,2024-05-10,2024-06-17,2024-06-15,11000,11000,3.774,livrée
CMD-2024-00719,DL-CA-008,F05,2024-05-10,2024-06-17,2024-06-14,85500,85500,1.544,livrée
CMD-2024-00720,DL-SO-004,F06,2024-05-10,2024-06-24,2024-06-19,18000,18000,2.7,livrée
CMD-2024-00721,DL-SV-014,F04,2024-05-10,2024-06-14,2024-06-16,75000,75000,3.877,livrée
CMD-2024-00722,DL-DE-007,F07,2024-05-13,2024-06-27,2024-06-23,12000,12000,1.85,livrée
CMD-2024-00723,DL-SO-009,F08,2024-05-13,2024-06-22,2024-06-22,38000,38000,3.199,livrée
CMD-2024-00724,DL-SO-001,F02,2024-05-13,2024-06-12,2024-06-19,39500,39500,4.187,livrée
CMD-2024-00725,DL-CA-012,F03,2024-05-13,2024-06-06,2024-06-02,22500,22500,3.891,livrée
CMD-2024-00726,DL-DE-009,F04,2024-05-13,2024-06-15,2024-06-14,31000,29800,4.136,livrée
CMD-2024-00727,DL-SV-008,F04,2024-05-13,2024-06-15,2024-06-10,29000,29000,3.25,livrée
CMD-2024-00728,DL-SO-002,F03,2024-05-13,2024-06-06,2024-06-05,46500,46500,2.617,livrée
CMD-2024-00729,DL-BB-003,F05,2024-05-13,2024-06-20,2024-06-22,50000,50000,4.607,livrée
CMD-2024-00730,DL-SO-002,F03,2024-05-14,2024-06-07,2024-06-08,28000,28000,2.629,livrée
CMD-2024-00731,DL-DE-005,F03,2024-05-14,2024-06-07,2024-06-16,11000,11000,2.89,livrée
CMD-2024-00732,DL-SO-003,F07,2024-05-14,2024-06-23,2024-06-19,33500,33500,3.585,livrée
CMD-2024-00733,DL-CA-006,F03,2024-05-14,2024-06-07,2024-06-04,50000,50000,2.836,livrée
CMD-2024-00734,DL-DE-001,F03,2024-05-14,2024-06-05,2024-06-07,77500,77500,4.511,livrée
CMD-2024-00735,DL-HY-002,F08,2024-05-14,2024-06-23,2024-06-19,26500,26500,2.243,livrée
CMD-2024-00736,DL-HY-004,F04,2024-05-14,2024-06-20,2024-06-28,38000,38000,3.92,livrée
CMD-2024-00737,DL-CA-004,F03,2024-05-14,2024-06-08,2024-06-16,22000,22000,3.177,livrée
CMD-2024-00738,DL-SV-011,F03,2024-05-14,2024-06-09,2024-06-11,10000,10000,2.937,livrée
CMD-2024-00739,DL-SO-005,F04,2024-05-15,2024-06-17,2024-06-17,25500,25500,2.565,livrée
CMD-2024-00740,DL-HY-001,F03,2024-05-15,2024-06-12,2024-06-09,72500,72500,3.207,livrée
CMD-2024-00741,DL-DE-001,F03,2024-05-15,2024-06-10,2024-06-07,60500,60500,4.553,livrée
CMD-2024-00742,DL-CA-011,F02,2024-05-15,2024-06-15,2024-06-17,11000,11000,4.235,livrée
CMD-2024-00743,DL-SV-006,F03,2024-05-15,2024-06-08,2024-06-08,12000,12000,3.085,livrée
CMD-2024-00744,DL-CA-006,F03,2024-05-15,2024-06-10,2024-06-09,85000,85000,2.923,livrée
CMD-2024-00745,DL-SV-001,F01,2024-05-16,2024-06-11,2024-06-11,10500,10500,2.959,livrée
CMD-2024-00746,DL-SO-004,F06,2024-05-16,2024-06-27,2024-06-29,36000,36000,2.797,livrée
CMD-2024-00747,DL-BB-003,F05,2024-05-16,2024-06-24,2024-06-25,20000,20000,4.25,livrée
CMD-2024-00748,DL-BB-005,F04,2024-05-16,2024-06-18,2024-06-15,42000,42000,5.28,livrée
CMD-2024-00749,DL-SV-003,F03,2024-05-17,2024-06-09,2024-06-06,135000,135000,5.257,livrée
CMD-2024-00750,DL-DE-001,F03,2024-05-17,2024-06-12,2024-06-07,27000,27000,4.253,livrée
CMD-2024-00751,DL-SV-006,F03,2024-05-17,2024-06-09,2024-06-04,23000,23000,3.245,livrée
CMD-2024-00752,DL-HY-003,F06,2024-05-17,2024-07-04,2024-07-05,51000,51000,5.722,livrée
CMD-2024-00753,DL-CA-004,F03,2024-05-20,2024-06-17,2024-06-27,83500,83500,2.982,livrée
CMD-2024-00754,DL-HY-005,F02,2024-05-20,2024-06-16,2024-06-12,52500,52500,3.231,livrée
CMD-2024-00755,DL-SO-003,F04,2024-05-20,2024-06-22,2024-06-20,26500,26500,3.433,livrée
CMD-2024-00756,DL-DE-008,F06,2024-05-20,2024-07-02,2024-06-29,17000,17000,3.195,livrée
CMD-2024-00757,DL-CA-006,F03,2024-05-20,2024-06-17,2024-06-13,17500,17500,3.007,livrée
CMD-2024-00758,DL-HY-002,F08,2024-05-20,2024-06-29,2024-06-29,57500,57500,2.283,livrée
CMD-2024-00759,DL-SO-002,F03,2024-05-20,2024-06-15,2024-06-14,68000,68000,2.74,livrée
CMD-2024-00760,DL-HY-004,F04,2024-05-20,2024-06-23,2024-06-20,83500,83500,3.751,livrée
CMD-2024-00761,DL-HY-004,F04,2024-05-21,2024-06-24,2024-06-20,33000,33000,3.829,livrée
CMD-2024-00762,DL-SV-003,F03,2024-05-21,2024-06-12,2024-06-14,50000,50000,4.766,livrée
CMD-2024-00763,DL-HY-001,F03,2024-05-21,2024-06-14,2024-06-12,27000,27000,3.048,livrée
CMD-2024-00764,DL-SV-007,F08,2024-05-21,2024-06-29,2024-07-01,38000,38000,4.223,livrée
CMD-2024-00765,DL-CA-006,F03,2024-05-21,2024-06-14,2024-06-20,34500,34500,2.921,livrée
CMD-2024-00766,DL-SV-010,F04,2024-05-21,2024-06-27,2024-06-26,55500,55500,2.967,livrée
CMD-2024-00767,DL-SV-014,F04,2024-05-22,2024-06-26,2024-06-23,53500,53500,4.244,livrée
CMD-2024-00768,DL-DE-008,F06,2024-05-22,2024-07-05,2024-07-07,26000,26000,3.316,livrée
CMD-2024-00769,DL-CA-011,F02,2024-05-22,2024-06-18,2024-06-13,32500,32500,4.616,livrée
CMD-2024-00770,DL-SV-014,F04,2024-05-22,2024-06-29,2024-06-24,23500,23500,4.288,livrée
CMD-2024-00771,DL-DE-001,F03,2024-05-22,2024-06-18,2024-06-15,39500,39500,4.447,livrée
CMD-2024-00772,DL-HY-006,F03,2024-05-22,2024-06-17,2024-06-13,38000,38000,1.817,livrée
CMD-2024-00773,DL-HY-008,F03,2024-05-22,2024-06-17,2024-06-12,38000,38000,1.543,livrée
CMD-2024-00774,DL-BB-004,F01,2024-05-22,2024-06-21,2024-06-21,38000,38000,4.013,livrée
CMD-2024-00775,DL-DE-001,F03,2024-05-22,2024-06-19,2024-06-19,35500,35500,4.463,livrée
CMD-2024-00776,DL-DE-007,F07,2024-05-22,2024-06-30,2024-07-06,18500,18500,1.716,livrée
CMD-2024-00777,DL-CA-002,F01,2024-05-23,2024-06-17,2024-06-16,33000,33000,3.836,livrée
CMD-2024-00778,DL-SV-002,F05,2024-05-23,2024-07-04,2024-07-12,44500,44500,4.333,livrée
CMD-2024-00779,DL-CA-012,F03,2024-05-23,2024-06-19,2024-06-15,60500,60500,4.169,livrée
CMD-2024-00780,DL-BB-004,F07,2024-05-23,2024-07-06,2024-07-06,35500,35500,3.801,livrée
CMD-2024-00781,DL-SV-001,F01,2024-05-23,2024-06-17,2024-06-16,64000,64000,3.166,livrée
CMD-2024-00782,DL-DE-007,F07,2024-05-23,2024-07-03,2024-07-02,51500,47000,1.841,livrée
CMD-2024-00783,DL-SV-001,F01,2024-05-23,2024-06-19,2024-06-16,26000,26000,2.892,livrée
CMD-2024-00784,DL-HY-001,F03,2024-05-23,2024-06-20,2024-06-18,54500,54500,3.026,livrée
CMD-2024-00785,DL-SO-008,F07,2024-05-23,2024-07-03,2024-07-02,52500,52500,4.879,livrée
CMD-2024-00786,DL-CA-011,F02,2024-05-23,2024-06-23,2024-06-24,19000,19000,4.44,livrée
CMD-2024-00787,DL-SO-004,F06,2024-05-23,2024-07-07,2024-07-04,38000,38000,2.807,livrée
CMD-2024-00788,DL-HY-008,F03,2024-05-24,2024-06-15,2024-06-10,42000,42000,1.617,livrée
CMD-2024-00789,DL-SV-013,F02,2024-05-24,2024-06-24,2024-07-02,41000,41000,2.865,livrée
CMD-2024-00790,DL-HY-001,F03,2024-05-24,2024-06-17,2024-06-16,23000,23000,3.167,livrée
CMD-2024-00791,DL-CA-004,F03,2024-05-24,2024-06-21,2024-06-21,56000,56000,3.001,livrée
CMD-2024-00792,DL-SV-001,F01,2024-05-24,2024-06-24,2024-06-25,97000,97000,2.914,livrée
CMD-2024-00793,DL-DE-007,F07,2024-05-24,2024-07-08,2024-07-08,21000,21000,1.902,livrée
CMD-2024-00794,DL-SV-001,F06,2024-05-24,2024-07-07,2024-07-03,39000,39000,3.082,livrée
CMD-2024-00795,DL-CA-011,F02,2024-05-27,2024-06-29,2024-06-26,150000,150000,4.276,livrée
CMD-2024-00796,DL-SV-015,F05,2024-05-27,2024-07-09,2024-07-05,19000,16700,3.351,livrée
CMD-2024-00797,DL-HY-008,F03,2024-05-27,2024-06-21,2024-06-23,31000,31000,1.494,livrée
CMD-2024-00798,DL-DE-002,F07,2024-05-27,2024-07-06,2024-07-14,37500,37500,3.545,livrée
CMD-2024-00799,DL-BB-005,F04,2024-05-27,2024-07-03,2024-07-01,42000,42000,5.273,livrée
CMD-2024-00800,DL-HY-008,F02,2024-05-27,2024-06-24,2024-06-23,16500,14900,1.564,livrée
CMD-2024-00801,DL-CA-004,F03,2024-05-27,2024-06-24,2024-06-22,25500,25500,2.969,livrée
CMD-2024-00802,DL-SV-006,F03,2024-05-28,2024-06-20,2024-06-28,43500,43500,3.229,livrée
CMD-2024-00803,DL-DE-001,F03,2024-05-28,2024-06-22,2024-06-24,57000,57000,4.613,livrée
CMD-2024-00804,DL-DE-008,F06,2024-05-28,2024-07-13,2024-07-15,19000,19000,3.227,livrée
CMD-2024-00805,DL-HY-006,F03,2024-05-28,2024-06-23,2024-06-19,34000,34000,1.929,livrée
CMD-2024-00806,DL-CA-010,F03,2024-05-28,2024-06-23,2024-07-02,32500,32500,3.929,livrée
CMD-2024-00807,DL-CA-007,F08,2024-05-28,2024-07-05,2024-07-06,39500,39500,3.602,livrée
CMD-2024-00808,DL-CA-003,F02,2024-05-29,2024-07-01,2024-07-03,36000,36000,2.368,livrée
CMD-2024-00809,DL-SV-007,F03,2024-05-29,2024-06-22,2024-06-18,84000,84000,3.849,livrée
CMD-2024-00810,DL-SV-001,F01,2024-05-29,2024-06-25,2024-06-27,91500,91500,3.078,livrée
CMD-2024-00811,DL-CA-004,F03,2024-05-29,2024-06-21,2024-06-16,46500,46500,3.137,livrée
CMD-2024-00812,DL-DE-001,F03,2024-05-29,2024-06-22,2024-06-30,43000,43000,4.473,livrée
CMD-2024-00813,DL-CA-007,F08,2024-05-29,2024-07-09,2024-07-10,62500,62500,3.393,livrée
CMD-2024-00814,DL-SV-011,F03,2024-05-29,2024-06-26,2024-06-26,41000,41000,3.138,livrée
CMD-2024-00815,DL-HY-004,F03,2024-05-29,2024-06-23,2024-06-21,26500,26500,3.84,livrée
CMD-2024-00816,DL-SV-011,F03,2024-05-29,2024-06-24,2024-06-24,61500,61500,3.064,livrée
CMD-2024-00817,DL-HY-004,F04,2024-05-29,2024-07-04,2024-06-29,44500,44500,3.922,livrée
CMD-2024-00818,DL-SV-008,F04,2024-05-29,2024-07-02,2024-06-29,10000,10000,3.086,livrée
CMD-2024-00819,DL-SO-005,F04,2024-05-29,2024-07-03,2024-06-28,37500,37500,2.874,livrée
CMD-2024-00820,DL-HY-004,F03,2024-05-30,2024-06-26,2024-06-21,81500,73100,3.96,livrée
CMD-2024-00821,DL-SV-002,F05,2024-05-30,2024-07-10,2024-07-06,36500,36500,3.963,livrée
CMD-2024-00822,DL-CA-006,F03,2024-05-30,2024-06-24,2024-06-19,52500,52500,2.71,livrée
CMD-2024-00823,DL-HY-002,F08,2024-05-30,2024-07-07,2024-07-04,25000,25000,2.153,livrée
CMD-2024-00824,DL-SV-014,F04,2024-05-30,2024-07-05,2024-07-04,56500,56500,4.215,livrée
CMD-2024-00825,DL-HY-002,F08,2024-05-30,2024-07-06,2024-07-04,23500,23500,2.205,livrée
CMD-2024-00826,DL-HY-005,F08,2024-05-31,2024-07-11,2024-07-08,33500,33500,2.999,livrée
CMD-2024-00827,DL-BB-005,F04,2024-05-31,2024-07-07,2024-07-02,20000,20000,5.237,livrée
CMD-2024-00828,DL-DE-002,F07,2024-05-31,2024-07-14,2024-07-11,35000,35000,3.246,livrée
CMD-2024-00829,DL-BB-003,F05,2024-05-31,2024-07-10,2024-07-19,50000,50000,4.515,livrée
CMD-2024-00830,DL-SV-014,F04,2024-05-31,2024-07-04,2024-07-06,43500,43500,4.089,livrée
CMD-2024-00831,DL-SO-005,F04,2024-05-31,2024-07-07,2024-07-05,69500,69500,2.591,livrée
CMD-2024-00832,DL-SO-008,F07,2024-05-31,2024-07-10,2024-07-11,58500,58500,4.685,livrée
CMD-2024-00833,DL-DE-005,F04,2024-05-31,2024-07-03,2024-07-01,45000,45000,2.758,livrée
CMD-2024-00834,DL-SV-002,F05,2024-05-31,2024-07-09,2024-07-04,53000,53000,4.306,livrée
CMD-2024-00835,DL-SO-007,F08,2024-05-31,2024-07-08,2024-07-08,33500,33500,4.872,livrée
CMD-2024-00836,DL-DE-007,F07,2024-06-03,2024-07-15,2024-07-13,22500,22500,1.757,livrée
CMD-2024-00837,DL-SO-005,F04,2024-06-03,2024-07-09,2024-07-08,65000,65000,2.822,livrée
CMD-2024-00838,DL-CA-008,F05,2024-06-03,2024-07-16,2024-07-16,20000,20000,1.597,livrée
CMD-2024-00839,DL-SV-002,F05,2024-06-03,2024-07-13,2024-07-11,25500,25500,4.12,livrée
CMD-2024-00840,DL-BB-001,F02,2024-06-03,2024-07-06,2024-07-05,35500,35500,3.979,livrée
CMD-2024-00841,DL-SV-006,F03,2024-06-03,2024-06-27,2024-06-26,26500,26500,3.253,livrée
CMD-2024-00842,DL-DE-008,F06,2024-06-03,2024-07-15,2024-07-14,54500,54500,3.251,livrée
CMD-2024-00843,DL-HY-006,F03,2024-06-03,2024-06-29,2024-06-25,38000,38000,1.77,livrée
CMD-2024-00844,DL-BB-004,F01,2024-06-03,2024-06-29,2024-06-28,54500,54500,3.656,livrée
CMD-2024-00845,DL-HY-001,F03,2024-06-04,2024-06-26,2024-06-21,62000,62000,3.384,livrée
CMD-2024-00846,DL-SV-008,F04,2024-06-04,2024-07-12,2024-07-12,41500,41500,3.238,livrée
CMD-2024-00847,DL-HY-001,F03,2024-06-04,2024-06-26,2024-06-26,21500,21500,3.067,livrée
CMD-2024-00848,DL-HY-007,F02,2024-06-04,2024-07-06,2024-07-07,23500,23500,3.043,livrée
CMD-2024-00849,DL-CA-012,F02,2024-06-04,2024-07-05,2024-07-03,30000,30000,3.909,livrée
CMD-2024-00850,DL-SV-014,F04,2024-06-04,2024-07-07,2024-07-06,47000,47000,4.036,livrée
CMD-2024-00851,DL-SO-009,F08,2024-06-04,2024-07-10,2024-07-29,14500,14500,2.898,livrée
CMD-2024-00852,DL-HY-004,F04,2024-06-04,2024-07-11,2024-07-12,45500,45500,3.751,livrée
CMD-2024-00853,DL-CA-012,F03,2024-06-04,2024-06-30,2024-06-26,92500,92500,4.263,livrée
CMD-2024-00854,DL-SV-005,F06,2024-06-05,2024-07-22,2024-07-19,24500,24500,3.206,livrée
CMD-2024-00855,DL-HY-006,F03,2024-06-05,2024-07-02,2024-07-04,81000,81000,1.857,livrée
CMD-2024-00856,DL-CA-007,F08,2024-06-05,2024-07-10,2024-07-05,32000,32000,3.648,livrée
CMD-2024-00857,DL-CA-010,F03,2024-06-05,2024-06-29,2024-07-01,87500,87500,3.999,livrée
CMD-2024-00858,DL-SV-014,F04,2024-06-05,2024-07-08,2024-07-06,30000,30000,3.989,livrée
CMD-2024-00859,DL-SV-010,F04,2024-06-05,2024-07-09,2024-07-11,40000,40000,2.91,livrée
CMD-2024-00860,DL-BB-005,F04,2024-06-06,2024-07-10,2024-07-10,108500,108500,4.89,livrée
CMD-2024-00861,DL-HY-004,F04,2024-06-06,2024-07-13,2024-07-12,33500,33500,3.906,livrée
CMD-2024-00862,DL-HY-004,F04,2024-06-06,2024-07-10,2024-07-10,17000,17000,3.699,livrée
CMD-2024-00863,DL-HY-001,F03,2024-06-06,2024-07-04,2024-07-04,99500,99500,3.024,livrée
CMD-2024-00864,DL-SV-002,F05,2024-06-06,2024-07-15,2024-07-11,14000,14000,4.19,livrée
CMD-2024-00865,DL-DE-007,F07,2024-06-06,2024-07-15,2024-07-16,20500,20500,1.798,livrée
CMD-2024-00866,DL-SV-003,F03,2024-06-06,2024-07-01,2024-06-30,36000,36000,5.293,livrée
CMD-2024-00867,DL-SO-005,F04,2024-06-06,2024-07-11,2024-07-09,27500,27500,2.661,livrée
CMD-2024-00868,DL-CA-004,F03,2024-06-06,2024-06-28,2024-06-29,20000,20000,3.118,livrée
CMD-2024-00869,DL-DE-008,F06,2024-06-07,2024-07-23,2024-07-19,97000,97000,3.18,livrée
CMD-2024-00870,DL-DE-007,F07,2024-06-07,2024-07-16,2024-07-12,52500,52500,1.766,livrée
CMD-2024-00871,DL-CA-008,F05,2024-06-07,2024-07-19,2024-07-16,13500,13500,1.611,livrée
CMD-2024-00872,DL-SO-002,F03,2024-06-07,2024-06-29,2024-06-24,32000,32000,2.657,livrée
CMD-2024-00873,DL-HY-003,F06,2024-06-07,2024-07-22,2024-07-18,35000,35000,5.545,livrée
CMD-2024-00874,DL-SV-004,F08,2024-06-07,2024-07-15,2024-07-17,23000,23000,2.397,livrée
CMD-2024-00875,DL-HY-007,F02,2024-06-07,2024-07-09,2024-07-11,39000,39000,2.714,livrée
CMD-2024-00876,DL-DE-006,F05,2024-06-07,2024-07-16,2024-07-11,70000,70000,1.908,livrée
CMD-2024-00877,DL-SV-009,F02,2024-06-07,2024-07-07,2024-07-09,89500,89500,3.312,livrée
CMD-2024-00878,DL-CA-004,F03,2024-06-10,2024-07-04,2024-06-29,48000,48000,3.106,livrée
CMD-2024-00879,DL-BB-004,F01,2024-06-10,2024-07-06,2024-07-05,102500,102500,3.639,livrée
CMD-2024-00880,DL-SV-003,F03,2024-06-10,2024-07-04,2024-07-06,10000,10000,4.748,livrée
CMD-2024-00881,DL-DE-002,F07,2024-06-11,2024-07-26,2024-07-28,14000,14000,3.358,livrée
CMD-2024-00882,DL-DE-004,F08,2024-06-11,2024-07-19,2024-07-20,25500,25500,5.567,livrée
CMD-2024-00883,DL-HY-002,F08,2024-06-11,2024-07-19,2024-07-19,49000,49000,2.254,livrée
CMD-2024-00884,DL-SV-001,F01,2024-06-11,2024-07-11,2024-07-06,25000,25000,2.953,livrée
CMD-2024-00885,DL-CA-012,F02,2024-06-11,2024-07-09,2024-07-04,64500,64500,4.178,livrée
CMD-2024-00886,DL-SV-014,F04,2024-06-11,2024-07-15,2024-07-12,46500,46500,4.117,livrée
CMD-2024-00887,DL-SV-010,F04,2024-06-11,2024-07-15,2024-07-14,34000,34000,3.114,livrée
CMD-2024-00888,DL-DE-004,F08,2024-06-11,2024-07-16,2024-07-16,55000,55000,5.621,livrée
CMD-2024-00889,DL-CA-011,F02,2024-06-11,2024-07-08,2024-07-07,44000,44000,4.28,livrée
CMD-2024-00890,DL-DE-001,F03,2024-06-12,2024-07-09,2024-07-09,24500,24500,4.287,livrée
CMD-2024-00891,DL-CA-008,F05,2024-06-12,2024-07-23,2024-07-18,17500,17500,1.594,livrée
CMD-2024-00892,DL-CA-011,F02,2024-06-12,2024-07-09,2024-07-10,48500,48500,4.281,livrée
CMD-2024-00893,DL-HY-004,F03,2024-06-12,2024-07-10,2024-07-09,98500,98500,3.651,livrée
CMD-2024-00894,DL-BB-005,F04,2024-06-13,2024-07-18,2024-07-13,79000,79000,4.95,livrée
CMD-2024-00895,DL-SV-002,F05,2024-06-13,2024-07-22,2024-07-19,35000,35000,4.083,livrée
CMD-2024-00896,DL-BB-001,F02,2024-06-13,2024-07-12,2024-07-10,42500,42500,4.011,livrée
CMD-2024-00897,DL-SV-002,F05,2024-06-13,2024-07-23,2024-07-18,24000,24000,4.334,livrée
CMD-2024-00898,DL-HY-001,F03,2024-06-13,2024-07-08,2024-07-03,17000,17000,3.168,livrée
CMD-2024-00899,DL-HY-001,F03,2024-06-14,2024-07-10,2024-07-05,33000,33000,3.148,livrée
CMD-2024-00900,DL-SO-005,F04,2024-06-14,2024-07-22,2024-07-23,18500,18500,2.563,livrée
CMD-2024-00901,DL-SV-001,F01,2024-06-14,2024-07-13,2024-07-14,79500,79500,2.921,livrée
CMD-2024-00902,DL-SV-001,F01,2024-06-14,2024-07-14,2024-07-12,31500,31500,2.92,livrée
CMD-2024-00903,DL-DE-002,F07,2024-06-14,2024-07-25,2024-07-21,87500,87500,3.654,livrée
CMD-2024-00904,DL-HY-004,F03,2024-06-14,2024-07-07,2024-07-07,18000,18000,3.974,livrée
CMD-2024-00905,DL-BB-001,F02,2024-06-17,2024-07-18,2024-07-14,25000,25000,4.064,livrée
CMD-2024-00906,DL-BB-005,F04,2024-06-17,2024-07-22,2024-07-22,36500,36500,4.775,livrée
CMD-2024-00907,DL-DE-002,F07,2024-06-17,2024-07-26,2024-07-23,30500,30500,3.266,livrée
CMD-2024-00908,DL-CA-001,F02,2024-06-17,2024-07-14,2024-07-16,83500,83500,5.361,livrée
CMD-2024-00909,DL-HY-004,F04,2024-06-17,2024-07-19,2024-07-20,14000,14000,3.992,livrée
CMD-2024-00910,DL-BB-005,F04,2024-06-17,2024-07-24,2024-07-22,78000,78000,5.035,livrée
CMD-2024-00911,DL-SO-007,F08,2024-06-17,2024-07-25,2024-07-20,31000,31000,4.889,livrée
CMD-2024-00912,DL-SV-015,F05,2024-06-17,2024-07-26,2024-07-21,11000,11000,3.33,livrée
CMD-2024-00913,DL-SV-013,F02,2024-06-18,2024-07-18,2024-07-18,74000,74000,3.064,livrée
CMD-2024-00914,DL-HY-001,F03,2024-06-18,2024-07-15,2024-07-10,35500,35500,2.989,livrée
CMD-2024-00915,DL-HY-001,F03,2024-06-18,2024-07-14,2024-07-14,25500,25500,3.16,livrée
CMD-2024-00916,DL-HY-004,F03,2024-06-18,2024-07-12,2024-07-09,150000,150000,3.983,livrée
CMD-2024-00917,DL-SO-004,F06,2024-06-18,2024-08-01,2024-07-29,22000,22000,2.676,livrée
CMD-2024-00918,DL-BB-003,F05,2024-06-18,2024-07-26,2024-07-22,14500,14500,4.555,livrée
CMD-2024-00919,DL-HY-004,F04,2024-06-18,2024-07-21,2024-07-20,37000,37000,4.068,livrée
CMD-2024-00920,DL-CA-011,F02,2024-06-19,2024-07-17,2024-07-17,13500,13500,4.556,livrée
CMD-2024-00921,DL-BB-001,F02,2024-06-19,2024-07-20,2024-07-16,22500,22500,3.8,livrée
CMD-2024-00922,DL-DE-001,F03,2024-06-19,2024-07-11,2024-07-07,21000,21000,4.302,livrée
CMD-2024-00923,DL-HY-004,F04,2024-06-19,2024-07-25,2024-07-27,24000,24000,3.989,livrée
CMD-2024-00924,DL-SV-001,F06,2024-06-19,2024-08-02,2024-08-04,19500,19500,3.125,livrée
CMD-2024-00925,DL-SO-009,F08,2024-06-20,2024-07-28,2024-07-29,86500,86500,3.079,livrée
CMD-2024-00926,DL-CA-006,F03,2024-06-20,2024-07-18,2024-07-27,38000,38000,3.065,livrée
CMD-2024-00927,DL-CA-003,F02,2024-06-20,2024-07-17,2024-07-14,36500,36500,2.249,livrée
CMD-2024-00928,DL-SV-013,F02,2024-06-20,2024-07-19,2024-07-18,35500,35500,2.95,livrée
CMD-2024-00929,DL-HY-001,F03,2024-06-20,2024-07-17,2024-07-19,33500,33500,3.32,livrée
CMD-2024-00930,DL-BB-004,F01,2024-06-20,2024-07-17,2024-07-12,71500,71500,3.916,livrée
CMD-2024-00931,DL-SO-005,F04,2024-06-20,2024-07-25,2024-07-23,18500,18500,2.728,livrée
CMD-2024-00932,DL-SO-005,F04,2024-06-21,2024-07-23,2024-07-23,35500,35500,2.564,livrée
CMD-2024-00933,DL-SV-001,F06,2024-06-21,2024-08-07,2024-08-08,26500,26500,2.907,livrée
CMD-2024-00934,DL-HY-003,F06,2024-06-21,2024-08-07,2024-08-07,23500,23500,5.646,livrée
CMD-2024-00935,DL-BB-005,F04,2024-06-21,2024-07-27,2024-07-22,77000,77000,5.279,livrée
CMD-2024-00936,DL-DE-001,F03,2024-06-21,2024-07-15,2024-07-11,107500,107500,4.543,livrée
CMD-2024-00937,DL-BB-001,F02,2024-06-21,2024-07-20,2024-07-18,51500,51500,3.82,livrée
CMD-2024-00938,DL-SV-010,F04,2024-06-21,2024-07-23,2024-07-23,43500,43500,2.823,livrée
CMD-2024-00939,DL-HY-002,F08,2024-06-21,2024-07-29,2024-07-26,54500,48100,2.332,livrée
CMD-2024-00940,DL-BB-001,F02,2024-06-21,2024-07-18,2024-07-19,45500,45500,4.131,livrée
CMD-2024-00941,DL-BB-003,F05,2024-06-21,2024-07-29,2024-07-28,41000,41000,4.361,livrée
CMD-2024-00942,DL-DE-006,F02,2024-06-21,2024-07-22,2024-07-23,24500,24500,1.978,livrée
CMD-2024-00943,DL-DE-007,F07,2024-06-21,2024-07-31,2024-07-28,69500,66000,1.797,livrée
CMD-2024-00944,DL-DE-005,F03,2024-06-21,2024-07-17,2024-07-17,36000,36000,2.951,livrée
CMD-2024-00945,DL-BB-001,F02,2024-06-21,2024-07-22,2024-07-23,52500,52500,4.095,livrée
CMD-2024-00946,DL-CA-004,F03,2024-06-21,2024-07-13,2024-07-08,86000,86000,3.22,livrée
CMD-2024-00947,DL-SV-010,F04,2024-06-24,2024-08-01,2024-07-31,28000,28000,2.787,livrée
CMD-2024-00948,DL-SV-002,F05,2024-06-24,2024-08-04,2024-08-01,79000,79000,4.326,livrée
CMD-2024-00949,DL-CA-004,F03,2024-06-24,2024-07-19,2024-07-15,111000,111000,3.195,livrée
CMD-2024-00950,DL-CA-006,F03,2024-06-24,2024-07-22,2024-07-23,27500,27500,2.7,livrée
CMD-2024-00951,DL-DE-006,F05,2024-06-24,2024-08-01,2024-07-28,117000,117000,2.133,livrée
CMD-2024-00952,DL-DE-005,F03,2024-06-24,2024-07-19,2024-07-19,84500,78000,2.824,livrée
CMD-2024-00953,DL-HY-004,F03,2024-06-24,2024-07-19,2024-07-19,40000,40000,3.969,livrée
CMD-2024-00954,DL-DE-006,F05,2024-06-24,2024-08-03,2024-08-02,22500,22500,2.07,livrée
CMD-2024-00955,DL-DE-003,F05,2024-06-24,2024-08-05,2024-08-06,35500,35500,4.254,livrée
CMD-2024-00956,DL-SV-015,F05,2024-06-24,2024-08-05,2024-08-05,47000,47000,3.103,livrée
CMD-2024-00957,DL-BB-001,F02,2024-06-25,2024-07-28,2024-07-30,150000,150000,3.768,livrée
CMD-2024-00958,DL-SV-014,F04,2024-06-25,2024-07-30,2024-07-26,51500,51500,4.182,livrée
CMD-2024-00959,DL-CA-011,F02,2024-06-25,2024-07-28,2024-07-25,19000,19000,4.084,livrée
CMD-2024-00960,DL-DE-009,F04,2024-06-25,2024-08-01,2024-07-30,44000,44000,4.089,livrée
CMD-2024-00961,DL-CA-010,F03,2024-06-25,2024-07-18,2024-07-15,55500,55500,4.065,livrée
CMD-2024-00962,DL-SO-004,F04,2024-06-25,2024-07-28,2024-07-27,24000,24000,2.833,livrée
CMD-2024-00963,DL-HY-004,F04,2024-06-25,2024-07-31,2024-08-02,42000,42000,3.847,livrée
CMD-2024-00964,DL-BB-004,F07,2024-06-25,2024-08-05,2024-08-04,35000,35000,3.817,livrée
CMD-2024-00965,DL-BB-006,F01,2024-06-25,2024-07-24,2024-07-23,50500,50500,4.285,livrée
CMD-2024-00966,DL-SV-006,F03,2024-06-26,2024-07-24,2024-07-21,75000,75000,3.025,livrée
CMD-2024-00967,DL-SV-006,F05,2024-06-26,2024-08-06,2024-08-04,38000,38000,3.242,livrée
CMD-2024-00968,DL-DE-001,F03,2024-06-26,2024-07-24,2024-07-25,14500,14500,4.101,livrée
CMD-2024-00969,DL-HY-004,F04,2024-06-26,2024-07-30,2024-07-27,30000,30000,3.993,livrée
CMD-2024-00970,DL-HY-003,F06,2024-06-26,2024-08-09,2024-08-05,124000,124000,5.179,livrée
CMD-2024-00971,DL-BB-005,F04,2024-06-27,2024-07-29,2024-07-25,27500,27500,4.952,livrée
CMD-2024-00972,DL-CA-011,F02,2024-06-27,2024-07-25,2024-07-25,31500,31500,4.488,livrée
CMD-2024-00973,DL-SV-001,F01,2024-06-27,2024-07-24,2024-07-25,10000,10000,2.993,livrée
CMD-2024-00974,DL-HY-008,F02,2024-06-27,2024-07-28,2024-07-27,57500,57500,1.462,livrée
CMD-2024-00975,DL-HY-001,F03,2024-06-27,2024-07-20,2024-07-20,56000,56000,3.318,livrée
CMD-2024-00976,DL-DE-007,F07,2024-06-27,2024-08-05,2024-07-31,58500,58500,1.887,livrée
CMD-2024-00977,DL-SV-010,F04,2024-06-27,2024-07-30,2024-07-28,80500,80500,2.901,livrée
CMD-2024-00978,DL-HY-001,F03,2024-06-27,2024-07-22,2024-07-23,52500,52500,3.247,livrée
CMD-2024-00979,DL-HY-003,F06,2024-06-27,2024-08-13,2024-08-12,74000,74000,5.627,livrée
CMD-2024-00980,DL-BB-002,F01,2024-06-27,2024-07-22,2024-07-17,121500,121500,2.938,livrée
CMD-2024-00981,DL-HY-004,F03,2024-06-28,2024-07-24,2024-07-26,40500,40500,3.677,livrée
CMD-2024-00982,DL-HY-002,F08,2024-06-28,2024-08-08,2024-08-06,65500,65500,2.239,livrée
CMD-2024-00983,DL-CA-006,F03,2024-06-28,2024-07-25,2024-08-01,85500,85500,2.976,livrée
CMD-2024-00984,DL-SO-002,F03,2024-06-28,2024-07-26,2024-07-22,27500,27500,2.646,livrée
CMD-2024-00985,DL-HY-004,F04,2024-06-28,2024-08-04,2024-08-01,42000,42000,3.757,livrée
CMD-2024-00986,DL-HY-002,F08,2024-06-28,2024-08-07,2024-08-05,17000,17000,2.229,livrée
CMD-2024-00987,DL-SV-011,F03,2024-06-28,2024-07-24,2024-07-23,21500,21500,3.085,livrée
CMD-2024-00988,DL-SV-006,F03,2024-06-28,2024-07-26,2024-07-27,35000,35000,2.988,livrée
CMD-2024-00989,DL-HY-004,F04,2024-06-28,2024-08-05,2024-08-07,61000,61000,4.113,livrée
CMD-2024-00990,DL-SV-006,F03,2024-06-28,2024-07-21,2024-07-17,49000,49000,3.17,livrée
CMD-2024-00991,DL-SO-004,F04,2024-07-01,2024-08-02,2024-07-31,120000,120000,2.715,livrée
CMD-2024-00992,DL-SV-006,F03,2024-07-01,2024-07-24,2024-07-24,60000,60000,3.126,livrée
CMD-2024-00993,DL-CA-011,F02,2024-07-01,2024-07-31,2024-08-11,26500,26500,4.511,livrée
CMD-2024-00994,DL-DE-001,F03,2024-07-01,2024-07-28,2024-07-23,38000,38000,4.284,livrée
CMD-2024-00995,DL-CA-004,F03,2024-07-01,2024-07-26,2024-07-24,30000,30000,2.858,livrée
CMD-2024-00996,DL-HY-004,F04,2024-07-01,2024-08-05,2024-08-20,34000,34000,4.049,livrée
CMD-2024-00997,DL-SV-003,F03,2024-07-02,2024-07-27,2024-07-25,60500,60500,5.143,livrée
CMD-2024-00998,DL-HY-002,F08,2024-07-02,2024-08-12,2024-08-14,31500,31500,2.163,livrée
CMD-2024-00999,DL-SV-001,F01,2024-07-02,2024-08-01,2024-08-03,70000,70000,2.834,livrée
CMD-2024-01000,DL-SV-013,F02,2024-07-02,2024-08-01,2024-07-30,40500,40500,3.011,livrée
CMD-2024-01001,DL-CA-003,F02,2024-07-02,2024-08-03,2024-07-29,70500,70500,2.327,livrée
CMD-2024-01002,DL-SO-008,F07,2024-07-02,2024-08-12,2024-08-09,39500,39500,4.781,livrée
CMD-2024-01003,DL-SV-002,F05,2024-07-02,2024-08-10,2024-08-21,18000,18000,4.3,livrée
CMD-2024-01004,DL-SV-001,F06,2024-07-02,2024-08-19,2024-08-15,87500,87500,2.826,livrée
CMD-2024-01005,DL-BB-006,F07,2024-07-02,2024-08-12,2024-08-11,90000,90000,4.306,livrée
CMD-2024-01006,DL-CA-004,F03,2024-07-03,2024-07-30,2024-07-29,62500,62500,3.181,livrée
CMD-2024-01007,DL-DE-001,F03,2024-07-03,2024-07-28,2024-07-24,64000,64000,4.256,livrée
CMD-2024-01008,DL-SV-009,F02,2024-07-03,2024-08-02,2024-08-03,21000,21000,3.54,livrée
CMD-2024-01009,DL-SO-003,F04,2024-07-03,2024-08-09,2024-08-05,26500,26500,3.635,livrée
CMD-2024-01010,DL-CA-004,F03,2024-07-03,2024-07-25,2024-07-27,51000,51000,3.093,livrée
CMD-2024-01011,DL-HY-001,F03,2024-07-03,2024-07-28,2024-07-29,54500,54500,3.219,livrée
CMD-2024-01012,DL-SO-005,F04,2024-07-03,2024-08-10,2024-08-10,25500,25500,2.611,livrée
CMD-2024-01013,DL-SO-008,F07,2024-07-03,2024-08-13,2024-08-18,22500,22500,4.536,livrée
CMD-2024-01014,DL-SV-008,F04,2024-07-04,2024-08-09,2024-08-05,35000,35000,3.172,livrée
CMD-2024-01015,DL-HY-005,F08,2024-07-04,2024-08-10,2024-08-11,28500,28500,3.29,livrée
CMD-2024-01016,DL-SV-003,F03,2024-07-04,2024-07-28,2024-07-30,31500,31500,4.913,livrée
CMD-2024-01017,DL-CA-003,F02,2024-07-04,2024-08-02,2024-08-04,27500,27500,2.35,livrée
CMD-2024-01018,DL-CA-003,F02,2024-07-05,2024-08-06,2024-08-08,16500,16500,2.234,livrée
CMD-2024-01019,DL-HY-007,F02,2024-07-05,2024-08-02,2024-08-07,80000,80000,2.702,livrée
CMD-2024-01020,DL-DE-001,F03,2024-07-05,2024-07-31,2024-08-01,20500,20500,4.438,livrée
CMD-2024-01021,DL-SV-015,F05,2024-07-05,2024-08-17,2024-08-14,20500,20500,3.207,livrée
CMD-2024-01022,DL-SV-002,F05,2024-07-05,2024-08-17,2024-08-14,53000,53000,3.882,livrée
CMD-2024-01023,DL-DE-001,F03,2024-07-08,2024-08-01,2024-08-01,10000,10000,4.103,livrée
CMD-2024-01024,DL-SV-010,F04,2024-07-08,2024-08-14,2024-08-10,68000,68000,2.975,livrée
CMD-2024-01025,DL-CA-003,F02,2024-07-08,2024-08-07,2024-08-12,33500,33500,2.402,livrée
CMD-2024-01026,DL-DE-001,F03,2024-07-09,2024-08-06,2024-08-07,65500,65500,4.621,livrée
CMD-2024-01027,DL-CA-012,F03,2024-07-09,2024-08-01,2024-08-01,17500,17500,4.291,livrée
CMD-2024-01028,DL-HY-008,F02,2024-07-09,2024-08-06,2024-08-06,11500,11500,1.609,livrée
CMD-2024-01029,DL-HY-001,F03,2024-07-09,2024-08-01,2024-07-29,25000,25000,3.039,livrée
CMD-2024-01030,DL-SV-001,F01,2024-07-09,2024-08-08,2024-08-07,44000,44000,3.107,livrée
CMD-2024-01031,DL-SV-001,F01,2024-07-09,2024-08-05,2024-08-06,20000,20000,2.945,livrée
CMD-2024-01032,DL-SV-001,F06,2024-07-09,2024-08-23,2024-08-18,13500,13500,3.162,livrée
CMD-2024-01033,DL-SV-001,F01,2024-07-09,2024-08-08,2024-08-04,45500,45500,3.186,livrée
CMD-2024-01034,DL-SV-006,F05,2024-07-09,2024-08-15,2024-08-21,70500,70500,3.239,livrée
CMD-2024-01035,DL-CA-008,F05,2024-07-09,2024-08-17,2024-08-15,47500,47500,1.535,livrée
CMD-2024-01036,DL-DE-002,F07,2024-07-09,2024-08-21,2024-08-23,30500,30500,3.459,livrée
CMD-2024-01037,DL-CA-004,F03,2024-07-09,2024-08-01,2024-08-01,32500,32500,2.944,livrée
CMD-2024-01038,DL-HY-005,F02,2024-07-09,2024-08-08,2024-08-09,41000,41000,3.332,livrée
CMD-2024-01039,DL-HY-006,F03,2024-07-10,2024-08-04,2024-08-06,89500,89500,1.727,livrée
CMD-2024-01040,DL-HY-004,F04,2024-07-10,2024-08-16,2024-08-11,10000,10000,4.047,livrée
CMD-2024-01041,DL-HY-002,F08,2024-07-10,2024-08-18,2024-08-14,64000,64000,2.177,livrée
CMD-2024-01042,DL-HY-005,F08,2024-07-10,2024-08-16,2024-08-24,32000,29600,2.965,livrée
CMD-2024-01043,DL-SV-002,F05,2024-07-10,2024-08-21,2024-08-16,33500,33500,3.98,livrée
CMD-2024-01044,DL-BB-006,F07,2024-07-10,2024-08-24,2024-08-25,41000,41000,4.164,livrée
CMD-2024-01045,DL-DE-002,F07,2024-07-11,2024-08-22,2024-08-20,49000,49000,3.38,livrée
CMD-2024-01046,DL-SV-008,F04,2024-07-11,2024-08-16,2024-08-11,19000,19000,3.101,livrée
CMD-2024-01047,DL-DE-007,F07,2024-07-11,2024-08-23,2024-08-21,31500,31500,1.746,livrée
CMD-2024-01048,DL-HY-008,F02,2024-07-11,2024-08-12,2024-08-11,32500,32500,1.509,livrée
CMD-2024-01049,DL-HY-002,F08,2024-07-11,2024-08-19,2024-08-16,41500,41500,2.26,livrée
CMD-2024-01050,DL-DE-008,F06,2024-07-11,2024-08-26,2024-08-25,16500,16500,3.327,livrée
CMD-2024-01051,DL-SO-004,F04,2024-07-11,2024-08-14,2024-08-16,41500,41500,2.624,livrée
CMD-2024-01052,DL-CA-004,F03,2024-07-11,2024-08-06,2024-08-04,102000,102000,3.046,livrée
CMD-2024-01053,DL-DE-001,F03,2024-07-11,2024-08-06,2024-08-01,99500,99500,4.278,livrée
CMD-2024-01054,DL-SO-002,F03,2024-07-11,2024-08-02,2024-08-04,51000,51000,2.621,livrée
CMD-2024-01055,DL-CA-011,F02,2024-07-11,2024-08-11,2024-08-12,57000,57000,4.404,livrée
CMD-2024-01056,DL-SO-005,F04,2024-07-11,2024-08-17,2024-08-17,126500,126500,2.553,livrée
CMD-2024-01057,DL-SO-005,F04,2024-07-12,2024-08-14,2024-08-13,35000,35000,2.57,livrée
CMD-2024-01058,DL-HY-001,F03,2024-07-12,2024-08-09,2024-08-09,67500,67500,3.037,livrée
CMD-2024-01059,DL-CA-008,F05,2024-07-12,2024-08-22,2024-08-17,14500,14500,1.616,livrée
CMD-2024-01060,DL-DE-008,F06,2024-07-15,2024-09-01,2024-09-18,81500,81500,3.224,livrée
CMD-2024-01061,DL-SV-001,F01,2024-07-15,2024-08-10,2024-08-07,12500,11300,2.985,livrée
CMD-2024-01062,DL-SO-004,F06,2024-07-15,2024-08-29,2024-08-28,22000,22000,2.671,livrée
CMD-2024-01063,DL-SO-005,F04,2024-07-15,2024-08-18,2024-08-13,74500,74500,2.867,livrée
CMD-2024-01064,DL-SO-005,F04,2024-07-15,2024-08-22,2024-08-24,37500,37500,2.88,livrée
CMD-2024-01065,DL-SV-003,F03,2024-07-15,2024-08-12,2024-08-09,57000,57000,5.371,livrée
CMD-2024-01066,DL-DE-001,F03,2024-07-15,2024-08-09,2024-08-17,56000,56000,4.292,livrée
CMD-2024-01067,DL-SV-003,F03,2024-07-15,2024-08-11,2024-08-15,43500,43500,5.307,livrée
CMD-2024-01068,DL-SO-005,F04,2024-07-15,2024-08-19,2024-08-14,150000,150000,2.562,livrée
CMD-2024-01069,DL-SV-015,F05,2024-07-15,2024-08-23,2024-08-18,12500,12500,3.209,livrée
CMD-2024-01070,DL-CA-004,F03,2024-07-16,2024-08-11,2024-08-17,37000,37000,3.036,livrée
CMD-2024-01071,DL-CA-004,F03,2024-07-16,2024-08-13,2024-08-13,56000,56000,3.121,livrée
CMD-2024-01072,DL-BB-003,F05,2024-07-16,2024-08-26,2024-08-22,56500,56500,4.38,livrée
CMD-2024-01073,DL-SV-010,F04,2024-07-16,2024-08-19,2024-08-20,22000,22000,3.048,livrée
CMD-2024-01074,DL-SV-006,F03,2024-07-16,2024-08-07,2024-08-05,27500,27500,3.245,livrée
CMD-2024-01075,DL-SV-006,F03,2024-07-16,2024-08-07,2024-08-09,12500,12500,3.103,livrée
CMD-2024-01076,DL-SO-005,F04,2024-07-16,2024-08-20,2024-08-22,17000,17000,2.768,livrée
CMD-2024-01077,DL-HY-004,F04,2024-07-16,2024-08-19,2024-08-18,13500,13500,3.825,livrée
CMD-2024-01078,DL-SO-004,F04,2024-07-16,2024-08-17,2024-08-15,28500,28500,2.694,livrée
CMD-2024-01079,DL-HY-006,F03,2024-07-17,2024-08-09,2024-08-04,72000,72000,1.77,livrée
CMD-2024-01080,DL-HY-001,F03,2024-07-17,2024-08-08,2024-08-03,10500,9300,3.28,livrée
CMD-2024-01081,DL-SO-001,F02,2024-07-17,2024-08-15,2024-08-17,86500,86500,4.341,livrée
CMD-2024-01082,DL-HY-004,F03,2024-07-17,2024-08-08,2024-08-03,38500,38500,3.863,livrée
CMD-2024-01083,DL-SV-001,F01,2024-07-17,2024-08-11,2024-08-09,42500,42500,2.888,livrée
CMD-2024-01084,DL-CA-011,F02,2024-07-18,2024-08-16,2024-08-18,40500,40500,4.595,livrée
CMD-2024-01085,DL-SV-011,F03,2024-07-18,2024-08-10,2024-08-11,52000,52000,3.095,livrée
CMD-2024-01086,DL-HY-006,F03,2024-07-18,2024-08-12,2024-08-10,32000,32000,1.794,livrée
CMD-2024-01087,DL-CA-004,F03,2024-07-18,2024-08-12,2024-08-13,46500,46500,3.218,livrée
CMD-2024-01088,DL-SV-010,F04,2024-07-18,2024-08-20,2024-08-19,58500,58500,3.081,livrée
CMD-2024-01089,DL-DE-005,F04,2024-07-18,2024-08-19,2024-08-28,125500,112400,2.895,livrée
CMD-2024-01090,DL-HY-006,F03,2024-07-18,2024-08-10,2024-08-06,71500,71500,1.877,livrée
CMD-2024-01091,DL-SV-010,F04,2024-07-18,2024-08-25,2024-08-24,46500,46500,2.901,livrée
CMD-2024-01092,DL-CA-004,F03,2024-07-18,2024-08-10,2024-08-06,36000,36000,3.058,livrée
CMD-2024-01093,DL-BB-001,F02,2024-07-19,2024-08-17,2024-08-14,58500,58500,4.131,livrée
CMD-2024-01094,DL-CA-010,F03,2024-07-19,2024-08-13,2024-08-10,50500,50500,3.839,livrée
CMD-2024-01095,DL-HY-008,F02,2024-07-19,2024-08-21,2024-08-17,86500,86500,1.47,livrée
CMD-2024-01096,DL-CA-004,F03,2024-07-19,2024-08-15,2024-08-17,18500,18500,3.086,livrée
CMD-2024-01097,DL-SO-005,F04,2024-07-19,2024-08-24,2024-08-19,20000,20000,2.575,livrée
CMD-2024-01098,DL-CA-011,F02,2024-07-19,2024-08-20,2024-08-17,26000,26000,4.525,livrée
CMD-2024-01099,DL-CA-011,F02,2024-07-19,2024-08-17,2024-08-17,85000,79100,4.455,livrée
CMD-2024-01100,DL-HY-001,F03,2024-07-19,2024-08-13,2024-08-09,95500,95500,3.348,livrée
CMD-2024-01101,DL-SV-010,F04,2024-07-22,2024-08-29,2024-08-31,78500,78500,3.102,livrée
CMD-2024-01102,DL-BB-001,F02,2024-07-22,2024-08-19,2024-08-19,24000,24000,3.977,livrée
CMD-2024-01103,DL-CA-012,F02,2024-07-22,2024-08-19,2024-08-17,49500,49500,4.172,livrée
CMD-2024-01104,DL-DE-001,F03,2024-07-22,2024-08-16,2024-08-12,19000,19000,4.195,livrée
CMD-2024-01105,DL-HY-001,F03,2024-07-22,2024-08-16,2024-08-18,77500,77500,3.236,livrée
CMD-2024-01106,DL-CA-004,F03,2024-07-22,2024-08-13,2024-08-15,31500,31500,2.926,livrée
CMD-2024-01107,DL-SO-005,F04,2024-07-22,2024-08-27,2024-08-29,34000,34000,2.855,livrée
CMD-2024-01108,DL-DE-001,F03,2024-07-23,2024-08-20,2024-08-18,36000,36000,4.561,livrée
CMD-2024-01109,DL-SV-004,F08,2024-07-23,2024-08-28,2024-09-12,29000,29000,2.587,livrée
CMD-2024-01110,DL-SV-011,F03,2024-07-23,2024-08-16,2024-08-17,19500,19500,2.835,livrée
CMD-2024-01111,DL-SV-014,F04,2024-07-23,2024-08-24,2024-08-19,35000,35000,4.031,livrée
CMD-2024-01112,DL-SV-002,F05,2024-07-23,2024-08-29,2024-08-30,76500,76500,4.196,livrée
CMD-2024-01113,DL-CA-011,F02,2024-07-23,2024-08-19,2024-08-20,51000,51000,4.429,livrée
CMD-2024-01114,DL-SV-002,F05,2024-07-23,2024-09-03,2024-09-12,28500,28500,4.096,livrée
CMD-2024-01115,DL-SV-006,F03,2024-07-23,2024-08-14,2024-08-11,39500,35900,2.93,livrée
CMD-2024-01116,DL-SV-002,F05,2024-07-23,2024-09-02,2024-09-04,27000,27000,4.323,livrée
CMD-2024-01117,DL-HY-004,F04,2024-07-23,2024-08-26,2024-08-24,50000,50000,4.085,livrée
CMD-2024-01118,DL-SV-014,F04,2024-07-23,2024-08-27,2024-08-22,42000,42000,4.265,livrée
CMD-2024-01119,DL-HY-001,F03,2024-07-23,2024-08-18,2024-08-19,46500,46500,3.13,livrée
CMD-2024-01120,DL-CA-002,F01,2024-07-24,2024-08-24,2024-08-25,41000,41000,3.8,livrée
CMD-2024-01121,DL-HY-006,F03,2024-07-24,2024-08-21,2024-08-23,86500,86500,1.84,livrée
CMD-2024-01122,DL-DE-007,F07,2024-07-24,2024-09-03,2024-08-31,66000,66000,1.748,livrée
CMD-2024-01123,DL-HY-002,F08,2024-07-24,2024-08-31,2024-08-30,73000,73000,2.232,livrée
CMD-2024-01124,DL-SV-003,F03,2024-07-24,2024-08-18,2024-08-14,36000,36000,5.063,livrée
CMD-2024-01125,DL-HY-007,F02,2024-07-24,2024-08-20,2024-08-17,120000,120000,2.795,livrée
CMD-2024-01126,DL-CA-004,F03,2024-07-24,2024-08-21,2024-08-16,73000,73000,2.912,livrée
CMD-2024-01127,DL-SV-002,F05,2024-07-24,2024-09-01,2024-09-01,13500,13500,4.352,livrée
CMD-2024-01128,DL-DE-001,F03,2024-07-24,2024-08-19,2024-08-17,26000,26000,4.233,livrée
CMD-2024-01129,DL-SV-008,F04,2024-07-25,2024-08-27,2024-08-29,31500,31500,3.145,livrée
CMD-2024-01130,DL-HY-001,F03,2024-07-25,2024-08-20,2024-08-22,32500,32500,3.381,livrée
CMD-2024-01131,DL-SO-009,F06,2024-07-25,2024-09-05,2024-09-02,57500,57500,3.083,livrée
CMD-2024-01132,DL-HY-004,F03,2024-07-25,2024-08-21,2024-08-23,56500,56500,4.025,livrée
CMD-2024-01133,DL-CA-004,F03,2024-07-25,2024-08-17,2024-08-16,53500,53500,3.158,livrée
CMD-2024-01134,DL-SO-007,F08,2024-07-25,2024-08-29,2024-08-29,57000,57000,5.249,livrée
CMD-2024-01135,DL-CA-006,F03,2024-07-25,2024-08-16,2024-08-11,56500,56500,2.994,livrée
CMD-2024-01136,DL-SV-006,F05,2024-07-25,2024-09-04,2024-08-31,46000,46000,3.01,livrée
CMD-2024-01137,DL-CA-011,F02,2024-07-25,2024-08-22,2024-08-20,28000,28000,4.575,livrée
CMD-2024-01138,DL-HY-007,F02,2024-07-25,2024-08-25,2024-08-22,54500,54500,2.696,livrée
CMD-2024-01139,DL-SV-002,F05,2024-07-25,2024-09-01,2024-09-08,66500,66500,4.276,livrée
CMD-2024-01140,DL-SV-001,F01,2024-07-25,2024-08-24,2024-08-21,23500,23500,3.169,livrée
CMD-2024-01141,DL-CA-003,F02,2024-07-26,2024-08-27,2024-08-28,59500,59500,2.312,livrée
CMD-2024-01142,DL-HY-006,F03,2024-07-26,2024-08-17,2024-08-14,83500,83500,1.761,livrée
CMD-2024-01143,DL-HY-006,F03,2024-07-26,2024-08-18,2024-08-18,89500,89500,1.834,livrée
CMD-2024-01144,DL-BB-004,F01,2024-07-26,2024-08-21,2024-08-20,49000,49000,3.686,livrée
CMD-2024-01145,DL-CA-011,F02,2024-07-26,2024-08-25,2024-08-22,23000,23000,4.338,livrée
CMD-2024-01146,DL-SV-006,F03,2024-07-29,2024-08-24,2024-08-21,63500,63500,3.206,livrée
CMD-2024-01147,DL-CA-011,F02,2024-07-29,2024-08-29,2024-08-28,29500,29500,4.134,livrée
CMD-2024-01148,DL-BB-003,F05,2024-07-29,2024-09-08,2024-09-10,10000,9400,4.554,livrée
CMD-2024-01149,DL-SV-002,F05,2024-07-29,2024-09-06,2024-09-11,19000,19000,4.13,livrée
CMD-2024-01150,DL-HY-001,F03,2024-07-29,2024-08-22,2024-08-22,25000,25000,3.111,livrée
CMD-2024-01151,DL-SV-015,F05,2024-07-29,2024-09-07,2024-09-08,28000,28000,3.078,livrée
CMD-2024-01152,DL-HY-009,F08,2024-07-29,2024-09-04,2024-09-04,52500,52500,2.513,livrée
CMD-2024-01153,DL-SV-001,F01,2024-07-29,2024-08-26,2024-08-21,117500,117500,3.14,livrée
CMD-2024-01154,DL-SV-011,F03,2024-07-29,2024-08-20,2024-08-20,30000,30000,3.083,livrée
CMD-2024-01155,DL-HY-006,F03,2024-07-29,2024-08-20,2024-08-17,35000,35000,1.92,livrée
CMD-2024-01156,DL-CA-004,F03,2024-07-29,2024-08-26,2024-08-22,28500,28500,2.946,livrée
CMD-2024-01157,DL-BB-004,F01,2024-07-29,2024-08-26,2024-08-23,86500,86500,3.67,livrée
CMD-2024-01158,DL-DE-007,F07,2024-07-30,2024-09-07,2024-09-07,60000,60000,1.795,livrée
CMD-2024-01159,DL-DE-007,F07,2024-07-30,2024-09-07,2024-09-06,33000,33000,1.88,livrée
CMD-2024-01160,DL-SV-014,F04,2024-07-30,2024-09-04,2024-09-03,53500,53500,4.284,livrée
CMD-2024-01161,DL-HY-008,F02,2024-07-31,2024-08-30,2024-08-30,63500,63500,1.484,livrée
CMD-2024-01162,DL-SV-011,F03,2024-07-31,2024-08-27,2024-08-27,17000,17000,2.878,livrée
CMD-2024-01163,DL-SV-008,F04,2024-07-31,2024-09-01,2024-08-31,36500,36500,3.112,livrée
CMD-2024-01164,DL-SV-001,F06,2024-07-31,2024-09-16,2024-10-04,127500,127500,2.822,livrée
CMD-2024-01165,DL-DE-004,F08,2024-07-31,2024-09-05,2024-09-06,71500,71500,5.475,livrée
CMD-2024-01166,DL-SV-003,F03,2024-07-31,2024-08-26,2024-08-21,26000,26000,4.972,livrée
CMD-2024-01167,DL-DE-009,F04,2024-07-31,2024-09-06,2024-09-06,84500,84500,4.242,livrée
CMD-2024-01168,DL-BB-005,F04,2024-07-31,2024-09-01,2024-08-30,31500,31500,4.878,livrée
CMD-2024-01169,DL-CA-008,F05,2024-07-31,2024-09-08,2024-09-06,36500,36500,1.643,livrée
CMD-2024-01170,DL-HY-003,F06,2024-07-31,2024-09-15,2024-09-11,29500,26600,5.585,livrée
CMD-2024-01171,DL-CA-010,F03,2024-08-01,2024-08-26,2024-08-21,150000,150000,3.936,livrée
CMD-2024-01172,DL-SV-001,F01,2024-08-01,2024-08-27,2024-08-24,69000,69000,3.034,livrée
CMD-2024-01173,DL-HY-007,F02,2024-08-01,2024-08-31,2024-08-29,36000,36000,2.876,livrée
CMD-2024-01174,DL-CA-011,F02,2024-08-01,2024-09-03,2024-08-30,25000,25000,4.101,livrée
CMD-2024-01175,DL-SV-001,F01,2024-08-01,2024-08-30,2024-08-25,14000,14000,3.054,livrée
CMD-2024-01176,DL-HY-001,F03,2024-08-01,2024-08-23,2024-08-25,35500,30700,3.133,livrée
CMD-2024-01177,DL-HY-002,F08,2024-08-01,2024-09-08,2024-09-03,34500,34500,2.269,livrée
CMD-2024-01178,DL-SV-003,F03,2024-08-01,2024-08-28,2024-08-30,111500,111500,5.176,livrée
CMD-2024-01179,DL-HY-003,F06,2024-08-01,2024-09-18,2024-09-15,31000,31000,5.447,livrée
CMD-2024-01180,DL-SV-006,F03,2024-08-02,2024-08-27,2024-08-26,27000,27000,2.938,livrée
CMD-2024-01181,DL-SV-006,F03,2024-08-02,2024-08-24,2024-08-24,25000,25000,3.114,livrée
CMD-2024-01182,DL-BB-006,F07,2024-08-02,2024-09-15,2024-09-10,32000,32000,4.168,livrée
CMD-2024-01183,DL-SV-001,F06,2024-08-02,2024-09-15,2024-09-12,85500,85500,2.984,livrée
CMD-2024-01184,DL-CA-004,F03,2024-08-02,2024-08-26,2024-08-28,37500,37500,2.846,livrée
CMD-2024-01185,DL-SV-002,F05,2024-08-02,2024-09-10,2024-09-09,36500,36500,3.948,livrée
CMD-2024-01186,DL-DE-007,F07,2024-08-02,2024-09-13,2024-09-11,84000,84000,1.813,livrée
CMD-2024-01187,DL-HY-001,F03,2024-08-05,2024-08-27,2024-09-02,24500,24500,3.131,livrée
CMD-2024-01188,DL-DE-008,F06,2024-08-05,2024-09-17,2024-09-16,50000,50000,3.329,livrée
CMD-2024-01189,DL-SV-011,F03,2024-08-05,2024-09-02,2024-09-01,17000,17000,3.169,livrée
CMD-2024-01190,DL-HY-001,F03,2024-08-05,2024-09-02,2024-09-03,29500,29500,3.039,livrée
CMD-2024-01191,DL-SV-007,F03,2024-08-05,2024-08-29,2024-08-30,17000,17000,3.905,livrée
CMD-2024-01192,DL-HY-006,F03,2024-08-05,2024-08-30,2024-08-28,64500,64500,1.729,livrée
CMD-2024-01193,DL-SO-008,F07,2024-08-05,2024-09-14,2024-09-15,55000,55000,4.582,livrée
CMD-2024-01194,DL-SV-002,F05,2024-08-05,2024-09-12,2024-09-12,23000,23000,3.977,livrée
CMD-2024-01195,DL-BB-001,F02,2024-08-06,2024-09-05,2024-09-04,23500,23500,4.192,livrée
CMD-2024-01196,DL-HY-001,F03,2024-08-06,2024-08-28,2024-08-23,35000,35000,2.992,livrée
CMD-2024-01197,DL-DE-001,F03,2024-08-06,2024-09-03,2024-09-02,100000,100000,4.491,livrée
CMD-2024-01198,DL-SO-005,F04,2024-08-06,2024-09-11,2024-09-10,45000,45000,2.73,livrée
CMD-2024-01199,DL-SO-005,F04,2024-08-06,2024-09-12,2024-09-07,83000,83000,2.59,livrée
CMD-2024-01200,DL-SO-005,F04,2024-08-06,2024-09-08,2024-09-09,63000,63000,2.592,livrée
CMD-2024-01201,DL-SO-005,F04,2024-08-06,2024-09-10,2024-09-07,57000,57000,2.686,livrée
CMD-2024-01202,DL-CA-006,F03,2024-08-06,2024-09-02,2024-08-29,33000,33000,2.727,livrée
CMD-2024-01203,DL-HY-002,F08,2024-08-06,2024-09-12,2024-09-10,47000,47000,2.204,livrée
CMD-2024-01204,DL-SV-006,F03,2024-08-07,2024-08-30,2024-08-29,16500,15000,3.227,livrée
CMD-2024-01205,DL-SV-001,F01,2024-08-07,2024-09-01,2024-09-03,14500,14500,3.134,livrée
CMD-2024-01206,DL-SO-004,F04,2024-08-07,2024-09-08,2024-09-03,20000,20000,2.774,livrée
CMD-2024-01207,DL-HY-002,F08,2024-08-07,2024-09-11,2024-09-07,37000,37000,2.22,livrée
CMD-2024-01208,DL-DE-003,F03,2024-08-07,2024-08-29,2024-08-30,30500,30500,4.045,livrée
CMD-2024-01209,DL-SV-015,F05,2024-08-07,2024-09-16,2024-09-13,54000,54000,3.472,livrée
CMD-2024-01210,DL-CA-004,F03,2024-08-07,2024-09-04,2024-09-13,28000,28000,2.907,livrée
CMD-2024-01211,DL-CA-010,F03,2024-08-07,2024-08-31,2024-09-07,65000,65000,3.885,livrée
CMD-2024-01212,DL-HY-001,F03,2024-08-07,2024-09-03,2024-09-02,21000,21000,3.327,livrée
CMD-2024-01213,DL-SV-010,F04,2024-08-07,2024-09-11,2024-09-06,50000,50000,2.836,livrée
CMD-2024-01214,DL-BB-006,F07,2024-08-07,2024-09-18,2024-09-15,29500,29500,4.123,livrée
CMD-2024-01215,DL-SV-002,F05,2024-08-08,2024-09-15,2024-09-11,35000,35000,3.979,livrée
CMD-2024-01216,DL-HY-003,F06,2024-08-08,2024-09-21,2024-10-03,16000,16000,5.62,livrée
CMD-2024-01217,DL-CA-003,F02,2024-08-08,2024-09-08,2024-09-03,40500,40500,2.365,livrée
CMD-2024-01218,DL-CA-011,F02,2024-08-08,2024-09-06,2024-09-04,15500,15500,4.088,livrée
CMD-2024-01219,DL-CA-004,F03,2024-08-08,2024-09-01,2024-08-31,26000,26000,3.024,livrée
CMD-2024-01220,DL-SV-001,F01,2024-08-08,2024-09-08,2024-09-03,65500,65500,3.161,livrée
CMD-2024-01221,DL-DE-009,F02,2024-08-08,2024-09-06,2024-09-11,55500,55500,3.927,livrée
CMD-2024-01222,DL-SO-001,F02,2024-08-09,2024-09-10,2024-09-07,40000,40000,4.233,livrée
CMD-2024-01223,DL-DE-004,F01,2024-08-09,2024-09-08,2024-09-04,37500,37500,5.684,livrée
CMD-2024-01224,DL-BB-005,F04,2024-08-09,2024-09-15,2024-09-21,20500,20500,5.269,livrée
CMD-2024-01225,DL-CA-012,F03,2024-08-09,2024-09-05,2024-09-02,35500,35500,4.135,livrée
CMD-2024-01226,DL-SV-001,F06,2024-08-09,2024-09-26,2024-09-22,25000,25000,2.972,livrée
CMD-2024-01227,DL-SV-010,F04,2024-08-09,2024-09-15,2024-09-16,30500,30500,3.142,livrée
CMD-2024-01228,DL-DE-003,F05,2024-08-09,2024-09-17,2024-09-19,58500,58500,4.159,livrée
CMD-2024-01229,DL-SV-008,F04,2024-08-09,2024-09-15,2024-09-17,14000,14000,2.976,livrée
CMD-2024-01230,DL-SV-002,F05,2024-08-12,2024-09-22,2024-09-23,52500,52500,4.305,livrée
CMD-2024-01231,DL-CA-006,F03,2024-08-12,2024-09-09,2024-09-08,70500,70500,2.783,livrée
CMD-2024-01232,DL-SO-001,F02,2024-08-12,2024-09-13,2024-09-10,21000,21000,4.418,livrée
CMD-2024-01233,DL-SO-005,F04,2024-08-12,2024-09-18,2024-09-14,43500,43500,2.841,livrée
CMD-2024-01234,DL-SV-002,F05,2024-08-12,2024-09-23,2024-09-29,55500,55500,4.27,livrée
CMD-2024-01235,DL-HY-002,F08,2024-08-13,2024-09-17,2024-09-18,20500,20500,2.264,livrée
CMD-2024-01236,DL-SV-001,F01,2024-08-14,2024-09-09,2024-09-04,94000,94000,3.018,livrée
CMD-2024-01237,DL-CA-008,F05,2024-08-14,2024-09-24,2024-09-22,19500,19500,1.656,livrée
CMD-2024-01238,DL-SV-014,F04,2024-08-14,2024-09-16,2024-09-18,58500,58500,3.952,livrée
CMD-2024-01239,DL-HY-008,F02,2024-08-14,2024-09-15,2024-09-10,34000,32400,1.498,livrée
CMD-2024-01240,DL-CA-011,F02,2024-08-15,2024-09-15,2024-09-15,27000,27000,4.426,livrée
CMD-2024-01241,DL-SO-005,F04,2024-08-15,2024-09-19,2024-09-14,42500,42500,2.692,livrée
CMD-2024-01242,DL-SV-002,F05,2024-08-15,2024-09-23,2024-09-23,17000,17000,4.324,livrée
CMD-2024-01243,DL-SV-001,F06,2024-08-15,2024-09-30,2024-09-27,58000,58000,3.174,livrée
CMD-2024-01244,DL-CA-004,F03,2024-08-15,2024-09-08,2024-09-04,44000,44000,2.854,livrée
CMD-2024-01245,DL-DE-001,F03,2024-08-15,2024-09-08,2024-09-07,23000,23000,4.246,livrée
CMD-2024-01246,DL-BB-006,F01,2024-08-15,2024-09-09,2024-09-07,27500,27500,4.168,livrée
CMD-2024-01247,DL-SV-006,F03,2024-08-15,2024-09-07,2024-09-09,45500,45500,3.112,livrée
CMD-2024-01248,DL-HY-001,F03,2024-08-16,2024-09-11,2024-09-10,150000,150000,3.038,livrée
CMD-2024-01249,DL-CA-005,F03,2024-08-16,2024-09-11,2024-09-11,41000,41000,2.943,livrée
CMD-2024-01250,DL-HY-003,F06,2024-08-16,2024-09-28,2024-09-25,81000,81000,5.82,livrée
CMD-2024-01251,DL-DE-001,F03,2024-08-16,2024-09-13,2024-09-10,32500,32500,4.507,livrée
CMD-2024-01252,DL-CA-006,F03,2024-08-19,2024-09-11,2024-09-06,69500,69500,2.97,livrée
CMD-2024-01253,DL-HY-002,F08,2024-08-19,2024-09-28,2024-09-29,145500,145500,2.266,livrée
CMD-2024-01254,DL-SV-015,F05,2024-08-19,2024-09-26,2024-10-12,25500,25500,3.374,livrée
CMD-2024-01255,DL-BB-004,F07,2024-08-19,2024-09-28,2024-09-29,14500,14500,3.99,livrée
CMD-2024-01256,DL-BB-001,F02,2024-08-19,2024-09-19,2024-09-14,29500,29500,3.739,livrée
CMD-2024-01257,DL-SV-010,F04,2024-08-19,2024-09-21,2024-10-03,43000,43000,3.016,livrée
CMD-2024-01258,DL-SV-004,F08,2024-08-19,2024-09-24,2024-09-21,43000,43000,2.363,livrée
CMD-2024-01259,DL-SO-007,F08,2024-08-20,2024-09-25,2024-09-24,21500,21500,5.105,livrée
CMD-2024-01260,DL-BB-005,F04,2024-08-20,2024-09-22,2024-09-19,49000,49000,4.749,livrée
CMD-2024-01261,DL-SO-008,F07,2024-08-20,2024-10-04,2024-10-04,19500,19500,4.771,livrée
CMD-2024-01262,DL-SV-007,F03,2024-08-20,2024-09-16,2024-09-15,23000,23000,3.968,livrée
CMD-2024-01263,DL-HY-002,F08,2024-08-20,2024-09-26,2024-09-26,19500,19500,2.323,livrée
CMD-2024-01264,DL-HY-005,F08,2024-08-20,2024-09-30,2024-10-01,44500,44500,3.012,livrée
CMD-2024-01265,DL-CA-011,F02,2024-08-20,2024-09-16,2024-09-30,27000,27000,4.326,livrée
CMD-2024-01266,DL-SV-006,F03,2024-08-21,2024-09-18,2024-09-25,45500,45500,3.224,livrée
CMD-2024-01267,DL-BB-003,F05,2024-08-21,2024-10-01,2024-09-26,43500,43500,4.639,livrée
CMD-2024-01268,DL-SV-006,F05,2024-08-21,2024-09-29,2024-09-26,37000,37000,2.968,livrée
CMD-2024-01269,DL-HY-001,F03,2024-08-21,2024-09-17,2024-09-18,94500,94500,2.992,livrée
CMD-2024-01270,DL-HY-004,F04,2024-08-21,2024-09-25,2024-09-22,71000,71000,3.929,livrée
CMD-2024-01271,DL-CA-004,F03,2024-08-21,2024-09-13,2024-09-13,57500,57500,2.941,livrée
CMD-2024-01272,DL-BB-001,F02,2024-08-22,2024-09-18,2024-09-14,52500,52500,3.762,livrée
CMD-2024-01273,DL-CA-010,F03,2024-08-22,2024-09-18,2024-09-26,44000,44000,3.874,livrée
CMD-2024-01274,DL-DE-001,F03,2024-08-22,2024-09-19,2024-09-17,23500,23500,4.108,livrée
CMD-2024-01275,DL-DE-008,F06,2024-08-22,2024-10-03,2024-10-04,34000,34000,3.262,livrée
CMD-2024-01276,DL-CA-011,F02,2024-08-22,2024-09-22,2024-09-17,71000,71000,4.332,livrée
CMD-2024-01277,DL-CA-012,F03,2024-08-22,2024-09-14,2024-09-16,10000,10000,4.366,livrée
CMD-2024-01278,DL-SV-007,F08,2024-08-22,2024-10-02,2024-10-04,39500,39500,3.994,livrée
CMD-2024-01279,DL-CA-006,F03,2024-08-22,2024-09-18,2024-09-24,36500,36500,2.864,livrée
CMD-2024-01280,DL-SV-006,F03,2024-08-22,2024-09-18,2024-09-14,74500,74500,3.204,livrée
CMD-2024-01281,DL-BB-001,F02,2024-08-23,2024-09-20,2024-09-17,24000,24000,3.784,livrée
CMD-2024-01282,DL-SV-001,F01,2024-08-23,2024-09-21,2024-09-20,149500,149500,2.965,livrée
CMD-2024-01283,DL-HY-002,F08,2024-08-23,2024-10-02,2024-09-28,24000,24000,2.143,livrée
CMD-2024-01284,DL-DE-001,F03,2024-08-23,2024-09-20,2024-09-16,34500,30300,4.157,livrée
CMD-2024-01285,DL-DE-001,F03,2024-08-23,2024-09-15,2024-09-10,18000,18000,4.467,livrée
CMD-2024-01286,DL-SV-008,F04,2024-08-23,2024-09-27,2024-09-24,67000,67000,3.194,livrée
CMD-2024-01287,DL-CA-012,F03,2024-08-23,2024-09-20,2024-09-18,14500,14500,3.927,livrée
CMD-2024-01288,DL-SV-006,F03,2024-08-23,2024-09-17,2024-09-16,47500,47500,3.104,livrée
CMD-2024-01289,DL-SO-005,F04,2024-08-26,2024-09-28,2024-09-25,28000,28000,2.566,livrée
CMD-2024-01290,DL-SV-002,F05,2024-08-26,2024-10-04,2024-10-02,42000,42000,3.994,livrée
CMD-2024-01291,DL-SV-005,F06,2024-08-26,2024-10-12,2024-10-13,30000,30000,3.192,livrée
CMD-2024-01292,DL-CA-003,F02,2024-08-26,2024-09-26,2024-10-06,77000,77000,2.405,livrée
CMD-2024-01293,DL-DE-001,F03,2024-08-26,2024-09-21,2024-09-16,30000,30000,4.566,livrée
CMD-2024-01294,DL-BB-005,F04,2024-08-26,2024-09-30,2024-09-28,33500,33500,4.766,livrée
CMD-2024-01295,DL-HY-001,F03,2024-08-26,2024-09-23,2024-09-23,16000,16000,3.072,livrée
CMD-2024-01296,DL-CA-004,F03,2024-08-26,2024-09-20,2024-09-18,19500,19500,3.066,livrée
CMD-2024-01297,DL-SV-003,F03,2024-08-26,2024-09-22,2024-09-17,11500,10900,5.328,livrée
CMD-2024-01298,DL-SV-015,F05,2024-08-26,2024-10-06,2024-10-05,37000,37000,3.132,livrée
CMD-2024-01299,DL-HY-004,F04,2024-08-26,2024-09-27,2024-09-28,40500,40500,3.906,livrée
CMD-2024-01300,DL-SV-008,F04,2024-08-27,2024-09-29,2024-09-29,64500,64500,3.252,livrée
CMD-2024-01301,DL-SV-001,F01,2024-08-27,2024-09-27,2024-09-26,41000,41000,3.095,livrée
CMD-2024-01302,DL-HY-007,F02,2024-08-27,2024-09-28,2024-09-29,22500,22500,2.758,livrée
CMD-2024-01303,DL-DE-009,F04,2024-08-27,2024-09-30,2024-09-28,18500,18500,4.184,livrée
CMD-2024-01304,DL-DE-003,F03,2024-08-27,2024-09-21,2024-09-19,38000,38000,4.012,livrée
CMD-2024-01305,DL-DE-001,F03,2024-08-27,2024-09-23,2024-09-21,32500,32500,4.31,livrée
CMD-2024-01306,DL-CA-003,F02,2024-08-28,2024-09-29,2024-09-27,66000,66000,2.383,livrée
CMD-2024-01307,DL-HY-007,F02,2024-08-28,2024-09-30,2024-09-30,42000,42000,2.884,livrée
CMD-2024-01308,DL-HY-009,F08,2024-08-28,2024-10-04,2024-10-03,48000,48000,2.316,livrée
CMD-2024-01309,DL-SV-014,F04,2024-08-28,2024-10-04,2024-09-30,105500,105500,3.902,livrée
CMD-2024-01310,DL-SV-008,F04,2024-08-28,2024-10-05,2024-10-05,16000,16000,2.924,livrée
CMD-2024-01311,DL-SV-015,F05,2024-08-28,2024-10-07,2024-10-02,53500,53500,3.181,livrée
CMD-2024-01312,DL-SV-008,F04,2024-08-28,2024-10-05,2024-10-03,17500,17500,3.178,livrée
CMD-2024-01313,DL-SV-011,F03,2024-08-29,2024-09-20,2024-09-20,83500,83500,2.987,livrée
CMD-2024-01314,DL-SV-006,F03,2024-08-29,2024-09-22,2024-09-17,81500,81500,2.979,livrée
CMD-2024-01315,DL-HY-006,F03,2024-08-29,2024-09-23,2024-09-21,25500,25500,1.714,livrée
CMD-2024-01316,DL-BB-003,F05,2024-08-29,2024-10-08,2024-10-06,25500,25500,4.265,livrée
CMD-2024-01317,DL-BB-003,F05,2024-08-29,2024-10-08,2024-10-10,42500,42500,4.371,livrée
CMD-2024-01318,DL-DE-001,F03,2024-08-30,2024-09-23,2024-09-24,15000,15000,4.135,livrée
CMD-2024-01319,DL-CA-007,F08,2024-08-30,2024-10-09,2024-10-24,32500,32500,3.381,livrée
CMD-2024-01320,DL-SV-014,F04,2024-08-30,2024-10-02,2024-09-29,51500,51500,3.811,livrée
CMD-2024-01321,DL-SV-007,F03,2024-08-30,2024-09-26,2024-09-25,44500,44500,4.098,livrée
CMD-2024-01322,DL-BB-003,F05,2024-08-30,2024-10-12,2024-10-13,124500,124500,4.407,livrée
CMD-2024-01323,DL-BB-006,F01,2024-08-30,2024-09-26,2024-09-28,15500,15500,4.304,livrée
CMD-2024-01324,DL-SV-001,F01,2024-08-30,2024-09-29,2024-09-29,41000,41000,3.11,livrée
CMD-2024-01325,DL-SV-008,F04,2024-08-30,2024-10-07,2024-10-06,23500,23500,2.901,livrée
CMD-2024-01326,DL-SV-014,F04,2024-08-30,2024-10-03,2024-10-03,51000,51000,4.3,livrée
CMD-2024-01327,DL-HY-008,F02,2024-08-30,2024-09-28,2024-09-27,21000,21000,1.504,livrée
CMD-2024-01328,DL-CA-011,F02,2024-09-02,2024-09-30,2024-09-26,26500,26500,4.573,livrée
CMD-2024-01329,DL-HY-008,F02,2024-09-02,2024-10-01,2024-09-26,41500,41500,1.587,livrée
CMD-2024-01330,DL-CA-004,F03,2024-09-02,2024-09-25,2024-09-22,51000,51000,3.129,livrée
CMD-2024-01331,DL-SV-006,F03,2024-09-02,2024-09-27,2024-09-24,39000,39000,3.184,livrée
CMD-2024-01332,DL-DE-008,F06,2024-09-02,2024-10-14,2024-10-15,20500,20500,3.368,livrée
CMD-2024-01333,DL-CA-010,F03,2024-09-02,2024-09-24,2024-09-19,72500,72500,4.068,livrée
CMD-2024-01334,DL-SV-010,F04,2024-09-02,2024-10-10,2024-10-07,89000,82300,2.807,livrée
CMD-2024-01335,DL-HY-004,F04,2024-09-02,2024-10-07,2024-10-06,99500,99500,3.714,livrée
CMD-2024-01336,DL-CA-001,F02,2024-09-02,2024-10-02,2024-09-28,20500,20500,5.128,livrée
CMD-2024-01337,DL-HY-001,F03,2024-09-02,2024-09-25,2024-09-20,59000,59000,3.167,livrée
CMD-2024-01338,DL-SV-001,F01,2024-09-02,2024-09-29,2024-09-30,54000,54000,3.039,livrée
CMD-2024-01339,DL-BB-003,F05,2024-09-02,2024-10-10,2024-10-06,61000,61000,4.399,livrée
CMD-2024-01340,DL-SV-008,F04,2024-09-02,2024-10-07,2024-10-03,41500,41500,2.932,livrée
CMD-2024-01341,DL-SO-008,F07,2024-09-03,2024-10-13,2024-10-11,73000,73000,4.8,livrée
CMD-2024-01342,DL-DE-002,F07,2024-09-03,2024-10-17,2024-10-19,19000,19000,3.491,livrée
CMD-2024-01343,DL-DE-006,F02,2024-09-03,2024-10-06,2024-10-04,41500,41500,2.137,livrée
CMD-2024-01344,DL-HY-007,F02,2024-09-03,2024-09-30,2024-10-02,38000,38000,2.792,livrée
CMD-2024-01345,DL-SO-005,F04,2024-09-03,2024-10-06,2024-10-01,81500,81500,2.72,livrée
CMD-2024-01346,DL-SO-005,F04,2024-09-03,2024-10-08,2024-10-04,10000,10000,2.572,livrée
CMD-2024-01347,DL-BB-001,F02,2024-09-03,2024-10-02,2024-09-27,42500,42500,3.734,livrée
CMD-2024-01348,DL-HY-001,F03,2024-09-04,2024-09-28,2024-09-27,24500,24500,3.235,livrée
CMD-2024-01349,DL-DE-001,F03,2024-09-04,2024-09-27,2024-09-27,18000,18000,4.261,livrée
CMD-2024-01350,DL-BB-001,F02,2024-09-04,2024-10-01,2024-10-08,41500,41500,3.869,livrée
CMD-2024-01351,DL-HY-001,F03,2024-09-04,2024-10-01,2024-09-29,45500,45500,3.237,livrée
CMD-2024-01352,DL-HY-001,F03,2024-09-04,2024-09-30,2024-10-14,22000,22000,3.083,livrée
CMD-2024-01353,DL-CA-008,F05,2024-09-05,2024-10-16,2024-10-13,89500,89500,1.607,livrée
CMD-2024-01354,DL-CA-004,F03,2024-09-05,2024-09-30,2024-09-30,26000,26000,2.864,livrée
CMD-2024-01355,DL-HY-007,F02,2024-09-05,2024-10-07,2024-10-03,59000,59000,2.885,livrée
CMD-2024-01356,DL-HY-002,F08,2024-09-05,2024-10-13,2024-10-11,31000,31000,2.225,livrée
CMD-2024-01357,DL-HY-004,F04,2024-09-05,2024-10-13,2024-10-09,13000,13000,4.1,livrée
CMD-2024-01358,DL-SV-002,F05,2024-09-05,2024-10-15,2024-10-11,42000,42000,3.875,livrée
CMD-2024-01359,DL-SV-011,F07,2024-09-05,2024-10-19,2024-10-21,36000,36000,3.059,livrée
CMD-2024-01360,DL-CA-006,F03,2024-09-05,2024-10-02,2024-09-27,31000,31000,2.787,livrée
CMD-2024-01361,DL-DE-009,F02,2024-09-06,2024-10-09,2024-10-04,34000,34000,3.837,livrée
CMD-2024-01362,DL-SV-011,F03,2024-09-06,2024-09-29,2024-09-30,30000,30000,2.921,livrée
CMD-2024-01363,DL-SO-007,F08,2024-09-06,2024-10-16,2024-10-13,48500,48500,4.973,livrée
CMD-2024-01364,DL-SV-002,F05,2024-09-06,2024-10-16,2024-10-14,49000,49000,4.208,livrée
CMD-2024-01365,DL-DE-005,F03,2024-09-06,2024-10-04,2024-10-03,29500,29500,2.987,livrée
CMD-2024-01366,DL-HY-001,F03,2024-09-06,2024-09-28,2024-09-27,79000,79000,3.371,livrée
CMD-2024-01367,DL-SV-001,F01,2024-09-06,2024-10-04,2024-10-03,31000,31000,3.094,livrée
CMD-2024-01368,DL-BB-006,F01,2024-09-06,2024-10-06,2024-10-16,22500,22500,4.024,livrée
CMD-2024-01369,DL-SV-011,F07,2024-09-06,2024-10-20,2024-10-21,30000,30000,3.06,livrée
CMD-2024-01370,DL-DE-001,F03,2024-09-09,2024-10-05,2024-09-30,24000,21600,4.543,livrée
CMD-2024-01371,DL-BB-005,F04,2024-09-09,2024-10-16,2024-10-21,46000,46000,4.887,livrée
CMD-2024-01372,DL-DE-009,F04,2024-09-09,2024-10-15,2024-10-15,22000,22000,3.858,livrée
CMD-2024-01373,DL-HY-007,F02,2024-09-09,2024-10-07,2024-10-08,38000,38000,2.978,livrée
CMD-2024-01374,DL-SV-001,F06,2024-09-09,2024-10-25,2024-10-20,36000,36000,2.937,livrée
CMD-2024-01375,DL-SV-001,F06,2024-09-09,2024-10-21,2024-10-17,22000,22000,3.052,livrée
CMD-2024-01376,DL-CA-008,F05,2024-09-10,2024-10-17,2024-10-12,35500,33700,1.557,livrée
CMD-2024-01377,DL-CA-011,F02,2024-09-10,2024-10-08,2024-10-13,17000,17000,4.534,livrée
CMD-2024-01378,DL-SO-005,F04,2024-09-10,2024-10-17,2024-10-15,100000,100000,2.871,livrée
CMD-2024-01379,DL-HY-006,F03,2024-09-10,2024-10-05,2024-10-02,44000,44000,1.856,livrée
CMD-2024-01380,DL-CA-004,F03,2024-09-10,2024-10-05,2024-10-04,16500,16500,2.985,livrée
CMD-2024-01381,DL-BB-005,F04,2024-09-10,2024-10-13,2024-10-09,37000,37000,5.186,livrée
CMD-2024-01382,DL-SV-010,F04,2024-09-11,2024-10-15,2024-10-16,55500,55500,3.115,livrée
CMD-2024-01383,DL-CA-006,F03,2024-09-11,2024-10-07,2024-10-07,18000,18000,2.906,livrée
CMD-2024-01384,DL-SV-004,F08,2024-09-11,2024-10-20,2024-10-19,39000,39000,2.618,livrée
CMD-2024-01385,DL-SV-010,F04,2024-09-11,2024-10-13,2024-10-14,35500,35500,2.769,livrée
CMD-2024-01386,DL-BB-003,F05,2024-09-11,2024-10-24,2024-10-25,15000,15000,4.321,livrée
CMD-2024-01387,DL-CA-004,F03,2024-09-11,2024-10-04,2024-10-06,71500,71500,2.921,livrée
CMD-2024-01388,DL-DE-008,F06,2024-09-11,2024-10-24,2024-10-26,13000,13000,3.457,livrée
CMD-2024-01389,DL-HY-002,F08,2024-09-11,2024-10-21,2024-10-17,32500,32500,2.15,livrée
CMD-2024-01390,DL-HY-006,F03,2024-09-11,2024-10-04,2024-10-06,13500,13500,1.908,livrée
CMD-2024-01391,DL-SV-002,F05,2024-09-11,2024-10-24,2024-10-23,25500,25500,4.163,livrée
CMD-2024-01392,DL-SO-003,F07,2024-09-11,2024-10-25,2024-10-27,30500,30500,3.339,livrée
CMD-2024-01393,DL-HY-004,F04,2024-09-11,2024-10-13,2024-10-10,20000,20000,3.75,livrée
CMD-2024-01394,DL-HY-001,F03,2024-09-12,2024-10-06,2024-10-02,51000,51000,3.078,livrée
CMD-2024-01395,DL-SV-011,F03,2024-09-12,2024-10-05,2024-10-01,22500,22500,2.846,livrée
CMD-2024-01396,DL-SV-003,F03,2024-09-12,2024-10-07,2024-10-05,42500,42500,4.936,livrée
CMD-2024-01397,DL-HY-004,F04,2024-09-12,2024-10-20,2024-10-22,68000,68000,3.69,livrée
CMD-2024-01398,DL-DE-009,F04,2024-09-12,2024-10-18,2024-10-16,34500,34500,4.164,livrée
CMD-2024-01399,DL-SO-007,F08,2024-09-12,2024-10-23,2024-10-24,101000,101000,5.369,livrée
CMD-2024-01400,DL-CA-012,F03,2024-09-13,2024-10-10,2024-10-06,14000,14000,4.082,livrée
CMD-2024-01401,DL-HY-004,F04,2024-09-13,2024-10-18,2024-10-13,64500,64500,3.846,livrée
CMD-2024-01402,DL-SO-002,F03,2024-09-13,2024-10-10,2024-10-11,54500,54500,2.624,livrée
CMD-2024-01403,DL-HY-004,F03,2024-09-13,2024-10-05,2024-10-03,110500,110500,3.828,livrée
CMD-2024-01404,DL-BB-005,F04,2024-09-13,2024-10-18,2024-10-15,28000,28000,5.274,livrée
CMD-2024-01405,DL-SV-004,F08,2024-09-13,2024-10-20,2024-10-17,66500,59300,2.461,livrée
CMD-2024-01406,DL-HY-002,F08,2024-09-13,2024-10-20,2024-10-21,16500,16500,2.241,livrée
CMD-2024-01407,DL-CA-012,F03,2024-09-13,2024-10-11,2024-10-09,15500,15500,4.277,livrée
CMD-2024-01408,DL-SV-006,F03,2024-09-13,2024-10-05,2024-10-01,32000,32000,2.897,livrée
CMD-2024-01409,DL-BB-005,F04,2024-09-16,2024-10-20,2024-10-19,40000,40000,5.289,livrée
CMD-2024-01410,DL-SV-003,F03,2024-09-16,2024-10-09,2024-10-10,36000,32400,4.762,livrée
CMD-2024-01411,DL-BB-001,F02,2024-09-16,2024-10-19,2024-10-15,28500,28500,3.874,livrée
CMD-2024-01412,DL-SO-005,F04,2024-09-16,2024-10-20,2024-10-18,71500,71500,2.782,livrée
CMD-2024-01413,DL-SV-001,F06,2024-09-16,2024-10-31,2024-11-01,34500,34500,2.972,livrée
CMD-2024-01414,DL-SV-002,F05,2024-09-16,2024-10-26,2024-10-27,13500,13500,3.931,livrée
CMD-2024-01415,DL-SV-010,F04,2024-09-17,2024-10-23,2024-10-19,112500,112500,2.973,livrée
CMD-2024-01416,DL-SV-001,F01,2024-09-17,2024-10-18,2024-10-13,70000,70000,2.948,livrée
CMD-2024-01417,DL-SO-005,F04,2024-09-17,2024-10-22,2024-10-17,42500,42500,2.889,livrée
CMD-2024-01418,DL-DE-002,F07,2024-09-17,2024-11-01,2024-11-03,24500,24500,3.612,livrée
CMD-2024-01419,DL-BB-001,F02,2024-09-17,2024-10-14,2024-10-14,62000,62000,3.933,livrée
CMD-2024-01420,DL-CA-006,F03,2024-09-18,2024-10-13,2024-10-11,72000,72000,2.854,livrée
CMD-2024-01421,DL-HY-002,F08,2024-09-18,2024-10-29,2024-10-26,54000,54000,2.279,livrée
CMD-2024-01422,DL-DE-008,F06,2024-09-18,2024-10-30,2024-11-06,48000,48000,3.148,livrée
CMD-2024-01423,DL-HY-004,F04,2024-09-18,2024-10-26,2024-10-23,13000,13000,3.972,livrée
CMD-2024-01424,DL-BB-005,F04,2024-09-18,2024-10-24,2024-10-24,85500,85500,4.923,livrée
CMD-2024-01425,DL-SV-002,F05,2024-09-18,2024-10-27,2024-10-29,37000,37000,3.991,livrée
CMD-2024-01426,DL-CA-004,F03,2024-09-18,2024-10-12,2024-10-08,93000,93000,3.01,livrée
CMD-2024-01427,DL-SV-008,F04,2024-09-18,2024-10-20,2024-10-20,42500,39800,3.043,livrée
CMD-2024-01428,DL-SV-002,F05,2024-09-18,2024-10-27,2024-10-23,21000,21000,3.86,livrée
CMD-2024-01429,DL-CA-011,F02,2024-09-19,2024-10-22,2024-10-17,57000,57000,4.093,livrée
CMD-2024-01430,DL-SV-002,F05,2024-09-19,2024-10-26,2024-10-27,32500,32500,4.171,livrée
CMD-2024-01431,DL-BB-004,F01,2024-09-19,2024-10-19,2024-10-21,30500,30500,4.078,livrée
CMD-2024-01432,DL-CA-006,F03,2024-09-19,2024-10-16,2024-10-17,11000,11000,2.789,livrée
CMD-2024-01433,DL-SO-009,F08,2024-09-19,2024-10-26,2024-10-21,10000,10000,3.251,livrée
CMD-2024-01434,DL-HY-006,F03,2024-09-19,2024-10-13,2024-10-15,103500,103500,1.868,livrée
CMD-2024-01435,DL-SO-004,F04,2024-09-19,2024-10-22,2024-10-24,51000,51000,2.879,livrée
CMD-2024-01436,DL-CA-012,F03,2024-09-19,2024-10-17,2024-10-14,44500,44500,4.088,livrée
CMD-2024-01437,DL-DE-004,F08,2024-09-19,2024-10-29,2024-10-29,61000,51900,5.115,livrée
CMD-2024-01438,DL-SV-006,F03,2024-09-19,2024-10-12,2024-10-12,77500,67000,3.172,livrée
CMD-2024-01439,DL-HY-005,F02,2024-09-20,2024-10-18,2024-10-14,111500,106600,2.959,livrée
CMD-2024-01440,DL-SV-002,F05,2024-09-20,2024-10-28,2024-10-26,33000,33000,4.162,livrée
CMD-2024-01441,DL-CA-004,F03,2024-09-20,2024-10-18,2024-10-18,48500,48500,3.102,livrée
CMD-2024-01442,DL-SV-003,F03,2024-09-20,2024-10-15,2024-10-13,17000,17000,5.093,livrée
CMD-2024-01443,DL-DE-008,F06,2024-09-20,2024-11-06,2024-11-07,44500,44500,3.404,livrée
CMD-2024-01444,DL-SV-001,F01,2024-09-20,2024-10-21,2024-10-16,18500,18500,3.132,livrée
CMD-2024-01445,DL-DE-001,F03,2024-09-20,2024-10-13,2024-10-10,41500,41500,4.128,livrée
CMD-2024-01446,DL-CA-006,F03,2024-09-23,2024-10-15,2024-10-14,95000,95000,2.801,livrée
CMD-2024-01447,DL-DE-007,F07,2024-09-23,2024-11-02,2024-11-01,30500,30500,1.752,livrée
CMD-2024-01448,DL-SV-001,F06,2024-09-23,2024-11-08,2024-11-05,55000,55000,3.093,livrée
CMD-2024-01449,DL-CA-011,F02,2024-09-23,2024-10-20,2024-10-15,24500,24500,4.344,livrée
CMD-2024-01450,DL-CA-004,F03,2024-09-24,2024-10-17,2024-10-15,52500,52500,2.873,livrée
CMD-2024-01451,DL-SV-010,F04,2024-09-24,2024-10-27,2024-10-29,19500,19500,2.817,livrée
CMD-2024-01452,DL-SO-005,F04,2024-09-24,2024-10-31,2024-10-31,39500,39500,2.823,livrée
CMD-2024-01453,DL-CA-004,F03,2024-09-24,2024-10-16,2024-10-16,26000,26000,2.85,livrée
CMD-2024-01454,DL-BB-003,F05,2024-09-24,2024-11-01,2024-10-29,46000,46000,4.111,livrée
CMD-2024-01455,DL-DE-002,F07,2024-09-24,2024-11-07,2024-11-02,19000,19000,3.274,livrée
CMD-2024-01456,DL-CA-011,F02,2024-09-24,2024-10-22,2024-10-22,56000,56000,4.215,livrée
CMD-2024-01457,DL-SO-008,F07,2024-09-24,2024-11-04,2024-11-06,30000,30000,4.761,livrée
CMD-2024-01458,DL-DE-001,F03,2024-09-24,2024-10-18,2024-10-19,68000,68000,4.527,livrée
CMD-2024-01459,DL-SV-014,F04,2024-09-25,2024-11-02,2024-10-30,56500,56500,4.202,livrée
CMD-2024-01460,DL-DE-001,F03,2024-09-25,2024-10-23,2024-10-19,31500,31500,4.155,livrée
CMD-2024-01461,DL-BB-002,F01,2024-09-25,2024-10-20,2024-10-20,31000,27700,2.983,livrée
CMD-2024-01462,DL-SV-008,F04,2024-09-25,2024-10-30,2024-11-23,39000,39000,3.035,livrée
CMD-2024-01463,DL-SO-002,F03,2024-09-25,2024-10-18,2024-10-16,49500,49500,2.752,livrée
CMD-2024-01464,DL-DE-002,F07,2024-09-25,2024-11-08,2024-11-07,28000,28000,3.316,livrée
CMD-2024-01465,DL-SV-001,F01,2024-09-25,2024-10-20,2024-10-17,71000,71000,3.012,livrée
CMD-2024-01466,DL-SV-003,F03,2024-09-25,2024-10-22,2024-10-17,49500,49500,5.217,livrée
CMD-2024-01467,DL-HY-002,F08,2024-09-26,2024-11-06,2024-11-25,50500,50500,2.312,livrée
CMD-2024-01468,DL-HY-004,F04,2024-09-26,2024-11-02,2024-11-04,53500,53500,3.706,livrée
CMD-2024-01469,DL-SV-002,F05,2024-09-26,2024-11-05,2024-11-07,104500,104500,4.215,livrée
CMD-2024-01470,DL-SV-002,F05,2024-09-26,2024-11-06,2024-11-02,25500,25500,4.139,livrée
CMD-2024-01471,DL-DE-007,F07,2024-09-26,2024-11-05,2024-10-31,30000,30000,1.889,livrée
CMD-2024-01472,DL-HY-004,F04,2024-09-27,2024-11-02,2024-11-04,88000,88000,4.082,livrée
CMD-2024-01473,DL-CA-004,F03,2024-09-27,2024-10-21,2024-10-19,26000,26000,2.99,livrée
CMD-2024-01474,DL-SV-006,F03,2024-09-27,2024-10-20,2024-10-18,29000,29000,3.196,livrée
CMD-2024-01475,DL-BB-005,F04,2024-09-27,2024-10-31,2024-11-01,55500,55500,4.794,livrée
CMD-2024-01476,DL-SV-006,F03,2024-09-27,2024-10-25,2024-10-30,71500,71500,2.963,livrée
CMD-2024-01477,DL-CA-010,F03,2024-09-30,2024-10-23,2024-10-23,24500,24500,3.795,livrée
CMD-2024-01478,DL-SV-010,F04,2024-09-30,2024-11-07,2024-11-03,62500,62500,2.939,livrée
CMD-2024-01479,DL-CA-012,F03,2024-09-30,2024-10-22,2024-10-21,71000,71000,4.366,livrée
CMD-2024-01480,DL-BB-006,F07,2024-09-30,2024-11-09,2024-11-08,24500,24500,4.121,livrée
CMD-2024-01481,DL-CA-006,F03,2024-09-30,2024-10-22,2024-10-21,10500,10500,2.876,livrée
CMD-2024-01482,DL-SV-002,F05,2024-09-30,2024-11-10,2024-11-08,41500,41500,4.14,livrée
CMD-2024-01483,DL-BB-006,F07,2024-10-01,2024-11-12,2024-11-08,76500,76500,4.048,livrée
CMD-2024-01484,DL-SV-014,F04,2024-10-01,2024-11-02,2024-11-06,17000,17000,3.87,livrée
CMD-2024-01485,DL-CA-011,F02,2024-10-01,2024-11-03,2024-10-29,12500,12500,4.509,livrée
CMD-2024-01486,DL-SO-003,F04,2024-10-01,2024-11-05,2024-11-01,21500,21500,3.458,livrée
CMD-2024-01487,DL-BB-006,F07,2024-10-01,2024-11-12,2024-11-11,15500,15500,3.969,livrée
CMD-2024-01488,DL-CA-004,F03,2024-10-01,2024-10-24,2024-10-20,73500,73500,2.92,livrée
CMD-2024-01489,DL-CA-008,F05,2024-10-01,2024-11-10,2024-11-06,26000,26000,1.649,livrée
CMD-2024-01490,DL-SV-006,F03,2024-10-02,2024-10-25,2024-10-21,19000,19000,2.88,livrée
CMD-2024-01491,DL-BB-001,F02,2024-10-02,2024-10-29,2024-10-31,81000,81000,3.97,livrée
CMD-2024-01492,DL-BB-003,F05,2024-10-02,2024-11-11,2024-11-12,39500,39500,4.288,livrée
CMD-2024-01493,DL-HY-003,F06,2024-10-02,2024-11-19,2024-11-20,104500,104500,5.616,livrée
CMD-2024-01494,DL-BB-004,F01,2024-10-02,2024-10-31,2024-10-31,63000,63000,3.937,livrée
CMD-2024-01495,DL-SO-007,F08,2024-10-02,2024-11-06,2024-11-07,42500,42500,4.868,livrée
CMD-2024-01496,DL-HY-006,F03,2024-10-02,2024-10-28,2024-10-29,46000,46000,1.712,livrée
CMD-2024-01497,DL-CA-010,F03,2024-10-02,2024-10-30,2024-10-26,18000,18000,3.85,livrée
CMD-2024-01498,DL-SV-001,F06,2024-10-02,2024-11-14,2024-11-12,42000,42000,3.071,livrée
CMD-2024-01499,DL-SO-005,F04,2024-10-02,2024-11-06,2024-11-08,150000,135000,2.63,livrée
CMD-2024-01500,DL-SV-007,F03,2024-10-03,2024-10-25,2024-10-22,35500,35500,3.956,livrée
CMD-2024-01501,DL-CA-003,F04,2024-10-03,2024-11-05,2024-11-04,53500,53500,2.44,livrée
CMD-2024-01502,DL-DE-007,F07,2024-10-03,2024-11-11,2024-11-12,20000,20000,1.743,livrée
CMD-2024-01503,DL-HY-003,F06,2024-10-03,2024-11-15,2024-11-15,17000,17000,5.322,livrée
CMD-2024-01504,DL-HY-008,F02,2024-10-03,2024-11-03,2024-10-31,49000,49000,1.532,livrée
CMD-2024-01505,DL-SV-015,F05,2024-10-03,2024-11-09,2024-11-09,42000,42000,3.368,livrée
CMD-2024-01506,DL-DE-001,F03,2024-10-03,2024-10-28,2024-10-28,41500,41500,4.544,livrée
CMD-2024-01507,DL-CA-006,F03,2024-10-03,2024-10-25,2024-10-21,132000,132000,2.934,livrée
CMD-2024-01508,DL-CA-004,F03,2024-10-03,2024-10-29,2024-10-26,31000,31000,3.17,livrée
CMD-2024-01509,DL-SV-003,F03,2024-10-04,2024-11-01,2024-10-30,31500,31500,4.832,livrée
CMD-2024-01510,DL-HY-004,F04,2024-10-04,2024-11-10,2024-11-09,21000,21000,4.025,livrée
CMD-2024-01511,DL-CA-001,F02,2024-10-04,2024-11-06,2024-11-06,41500,41500,5.181,livrée
CMD-2024-01512,DL-SO-009,F08,2024-10-04,2024-11-14,2024-11-16,31500,31500,3.099,livrée
CMD-2024-01513,DL-DE-007,F07,2024-10-04,2024-11-16,2024-11-18,50000,50000,1.938,livrée
CMD-2024-01514,DL-CA-004,F03,2024-10-04,2024-10-30,2024-10-25,111000,111000,3.219,livrée
CMD-2024-01515,DL-SO-005,F04,2024-10-04,2024-11-10,2024-11-09,41500,41500,2.643,livrée
CMD-2024-01516,DL-HY-003,F06,2024-10-07,2024-11-21,2024-11-23,26000,26000,5.157,livrée
CMD-2024-01517,DL-SV-007,F03,2024-10-07,2024-10-29,2024-10-27,23500,23500,4.138,livrée
CMD-2024-01518,DL-CA-003,F02,2024-10-07,2024-11-05,2024-11-01,32500,32500,2.298,livrée
CMD-2024-01519,DL-SV-013,F02,2024-10-07,2024-11-05,2024-11-04,74500,74500,2.877,livrée
CMD-2024-01520,DL-SV-007,F03,2024-10-07,2024-10-30,2024-10-30,15500,15500,4.234,livrée
CMD-2024-01521,DL-HY-005,F08,2024-10-08,2024-11-18,2024-11-18,70000,70000,3.228,livrée
CMD-2024-01522,DL-HY-001,F03,2024-10-08,2024-11-02,2024-10-31,10000,10000,3.167,livrée
CMD-2024-01523,DL-SO-005,F04,2024-10-08,2024-11-10,2024-11-08,13500,13500,2.804,livrée
CMD-2024-01524,DL-BB-005,F04,2024-10-09,2024-11-14,2024-11-09,53500,53500,5.0,livrée
CMD-2024-01525,DL-SV-002,F05,2024-10-09,2024-11-15,2024-11-13,20000,20000,3.859,livrée
CMD-2024-01526,DL-BB-001,F02,2024-10-09,2024-11-10,2024-11-10,73000,73000,3.827,livrée
CMD-2024-01527,DL-BB-003,F05,2024-10-09,2024-11-16,2024-11-16,20000,20000,4.212,livrée
CMD-2024-01528,DL-HY-005,F02,2024-10-09,2024-11-05,2024-11-04,54000,54000,3.287,livrée
CMD-2024-01529,DL-BB-001,F02,2024-10-09,2024-11-05,2024-11-05,59000,59000,4.096,livrée
CMD-2024-01530,DL-BB-004,F07,2024-10-09,2024-11-21,2024-11-23,83500,83500,3.955,livrée
CMD-2024-01531,DL-DE-002,F07,2024-10-10,2024-11-22,2024-11-19,36000,36000,3.551,livrée
CMD-2024-01532,DL-HY-006,F03,2024-10-10,2024-11-07,2024-11-09,79000,79000,1.838,livrée
CMD-2024-01533,DL-SO-004,F06,2024-10-10,2024-11-27,2024-11-29,24000,24000,2.71,livrée
CMD-2024-01534,DL-CA-006,F03,2024-10-10,2024-11-04,2024-10-30,60500,60500,2.711,livrée
CMD-2024-01535,DL-HY-009,F08,2024-10-10,2024-11-17,2024-11-18,23500,23500,2.455,livrée
CMD-2024-01536,DL-SV-003,F03,2024-10-10,2024-11-07,2024-11-07,64500,64500,5.204,livrée
CMD-2024-01537,DL-SV-008,F04,2024-10-10,2024-11-11,2024-11-07,16000,16000,3.129,livrée
CMD-2024-01538,DL-SO-005,F04,2024-10-10,2024-11-17,2024-11-16,38000,38000,2.59,livrée
CMD-2024-01539,DL-HY-006,F03,2024-10-10,2024-11-02,2024-10-31,127000,127000,1.776,livrée
CMD-2024-01540,DL-CA-006,F03,2024-10-11,2024-11-05,2024-11-04,14500,14500,2.799,livrée
CMD-2024-01541,DL-CA-001,F02,2024-10-11,2024-11-12,2024-11-12,69000,69000,5.137,livrée
CMD-2024-01542,DL-HY-005,F02,2024-10-11,2024-11-10,2024-11-07,150000,150000,3.299,livrée
CMD-2024-01543,DL-HY-004,F04,2024-10-11,2024-11-17,2024-11-12,59500,59500,3.978,livrée
CMD-2024-01544,DL-CA-011,F02,2024-10-11,2024-11-13,2024-11-12,96000,96000,4.08,livrée
CMD-2024-01545,DL-SO-005,F04,2024-10-14,2024-11-16,2024-11-15,12500,12500,2.585,livrée
CMD-2024-01546,DL-CA-007,F07,2024-10-14,2024-11-25,2024-11-20,26500,26500,3.62,livrée
CMD-2024-01547,DL-CA-004,F03,2024-10-14,2024-11-05,2024-11-02,28500,28500,2.969,livrée
CMD-2024-01548,DL-SO-002,F03,2024-10-14,2024-11-08,2024-11-09,150000,150000,2.511,livrée
CMD-2024-01549,DL-SV-001,F01,2024-10-14,2024-11-14,2024-11-12,27500,27500,3.168,livrée
CMD-2024-01550,DL-SV-002,F05,2024-10-14,2024-11-22,2024-11-27,11500,11500,3.853,livrée
CMD-2024-01551,DL-SV-010,F04,2024-10-15,2024-11-22,2024-11-17,29500,29500,2.9,livrée
CMD-2024-01552,DL-HY-004,F03,2024-10-15,2024-11-11,2024-11-10,14500,14500,3.946,livrée
CMD-2024-01553,DL-SV-001,F01,2024-10-15,2024-11-09,2024-11-08,26500,26500,2.979,livrée
CMD-2024-01554,DL-HY-001,F03,2024-10-15,2024-11-09,2024-11-11,35000,32700,3.335,livrée
CMD-2024-01555,DL-DE-001,F03,2024-10-15,2024-11-06,2024-11-04,26000,26000,4.566,livrée
CMD-2024-01556,DL-CA-011,F02,2024-10-15,2024-11-12,2024-11-11,67000,67000,4.349,livrée
CMD-2024-01557,DL-SV-007,F03,2024-10-15,2024-11-11,2024-11-12,43500,43500,4.023,livrée
CMD-2024-01558,DL-BB-001,F02,2024-10-16,2024-11-18,2024-11-13,69000,69000,4.127,livrée
CMD-2024-01559,DL-CA-003,F02,2024-10-16,2024-11-15,2024-11-10,73000,73000,2.435,livrée
CMD-2024-01560,DL-SV-001,F01,2024-10-16,2024-11-16,2024-11-11,42500,42500,2.814,livrée
CMD-2024-01561,DL-HY-003,F06,2024-10-16,2024-11-28,2024-11-29,13500,13500,5.78,livrée
CMD-2024-01562,DL-CA-007,F08,2024-10-16,2024-11-21,2024-11-22,35000,35000,3.775,livrée
CMD-2024-01563,DL-CA-003,F02,2024-10-16,2024-11-15,2024-11-14,18500,18500,2.279,livrée
CMD-2024-01564,DL-DE-002,F07,2024-10-16,2024-11-27,2024-11-24,16500,16500,3.405,livrée
CMD-2024-01565,DL-SV-007,F03,2024-10-17,2024-11-11,2024-11-08,64000,64000,3.793,livrée
CMD-2024-01566,DL-HY-005,F08,2024-10-17,2024-11-24,2024-11-23,100000,100000,2.936,livrée
CMD-2024-01567,DL-SO-001,F02,2024-10-17,2024-11-13,2024-11-08,11000,11000,4.425,livrée
CMD-2024-01568,DL-CA-006,F03,2024-10-17,2024-11-08,2024-11-10,25500,25500,3.054,livrée
CMD-2024-01569,DL-SV-003,F03,2024-10-17,2024-11-14,2024-11-15,27500,27500,4.795,livrée
CMD-2024-01570,DL-SV-001,F06,2024-10-17,2024-12-02,2024-12-11,20000,20000,3.054,livrée
CMD-2024-01571,DL-DE-002,F07,2024-10-17,2024-11-29,2024-11-26,36500,36500,3.494,livrée
CMD-2024-01572,DL-DE-001,F03,2024-10-17,2024-11-11,2024-11-06,66500,66500,4.089,livrée
CMD-2024-01573,DL-SV-015,F05,2024-10-18,2024-11-30,2024-12-01,19000,19000,3.316,livrée
CMD-2024-01574,DL-CA-011,F02,2024-10-18,2024-11-16,2024-11-15,53500,53500,4.564,livrée
CMD-2024-01575,DL-CA-006,F03,2024-10-18,2024-11-12,2024-11-12,74500,74500,2.836,livrée
CMD-2024-01576,DL-HY-001,F03,2024-10-18,2024-11-09,2024-11-04,62500,62500,3.003,livrée
CMD-2024-01577,DL-CA-006,F03,2024-10-18,2024-11-10,2024-11-07,44500,39300,2.916,livrée
CMD-2024-01578,DL-BB-001,F02,2024-10-18,2024-11-14,2024-11-15,34000,34000,3.881,livrée
CMD-2024-01579,DL-DE-002,F07,2024-10-18,2024-11-28,2024-11-24,55000,55000,3.348,livrée
CMD-2024-01580,DL-SV-014,F04,2024-10-21,2024-11-26,2024-11-26,36500,36500,3.921,livrée
CMD-2024-01581,DL-SV-008,F04,2024-10-21,2024-11-27,2024-11-23,52500,52500,2.965,livrée
CMD-2024-01582,DL-SO-009,F08,2024-10-21,2024-11-28,2024-11-27,26000,26000,3.153,livrée
CMD-2024-01583,DL-CA-010,F03,2024-10-21,2024-11-14,2024-11-14,29000,29000,3.929,livrée
CMD-2024-01584,DL-CA-011,F02,2024-10-21,2024-11-22,2024-11-17,104000,104000,4.089,livrée
CMD-2024-01585,DL-CA-011,F02,2024-10-21,2024-11-22,2024-11-21,86000,86000,4.56,livrée
CMD-2024-01586,DL-SO-004,F06,2024-10-21,2024-12-04,2024-12-01,53500,53500,2.865,livrée
CMD-2024-01587,DL-SV-007,F03,2024-10-22,2024-11-13,2024-11-09,34000,34000,4.171,livrée
CMD-2024-01588,DL-CA-004,F03,2024-10-22,2024-11-19,2024-11-21,54000,54000,2.842,livrée
CMD-2024-01589,DL-SO-005,F04,2024-10-22,2024-11-26,2024-11-24,150000,150000,2.815,livrée
CMD-2024-01590,DL-SO-007,F06,2024-10-22,2024-12-08,2024-12-09,10000,10000,5.3,livrée
CMD-2024-01591,DL-DE-001,F03,2024-10-23,2024-11-15,2024-11-14,33000,33000,4.621,livrée
CMD-2024-01592,DL-BB-001,F02,2024-10-23,2024-11-24,2024-11-22,27500,27500,4.105,livrée
CMD-2024-01593,DL-DE-007,F07,2024-10-23,2024-12-07,2024-12-09,65500,65500,1.786,livrée
CMD-2024-01594,DL-BB-006,F07,2024-10-23,2024-12-05,2024-12-07,48500,48500,3.861,livrée
CMD-2024-01595,DL-SV-002,F05,2024-10-23,2024-11-30,2024-11-29,50500,50500,4.179,livrée
CMD-2024-01596,DL-SV-002,F05,2024-10-23,2024-12-05,2024-12-01,25000,25000,3.872,livrée
CMD-2024-01597,DL-SO-005,F04,2024-10-23,2024-11-26,2024-11-25,84000,84000,2.776,livrée
CMD-2024-01598,DL-HY-006,F03,2024-10-23,2024-11-15,2024-11-11,34500,34500,1.934,livrée
CMD-2024-01599,DL-HY-001,F03,2024-10-23,2024-11-17,2024-11-12,149000,149000,3.099,livrée
CMD-2024-01600,DL-HY-004,F04,2024-10-24,2024-11-28,2024-11-29,33500,33500,3.766,livrée
CMD-2024-01601,DL-BB-006,F01,2024-10-24,2024-11-20,2024-11-19,58500,58500,4.108,livrée
CMD-2024-01602,DL-CA-007,F08,2024-10-24,2024-11-28,2024-11-27,28000,28000,3.36,livrée
CMD-2024-01603,DL-SV-006,F03,2024-10-24,2024-11-17,2024-11-12,16500,16500,3.202,livrée
CMD-2024-01604,DL-SV-008,F04,2024-10-24,2024-11-26,2024-11-28,48500,48500,3.124,livrée
CMD-2024-01605,DL-SO-008,F07,2024-10-24,2024-12-04,2024-11-29,88500,88500,4.743,livrée
CMD-2024-01606,DL-HY-001,F03,2024-10-24,2024-11-16,2024-11-18,29500,29500,3.337,livrée
CMD-2024-01607,DL-CA-006,F03,2024-10-24,2024-11-19,2024-11-19,45000,45000,2.962,livrée
CMD-2024-01608,DL-SV-007,F03,2024-10-24,2024-11-16,2024-11-16,54000,54000,4.258,livrée
CMD-2024-01609,DL-CA-004,F03,2024-10-24,2024-11-16,2024-11-15,36000,36000,2.858,livrée
CMD-2024-01610,DL-SV-002,F05,2024-10-24,2024-12-02,2024-11-28,19000,19000,4.338,livrée
CMD-2024-01611,DL-SV-012,F07,2024-10-25,2024-12-05,2024-11-30,10000,10000,3.979,livrée
CMD-2024-01612,DL-CA-004,F03,2024-10-25,2024-11-17,2024-11-18,51500,51500,3.213,livrée
CMD-2024-01613,DL-HY-002,F08,2024-10-25,2024-11-29,2024-11-26,27500,27500,2.197,livrée
CMD-2024-01614,DL-CA-012,F03,2024-10-25,2024-11-17,2024-11-13,60000,60000,4.301,livrée
CMD-2024-01615,DL-CA-011,F02,2024-10-25,2024-11-27,2024-11-24,90000,90000,4.435,livrée
CMD-2024-01616,DL-SO-005,F04,2024-10-25,2024-11-26,2024-11-25,20000,20000,2.836,livrée
CMD-2024-01617,DL-SO-002,F03,2024-10-25,2024-11-21,2024-11-20,50500,50500,2.63,livrée
CMD-2024-01618,DL-SV-002,F05,2024-10-28,2024-12-06,2024-12-20,78500,78500,3.993,livrée
CMD-2024-01619,DL-DE-007,F07,2024-10-28,2024-12-09,2024-12-05,34000,34000,1.784,livrée
CMD-2024-01620,DL-BB-005,F04,2024-10-28,2024-12-02,2024-11-28,28000,28000,4.68,livrée
CMD-2024-01621,DL-CA-008,F05,2024-10-28,2024-12-10,2024-12-24,146500,146500,1.641,livrée
CMD-2024-01622,DL-BB-001,F02,2024-10-28,2024-11-27,2024-11-28,27000,27000,4.163,livrée
CMD-2024-01623,DL-SO-005,F04,2024-10-28,2024-12-05,2024-12-02,41000,41000,2.577,livrée
CMD-2024-01624,DL-DE-001,F03,2024-10-28,2024-11-23,2024-11-22,96500,96500,4.18,livrée
CMD-2024-01625,DL-SV-001,F01,2024-10-28,2024-11-24,2024-11-20,30500,30500,3.194,livrée
CMD-2024-01626,DL-SV-011,F07,2024-10-28,2024-12-07,2024-12-07,51000,51000,3.129,livrée
CMD-2024-01627,DL-SV-002,F05,2024-10-28,2024-12-04,2024-12-02,22500,22500,4.241,livrée
CMD-2024-01628,DL-SO-009,F08,2024-10-28,2024-12-05,2024-12-06,29500,29500,3.139,livrée
CMD-2024-01629,DL-HY-004,F03,2024-10-28,2024-11-25,2024-11-24,64000,64000,3.961,livrée
CMD-2024-01630,DL-SO-005,F04,2024-10-28,2024-12-03,2024-12-01,32500,32500,2.809,livrée
CMD-2024-01631,DL-HY-005,F08,2024-10-29,2024-12-07,2024-12-08,43000,43000,3.061,livrée
CMD-2024-01632,DL-SV-014,F04,2024-10-29,2024-11-30,2024-11-28,54500,54500,4.094,livrée
CMD-2024-01633,DL-HY-001,F03,2024-10-29,2024-11-25,2024-11-23,37500,37500,3.06,livrée
CMD-2024-01634,DL-HY-004,F03,2024-10-29,2024-11-26,2024-11-24,69500,59200,3.752,livrée
CMD-2024-01635,DL-DE-001,F03,2024-10-29,2024-11-21,2024-11-26,38000,38000,4.585,livrée
CMD-2024-01636,DL-CA-010,F03,2024-10-29,2024-11-23,2024-11-18,26500,26500,4.023,livrée
CMD-2024-01637,DL-SV-004,F08,2024-10-29,2024-12-06,2025-01-02,37500,37500,2.496,livrée
CMD-2024-01638,DL-DE-003,F03,2024-10-29,2024-11-23,2024-11-21,53000,53000,4.1,livrée
CMD-2024-01639,DL-CA-003,F04,2024-10-29,2024-12-01,2024-11-28,34000,34000,2.525,livrée
CMD-2024-01640,DL-SO-005,F04,2024-10-29,2024-11-30,2024-11-30,49000,49000,2.795,livrée
CMD-2024-01641,DL-HY-004,F04,2024-10-29,2024-12-04,2024-12-02,10000,10000,3.859,livrée
CMD-2024-01642,DL-HY-008,F02,2024-10-30,2024-11-26,2024-11-28,12500,12500,1.469,livrée
CMD-2024-01643,DL-CA-011,F02,2024-10-30,2024-11-29,2024-11-24,43500,43500,4.446,livrée
CMD-2024-01644,DL-HY-004,F03,2024-10-30,2024-11-26,2024-11-23,17500,17500,4.099,livrée
CMD-2024-01645,DL-DE-001,F03,2024-10-30,2024-11-24,2024-11-22,87500,87500,4.611,livrée
CMD-2024-01646,DL-HY-001,F03,2024-10-30,2024-11-27,2024-11-25,30500,30500,3.375,livrée
CMD-2024-01647,DL-BB-001,F02,2024-10-30,2024-11-28,2024-11-24,12500,12500,3.734,livrée
CMD-2024-01648,DL-CA-010,F03,2024-10-30,2024-11-25,2024-11-27,32000,32000,3.913,livrée
CMD-2024-01649,DL-DE-002,F07,2024-10-31,2024-12-15,2024-12-10,65500,65500,3.344,livrée
CMD-2024-01650,DL-SV-006,F03,2024-10-31,2024-11-27,2024-11-25,14500,14500,3.155,livrée
CMD-2024-01651,DL-CA-003,F02,2024-10-31,2024-12-02,2024-12-03,36000,36000,2.316,livrée
CMD-2024-01652,DL-CA-004,F03,2024-10-31,2024-11-28,2024-11-29,31000,31000,3.08,livrée
CMD-2024-01653,DL-HY-002,F08,2024-10-31,2024-12-07,2024-12-02,62000,62000,2.375,livrée
CMD-2024-01654,DL-SO-005,F04,2024-10-31,2024-12-04,2024-12-04,28000,28000,2.764,livrée
CMD-2024-01655,DL-SV-002,F05,2024-10-31,2024-12-09,2024-12-10,23000,23000,4.335,livrée
CMD-2024-01656,DL-BB-001,F02,2024-10-31,2024-12-02,2024-11-27,87000,87000,4.195,livrée
CMD-2024-01657,DL-CA-004,F03,2024-10-31,2024-11-27,2024-11-28,34500,34500,2.969,livrée
CMD-2024-01658,DL-SO-004,F06,2024-10-31,2024-12-18,2024-12-13,36000,36000,2.641,livrée
CMD-2024-01659,DL-HY-006,F03,2024-11-01,2024-11-27,2024-11-27,17000,17000,1.751,livrée
CMD-2024-01660,DL-BB-004,F01,2024-11-01,2024-11-29,2024-11-27,48500,48500,3.846,livrée
CMD-2024-01661,DL-CA-011,F02,2024-11-01,2024-11-28,2024-11-27,34500,34500,4.538,livrée
CMD-2024-01662,DL-SV-015,F05,2024-11-01,2024-12-14,2024-12-13,31000,31000,3.362,livrée
CMD-2024-01663,DL-CA-001,F02,2024-11-01,2024-11-28,2024-11-27,48500,48500,5.281,livrée
CMD-2024-01664,DL-CA-001,F02,2024-11-01,2024-12-02,2024-11-27,96000,96000,4.961,livrée
CMD-2024-01665,DL-SO-005,F04,2024-11-01,2024-12-04,2024-12-03,31500,31500,2.783,livrée
CMD-2024-01666,DL-CA-001,F02,2024-11-01,2024-11-30,2024-11-26,56000,56000,5.233,livrée
CMD-2024-01667,DL-SV-002,F05,2024-11-01,2024-12-12,2024-12-08,44500,44500,4.183,livrée
CMD-2024-01668,DL-CA-001,F02,2024-11-01,2024-12-04,2024-12-05,28500,28500,5.575,livrée
CMD-2024-01669,DL-HY-001,F03,2024-11-04,2024-11-29,2024-11-24,80000,80000,3.12,livrée
CMD-2024-01670,DL-HY-004,F04,2024-11-04,2024-12-08,2024-12-17,29500,29500,3.731,livrée
CMD-2024-01671,DL-SV-010,F04,2024-11-04,2024-12-07,2024-12-09,21500,21500,3.114,livrée
CMD-2024-01672,DL-HY-005,F02,2024-11-04,2024-12-04,2024-12-03,44000,44000,3.249,livrée
CMD-2024-01673,DL-SO-009,F08,2024-11-04,2024-12-10,2024-12-06,125000,125000,3.196,livrée
CMD-2024-01674,DL-DE-001,F03,2024-11-04,2024-11-30,2024-11-27,42500,42500,4.376,livrée
CMD-2024-01675,DL-SO-003,F04,2024-11-05,2024-12-11,2024-12-11,44000,44000,3.471,livrée
CMD-2024-01676,DL-SO-007,F06,2024-11-05,2024-12-23,2024-12-20,28500,28500,5.106,livrée
CMD-2024-01677,DL-SV-002,F05,2024-11-05,2024-12-12,2024-12-08,52000,52000,4.251,livrée
CMD-2024-01678,DL-DE-005,F03,2024-11-05,2024-11-29,2024-11-30,57500,57500,2.804,livrée
CMD-2024-01679,DL-HY-001,F03,2024-11-05,2024-12-03,2024-12-01,13500,13500,3.085,livrée
CMD-2024-01680,DL-SV-006,F05,2024-11-06,2024-12-17,2024-12-17,34000,34000,3.033,livrée
CMD-2024-01681,DL-DE-007,F07,2024-11-06,2024-12-20,2024-12-19,41500,41500,1.805,livrée
CMD-2024-01682,DL-CA-003,F02,2024-11-06,2024-12-06,2024-12-02,37000,37000,2.349,livrée
CMD-2024-01683,DL-BB-003,F05,2024-11-06,2024-12-17,2024-12-12,36500,36500,4.167,livrée
CMD-2024-01684,DL-HY-001,F03,2024-11-06,2024-11-29,2024-11-28,51500,51500,3.002,livrée
CMD-2024-01685,DL-SO-002,F03,2024-11-07,2024-12-02,2024-11-27,29500,29500,2.713,livrée
CMD-2024-01686,DL-CA-011,F02,2024-11-07,2024-12-06,2024-12-01,31500,29500,4.494,livrée
CMD-2024-01687,DL-HY-003,F06,2024-11-07,2024-12-19,2024-12-14,55000,55000,5.698,livrée
CMD-2024-01688,DL-SV-007,F03,2024-11-07,2024-12-02,2024-12-01,56000,56000,4.19,livrée
CMD-2024-01689,DL-SV-001,F01,2024-11-07,2024-12-07,2024-12-05,45500,45500,3.037,livrée
CMD-2024-01690,DL-HY-001,F03,2024-11-07,2024-12-01,2024-11-26,25000,25000,3.099,livrée
CMD-2024-01691,DL-SO-009,F08,2024-11-07,2024-12-12,2024-12-10,20500,20500,3.017,livrée
CMD-2024-01692,DL-SV-006,F03,2024-11-08,2024-12-06,2024-12-04,42500,42500,3.223,livrée
CMD-2024-01693,DL-BB-005,F04,2024-11-08,2024-12-15,2024-12-14,36000,36000,5.127,livrée
CMD-2024-01694,DL-SO-009,F06,2024-11-08,2024-12-23,2024-12-21,97500,97500,3.155,livrée
CMD-2024-01695,DL-HY-005,F08,2024-11-08,2024-12-14,2024-12-12,54500,54500,3.188,livrée
CMD-2024-01696,DL-HY-006,F03,2024-11-08,2024-12-01,2024-11-28,41000,35800,1.886,livrée
CMD-2024-01697,DL-HY-004,F03,2024-11-08,2024-12-01,2024-11-30,19000,19000,3.806,livrée
CMD-2024-01698,DL-SV-006,F03,2024-11-08,2024-11-30,2024-11-30,19000,19000,3.125,livrée
CMD-2024-01699,DL-DE-008,F06,2024-11-08,2024-12-21,2024-12-23,31500,31500,3.082,livrée
CMD-2024-01700,DL-SV-003,F03,2024-11-08,2024-12-05,2024-12-07,19000,19000,4.844,livrée
CMD-2024-01701,DL-HY-004,F03,2024-11-08,2024-11-30,2024-11-25,28500,28500,3.774,livrée
CMD-2024-01702,DL-CA-004,F03,2024-11-08,2024-11-30,2024-12-07,24000,24000,3.138,livrée
CMD-2024-01703,DL-HY-004,F04,2024-11-11,2024-12-19,2024-12-20,17500,17500,4.064,livrée
CMD-2024-01704,DL-BB-006,F07,2024-11-11,2024-12-20,2024-12-15,150000,150000,4.036,livrée
CMD-2024-01705,DL-SO-009,F08,2024-11-11,2024-12-22,2024-12-22,55500,55500,3.062,livrée
CMD-2024-01706,DL-DE-004,F08,2024-11-11,2024-12-22,2024-12-29,47000,45300,5.068,livrée
CMD-2024-01707,DL-SV-006,F05,2024-11-11,2024-12-23,2024-12-18,21000,21000,2.901,livrée
CMD-2024-01708,DL-SV-006,F05,2024-11-11,2024-12-18,2024-12-28,34500,34500,3.178,livrée
CMD-2024-01709,DL-CA-007,F07,2024-11-11,2024-12-21,2024-12-16,26500,26500,3.77,livrée
CMD-2024-01710,DL-CA-008,F05,2024-11-12,2024-12-23,2024-12-22,21000,21000,1.645,livrée
CMD-2024-01711,DL-DE-001,F03,2024-11-12,2024-12-10,2024-12-09,58000,58000,4.321,livrée
CMD-2024-01712,DL-HY-005,F08,2024-11-12,2024-12-23,2024-12-19,47500,47500,3.011,livrée
CMD-2024-01713,DL-SO-005,F04,2024-11-12,2024-12-16,2024-12-15,10500,10500,2.642,livrée
CMD-2024-01714,DL-DE-007,F07,2024-11-12,2024-12-24,2024-12-23,57500,57500,1.879,livrée
CMD-2024-01715,DL-DE-007,F07,2024-11-12,2024-12-25,2024-12-25,30000,30000,1.902,livrée
CMD-2024-01716,DL-DE-008,F06,2024-11-12,2024-12-24,2024-12-26,35000,35000,3.093,livrée
CMD-2024-01717,DL-SO-008,F07,2024-11-12,2024-12-21,2024-12-19,51000,51000,4.916,livrée
CMD-2024-01718,DL-SO-005,F04,2024-11-12,2024-12-19,2024-12-19,36000,36000,2.857,livrée
CMD-2024-01719,DL-DE-009,F04,2024-11-13,2024-12-17,2024-12-14,73000,73000,3.832,livrée
CMD-2024-01720,DL-SO-002,F03,2024-11-13,2024-12-09,2024-12-08,62000,62000,2.762,livrée
CMD-2024-01721,DL-SV-011,F03,2024-11-13,2024-12-06,2024-12-06,12000,12000,3.019,livrée
CMD-2024-01722,DL-BB-004,F07,2024-11-13,2024-12-25,2024-12-31,38500,38500,3.859,livrée
CMD-2024-01723,DL-SV-002,F05,2024-11-13,2024-12-22,2024-12-21,40500,40500,3.928,livrée
CMD-2024-01724,DL-HY-001,F03,2024-11-13,2024-12-07,2024-12-07,60000,60000,3.278,livrée
CMD-2024-01725,DL-HY-008,F02,2024-11-14,2024-12-16,2024-12-14,61500,61500,1.598,livrée
CMD-2024-01726,DL-HY-004,F04,2024-11-14,2024-12-20,2024-12-20,27000,27000,3.839,livrée
CMD-2024-01727,DL-CA-005,F03,2024-11-14,2024-12-09,2024-12-06,46000,46000,2.689,livrée
CMD-2024-01728,DL-HY-004,F04,2024-11-14,2024-12-16,2024-12-15,42000,42000,3.9,livrée
CMD-2024-01729,DL-HY-008,F03,2024-11-14,2024-12-06,2024-12-04,36500,36500,1.589,livrée
CMD-2024-01730,DL-CA-011,F02,2024-11-14,2024-12-14,2024-12-11,28500,28500,4.514,livrée
CMD-2024-01731,DL-SV-006,F03,2024-11-14,2024-12-09,2024-12-10,101500,101500,2.941,livrée
CMD-2024-01732,DL-HY-006,F03,2024-11-14,2024-12-09,2024-12-10,37000,37000,1.882,livrée
CMD-2024-01733,DL-SV-011,F03,2024-11-14,2024-12-07,2024-12-03,33000,33000,3.051,livrée
CMD-2024-01734,DL-DE-001,F03,2024-11-14,2024-12-10,2024-12-08,10000,10000,4.306,livrée
CMD-2024-01735,DL-HY-001,F03,2024-11-15,2024-12-13,2024-12-14,19000,19000,3.261,livrée
CMD-2024-01736,DL-SV-007,F03,2024-11-15,2024-12-13,2024-12-08,41000,41000,3.777,livrée
CMD-2024-01737,DL-SV-001,F01,2024-11-15,2024-12-12,2024-12-09,46500,46500,3.085,livrée
CMD-2024-01738,DL-DE-008,F06,2024-11-15,2024-12-27,2024-12-22,25500,25500,3.451,livrée
CMD-2024-01739,DL-SV-008,F04,2024-11-15,2024-12-22,2024-12-20,23500,23500,3.073,livrée
CMD-2024-01740,DL-DE-001,F03,2024-11-18,2024-12-12,2024-12-07,28000,28000,4.613,livrée
CMD-2024-01741,DL-DE-002,F07,2024-11-18,2024-12-30,2025-01-01,54500,54500,3.468,livrée
CMD-2024-01742,DL-HY-001,F03,2024-11-18,2024-12-13,2024-12-12,23000,23000,3.312,livrée
CMD-2024-01743,DL-SV-002,F05,2024-11-18,2024-12-30,2024-12-29,41500,41500,3.926,livrée
CMD-2024-01744,DL-CA-012,F03,2024-11-18,2024-12-15,2024-12-11,37000,37000,3.953,livrée
CMD-2024-01745,DL-HY-004,F03,2024-11-18,2024-12-16,2024-12-15,55500,55500,3.804,livrée
CMD-2024-01746,DL-DE-008,F06,2024-11-18,2025-01-02,2024-12-30,41000,41000,3.337,livrée
CMD-2024-01747,DL-CA-008,F05,2024-11-18,2024-12-28,2024-12-23,132000,132000,1.572,livrée
CMD-2024-01748,DL-DE-007,F07,2024-11-18,2025-01-02,2025-01-02,18000,18000,1.739,livrée
CMD-2024-01749,DL-BB-003,F05,2024-11-18,2024-12-28,2025-01-10,21000,21000,4.261,livrée
CMD-2024-01750,DL-SV-010,F04,2024-11-19,2024-12-26,2024-12-24,72000,72000,2.887,livrée
CMD-2024-01751,DL-DE-009,F04,2024-11-19,2024-12-22,2024-12-20,41000,41000,4.175,livrée
CMD-2024-01752,DL-CA-011,F02,2024-11-19,2024-12-19,2024-12-19,30500,30500,4.619,livrée
CMD-2024-01753,DL-DE-004,F08,2024-11-20,2024-12-26,2024-12-28,45000,45000,5.564,livrée
CMD-2024-01754,DL-DE-005,F03,2024-11-20,2024-12-16,2024-12-18,42500,42500,3.0,livrée
CMD-2024-01755,DL-BB-001,F02,2024-11-20,2024-12-17,2024-12-14,38000,38000,4.216,livrée
CMD-2024-01756,DL-SO-007,F08,2024-11-20,2024-12-27,2024-12-22,42000,42000,5.176,livrée
CMD-2024-01757,DL-DE-002,F07,2024-11-20,2025-01-02,2024-12-31,91500,91500,3.523,livrée
CMD-2024-01758,DL-SV-001,F01,2024-11-20,2024-12-15,2024-12-14,40000,40000,2.884,livrée
CMD-2024-01759,DL-HY-002,F08,2024-11-21,2024-12-29,2024-12-30,24000,24000,2.402,livrée
CMD-2024-01760,DL-HY-004,F04,2024-11-21,2024-12-28,2025-01-01,14500,14500,3.724,livrée
CMD-2024-01761,DL-BB-001,F02,2024-11-21,2024-12-19,2024-12-26,25000,25000,3.767,livrée
CMD-2024-01762,DL-SO-005,F04,2024-11-21,2024-12-29,2024-12-26,29000,29000,2.876,livrée
CMD-2024-01763,DL-SO-005,F04,2024-11-21,2024-12-29,2024-12-26,25500,25500,2.721,livrée
CMD-2024-01764,DL-CA-004,F03,2024-11-21,2024-12-19,2024-12-14,43500,43500,3.219,livrée
CMD-2024-01765,DL-HY-006,F03,2024-11-22,2024-12-15,2024-12-12,47000,47000,1.866,livrée
CMD-2024-01766,DL-CA-012,F03,2024-11-22,2024-12-20,2024-12-22,20000,20000,3.937,livrée
CMD-2024-01767,DL-BB-003,F05,2024-11-22,2024-12-31,2024-12-29,23500,23500,4.523,livrée
CMD-2024-01768,DL-CA-012,F03,2024-11-22,2024-12-14,2024-12-11,24000,24000,3.876,livrée
CMD-2024-01769,DL-DE-004,F01,2024-11-22,2024-12-18,2024-12-16,42500,42500,5.234,livrée
CMD-2024-01770,DL-DE-008,F06,2024-11-25,2025-01-06,2025-01-08,18500,18500,3.475,livrée
CMD-2024-01771,DL-BB-004,F01,2024-11-25,2024-12-23,2024-12-22,48000,48000,3.821,livrée
CMD-2024-01772,DL-CA-011,F02,2024-11-25,2024-12-22,2024-12-24,75000,75000,4.161,livrée
CMD-2024-01773,DL-CA-001,F02,2024-11-26,2024-12-24,2024-12-22,87000,87000,5.284,livrée
CMD-2024-01774,DL-SV-011,F03,2024-11-26,2024-12-19,2024-12-17,15000,15000,2.985,livrée
CMD-2024-01775,DL-BB-004,F07,2024-11-26,2025-01-04,2025-01-06,17000,17000,3.964,livrée
CMD-2024-01776,DL-BB-002,F04,2024-11-26,2025-01-02,2024-12-30,27000,27000,2.98,livrée
CMD-2024-01777,DL-CA-006,F03,2024-11-26,2024-12-19,2024-12-20,106000,106000,2.73,livrée
CMD-2024-01778,DL-HY-003,F06,2024-11-26,2025-01-09,2025-01-09,50500,50500,5.312,livrée
CMD-2024-01779,DL-SV-001,F06,2024-11-26,2025-01-09,2025-01-10,15500,15500,3.0,livrée
CMD-2024-01780,DL-HY-001,F03,2024-11-26,2024-12-23,2024-12-20,35500,35500,3.091,livrée
CMD-2024-01781,DL-SO-005,F04,2024-11-26,2025-01-01,2025-01-01,20000,20000,2.877,livrée
CMD-2024-01782,DL-DE-001,F03,2024-11-26,2024-12-20,2024-12-17,47500,47500,4.515,livrée
CMD-2024-01783,DL-SV-006,F03,2024-11-27,2024-12-25,2024-12-25,70000,70000,3.095,livrée
CMD-2024-01784,DL-HY-002,F08,2024-11-27,2025-01-02,2024-12-29,62000,62000,2.373,livrée
CMD-2024-01785,DL-HY-002,F08,2024-11-27,2025-01-05,2025-01-13,19000,19000,2.379,livrée
CMD-2024-01786,DL-CA-004,F03,2024-11-27,2024-12-23,2024-12-23,39500,39500,3.153,livrée
CMD-2024-01787,DL-SV-007,F03,2024-11-27,2024-12-25,2024-12-20,31000,31000,4.015,livrée
CMD-2024-01788,DL-SV-007,F03,2024-11-27,2024-12-25,2024-12-20,45000,45000,4.26,livrée
CMD-2024-01789,DL-CA-007,F08,2024-11-27,2025-01-05,2025-01-06,24000,24000,3.359,livrée
CMD-2024-01790,DL-HY-002,F08,2024-11-28,2025-01-08,2025-01-08,100000,100000,2.341,livrée
CMD-2024-01791,DL-SV-015,F05,2024-11-28,2025-01-08,2025-01-19,21500,21500,3.437,livrée
CMD-2024-01792,DL-CA-011,F02,2024-11-28,2024-12-26,2024-12-25,19000,19000,4.268,livrée
CMD-2024-01793,DL-HY-004,F04,2024-11-28,2024-12-31,2024-12-26,28000,28000,3.689,livrée
CMD-2024-01794,DL-DE-008,F06,2024-11-28,2025-01-14,2025-01-25,28000,28000,3.111,livrée
CMD-2024-01795,DL-DE-004,F08,2024-11-28,2025-01-07,2025-01-06,32000,32000,5.351,livrée
CMD-2024-01796,DL-SV-002,F05,2024-11-28,2025-01-06,2025-01-08,10000,10000,3.876,livrée
CMD-2024-01797,DL-BB-001,F02,2024-11-28,2024-12-25,2024-12-20,52500,52500,3.8,livrée
CMD-2024-01798,DL-SO-001,F07,2024-11-28,2025-01-06,2025-01-03,42500,42500,4.298,livrée
CMD-2024-01799,DL-SV-011,F03,2024-11-28,2024-12-26,2024-12-27,59000,59000,2.914,livrée
CMD-2024-01800,DL-HY-004,F04,2024-11-28,2025-01-05,2025-01-02,98000,98000,4.068,livrée
CMD-2024-01801,DL-CA-012,F02,2024-11-28,2024-12-25,2024-12-23,106000,106000,4.114,livrée
CMD-2024-01802,DL-HY-003,F06,2024-11-29,2025-01-15,2025-01-10,43000,43000,5.851,livrée
CMD-2024-01803,DL-SV-001,F01,2024-11-29,2024-12-28,2024-12-26,92000,92000,3.153,livrée
CMD-2024-01804,DL-SV-010,F04,2024-11-29,2025-01-05,2025-01-07,23000,23000,2.907,livrée
CMD-2024-01805,DL-SV-011,F03,2024-11-29,2024-12-23,2024-12-18,27500,27500,3.016,livrée
CMD-2024-01806,DL-DE-009,F04,2024-11-29,2025-01-02,2025-01-01,34000,34000,3.806,livrée
CMD-2024-01807,DL-SO-005,F04,2024-11-29,2025-01-01,2025-01-01,52500,52500,2.604,livrée
CMD-2024-01808,DL-BB-002,F01,2024-11-29,2024-12-30,2024-12-30,22500,22500,3.061,livrée
CMD-2024-01809,DL-DE-001,F03,2024-11-29,2024-12-27,2025-01-01,56500,56500,4.623,livrée
CMD-2024-01810,DL-SV-010,F04,2024-11-29,2025-01-03,2025-01-05,29500,29500,2.85,livrée
CMD-2024-01811,DL-CA-010,F03,2024-11-29,2024-12-27,2025-01-09,38000,38000,4.101,livrée
CMD-2024-01812,DL-HY-005,F08,2024-11-29,2025-01-05,2025-01-03,19000,19000,2.995,livrée
CMD-2024-01813,DL-SV-002,F05,2024-12-02,2025-01-12,2025-01-12,22500,22500,4.206,livrée
CMD-2024-01814,DL-BB-001,F02,2024-12-02,2024-12-31,2024-12-26,102000,102000,3.769,livrée
CMD-2024-01815,DL-HY-002,F08,2024-12-02,2025-01-09,2025-01-08,23500,23500,2.193,livrée
CMD-2024-01816,DL-HY-001,F03,2024-12-02,2024-12-27,2024-12-23,33500,33500,3.087,livrée
CMD-2024-01817,DL-HY-004,F04,2024-12-02,2025-01-09,2025-01-08,35000,35000,3.63,livrée
CMD-2024-01818,DL-HY-002,F08,2024-12-02,2025-01-07,2025-01-06,45000,45000,2.322,livrée
CMD-2024-01819,DL-DE-001,F03,2024-12-02,2024-12-29,2024-12-24,140500,140500,4.25,livrée
CMD-2024-01820,DL-SO-005,F04,2024-12-02,2025-01-03,2025-01-14,79000,79000,2.604,livrée
CMD-2024-01821,DL-HY-006,F03,2024-12-03,2024-12-29,2025-01-05,62500,62500,1.808,livrée
CMD-2024-01822,DL-CA-011,F02,2024-12-03,2025-01-05,2025-01-04,50500,50500,4.459,livrée
CMD-2024-01823,DL-BB-006,F07,2024-12-03,2025-01-15,2025-01-14,124000,124000,4.173,livrée
CMD-2024-01824,DL-CA-012,F02,2024-12-03,2025-01-04,2024-12-31,75000,75000,3.959,livrée
CMD-2024-01825,DL-DE-001,F03,2024-12-04,2024-12-26,2024-12-27,21500,21500,4.481,livrée
CMD-2024-01826,DL-SV-006,F03,2024-12-04,2024-12-30,2024-12-27,59000,59000,2.917,livrée
CMD-2024-01827,DL-SO-008,F07,2024-12-04,2025-01-13,2025-01-15,100000,100000,4.963,livrée
CMD-2024-01828,DL-SO-002,F03,2024-12-04,2024-12-29,2024-12-24,77500,77500,2.818,livrée
CMD-2024-01829,DL-SV-001,F01,2024-12-04,2025-01-02,2025-01-01,55000,55000,3.017,livrée
CMD-2024-01830,DL-BB-003,F05,2024-12-04,2025-01-15,2025-01-12,52000,52000,4.588,livrée
CMD-2024-01831,DL-DE-008,F06,2024-12-05,2025-01-16,2025-01-11,99000,99000,3.202,livrée
CMD-2024-01832,DL-BB-001,F02,2024-12-05,2025-01-02,2025-01-03,27500,27500,4.09,livrée
CMD-2024-01833,DL-BB-006,F01,2024-12-05,2024-12-31,2024-12-27,63500,63500,3.958,livrée
CMD-2024-01834,DL-BB-005,F04,2024-12-05,2025-01-08,2025-01-09,12500,12500,5.07,livrée
CMD-2024-01835,DL-HY-002,F08,2024-12-05,2025-01-14,2025-01-15,40000,40000,2.253,livrée
CMD-2024-01836,DL-SV-002,F05,2024-12-05,2025-01-17,2025-01-16,44500,44500,3.919,livrée
CMD-2024-01837,DL-CA-010,F03,2024-12-05,2024-12-31,2024-12-28,19000,19000,3.891,livrée
CMD-2024-01838,DL-SV-002,F05,2024-12-05,2025-01-11,2025-01-13,35500,35500,3.866,livrée
CMD-2024-01839,DL-HY-005,F02,2024-12-05,2025-01-05,2024-12-31,56500,56500,3.053,livrée
CMD-2024-01840,DL-CA-008,F05,2024-12-05,2025-01-11,2025-01-07,56500,56500,1.554,livrée
CMD-2024-01841,DL-HY-006,F03,2024-12-06,2024-12-30,2024-12-31,61500,61500,1.925,livrée
CMD-2024-01842,DL-CA-004,F03,2024-12-06,2024-12-29,2024-12-24,84000,84000,3.216,livrée
CMD-2024-01843,DL-SV-010,F04,2024-12-06,2025-01-07,2025-01-04,33000,33000,2.835,livrée
CMD-2024-01844,DL-DE-008,F06,2024-12-06,2025-01-22,2025-01-20,39500,39500,3.253,livrée
CMD-2024-01845,DL-SV-003,F03,2024-12-06,2024-12-29,2024-12-27,100000,100000,5.322,livrée
CMD-2024-01846,DL-SV-005,F06,2024-12-06,2025-01-22,2025-01-18,67000,67000,3.151,livrée
CMD-2024-01847,DL-SO-008,F07,2024-12-09,2025-01-18,2025-01-15,59000,59000,4.547,livrée
CMD-2024-01848,DL-DE-005,F03,2024-12-09,2025-01-04,2025-01-01,52500,52500,2.906,livrée
CMD-2024-01849,DL-DE-003,F03,2024-12-09,2025-01-06,2025-01-05,77000,77000,4.39,livrée
CMD-2024-01850,DL-HY-002,F08,2024-12-09,2025-01-14,2025-01-10,20500,20500,2.321,livrée
CMD-2024-01851,DL-SO-007,F08,2024-12-09,2025-01-13,2025-01-14,19000,19000,5.241,livrée
CMD-2024-01852,DL-SO-004,F06,2024-12-09,2025-01-26,2025-01-27,57000,57000,2.867,livrée
CMD-2024-01853,DL-DE-007,F07,2024-12-10,2025-01-21,2025-01-16,28500,28500,1.903,livrée
CMD-2024-01854,DL-SO-007,F08,2024-12-10,2025-01-20,2025-01-20,37500,37500,4.946,livrée
CMD-2024-01855,DL-HY-003,F06,2024-12-10,2025-01-21,2025-01-19,22500,22500,5.178,livrée
CMD-2024-01856,DL-SO-005,F04,2024-12-10,2025-01-11,2025-01-07,41500,41500,2.88,livrée
CMD-2024-01857,DL-SO-001,F02,2024-12-10,2025-01-08,2025-01-04,40000,40000,4.204,livrée
CMD-2024-01858,DL-BB-003,F05,2024-12-11,2025-01-17,2025-01-24,70000,70000,4.398,livrée
CMD-2024-01859,DL-SV-001,F01,2024-12-11,2025-01-08,2025-01-10,26500,26500,3.175,livrée
CMD-2024-01860,DL-BB-002,F01,2024-12-11,2025-01-08,2025-01-09,27000,27000,3.309,livrée
CMD-2024-01861,DL-SO-009,F08,2024-12-11,2025-01-18,2025-01-16,71500,71500,2.914,livrée
CMD-2024-01862,DL-BB-001,F02,2024-12-11,2025-01-13,2025-01-08,70500,70500,3.786,livrée
CMD-2024-01863,DL-HY-002,F08,2024-12-11,2025-01-16,2025-01-14,125500,125500,2.257,livrée
CMD-2024-01864,DL-CA-011,F02,2024-12-11,2025-01-10,2025-02-01,49500,49500,4.311,livrée
CMD-2024-01865,DL-SV-006,F03,2024-12-11,2025-01-08,2025-01-04,71500,67600,3.009,livrée
CMD-2024-01866,DL-SV-006,F03,2024-12-11,2025-01-03,2025-01-01,55500,55500,2.903,livrée
CMD-2024-01867,DL-SO-008,F01,2024-12-11,2025-01-11,2025-01-24,52500,52500,4.448,livrée
CMD-2024-01868,DL-CA-008,F05,2024-12-11,2025-01-21,2025-01-16,65500,65500,1.595,livrée
CMD-2024-01869,DL-BB-003,F05,2024-12-12,2025-01-24,2025-01-23,27000,27000,4.624,livrée
CMD-2024-01870,DL-SV-008,F04,2024-12-12,2025-01-14,2025-01-11,17000,17000,3.231,livrée
CMD-2024-01871,DL-SV-004,F08,2024-12-12,2025-01-19,2025-01-19,37500,37500,2.372,livrée
CMD-2024-01872,DL-BB-006,F07,2024-12-12,2025-01-26,2025-01-21,24500,24500,4.177,livrée
CMD-2024-01873,DL-CA-010,F03,2024-12-12,2025-01-05,2025-01-07,20500,20500,3.801,livrée
CMD-2024-01874,DL-SV-001,F01,2024-12-12,2025-01-10,2025-01-10,25500,25500,2.992,livrée
CMD-2024-01875,DL-HY-003,F06,2024-12-12,2025-01-26,2025-01-21,23500,23500,5.851,livrée
CMD-2024-01876,DL-SO-009,F08,2024-12-13,2025-01-23,2025-01-18,47500,47500,2.984,livrée
CMD-2024-01877,DL-SV-001,F06,2024-12-13,2025-01-29,2025-01-24,29500,29500,2.876,livrée
CMD-2024-01878,DL-SV-002,F05,2024-12-13,2025-01-19,2025-01-18,32000,32000,4.076,livrée
CMD-2024-01879,DL-SV-007,F03,2024-12-13,2025-01-06,2025-01-07,39500,39500,3.857,livrée
CMD-2024-01880,DL-CA-001,F02,2024-12-13,2025-01-12,2025-01-13,51500,51500,5.073,livrée
CMD-2024-01881,DL-DE-008,F06,2024-12-13,2025-01-30,2025-01-26,24000,24000,3.4,livrée
CMD-2024-01882,DL-DE-005,F03,2024-12-13,2025-01-06,2025-01-07,128500,128500,2.856,livrée
CMD-2024-01883,DL-SV-003,F03,2024-12-16,2025-01-12,2025-01-07,74000,74000,5.09,livrée
CMD-2024-01884,DL-CA-004,F03,2024-12-16,2025-01-07,2025-01-02,33500,33500,3.196,livrée
CMD-2024-01885,DL-HY-002,F08,2024-12-16,2025-01-22,2025-01-23,64000,64000,2.363,livrée
CMD-2024-01886,DL-HY-001,F03,2024-12-16,2025-01-07,2025-01-02,21500,21500,3.069,livrée
CMD-2024-01887,DL-BB-006,F07,2024-12-16,2025-01-29,2025-01-31,21000,21000,4.32,livrée
CMD-2024-01888,DL-SO-009,F08,2024-12-16,2025-01-25,2025-01-27,30000,30000,3.0,livrée
CMD-2024-01889,DL-SO-002,F03,2024-12-16,2025-01-09,2025-01-05,40500,40500,2.6,livrée
CMD-2024-01890,DL-SV-008,F04,2024-12-16,2025-01-18,2025-01-13,16500,16500,3.157,livrée
CMD-2024-01891,DL-CA-001,F02,2024-12-16,2025-01-14,2025-01-10,43500,43500,5.207,livrée
CMD-2024-01892,DL-CA-002,F01,2024-12-16,2025-01-12,2025-01-10,114500,114500,3.634,livrée
CMD-2024-01893,DL-SV-006,F05,2024-12-17,2025-01-23,2025-01-21,46500,46500,3.2,livrée
CMD-2024-01894,DL-DE-001,F03,2024-12-17,2025-01-14,2025-01-09,27500,27500,4.239,livrée
CMD-2024-01895,DL-DE-006,F05,2024-12-17,2025-01-29,2025-01-28,49500,49500,1.928,livrée
CMD-2024-01896,DL-HY-005,F02,2024-12-17,2025-01-18,2025-01-13,24500,24500,3.165,livrée
CMD-2024-01897,DL-CA-012,F03,2024-12-17,2025-01-10,2025-01-12,52000,52000,3.895,livrée
CMD-2024-01898,DL-HY-001,F03,2024-12-17,2025-01-12,2025-01-08,63500,63500,3.362,livrée
CMD-2024-01899,DL-BB-006,F07,2024-12-17,2025-01-25,2025-01-20,38500,38500,3.83,livrée
CMD-2024-01900,DL-HY-001,F03,2024-12-17,2025-01-11,2025-01-25,43000,43000,3.209,livrée
CMD-2024-01901,DL-SV-003,F03,2024-12-18,2025-01-15,2025-01-10,50500,50500,5.123,livrée
CMD-2024-01902,DL-SO-005,F04,2024-12-19,2025-01-22,2025-01-17,15500,15500,2.835,livrée
CMD-2024-01903,DL-HY-004,F04,2024-12-19,2025-01-21,2025-01-21,17500,17500,4.03,livrée
CMD-2024-01904,DL-HY-001,F03,2024-12-19,2025-01-13,2025-01-09,71000,71000,3.223,livrée
CMD-2024-01905,DL-CA-012,F03,2024-12-19,2025-01-10,2025-01-09,64000,64000,4.087,livrée
CMD-2024-01906,DL-BB-006,F01,2024-12-20,2025-01-20,2025-01-17,58000,58000,4.125,livrée
CMD-2024-01907,DL-SO-002,F03,2024-12-20,2025-01-11,2025-01-09,20000,20000,2.538,livrée
CMD-2024-01908,DL-SV-006,F03,2024-12-20,2025-01-14,2025-01-14,34500,34500,3.139,livrée
CMD-2024-01909,DL-DE-001,F03,2024-12-20,2025-01-15,2025-01-10,27000,27000,4.25,livrée
CMD-2024-01910,DL-SV-001,F01,2024-12-20,2025-01-14,2025-01-10,66000,66000,2.812,livrée
CMD-2024-01911,DL-SO-008,F07,2024-12-20,2025-01-29,2025-01-28,27500,27500,4.677,livrée
CMD-2024-01912,DL-DE-001,F03,2024-12-20,2025-01-13,2025-01-13,39500,39500,4.167,livrée
CMD-2024-01913,DL-SV-014,F04,2024-12-20,2025-01-21,2025-01-21,16500,16500,4.313,livrée
CMD-2024-01914,DL-CA-011,F02,2024-12-20,2025-01-22,2025-01-22,97000,97000,4.342,livrée
CMD-2024-01915,DL-CA-007,F07,2024-12-20,2025-02-03,2025-01-29,32500,32500,3.633,livrée
CMD-2024-01916,DL-DE-004,F08,2024-12-20,2025-01-28,2025-01-28,39000,39000,5.235,livrée
CMD-2024-01917,DL-SV-010,F04,2024-12-23,2025-01-30,2025-02-01,119500,119500,2.809,livrée
CMD-2024-01918,DL-SV-006,F03,2024-12-23,2025-01-17,2025-01-17,13500,13500,3.155,livrée
CMD-2024-01919,DL-BB-006,F07,2024-12-23,2025-02-05,2025-02-04,13000,13000,4.018,livrée
CMD-2024-01920,DL-SV-002,F05,2024-12-23,2025-02-03,2025-02-03,25000,25000,4.052,livrée
CMD-2024-01921,DL-HY-001,F03,2024-12-23,2025-01-17,2025-01-14,18000,18000,3.318,livrée
CMD-2024-01922,DL-SV-011,F07,2024-12-23,2025-01-31,2025-01-31,12000,12000,2.821,livrée
CMD-2024-01923,DL-DE-007,F07,2024-12-24,2025-02-06,2025-02-01,21500,19300,1.814,livrée
CMD-2024-01924,DL-HY-005,F08,2024-12-24,2025-01-30,2025-01-27,66500,66500,2.943,livrée
CMD-2024-01925,DL-BB-006,F07,2024-12-24,2025-02-03,2025-01-30,49000,44700,3.894,livrée
CMD-2024-01926,DL-DE-001,F03,2024-12-24,2025-01-15,2025-01-15,17500,17500,4.244,livrée
CMD-2024-01927,DL-SV-008,F04,2024-12-24,2025-01-27,2025-01-29,25500,25500,2.991,livrée
CMD-2024-01928,DL-DE-008,F06,2024-12-24,2025-02-09,2025-02-06,48000,48000,3.227,livrée
CMD-2024-01929,DL-HY-009,F08,2024-12-24,2025-01-28,2025-01-24,54000,54000,2.517,livrée
CMD-2024-01930,DL-SV-002,F05,2024-12-24,2025-02-04,2025-02-10,24500,24500,4.047,livrée
CMD-2024-01931,DL-DE-002,F07,2024-12-24,2025-02-01,2025-02-08,13000,13000,3.565,livrée
CMD-2024-01932,DL-SV-001,F06,2024-12-25,2025-02-10,2025-02-07,29000,29000,2.885,livrée
CMD-2024-01933,DL-CA-006,F03,2024-12-25,2025-01-22,2025-01-24,30000,30000,2.959,livrée
CMD-2024-01934,DL-BB-005,F04,2024-12-25,2025-01-31,2025-01-29,110500,110500,5.202,livrée
CMD-2024-01935,DL-BB-004,F01,2024-12-25,2025-01-19,2025-01-15,10000,10000,3.886,livrée
CMD-2024-01936,DL-SV-001,F01,2024-12-25,2025-01-23,2025-02-01,28500,28500,3.062,livrée
CMD-2024-01937,DL-BB-006,F07,2024-12-25,2025-02-06,2025-02-02,11500,11500,4.178,livrée
CMD-2024-01938,DL-DE-002,F07,2024-12-25,2025-02-07,2025-02-06,26000,26000,3.549,livrée
CMD-2024-01939,DL-SO-008,F07,2024-12-25,2025-02-08,2025-02-05,31000,31000,4.757,livrée
CMD-2024-01940,DL-HY-002,F08,2024-12-25,2025-02-03,2025-02-04,126500,126500,2.32,livrée
CMD-2024-01941,DL-HY-003,F06,2024-12-25,2025-02-07,2025-02-03,150000,150000,5.326,livrée
CMD-2024-01942,DL-HY-001,F03,2024-12-25,2025-01-19,2025-01-19,17000,17000,3.129,livrée
CMD-2024-01943,DL-SV-001,F01,2024-12-25,2025-01-22,2025-01-17,52500,52500,3.125,livrée
CMD-2024-01944,DL-CA-004,F03,2024-12-26,2025-01-18,2025-01-16,102000,102000,3.041,livrée
CMD-2024-01945,DL-HY-002,F08,2024-12-26,2025-01-31,2025-01-29,76000,76000,2.175,livrée
CMD-2024-01946,DL-HY-004,F04,2024-12-26,2025-01-30,2025-02-01,17000,17000,3.968,livrée
CMD-2024-01947,DL-SV-001,F01,2024-12-26,2025-01-25,2025-01-22,78000,78000,2.935,livrée
CMD-2024-01948,DL-DE-002,F07,2024-12-26,2025-02-07,2025-02-06,37500,37500,3.301,livrée
CMD-2024-01949,DL-DE-001,F03,2024-12-26,2025-01-18,2025-01-15,57000,57000,4.203,livrée
CMD-2024-01950,DL-SV-002,F05,2024-12-26,2025-02-06,2025-02-03,29500,29500,3.996,livrée
CMD-2024-01951,DL-DE-001,F03,2024-12-26,2025-01-20,2025-01-17,41500,41500,4.092,livrée
CMD-2024-01952,DL-SV-008,F04,2024-12-27,2025-02-01,2025-01-27,40500,40500,2.911,livrée
CMD-2024-01953,DL-BB-006,F01,2024-12-27,2025-01-22,2025-01-19,78000,78000,4.05,livrée
CMD-2024-01954,DL-CA-011,F02,2024-12-27,2025-01-28,2025-01-27,37500,37500,4.452,livrée
CMD-2024-01955,DL-HY-003,F06,2024-12-27,2025-02-07,2025-02-25,80500,80500,5.598,livrée
CMD-2024-01956,DL-CA-001,F02,2024-12-27,2025-01-25,2025-01-25,38000,38000,5.189,livrée
CMD-2024-01957,DL-SO-002,F03,2024-12-30,2025-01-21,2025-01-21,18000,18000,2.73,livrée
CMD-2024-01958,DL-HY-008,F02,2024-12-30,2025-01-31,2025-01-30,20500,20500,1.612,livrée
CMD-2024-01959,DL-SV-010,F04,2024-12-30,2025-02-04,2025-02-03,95000,95000,2.918,livrée
CMD-2024-01960,DL-DE-005,F03,2024-12-30,2025-01-25,2025-01-23,39500,39500,2.79,livrée
CMD-2024-01961,DL-SO-004,F06,2024-12-30,2025-02-11,2025-02-10,68000,68000,2.778,livrée
CMD-2024-01962,DL-SV-013,F02,2024-12-30,2025-01-31,2025-02-06,27500,27500,3.152,livrée
CMD-2024-01963,DL-SO-001,F02,2024-12-31,2025-01-28,2025-01-23,41000,41000,4.398,livrée
CMD-2024-01964,DL-SV-001,F01,2024-12-31,2025-01-31,2025-01-27,111000,111000,2.995,livrée
CMD-2024-01965,DL-BB-004,F01,2024-12-31,2025-01-26,2025-01-23,28500,28500,3.91,livrée
CMD-2024-01966,DL-HY-004,F04,2024-12-31,2025-02-02,2025-01-30,34000,34000,3.816,livrée
CMD-2025-00001,DL-HY-001,F03,2025-01-01,2025-01-29,2025-01-29,22000,22000,3.39,livrée
CMD-2025-00002,DL-HY-008,F03,2025-01-01,2025-01-28,2025-01-23,26500,26500,1.621,livrée
CMD-2025-00003,DL-CA-006,F03,2025-01-01,2025-01-27,2025-01-26,46500,46500,2.938,livrée
CMD-2025-00004,DL-HY-002,F08,2025-01-01,2025-02-10,2025-02-23,19000,19000,2.258,livrée
CMD-2025-00005,DL-CA-007,F07,2025-01-01,2025-02-14,2025-02-15,20000,20000,3.426,livrée
CMD-2025-00006,DL-SV-010,F04,2025-01-01,2025-02-08,2025-02-26,16500,16500,2.918,livrée
CMD-2025-00007,DL-HY-008,F02,2025-01-01,2025-02-02,2025-02-04,42000,42000,1.583,livrée
CMD-2025-00008,DL-DE-008,F06,2025-01-01,2025-02-18,2025-02-16,13500,13500,3.092,livrée
CMD-2025-00009,DL-BB-005,F04,2025-01-01,2025-02-04,2025-02-05,21500,21500,4.86,livrée
CMD-2025-00010,DL-HY-002,F08,2025-01-02,2025-02-10,2025-02-07,39500,39500,2.216,livrée
CMD-2025-00011,DL-SV-008,F04,2025-01-02,2025-02-04,2025-02-02,39000,39000,3.061,livrée
CMD-2025-00012,DL-DE-007,F07,2025-01-02,2025-02-16,2025-02-12,31000,31000,1.828,livrée
CMD-2025-00013,DL-SV-003,F03,2025-01-02,2025-01-30,2025-01-25,47500,47500,4.803,livrée
CMD-2025-00014,DL-BB-001,F02,2025-01-02,2025-01-29,2025-01-31,53500,53500,4.0,livrée
CMD-2025-00015,DL-DE-009,F02,2025-01-03,2025-02-04,2025-02-03,53000,53000,4.263,livrée
CMD-2025-00016,DL-CA-011,F02,2025-01-03,2025-02-04,2025-02-02,15000,15000,4.491,livrée
CMD-2025-00017,DL-CA-006,F03,2025-01-03,2025-01-29,2025-01-25,25500,25500,2.814,livrée
CMD-2025-00018,DL-DE-007,F07,2025-01-03,2025-02-11,2025-03-01,58500,58500,1.742,livrée
CMD-2025-00019,DL-SV-003,F03,2025-01-03,2025-01-27,2025-01-29,85000,85000,5.318,livrée
CMD-2025-00020,DL-DE-001,F03,2025-01-03,2025-01-27,2025-01-24,56000,56000,4.632,livrée
CMD-2025-00021,DL-SO-002,F03,2025-01-03,2025-01-30,2025-01-30,29000,29000,2.509,livrée
CMD-2025-00022,DL-HY-006,F03,2025-01-03,2025-01-27,2025-01-28,74000,74000,1.848,livrée
CMD-2025-00023,DL-CA-012,F02,2025-01-03,2025-02-02,2025-01-30,35000,31500,3.923,livrée
CMD-2025-00024,DL-CA-004,F03,2025-01-06,2025-01-30,2025-01-26,11500,11500,2.926,livrée
CMD-2025-00025,DL-HY-008,F03,2025-01-06,2025-02-02,2025-02-01,150000,150000,1.609,livrée
CMD-2025-00026,DL-CA-011,F02,2025-01-06,2025-02-07,2025-02-08,80000,80000,4.241,livrée
CMD-2025-00027,DL-CA-008,F05,2025-01-06,2025-02-18,2025-02-13,42000,42000,1.595,livrée
CMD-2025-00028,DL-CA-004,F03,2025-01-06,2025-02-03,2025-02-02,78500,78500,2.864,livrée
CMD-2025-00029,DL-DE-006,F02,2025-01-06,2025-02-04,2025-01-31,21000,21000,2.037,livrée
CMD-2025-00030,DL-DE-002,F07,2025-01-07,2025-02-19,2025-02-21,11500,11500,3.634,livrée
CMD-2025-00031,DL-BB-005,F04,2025-01-07,2025-02-10,2025-02-18,59000,59000,4.745,livrée
CMD-2025-00032,DL-CA-004,F03,2025-01-07,2025-02-04,2025-02-05,33000,33000,3.141,livrée
CMD-2025-00033,DL-CA-011,F02,2025-01-07,2025-02-03,2025-02-02,59000,59000,4.45,livrée
CMD-2025-00034,DL-SV-014,F04,2025-01-07,2025-02-12,2025-02-09,83000,83000,3.981,livrée
CMD-2025-00035,DL-HY-002,F08,2025-01-07,2025-02-12,2025-02-09,83000,83000,2.257,livrée
CMD-2025-00036,DL-DE-008,F06,2025-01-08,2025-02-24,2025-02-23,52500,52500,3.36,livrée
CMD-2025-00037,DL-SO-008,F01,2025-01-08,2025-02-04,2025-02-05,48000,48000,4.776,livrée
CMD-2025-00038,DL-HY-004,F03,2025-01-08,2025-01-30,2025-01-28,48000,48000,3.652,livrée
CMD-2025-00039,DL-BB-003,F05,2025-01-08,2025-02-16,2025-02-16,40000,40000,4.551,livrée
CMD-2025-00040,DL-HY-008,F03,2025-01-08,2025-01-31,2025-01-29,27000,27000,1.61,livrée
CMD-2025-00041,DL-DE-007,F07,2025-01-08,2025-02-20,2025-02-21,36000,36000,1.778,livrée
CMD-2025-00042,DL-HY-001,F03,2025-01-08,2025-02-04,2025-02-02,30000,30000,3.147,livrée
CMD-2025-00043,DL-HY-005,F08,2025-01-08,2025-02-13,2025-02-10,38000,38000,3.172,livrée
CMD-2025-00044,DL-DE-001,F03,2025-01-08,2025-02-04,2025-02-02,69500,69500,4.171,livrée
CMD-2025-00045,DL-CA-008,F05,2025-01-08,2025-02-19,2025-02-15,45500,45500,1.539,livrée
CMD-2025-00046,DL-HY-003,F06,2025-01-09,2025-02-20,2025-02-20,53000,53000,5.163,livrée
CMD-2025-00047,DL-SV-014,F04,2025-01-09,2025-02-13,2025-02-13,22000,22000,3.959,livrée
CMD-2025-00048,DL-DE-007,F07,2025-01-09,2025-02-18,2025-02-28,21500,21500,1.837,livrée
CMD-2025-00049,DL-SO-005,F04,2025-01-09,2025-02-11,2025-02-12,92500,92500,2.706,livrée
CMD-2025-00050,DL-SO-009,F08,2025-01-09,2025-02-16,2025-02-12,104000,104000,3.235,livrée
CMD-2025-00051,DL-HY-001,F03,2025-01-09,2025-01-31,2025-01-26,33000,33000,3.369,livrée
CMD-2025-00052,DL-SV-003,F03,2025-01-09,2025-02-06,2025-02-05,56500,56500,5.11,livrée
CMD-2025-00053,DL-DE-001,F03,2025-01-09,2025-02-03,2025-02-02,10000,10000,4.262,livrée
CMD-2025-00054,DL-SO-004,F06,2025-01-09,2025-02-25,2025-02-24,10000,10000,2.704,livrée
CMD-2025-00055,DL-SV-006,F03,2025-01-10,2025-02-03,2025-02-04,66500,66500,3.1,livrée
CMD-2025-00056,DL-HY-001,F03,2025-01-10,2025-02-02,2025-01-30,14500,14500,3.085,livrée
CMD-2025-00057,DL-CA-012,F02,2025-01-10,2025-02-06,2025-02-08,27500,27500,4.056,livrée
CMD-2025-00058,DL-SV-001,F06,2025-01-10,2025-02-23,2025-02-23,22500,22500,2.852,livrée
CMD-2025-00059,DL-SV-006,F03,2025-01-10,2025-02-02,2025-02-08,96500,96500,3.262,livrée
CMD-2025-00060,DL-SV-001,F01,2025-01-10,2025-02-06,2025-02-05,20000,20000,3.181,livrée
CMD-2025-00061,DL-SV-001,F06,2025-01-10,2025-02-25,2025-02-20,12500,12500,3.089,livrée
CMD-2025-00062,DL-DE-001,F03,2025-01-10,2025-02-03,2025-02-05,105000,105000,4.573,livrée
CMD-2025-00063,DL-DE-001,F03,2025-01-10,2025-02-02,2025-02-01,150000,150000,4.283,livrée
CMD-2025-00064,DL-HY-002,F08,2025-01-10,2025-02-14,2025-02-14,34500,34500,2.35,livrée
CMD-2025-00065,DL-SV-015,F05,2025-01-13,2025-02-25,2025-03-04,99000,99000,3.233,livrée
CMD-2025-00066,DL-DE-001,F03,2025-01-13,2025-02-05,2025-02-07,20500,20500,4.581,livrée
CMD-2025-00067,DL-SV-007,F03,2025-01-13,2025-02-09,2025-02-07,71500,71500,4.14,livrée
CMD-2025-00068,DL-BB-006,F07,2025-01-13,2025-02-26,2025-02-27,83500,83500,4.084,livrée
CMD-2025-00069,DL-DE-001,F03,2025-01-13,2025-02-06,2025-02-02,45500,45500,4.404,livrée
CMD-2025-00070,DL-SV-015,F05,2025-01-13,2025-02-25,2025-02-25,23500,23500,3.151,livrée
CMD-2025-00071,DL-SO-003,F07,2025-01-13,2025-02-27,2025-02-27,85500,85500,3.265,livrée
CMD-2025-00072,DL-SV-002,F05,2025-01-13,2025-02-25,2025-02-22,22000,22000,3.881,livrée
CMD-2025-00073,DL-SV-008,F04,2025-01-13,2025-02-18,2025-02-17,86000,86000,2.981,livrée
CMD-2025-00074,DL-SV-011,F03,2025-01-13,2025-02-06,2025-02-06,60500,60500,2.958,livrée
CMD-2025-00075,DL-SV-014,F04,2025-01-13,2025-02-15,2025-02-17,31000,31000,4.04,livrée
CMD-2025-00076,DL-CA-004,F03,2025-01-14,2025-02-07,2025-02-03,45500,45500,2.926,livrée
CMD-2025-00077,DL-DE-002,F07,2025-01-14,2025-02-23,2025-02-21,25000,25000,3.404,livrée
CMD-2025-00078,DL-HY-008,F02,2025-01-14,2025-02-11,2025-02-07,51500,51500,1.61,livrée
CMD-2025-00079,DL-DE-007,F07,2025-01-14,2025-02-24,2025-02-21,57500,55500,1.724,livrée
CMD-2025-00080,DL-SO-005,F04,2025-01-14,2025-02-16,2025-02-18,33000,33000,2.66,livrée
CMD-2025-00081,DL-SO-005,F04,2025-01-14,2025-02-16,2025-02-14,49000,49000,2.691,livrée
CMD-2025-00082,DL-CA-011,F02,2025-01-14,2025-02-12,2025-02-13,101000,101000,4.267,livrée
CMD-2025-00083,DL-CA-012,F03,2025-01-14,2025-02-08,2025-02-07,93000,93000,4.395,livrée
CMD-2025-00084,DL-DE-007,F07,2025-01-14,2025-02-25,2025-02-20,10000,10000,1.741,livrée
CMD-2025-00085,DL-HY-004,F03,2025-01-15,2025-02-10,2025-02-08,16500,16500,3.661,livrée
CMD-2025-00086,DL-BB-001,F02,2025-01-15,2025-02-17,2025-02-17,57000,57000,3.819,livrée
CMD-2025-00087,DL-DE-007,F07,2025-01-15,2025-02-26,2025-02-23,59000,55400,1.848,livrée
CMD-2025-00088,DL-HY-006,F03,2025-01-15,2025-02-12,2025-02-21,29500,29500,1.784,livrée
CMD-2025-00089,DL-DE-007,F07,2025-01-15,2025-02-24,2025-02-25,93000,93000,1.838,livrée
CMD-2025-00090,DL-SV-007,F03,2025-01-15,2025-02-09,2025-02-05,86500,86500,3.804,livrée
CMD-2025-00091,DL-SV-014,F04,2025-01-15,2025-02-20,2025-02-20,45500,45500,3.954,livrée
CMD-2025-00092,DL-SO-009,F08,2025-01-15,2025-02-20,2025-02-17,92500,92500,3.131,livrée
CMD-2025-00093,DL-CA-004,F03,2025-01-15,2025-02-11,2025-02-09,46500,46500,3.144,livrée
CMD-2025-00094,DL-SV-002,F05,2025-01-16,2025-02-27,2025-02-22,74000,74000,4.14,livrée
CMD-2025-00095,DL-HY-004,F04,2025-01-16,2025-02-22,2025-02-19,73000,73000,3.875,livrée
CMD-2025-00096,DL-BB-005,F04,2025-01-16,2025-02-23,2025-03-04,35000,35000,4.769,livrée
CMD-2025-00097,DL-HY-008,F02,2025-01-16,2025-02-18,2025-03-03,37500,33800,1.603,livrée
CMD-2025-00098,DL-CA-003,F02,2025-01-16,2025-02-18,2025-02-17,34500,34500,2.367,livrée
CMD-2025-00099,DL-SO-003,F04,2025-01-16,2025-02-17,2025-02-17,68000,68000,3.275,livrée
CMD-2025-00100,DL-HY-001,F03,2025-01-16,2025-02-13,2025-02-13,54500,54500,3.184,livrée
CMD-2025-00101,DL-CA-004,F03,2025-01-16,2025-02-08,2025-02-09,33500,33500,2.873,livrée
CMD-2025-00102,DL-SV-001,F01,2025-01-16,2025-02-10,2025-02-09,35500,30500,3.077,livrée
CMD-2025-00103,DL-SO-009,F06,2025-01-16,2025-03-03,2025-02-27,32000,32000,3.052,livrée
CMD-2025-00104,DL-SO-004,F06,2025-01-16,2025-02-28,2025-03-09,10000,10000,2.719,livrée
CMD-2025-00105,DL-CA-011,F02,2025-01-17,2025-02-19,2025-02-20,43500,43500,4.596,livrée
CMD-2025-00106,DL-CA-010,F03,2025-01-17,2025-02-09,2025-02-06,90000,90000,3.854,livrée
CMD-2025-00107,DL-HY-007,F02,2025-01-17,2025-02-13,2025-02-11,70500,70500,2.783,livrée
CMD-2025-00108,DL-HY-001,F03,2025-01-17,2025-02-13,2025-02-13,15000,15000,3.144,livrée
CMD-2025-00109,DL-SO-007,F08,2025-01-17,2025-02-27,2025-02-23,33500,33500,5.393,livrée
CMD-2025-00110,DL-HY-004,F04,2025-01-17,2025-02-22,2025-03-08,52000,52000,3.741,livrée
CMD-2025-00111,DL-SO-005,F04,2025-01-17,2025-02-23,2025-02-20,44000,38100,2.575,livrée
CMD-2025-00112,DL-HY-008,F03,2025-01-17,2025-02-13,2025-02-12,82000,82000,1.608,livrée
CMD-2025-00113,DL-SV-002,F05,2025-01-20,2025-02-27,2025-02-28,46000,46000,4.167,livrée
CMD-2025-00114,DL-HY-002,F08,2025-01-20,2025-02-25,2025-02-22,51500,51500,2.338,livrée
CMD-2025-00115,DL-DE-007,F07,2025-01-20,2025-03-05,2025-02-28,22000,22000,1.748,livrée
CMD-2025-00116,DL-SO-003,F07,2025-01-20,2025-03-06,2025-03-05,110000,110000,3.383,livrée
CMD-2025-00117,DL-DE-004,F08,2025-01-20,2025-03-01,2025-03-01,64000,64000,5.638,livrée
CMD-2025-00118,DL-SV-012,F07,2025-01-20,2025-03-05,2025-03-06,14500,14500,3.8,livrée
CMD-2025-00119,DL-BB-003,F05,2025-01-20,2025-03-03,2025-03-02,36500,36500,4.482,livrée
CMD-2025-00120,DL-HY-002,F08,2025-01-20,2025-02-24,2025-02-25,69000,69000,2.408,livrée
CMD-2025-00121,DL-BB-005,F04,2025-01-20,2025-02-21,2025-02-22,24500,24500,4.8,livrée
CMD-2025-00122,DL-CA-006,F03,2025-01-21,2025-02-15,2025-02-11,55000,55000,2.77,livrée
CMD-2025-00123,DL-SV-004,F08,2025-01-21,2025-03-01,2025-02-25,52500,52500,2.32,livrée
CMD-2025-00124,DL-HY-004,F04,2025-01-21,2025-02-28,2025-03-02,46500,46500,3.999,livrée
CMD-2025-00125,DL-CA-004,F03,2025-01-22,2025-02-13,2025-02-08,103500,103500,3.039,livrée
CMD-2025-00126,DL-SV-015,F05,2025-01-22,2025-03-01,2025-03-01,25000,25000,3.46,livrée
CMD-2025-00127,DL-CA-004,F03,2025-01-22,2025-02-14,2025-02-10,90000,90000,2.863,livrée
CMD-2025-00128,DL-CA-006,F03,2025-01-22,2025-02-13,2025-02-08,45500,45500,3.038,livrée
CMD-2025-00129,DL-SV-001,F01,2025-01-22,2025-02-19,2025-02-19,12000,12000,2.944,livrée
CMD-2025-00130,DL-SV-001,F01,2025-01-22,2025-02-18,2025-02-18,94500,94500,2.828,livrée
CMD-2025-00131,DL-BB-006,F07,2025-01-22,2025-03-02,2025-03-04,38000,35600,4.015,livrée
CMD-2025-00132,DL-SV-001,F01,2025-01-22,2025-02-19,2025-02-18,43000,43000,3.059,livrée
CMD-2025-00133,DL-HY-004,F04,2025-01-22,2025-02-28,2025-02-27,22000,22000,3.925,livrée
CMD-2025-00134,DL-CA-008,F05,2025-01-23,2025-03-01,2025-02-24,23500,23500,1.648,livrée
CMD-2025-00135,DL-SV-008,F04,2025-01-23,2025-03-01,2025-03-02,18500,18500,2.944,livrée
CMD-2025-00136,DL-SV-006,F05,2025-01-23,2025-03-04,2025-03-02,19000,19000,3.107,livrée
CMD-2025-00137,DL-SV-008,F04,2025-01-23,2025-03-02,2025-03-01,89500,89500,3.168,livrée
CMD-2025-00138,DL-HY-005,F02,2025-01-24,2025-02-23,2025-02-25,25000,25000,3.299,livrée
CMD-2025-00139,DL-SV-005,F06,2025-01-24,2025-03-12,2025-03-10,31000,31000,3.421,livrée
CMD-2025-00140,DL-SV-010,F04,2025-01-24,2025-03-02,2025-03-02,60500,60500,2.844,livrée
CMD-2025-00141,DL-SV-001,F01,2025-01-24,2025-02-24,2025-02-19,14500,14500,2.899,livrée
CMD-2025-00142,DL-SO-004,F06,2025-01-24,2025-03-10,2025-03-17,34500,34500,2.736,livrée
CMD-2025-00143,DL-SV-015,F05,2025-01-24,2025-03-08,2025-03-09,36000,36000,3.441,livrée
CMD-2025-00144,DL-HY-006,F03,2025-01-24,2025-02-15,2025-02-14,19500,19500,1.757,livrée
CMD-2025-00145,DL-CA-004,F03,2025-01-27,2025-02-18,2025-02-13,150000,150000,3.213,livrée
CMD-2025-00146,DL-HY-001,F03,2025-01-27,2025-02-24,2025-02-19,60000,60000,2.99,livrée
CMD-2025-00147,DL-BB-001,F02,2025-01-27,2025-02-27,2025-02-28,60000,60000,3.953,livrée
CMD-2025-00148,DL-SO-004,F06,2025-01-27,2025-03-16,2025-03-24,10500,10500,2.729,livrée
CMD-2025-00149,DL-SO-004,F06,2025-01-27,2025-03-15,2025-03-11,57000,57000,2.855,livrée
CMD-2025-00150,DL-HY-004,F04,2025-01-27,2025-03-05,2025-03-02,17000,17000,3.97,livrée
CMD-2025-00151,DL-BB-001,F02,2025-01-27,2025-02-27,2025-02-26,73500,73500,3.983,livrée
CMD-2025-00152,DL-SO-005,F04,2025-01-27,2025-03-02,2025-03-04,46000,46000,2.564,livrée
CMD-2025-00153,DL-DE-001,F03,2025-01-27,2025-02-19,2025-02-21,16000,16000,4.602,livrée
CMD-2025-00154,DL-SV-011,F03,2025-01-27,2025-02-24,2025-02-19,34500,34500,2.818,livrée
CMD-2025-00155,DL-DE-009,F04,2025-01-27,2025-03-01,2025-03-01,43500,43500,4.027,livrée
CMD-2025-00156,DL-SV-007,F03,2025-01-27,2025-02-23,2025-02-19,18500,18500,3.8,livrée
CMD-2025-00157,DL-SO-003,F04,2025-01-28,2025-03-03,2025-03-08,82000,82000,3.505,livrée
CMD-2025-00158,DL-HY-007,F02,2025-01-28,2025-02-24,2025-02-25,56500,49800,2.986,livrée
CMD-2025-00159,DL-DE-007,F07,2025-01-28,2025-03-12,2025-03-11,73500,73500,1.935,livrée
CMD-2025-00160,DL-HY-002,F08,2025-01-28,2025-03-05,2025-03-01,45500,45500,2.154,livrée
CMD-2025-00161,DL-HY-001,F03,2025-01-28,2025-02-25,2025-02-24,32000,32000,3.273,livrée
CMD-2025-00162,DL-SV-001,F06,2025-01-28,2025-03-15,2025-03-11,23000,23000,2.951,livrée
CMD-2025-00163,DL-BB-005,F04,2025-01-28,2025-03-01,2025-03-03,31000,31000,4.932,livrée
CMD-2025-00164,DL-CA-006,F03,2025-01-29,2025-02-23,2025-02-22,66000,66000,2.772,livrée
CMD-2025-00165,DL-HY-004,F04,2025-01-29,2025-03-05,2025-03-04,34500,34500,3.794,livrée
CMD-2025-00166,DL-SV-015,F05,2025-01-29,2025-03-12,2025-03-12,49000,49000,3.428,livrée
CMD-2025-00167,DL-SO-007,F08,2025-01-29,2025-03-08,2025-03-13,28500,28500,5.363,livrée
CMD-2025-00168,DL-SV-002,F05,2025-01-29,2025-03-08,2025-03-06,30000,30000,4.257,livrée
CMD-2025-00169,DL-SO-005,F04,2025-01-29,2025-03-07,2025-03-09,37500,37500,2.595,livrée
CMD-2025-00170,DL-BB-001,F02,2025-01-29,2025-03-03,2025-03-01,104000,104000,4.048,livrée
CMD-2025-00171,DL-CA-004,F03,2025-01-29,2025-02-24,2025-03-03,50500,50500,2.988,livrée
CMD-2025-00172,DL-SO-008,F07,2025-01-29,2025-03-13,2025-03-11,13500,13500,4.445,livrée
CMD-2025-00173,DL-DE-001,F03,2025-01-29,2025-02-25,2025-02-22,64000,64000,4.539,livrée
CMD-2025-00174,DL-DE-001,F03,2025-01-29,2025-02-21,2025-02-18,73500,73500,4.335,livrée
CMD-2025-00175,DL-CA-006,F03,2025-01-29,2025-02-24,2025-02-19,36500,36500,2.956,livrée
CMD-2025-00176,DL-CA-011,F02,2025-01-29,2025-03-03,2025-02-27,41000,41000,4.255,livrée
CMD-2025-00177,DL-BB-001,F02,2025-01-30,2025-02-27,2025-03-07,35500,35500,4.116,livrée
CMD-2025-00178,DL-DE-001,F03,2025-01-30,2025-02-27,2025-02-26,14000,14000,4.49,livrée
CMD-2025-00179,DL-DE-001,F03,2025-01-30,2025-02-24,2025-02-24,31500,31500,4.24,livrée
CMD-2025-00180,DL-SV-008,F04,2025-01-30,2025-03-05,2025-03-01,25000,25000,2.97,livrée
CMD-2025-00181,DL-SV-011,F03,2025-01-30,2025-02-21,2025-02-17,31500,31500,3.151,livrée
CMD-2025-00182,DL-HY-006,F03,2025-01-30,2025-02-23,2025-02-20,139500,139500,1.896,livrée
CMD-2025-00183,DL-CA-011,F02,2025-01-30,2025-03-03,2025-03-15,36000,36000,4.292,livrée
CMD-2025-00184,DL-SV-002,F05,2025-01-30,2025-03-14,2025-03-13,36500,36500,3.907,livrée
CMD-2025-00185,DL-CA-006,F03,2025-01-30,2025-02-26,2025-02-26,50000,50000,3.066,livrée
CMD-2025-00186,DL-HY-001,F03,2025-01-30,2025-02-24,2025-02-24,46000,46000,3.388,livrée
CMD-2025-00187,DL-SV-001,F01,2025-01-31,2025-03-01,2025-03-02,34500,34500,3.014,livrée
CMD-2025-00188,DL-HY-003,F06,2025-01-31,2025-03-16,2025-04-01,30500,30500,5.835,livrée
CMD-2025-00189,DL-CA-010,F03,2025-01-31,2025-02-27,2025-02-22,51500,51500,4.103,livrée
CMD-2025-00190,DL-CA-004,F03,2025-01-31,2025-02-22,2025-03-03,48000,48000,3.106,livrée
CMD-2025-00191,DL-BB-003,F05,2025-01-31,2025-03-15,2025-03-10,75000,75000,4.325,livrée
CMD-2025-00192,DL-SV-008,F04,2025-01-31,2025-03-09,2025-03-05,35000,35000,3.213,livrée
CMD-2025-00193,DL-CA-001,F02,2025-01-31,2025-02-28,2025-02-28,120500,120500,5.063,livrée
CMD-2025-00194,DL-DE-002,F07,2025-01-31,2025-03-16,2025-03-17,26500,26500,3.445,livrée
CMD-2025-00195,DL-DE-007,F07,2025-01-31,2025-03-14,2025-03-15,69000,69000,1.826,livrée
CMD-2025-00196,DL-SV-007,F03,2025-01-31,2025-02-23,2025-02-23,92000,92000,4.188,livrée
CMD-2025-00197,DL-SV-010,F04,2025-02-03,2025-03-07,2025-03-02,35500,35500,3.137,livrée
CMD-2025-00198,DL-HY-004,F04,2025-02-03,2025-03-09,2025-03-09,20500,20500,3.71,livrée
CMD-2025-00199,DL-BB-003,F05,2025-02-03,2025-03-12,2025-03-12,31500,31500,4.318,livrée
CMD-2025-00200,DL-BB-004,F01,2025-02-03,2025-03-04,2025-03-03,20500,20500,4.021,livrée
CMD-2025-00201,DL-SV-001,F01,2025-02-03,2025-03-01,2025-02-24,52500,52500,2.835,livrée
CMD-2025-00202,DL-CA-006,F03,2025-02-03,2025-02-26,2025-02-22,21000,21000,2.784,livrée
CMD-2025-00203,DL-CA-006,F03,2025-02-03,2025-02-28,2025-02-24,37000,37000,2.811,livrée
CMD-2025-00204,DL-BB-001,F02,2025-02-03,2025-03-04,2025-03-04,71500,71500,4.044,livrée
CMD-2025-00205,DL-HY-006,F03,2025-02-03,2025-03-03,2025-03-01,27000,27000,1.781,livrée
CMD-2025-00206,DL-CA-010,F03,2025-02-03,2025-02-27,2025-02-28,40500,40500,3.986,livrée
CMD-2025-00207,DL-SV-007,F03,2025-02-03,2025-02-27,2025-02-27,10000,10000,3.862,livrée
CMD-2025-00208,DL-SV-011,F03,2025-02-03,2025-02-27,2025-02-22,105500,105500,2.953,livrée
CMD-2025-00209,DL-DE-008,F06,2025-02-04,2025-03-18,2025-03-17,87500,87500,3.302,livrée
CMD-2025-00210,DL-SV-002,F05,2025-02-04,2025-03-19,2025-03-18,32500,32500,4.217,livrée
CMD-2025-00211,DL-SO-003,F04,2025-02-04,2025-03-14,2025-03-09,25500,25500,3.267,livrée
CMD-2025-00212,DL-SO-004,F04,2025-02-04,2025-03-09,2025-03-13,33500,33500,2.622,livrée
CMD-2025-00213,DL-DE-006,F05,2025-02-04,2025-03-14,2025-03-18,12000,12000,2.092,livrée
CMD-2025-00214,DL-SO-005,F04,2025-02-04,2025-03-14,2025-03-16,41500,41500,2.823,livrée
CMD-2025-00215,DL-BB-001,F02,2025-02-04,2025-03-06,2025-03-05,26000,26000,3.847,livrée
CMD-2025-00216,DL-SO-008,F07,2025-02-04,2025-03-17,2025-03-21,60000,60000,4.614,livrée
CMD-2025-00217,DL-HY-009,F08,2025-02-04,2025-03-13,2025-03-14,32500,32500,2.347,livrée
CMD-2025-00218,DL-SV-002,F05,2025-02-05,2025-03-17,2025-03-15,44000,44000,4.174,livrée
CMD-2025-00219,DL-BB-003,F05,2025-02-05,2025-03-18,2025-03-17,18500,18500,4.445,livrée
CMD-2025-00220,DL-BB-002,F01,2025-02-05,2025-03-04,2025-03-04,87000,87000,3.042,livrée
CMD-2025-00221,DL-SV-001,F01,2025-02-05,2025-03-08,2025-03-03,42500,42500,2.824,livrée
CMD-2025-00222,DL-SO-002,F03,2025-02-05,2025-02-28,2025-02-26,22000,22000,2.603,livrée
CMD-2025-00223,DL-CA-011,F02,2025-02-05,2025-03-10,2025-03-11,38500,38500,4.298,livrée
CMD-2025-00224,DL-SV-015,F05,2025-02-06,2025-03-19,2025-03-14,27000,27000,3.392,livrée
CMD-2025-00225,DL-CA-007,F08,2025-02-06,2025-03-17,2025-03-12,38500,38500,3.647,livrée
CMD-2025-00226,DL-SO-005,F04,2025-02-06,2025-03-10,2025-03-08,69500,69500,2.842,livrée
CMD-2025-00227,DL-CA-003,F02,2025-02-06,2025-03-09,2025-03-08,30500,30500,2.307,livrée
CMD-2025-00228,DL-CA-004,F03,2025-02-07,2025-03-03,2025-03-05,32000,32000,2.845,livrée
CMD-2025-00229,DL-CA-007,F08,2025-02-07,2025-03-16,2025-03-16,17000,17000,3.489,livrée
CMD-2025-00230,DL-BB-003,F05,2025-02-07,2025-03-22,2025-03-23,52500,52500,4.649,livrée
CMD-2025-00231,DL-BB-005,F04,2025-02-07,2025-03-17,2025-03-19,71500,71500,4.87,livrée
CMD-2025-00232,DL-CA-012,F02,2025-02-07,2025-03-06,2025-03-06,48000,48000,3.987,livrée
CMD-2025-00233,DL-HY-006,F03,2025-02-07,2025-03-07,2025-03-09,30000,30000,1.809,livrée
CMD-2025-00234,DL-BB-001,F02,2025-02-07,2025-03-10,2025-03-05,38000,38000,4.142,livrée
CMD-2025-00235,DL-HY-001,F03,2025-02-07,2025-03-07,2025-03-06,50500,50500,3.123,livrée
CMD-2025-00236,DL-BB-006,F07,2025-02-07,2025-03-23,2025-03-22,100000,100000,4.218,livrée
CMD-2025-00237,DL-HY-005,F08,2025-02-07,2025-03-17,2025-03-23,59500,59500,3.189,livrée
CMD-2025-00238,DL-SV-001,F06,2025-02-10,2025-03-28,2025-03-23,46000,46000,2.948,livrée
CMD-2025-00239,DL-SV-001,F01,2025-02-10,2025-03-08,2025-03-17,76500,76500,3.149,livrée
CMD-2025-00240,DL-HY-001,F03,2025-02-10,2025-03-05,2025-03-06,29500,29500,3.016,livrée
CMD-2025-00241,DL-HY-001,F03,2025-02-10,2025-03-08,2025-03-05,16500,16500,3.211,livrée
CMD-2025-00242,DL-SV-006,F03,2025-02-10,2025-03-07,2025-03-05,32000,32000,3.272,livrée
CMD-2025-00243,DL-SV-008,F04,2025-02-10,2025-03-15,2025-03-11,39500,39500,2.952,livrée
CMD-2025-00244,DL-BB-001,F02,2025-02-10,2025-03-11,2025-03-06,33000,33000,3.836,livrée
CMD-2025-00245,DL-SV-014,F04,2025-02-11,2025-03-15,2025-03-14,17000,17000,4.173,livrée
CMD-2025-00246,DL-SV-002,F05,2025-02-11,2025-03-20,2025-03-21,35500,35500,3.847,livrée
CMD-2025-00247,DL-CA-003,F04,2025-02-11,2025-03-16,2025-03-29,33000,33000,2.269,livrée
CMD-2025-00248,DL-DE-001,F03,2025-02-11,2025-03-07,2025-03-27,149000,149000,4.12,livrée
CMD-2025-00249,DL-DE-008,F06,2025-02-11,2025-03-27,2025-04-06,104000,104000,3.396,livrée
CMD-2025-00250,DL-HY-003,F06,2025-02-11,2025-03-30,2025-03-26,16500,16500,5.496,livrée
CMD-2025-00251,DL-SV-015,F05,2025-02-11,2025-03-20,2025-03-18,37500,37500,3.18,livrée
CMD-2025-00252,DL-BB-001,F02,2025-02-11,2025-03-13,2025-03-10,11000,11000,4.025,livrée
CMD-2025-00253,DL-CA-006,F03,2025-02-11,2025-03-07,2025-03-08,41000,41000,2.829,livrée
CMD-2025-00254,DL-CA-011,F02,2025-02-11,2025-03-15,2025-03-17,75000,75000,4.362,livrée
CMD-2025-00255,DL-SV-006,F05,2025-02-11,2025-03-25,2025-04-01,44000,44000,3.014,livrée
CMD-2025-00256,DL-HY-008,F02,2025-02-12,2025-03-14,2025-03-15,20000,20000,1.617,livrée
CMD-2025-00257,DL-DE-001,F03,2025-02-12,2025-03-07,2025-03-05,28000,28000,4.096,livrée
CMD-2025-00258,DL-SV-001,F06,2025-02-12,2025-03-26,2025-03-22,43000,43000,3.081,livrée
CMD-2025-00259,DL-SO-005,F04,2025-02-12,2025-03-17,2025-03-19,20000,20000,2.87,livrée
CMD-2025-00260,DL-HY-006,F03,2025-02-12,2025-03-08,2025-03-10,10000,10000,1.739,livrée
CMD-2025-00261,DL-HY-004,F04,2025-02-12,2025-03-19,2025-03-15,21000,21000,3.817,livrée
CMD-2025-00262,DL-BB-006,F07,2025-02-12,2025-03-24,2025-03-23,62000,62000,3.933,livrée
CMD-2025-00263,DL-HY-008,F03,2025-02-12,2025-03-08,2025-03-03,35500,35500,1.641,livrée
CMD-2025-00264,DL-SV-002,F05,2025-02-12,2025-03-27,2025-03-29,97500,97500,4.039,livrée
CMD-2025-00265,DL-HY-007,F02,2025-02-12,2025-03-13,2025-03-08,81000,81000,2.989,livrée
CMD-2025-00266,DL-SO-008,F07,2025-02-12,2025-03-25,2025-03-31,83500,83500,4.901,livrée
CMD-2025-00267,DL-SV-006,F03,2025-02-13,2025-03-12,2025-03-12,39500,39500,2.939,livrée
CMD-2025-00268,DL-SV-002,F05,2025-02-13,2025-03-25,2025-03-20,38000,38000,4.231,livrée
CMD-2025-00269,DL-HY-004,F03,2025-02-13,2025-03-12,2025-03-07,29000,29000,3.89,livrée
CMD-2025-00270,DL-DE-008,F06,2025-02-13,2025-03-30,2025-03-31,38500,38500,3.412,livrée
CMD-2025-00271,DL-BB-005,F04,2025-02-13,2025-03-18,2025-03-18,100000,100000,5.109,livrée
CMD-2025-00272,DL-HY-001,F03,2025-02-13,2025-03-10,2025-03-10,31000,31000,3.198,livrée
CMD-2025-00273,DL-SO-005,F04,2025-02-13,2025-03-18,2025-03-18,97000,97000,2.551,livrée
CMD-2025-00274,DL-BB-001,F02,2025-02-13,2025-03-17,2025-03-16,89500,89500,3.824,livrée
CMD-2025-00275,DL-DE-006,F05,2025-02-13,2025-03-26,2025-03-26,74000,74000,2.014,livrée
CMD-2025-00276,DL-BB-001,F02,2025-02-13,2025-03-17,2025-03-16,13500,13500,3.963,livrée
CMD-2025-00277,DL-SO-005,F04,2025-02-13,2025-03-18,2025-03-20,35000,35000,2.603,livrée
CMD-2025-00278,DL-CA-003,F04,2025-02-13,2025-03-17,2025-03-12,43500,43500,2.468,livrée
CMD-2025-00279,DL-SV-001,F01,2025-02-14,2025-03-13,2025-03-08,60500,60500,3.115,livrée
CMD-2025-00280,DL-DE-001,F03,2025-02-14,2025-03-09,2025-03-06,51000,51000,4.171,livrée
CMD-2025-00281,DL-BB-001,F02,2025-02-14,2025-03-13,2025-03-08,17500,17500,3.986,livrée
CMD-2025-00282,DL-BB-005,F04,2025-02-14,2025-03-19,2025-03-16,80000,74800,4.776,livrée
CMD-2025-00283,DL-SV-010,F04,2025-02-14,2025-03-24,2025-03-24,73500,73500,2.9,livrée
CMD-2025-00284,DL-HY-004,F04,2025-02-17,2025-03-24,2025-03-24,24500,24500,3.721,livrée
CMD-2025-00285,DL-SV-010,F04,2025-02-17,2025-03-27,2025-03-27,120000,120000,3.079,livrée
CMD-2025-00286,DL-HY-001,F03,2025-02-17,2025-03-11,2025-03-08,38500,38500,3.132,livrée
CMD-2025-00287,DL-SV-001,F01,2025-02-17,2025-03-16,2025-03-16,47000,47000,3.172,livrée
CMD-2025-00288,DL-BB-001,F02,2025-02-17,2025-03-20,2025-03-16,25000,25000,4.127,livrée
CMD-2025-00289,DL-DE-001,F03,2025-02-17,2025-03-11,2025-03-08,52500,52500,4.509,livrée
CMD-2025-00290,DL-SO-003,F04,2025-02-18,2025-03-23,2025-03-31,40500,40500,3.274,livrée
CMD-2025-00291,DL-CA-011,F02,2025-02-18,2025-03-21,2025-03-17,23000,23000,4.312,livrée
CMD-2025-00292,DL-SV-010,F04,2025-02-18,2025-03-25,2025-03-25,28000,28000,3.062,livrée
CMD-2025-00293,DL-CA-003,F04,2025-02-18,2025-03-23,2025-03-19,18000,18000,2.224,livrée
CMD-2025-00294,DL-SV-002,F05,2025-02-18,2025-03-28,2025-03-30,58000,58000,4.114,livrée
CMD-2025-00295,DL-BB-006,F07,2025-02-18,2025-04-02,2025-04-03,91500,91500,4.212,livrée
CMD-2025-00296,DL-SV-001,F06,2025-02-18,2025-04-01,2025-03-30,109500,109500,3.035,livrée
CMD-2025-00297,DL-SV-003,F03,2025-02-18,2025-03-16,2025-03-13,28500,28500,5.106,livrée
CMD-2025-00298,DL-SV-003,F03,2025-02-19,2025-03-19,2025-03-14,73000,73000,5.114,livrée
CMD-2025-00299,DL-CA-001,F02,2025-02-19,2025-03-24,2025-03-22,57500,57500,5.054,livrée
CMD-2025-00300,DL-HY-002,F08,2025-02-19,2025-03-27,2025-03-24,27000,27000,2.159,livrée
CMD-2025-00301,DL-SV-003,F03,2025-02-19,2025-03-15,2025-03-12,83000,83000,4.884,livrée
CMD-2025-00302,DL-DE-001,F03,2025-02-19,2025-03-17,2025-03-13,26000,26000,4.345,livrée
CMD-2025-00303,DL-SV-002,F05,2025-02-19,2025-03-31,2025-04-02,26000,26000,4.091,livrée
CMD-2025-00304,DL-SO-002,F03,2025-02-19,2025-03-18,2025-03-16,22500,22500,2.586,livrée
CMD-2025-00305,DL-CA-012,F03,2025-02-20,2025-03-17,2025-03-16,33500,33500,3.885,livrée
CMD-2025-00306,DL-CA-004,F03,2025-02-20,2025-03-20,2025-03-21,64000,64000,3.07,livrée
CMD-2025-00307,DL-SV-014,F04,2025-02-20,2025-03-28,2025-03-25,16000,16000,3.87,livrée
CMD-2025-00308,DL-CA-011,F02,2025-02-20,2025-03-22,2025-03-23,21000,21000,4.352,livrée
CMD-2025-00309,DL-SV-001,F01,2025-02-20,2025-03-18,2025-03-20,56000,56000,2.824,livrée
CMD-2025-00310,DL-CA-004,F03,2025-02-21,2025-03-18,2025-03-16,56000,56000,3.116,livrée
CMD-2025-00311,DL-DE-007,F07,2025-02-21,2025-04-05,2025-04-05,120500,120500,1.828,livrée
CMD-2025-00312,DL-HY-003,F06,2025-02-21,2025-04-04,2025-04-09,51500,51500,5.605,livrée
CMD-2025-00313,DL-SV-003,F03,2025-02-21,2025-03-20,2025-03-15,150000,150000,4.776,livrée
CMD-2025-00314,DL-SV-014,F04,2025-02-21,2025-03-27,2025-03-23,34500,34500,3.812,livrée
CMD-2025-00315,DL-SV-008,F04,2025-02-21,2025-03-29,2025-03-29,144500,144500,3.0,livrée
CMD-2025-00316,DL-BB-005,F04,2025-02-21,2025-03-25,2025-03-21,150000,150000,4.784,livrée
CMD-2025-00317,DL-CA-004,F03,2025-02-21,2025-03-15,2025-03-14,34500,34500,2.983,livrée
CMD-2025-00318,DL-CA-011,F02,2025-02-21,2025-03-20,2025-03-21,16000,16000,4.483,livrée
CMD-2025-00319,DL-SV-014,F04,2025-02-21,2025-03-25,2025-03-20,31500,31500,4.258,livrée
CMD-2025-00320,DL-SV-002,F05,2025-02-21,2025-04-05,2025-03-31,30500,30500,4.151,livrée
CMD-2025-00321,DL-DE-007,F07,2025-02-24,2025-04-06,2025-04-02,14500,14500,1.721,livrée
CMD-2025-00322,DL-SV-004,F08,2025-02-24,2025-04-02,2025-03-28,45000,45000,2.456,livrée
CMD-2025-00323,DL-HY-002,F08,2025-02-24,2025-03-31,2025-03-26,40000,40000,2.304,livrée
CMD-2025-00324,DL-SV-001,F01,2025-02-24,2025-03-24,2025-03-21,84000,84000,2.939,livrée
CMD-2025-00325,DL-SO-003,F04,2025-02-25,2025-04-02,2025-03-31,77500,77500,3.233,livrée
CMD-2025-00326,DL-BB-001,F02,2025-02-25,2025-03-26,2025-03-25,30500,30500,3.781,livrée
CMD-2025-00327,DL-HY-001,F03,2025-02-25,2025-03-25,2025-03-22,119500,119500,3.068,livrée
CMD-2025-00328,DL-HY-002,F08,2025-02-25,2025-04-05,2025-04-04,64000,64000,2.24,livrée
CMD-2025-00329,DL-SO-005,F04,2025-02-25,2025-04-04,2025-04-05,52000,52000,2.764,livrée
CMD-2025-00330,DL-CA-008,F05,2025-02-25,2025-04-07,2025-04-15,28000,28000,1.564,livrée
CMD-2025-00331,DL-CA-012,F03,2025-02-25,2025-03-23,2025-03-25,61000,61000,4.112,livrée
CMD-2025-00332,DL-SO-005,F04,2025-02-25,2025-03-29,2025-03-27,11000,11000,2.734,livrée
CMD-2025-00333,DL-CA-002,F06,2025-02-25,2025-04-09,2025-04-10,48500,48500,3.796,livrée
CMD-2025-00334,DL-SO-005,F04,2025-02-25,2025-04-01,2025-03-31,126000,126000,2.62,livrée
CMD-2025-00335,DL-DE-008,F06,2025-02-26,2025-04-10,2025-04-12,19500,19500,3.217,livrée
CMD-2025-00336,DL-HY-005,F08,2025-02-26,2025-04-03,2025-04-03,48000,48000,3.277,livrée
CMD-2025-00337,DL-CA-006,F03,2025-02-26,2025-03-25,2025-03-24,150000,150000,2.871,livrée
CMD-2025-00338,DL-HY-006,F03,2025-02-26,2025-03-24,2025-03-25,56500,56500,1.806,livrée
CMD-2025-00339,DL-SO-002,F03,2025-02-26,2025-03-20,2025-03-18,66000,66000,2.573,livrée
CMD-2025-00340,DL-SV-011,F07,2025-02-27,2025-04-07,2025-04-05,53500,53500,3.109,livrée
CMD-2025-00341,DL-HY-001,F03,2025-02-27,2025-03-24,2025-03-20,41500,41500,3.069,livrée
CMD-2025-00342,DL-CA-004,F03,2025-02-27,2025-03-23,2025-03-20,37500,37500,3.16,livrée
CMD-2025-00343,DL-DE-007,F07,2025-02-27,2025-04-09,2025-04-04,46500,46500,1.846,livrée
CMD-2025-00344,DL-HY-006,F03,2025-02-27,2025-03-25,2025-03-20,15000,15000,1.943,livrée
CMD-2025-00345,DL-BB-003,F05,2025-02-27,2025-04-07,2025-04-06,53000,53000,4.445,livrée
CMD-2025-00346,DL-BB-006,F07,2025-02-27,2025-04-10,2025-04-12,45500,45500,3.923,livrée
CMD-2025-00347,DL-DE-007,F07,2025-02-28,2025-04-13,2025-04-13,58500,58500,1.722,livrée
CMD-2025-00348,DL-BB-001,F02,2025-02-28,2025-03-29,2025-03-24,32000,32000,4.034,livrée
CMD-2025-00349,DL-SV-002,F05,2025-02-28,2025-04-08,2025-04-14,62000,62000,3.902,livrée
CMD-2025-00350,DL-DE-008,F06,2025-02-28,2025-04-12,2025-04-13,13500,13500,3.346,livrée
CMD-2025-00351,DL-SV-001,F06,2025-02-28,2025-04-17,2025-04-23,37000,37000,2.864,livrée
CMD-2025-00352,DL-SV-007,F03,2025-02-28,2025-03-25,2025-03-20,116000,116000,4.179,livrée
CMD-2025-00353,DL-CA-004,F03,2025-02-28,2025-03-27,2025-03-23,31000,31000,3.133,livrée
CMD-2025-00354,DL-SO-002,F03,2025-02-28,2025-03-28,2025-03-24,19500,19500,2.791,livrée
CMD-2025-00355,DL-SO-005,F04,2025-03-03,2025-04-08,2025-04-06,142000,142000,2.712,livrée
CMD-2025-00356,DL-SV-008,F04,2025-03-03,2025-04-09,2025-04-11,58500,58500,2.886,livrée
CMD-2025-00357,DL-DE-002,F07,2025-03-03,2025-04-17,2025-04-15,51500,51500,3.587,livrée
CMD-2025-00358,DL-SV-002,F05,2025-03-03,2025-04-15,2025-04-17,72500,72500,3.97,livrée
CMD-2025-00359,DL-SV-003,F03,2025-03-03,2025-03-31,2025-04-02,27000,27000,5.009,livrée
CMD-2025-00360,DL-CA-006,F03,2025-03-03,2025-03-29,2025-03-30,64500,64500,2.807,livrée
CMD-2025-00361,DL-SV-001,F06,2025-03-03,2025-04-18,2025-04-20,44500,44500,3.142,livrée
CMD-2025-00362,DL-HY-001,F03,2025-03-03,2025-03-25,2025-03-20,18000,18000,3.259,livrée
CMD-2025-00363,DL-CA-004,F03,2025-03-03,2025-03-26,2025-03-26,15000,15000,3.031,livrée
CMD-2025-00364,DL-HY-001,F03,2025-03-03,2025-03-30,2025-03-31,77000,77000,3.361,livrée
CMD-2025-00365,DL-SV-015,F05,2025-03-03,2025-04-11,2025-04-07,60500,60500,3.198,livrée
CMD-2025-00366,DL-BB-005,F04,2025-03-03,2025-04-04,2025-04-02,32500,32500,4.667,livrée
CMD-2025-00367,DL-DE-009,F04,2025-03-04,2025-04-08,2025-04-10,32000,32000,4.226,livrée
CMD-2025-00368,DL-DE-002,F07,2025-03-04,2025-04-15,2025-04-15,48500,48500,3.564,livrée
CMD-2025-00369,DL-BB-005,F04,2025-03-04,2025-04-08,2025-04-06,60000,56500,4.975,livrée
CMD-2025-00370,DL-CA-004,F03,2025-03-04,2025-03-29,2025-03-24,10000,10000,3.009,livrée
CMD-2025-00371,DL-HY-002,F08,2025-03-04,2025-04-11,2025-04-10,52500,52500,2.183,livrée
CMD-2025-00372,DL-SV-005,F06,2025-03-04,2025-04-19,2025-05-08,128500,128500,3.491,livrée
CMD-2025-00373,DL-HY-003,F06,2025-03-04,2025-04-21,2025-04-20,98000,98000,5.736,livrée
CMD-2025-00374,DL-CA-001,F02,2025-03-04,2025-04-05,2025-04-04,24500,24500,5.423,livrée
CMD-2025-00375,DL-DE-001,F03,2025-03-04,2025-03-31,2025-03-27,59000,59000,4.093,livrée
CMD-2025-00376,DL-SV-010,F04,2025-03-04,2025-04-08,2025-04-07,78500,78500,3.129,livrée
CMD-2025-00377,DL-DE-002,F07,2025-03-04,2025-04-14,2025-04-09,32000,32000,3.63,livrée
CMD-2025-00378,DL-BB-006,F07,2025-03-05,2025-04-15,2025-04-14,105000,105000,4.301,livrée
CMD-2025-00379,DL-SO-008,F07,2025-03-05,2025-04-16,2025-04-16,80000,68000,4.931,livrée
CMD-2025-00380,DL-SO-005,F04,2025-03-05,2025-04-08,2025-04-09,49000,49000,2.872,livrée
CMD-2025-00381,DL-SV-012,F07,2025-03-05,2025-04-16,2025-04-17,82000,82000,4.043,livrée
CMD-2025-00382,DL-SV-007,F03,2025-03-05,2025-03-30,2025-03-26,33500,33500,3.87,livrée
CMD-2025-00383,DL-CA-008,F05,2025-03-05,2025-04-14,2025-04-10,69000,69000,1.54,livrée
CMD-2025-00384,DL-SO-004,F04,2025-03-05,2025-04-11,2025-04-07,74500,74500,2.786,livrée
CMD-2025-00385,DL-CA-011,F02,2025-03-05,2025-04-05,2025-04-04,33500,28900,4.561,livrée
CMD-2025-00386,DL-SV-003,F03,2025-03-05,2025-04-02,2025-03-30,47000,47000,4.81,livrée
CMD-2025-00387,DL-CA-012,F02,2025-03-05,2025-04-05,2025-04-06,24500,24500,4.343,livrée
CMD-2025-00388,DL-SO-008,F07,2025-03-05,2025-04-16,2025-04-25,10000,10000,4.863,livrée
CMD-2025-00389,DL-SO-002,F03,2025-03-05,2025-03-29,2025-03-25,24500,24500,2.677,livrée
CMD-2025-00390,DL-SO-001,F02,2025-03-05,2025-04-06,2025-04-06,63500,63500,4.107,livrée
CMD-2025-00391,DL-DE-007,F07,2025-03-05,2025-04-19,2025-04-21,68000,68000,1.824,livrée
CMD-2025-00392,DL-BB-004,F01,2025-03-05,2025-04-01,2025-03-29,35000,35000,3.904,livrée
CMD-2025-00393,DL-CA-008,F05,2025-03-05,2025-04-15,2025-04-15,27000,27000,1.657,livrée
CMD-2025-00394,DL-SO-005,F04,2025-03-05,2025-04-07,2025-04-05,25000,25000,2.813,livrée
CMD-2025-00395,DL-SV-015,F05,2025-03-06,2025-04-12,2025-04-22,14500,14500,3.106,livrée
CMD-2025-00396,DL-CA-007,F07,2025-03-06,2025-04-18,2025-04-18,17000,17000,3.682,livrée
CMD-2025-00397,DL-HY-001,F03,2025-03-06,2025-04-03,2025-03-31,24500,24500,3.103,livrée
CMD-2025-00398,DL-DE-007,F07,2025-03-06,2025-04-14,2025-04-16,23500,23500,1.923,livrée
CMD-2025-00399,DL-DE-002,F07,2025-03-06,2025-04-15,2025-04-15,34500,34500,3.518,livrée
CMD-2025-00400,DL-HY-005,F08,2025-03-06,2025-04-15,2025-04-13,43500,37400,3.111,livrée
CMD-2025-00401,DL-SV-001,F01,2025-03-07,2025-04-07,2025-04-03,56500,56500,3.074,livrée
CMD-2025-00402,DL-SV-003,F03,2025-03-07,2025-04-02,2025-04-02,66500,62100,5.258,livrée
CMD-2025-00403,DL-DE-003,F03,2025-03-07,2025-04-04,2025-03-31,70000,70000,4.45,livrée
CMD-2025-00404,DL-CA-006,F03,2025-03-07,2025-04-01,2025-04-03,45500,45500,3.023,livrée
CMD-2025-00405,DL-SO-002,F03,2025-03-07,2025-04-03,2025-03-31,28000,28000,2.72,livrée
CMD-2025-00406,DL-SV-001,F06,2025-03-07,2025-04-23,2025-05-08,58000,58000,2.844,livrée
CMD-2025-00407,DL-SV-008,F04,2025-03-07,2025-04-10,2025-04-10,42500,42500,3.102,livrée
CMD-2025-00408,DL-BB-005,F04,2025-03-07,2025-04-14,2025-04-15,23000,23000,4.809,livrée
CMD-2025-00409,DL-SV-001,F01,2025-03-07,2025-04-03,2025-03-29,39500,39500,3.191,livrée
CMD-2025-00410,DL-CA-004,F03,2025-03-07,2025-04-02,2025-03-31,37000,37000,2.871,livrée
CMD-2025-00411,DL-CA-006,F03,2025-03-07,2025-04-02,2025-03-29,28000,28000,2.827,livrée
CMD-2025-00412,DL-SV-008,F04,2025-03-10,2025-04-15,2025-04-15,39500,39500,2.945,livrée
CMD-2025-00413,DL-HY-007,F02,2025-03-10,2025-04-07,2025-04-03,112500,112500,2.949,livrée
CMD-2025-00414,DL-HY-001,F03,2025-03-10,2025-04-05,2025-04-06,21500,21500,3.107,livrée
CMD-2025-00415,DL-BB-004,F01,2025-03-11,2025-04-07,2025-04-09,30000,30000,3.926,livrée
CMD-2025-00416,DL-SV-002,F05,2025-03-11,2025-04-23,2025-04-21,11000,11000,4.138,livrée
CMD-2025-00417,DL-BB-001,F02,2025-03-11,2025-04-11,2025-04-06,27000,27000,4.0,livrée
CMD-2025-00418,DL-BB-005,F04,2025-03-11,2025-04-16,2025-04-14,75000,75000,5.085,livrée
CMD-2025-00419,DL-BB-005,F04,2025-03-11,2025-04-14,2025-04-15,84000,84000,5.247,livrée
CMD-2025-00420,DL-HY-002,F08,2025-03-11,2025-04-16,2025-04-15,60500,60500,2.388,livrée
CMD-2025-00421,DL-BB-003,F05,2025-03-11,2025-04-21,2025-04-20,127500,127500,4.599,livrée
CMD-2025-00422,DL-HY-003,F06,2025-03-11,2025-04-22,2025-04-23,29000,29000,5.814,livrée
CMD-2025-00423,DL-SO-009,F08,2025-03-11,2025-04-18,2025-04-14,48500,48500,3.112,livrée
CMD-2025-00424,DL-SV-007,F08,2025-03-11,2025-04-18,2025-04-18,21000,21000,4.143,livrée
CMD-2025-00425,DL-SV-001,F06,2025-03-12,2025-04-24,2025-04-24,89000,89000,3.176,livrée
CMD-2025-00426,DL-HY-009,F08,2025-03-12,2025-04-18,2025-04-14,13000,13000,2.497,livrée
CMD-2025-00427,DL-BB-004,F01,2025-03-12,2025-04-12,2025-04-13,61000,61000,3.831,livrée
CMD-2025-00428,DL-SV-006,F03,2025-03-12,2025-04-03,2025-04-05,15500,15500,2.992,livrée
CMD-2025-00429,DL-SV-006,F03,2025-03-12,2025-04-04,2025-04-03,59500,59500,3.197,livrée
CMD-2025-00430,DL-SO-005,F04,2025-03-12,2025-04-17,2025-04-17,40000,40000,2.583,livrée
CMD-2025-00431,DL-SV-014,F04,2025-03-12,2025-04-16,2025-04-11,44500,44500,4.125,livrée
CMD-2025-00432,DL-HY-001,F03,2025-03-13,2025-04-06,2025-04-08,25500,25500,3.354,livrée
CMD-2025-00433,DL-SO-001,F02,2025-03-13,2025-04-14,2025-04-09,19500,19500,4.451,livrée
CMD-2025-00434,DL-SV-014,F04,2025-03-13,2025-04-20,2025-04-21,34500,34500,3.975,livrée
CMD-2025-00435,DL-DE-001,F03,2025-03-13,2025-04-09,2025-04-07,26000,26000,4.575,livrée
CMD-2025-00436,DL-CA-011,F02,2025-03-14,2025-04-15,2025-04-15,26500,26500,4.18,livrée
CMD-2025-00437,DL-SV-002,F05,2025-03-14,2025-04-24,2025-04-20,16500,16500,4.32,livrée
CMD-2025-00438,DL-CA-004,F03,2025-03-14,2025-04-09,2025-04-11,36000,36000,2.957,livrée
CMD-2025-00439,DL-CA-004,F03,2025-03-14,2025-04-11,2025-04-09,10000,10000,3.031,livrée
CMD-2025-00440,DL-DE-001,F03,2025-03-14,2025-04-06,2025-04-01,23000,23000,4.478,livrée
CMD-2025-00441,DL-SV-006,F03,2025-03-14,2025-04-11,2025-04-09,17000,17000,3.114,livrée
CMD-2025-00442,DL-SV-003,F03,2025-03-17,2025-04-08,2025-04-10,69000,69000,5.179,livrée
CMD-2025-00443,DL-SV-006,F03,2025-03-17,2025-04-14,2025-04-15,56500,56500,3.032,livrée
CMD-2025-00444,DL-CA-009,F03,2025-03-17,2025-04-08,2025-04-07,51500,51500,2.409,livrée
CMD-2025-00445,DL-HY-004,F03,2025-03-17,2025-04-10,2025-04-06,109500,109500,3.98,livrée
CMD-2025-00446,DL-SV-014,F04,2025-03-17,2025-04-18,2025-04-14,25000,25000,3.848,livrée
CMD-2025-00447,DL-SV-010,F04,2025-03-17,2025-04-21,2025-04-20,23000,23000,2.886,livrée
CMD-2025-00448,DL-BB-006,F07,2025-03-17,2025-04-29,2025-05-01,23000,23000,4.227,livrée
CMD-2025-00449,DL-HY-001,F03,2025-03-18,2025-04-11,2025-04-06,47000,47000,3.205,livrée
CMD-2025-00450,DL-SO-004,F06,2025-03-18,2025-04-30,2025-04-30,101000,101000,2.649,livrée
CMD-2025-00451,DL-CA-010,F03,2025-03-18,2025-04-15,2025-04-10,78000,78000,4.209,livrée
CMD-2025-00452,DL-DE-001,F03,2025-03-18,2025-04-09,2025-04-07,28500,28500,4.353,livrée
CMD-2025-00453,DL-DE-001,F03,2025-03-18,2025-04-15,2025-04-12,66500,66500,4.319,livrée
CMD-2025-00454,DL-DE-008,F06,2025-03-18,2025-04-29,2025-04-28,87000,87000,3.091,livrée
CMD-2025-00455,DL-SV-001,F01,2025-03-18,2025-04-14,2025-04-09,39500,39500,2.921,livrée
CMD-2025-00456,DL-CA-006,F03,2025-03-18,2025-04-13,2025-04-10,19500,19500,2.762,livrée
CMD-2025-00457,DL-SV-002,F05,2025-03-18,2025-04-24,2025-04-23,64500,64500,4.01,livrée
CMD-2025-00458,DL-CA-004,F03,2025-03-19,2025-04-14,2025-04-11,31500,31500,3.012,livrée
CMD-2025-00459,DL-BB-005,F04,2025-03-19,2025-04-24,2025-04-22,85000,85000,4.832,livrée
CMD-2025-00460,DL-SO-007,F08,2025-03-19,2025-04-27,2025-04-29,92500,92500,5.276,livrée
CMD-2025-00461,DL-HY-006,F03,2025-03-19,2025-04-13,2025-04-08,18000,18000,1.724,livrée
CMD-2025-00462,DL-BB-005,F04,2025-03-19,2025-04-26,2025-04-21,38000,38000,4.817,livrée
CMD-2025-00463,DL-HY-004,F04,2025-03-20,2025-04-21,2025-04-17,20000,20000,4.083,livrée
CMD-2025-00464,DL-HY-004,F04,2025-03-20,2025-04-24,2025-04-21,116000,116000,3.954,livrée
CMD-2025-00465,DL-SV-002,F05,2025-03-20,2025-04-27,2025-04-26,64000,64000,4.023,livrée
CMD-2025-00466,DL-SV-003,F03,2025-03-20,2025-04-12,2025-04-14,46500,46500,4.91,livrée
CMD-2025-00467,DL-SV-001,F01,2025-03-20,2025-04-19,2025-04-18,42000,42000,3.14,livrée
CMD-2025-00468,DL-HY-004,F04,2025-03-20,2025-04-25,2025-04-23,17000,17000,3.695,livrée
CMD-2025-00469,DL-CA-008,F05,2025-03-20,2025-04-26,2025-04-21,30500,30500,1.575,livrée
CMD-2025-00470,DL-DE-008,F06,2025-03-20,2025-05-05,2025-05-05,28500,28500,3.241,livrée
CMD-2025-00471,DL-CA-004,F03,2025-03-20,2025-04-17,2025-04-19,150000,150000,3.172,livrée
CMD-2025-00472,DL-SO-005,F04,2025-03-20,2025-04-26,2025-04-24,40000,40000,2.762,livrée
CMD-2025-00473,DL-BB-001,F02,2025-03-20,2025-04-16,2025-04-12,82000,82000,3.842,livrée
CMD-2025-00474,DL-DE-001,F03,2025-03-21,2025-04-15,2025-04-17,35500,35500,4.48,livrée
CMD-2025-00475,DL-HY-005,F08,2025-03-21,2025-04-29,2025-04-29,42500,42500,3.281,livrée
CMD-2025-00476,DL-SO-003,F04,2025-03-21,2025-04-27,2025-04-25,47000,47000,3.345,livrée
CMD-2025-00477,DL-DE-001,F03,2025-03-21,2025-04-15,2025-04-11,102500,102500,4.111,livrée
CMD-2025-00478,DL-DE-007,F07,2025-03-21,2025-05-02,2025-04-27,52000,52000,1.917,livrée
CMD-2025-00479,DL-CA-005,F03,2025-03-21,2025-04-18,2025-04-18,87000,87000,2.681,livrée
CMD-2025-00480,DL-DE-001,F03,2025-03-21,2025-04-18,2025-04-14,37000,37000,4.488,livrée
CMD-2025-00481,DL-SV-015,F05,2025-03-21,2025-05-01,2025-04-26,34000,34000,3.373,livrée
CMD-2025-00482,DL-DE-001,F03,2025-03-21,2025-04-13,2025-04-13,41000,41000,4.295,livrée
CMD-2025-00483,DL-SV-001,F01,2025-03-21,2025-04-20,2025-04-17,49000,49000,2.831,livrée
CMD-2025-00484,DL-SO-005,F04,2025-03-24,2025-04-28,2025-04-23,55000,55000,2.589,livrée
CMD-2025-00485,DL-DE-006,F05,2025-03-24,2025-04-30,2025-04-27,42500,42500,1.946,livrée
CMD-2025-00486,DL-BB-006,F07,2025-03-24,2025-05-04,2025-04-30,69000,69000,4.253,livrée
CMD-2025-00487,DL-CA-011,F02,2025-03-24,2025-04-22,2025-04-18,49500,49500,4.353,livrée
CMD-2025-00488,DL-HY-005,F08,2025-03-25,2025-05-03,2025-05-01,32000,32000,3.165,livrée
CMD-2025-00489,DL-HY-004,F04,2025-03-25,2025-04-30,2025-05-01,26500,26500,3.67,livrée
CMD-2025-00490,DL-SV-002,F05,2025-03-25,2025-05-04,2025-04-30,19500,19500,4.165,livrée
CMD-2025-00491,DL-SV-001,F06,2025-03-25,2025-05-06,2025-05-02,69000,69000,3.196,livrée
CMD-2025-00492,DL-SV-010,F04,2025-03-25,2025-05-01,2025-04-29,150000,150000,3.003,livrée
CMD-2025-00493,DL-HY-004,F03,2025-03-26,2025-04-18,2025-04-15,22500,22500,4.077,livrée
CMD-2025-00494,DL-SV-010,F04,2025-03-26,2025-04-29,2025-05-02,44500,44500,2.888,livrée
CMD-2025-00495,DL-HY-005,F08,2025-03-26,2025-05-03,2025-05-01,98500,98500,3.249,livrée
CMD-2025-00496,DL-SO-001,F07,2025-03-26,2025-05-05,2025-05-07,31500,31500,4.346,livrée
CMD-2025-00497,DL-HY-004,F04,2025-03-26,2025-04-27,2025-05-06,19000,19000,4.039,livrée
CMD-2025-00498,DL-SO-009,F08,2025-03-26,2025-05-02,2025-05-14,40500,40500,3.273,livrée
CMD-2025-00499,DL-SV-015,F05,2025-03-26,2025-05-05,2025-05-06,17000,17000,3.331,livrée
CMD-2025-00500,DL-SV-015,F05,2025-03-26,2025-05-05,2025-05-01,14000,14000,3.176,livrée
CMD-2025-00501,DL-CA-004,F03,2025-03-26,2025-04-18,2025-04-16,70500,70500,2.931,livrée
CMD-2025-00502,DL-SV-014,F04,2025-03-26,2025-04-28,2025-04-26,26000,26000,4.195,livrée
CMD-2025-00503,DL-BB-003,F05,2025-03-26,2025-05-05,2025-05-05,29000,29000,4.211,livrée
CMD-2025-00504,DL-CA-004,F03,2025-03-26,2025-04-17,2025-04-17,109500,109500,2.998,livrée
CMD-2025-00505,DL-SV-015,F05,2025-03-27,2025-05-04,2025-04-30,47500,47500,3.467,livrée
CMD-2025-00506,DL-BB-004,F01,2025-03-27,2025-04-27,2025-04-28,21000,21000,4.01,livrée
CMD-2025-00507,DL-HY-004,F03,2025-03-27,2025-04-20,2025-04-16,56500,56500,3.72,livrée
CMD-2025-00508,DL-SV-010,F04,2025-03-27,2025-04-29,2025-04-30,36500,36500,3.063,livrée
CMD-2025-00509,DL-SV-002,F05,2025-03-27,2025-05-09,2025-05-05,38000,38000,3.965,livrée
CMD-2025-00510,DL-SV-002,F05,2025-03-27,2025-05-08,2025-05-16,59000,59000,4.113,livrée
CMD-2025-00511,DL-SO-005,F04,2025-03-27,2025-04-30,2025-05-02,29000,29000,2.563,livrée
CMD-2025-00512,DL-SV-002,F05,2025-03-27,2025-05-08,2025-05-19,58500,58500,3.876,livrée
CMD-2025-00513,DL-CA-011,F02,2025-03-28,2025-04-26,2025-04-27,37000,37000,4.299,livrée
CMD-2025-00514,DL-BB-006,F07,2025-03-28,2025-05-10,2025-05-30,10000,10000,3.896,livrée
CMD-2025-00515,DL-HY-009,F08,2025-03-28,2025-05-08,2025-05-09,55000,55000,2.279,livrée
CMD-2025-00516,DL-CA-008,F05,2025-03-28,2025-05-06,2025-05-07,39000,39000,1.473,livrée
CMD-2025-00517,DL-CA-009,F03,2025-03-28,2025-04-19,2025-04-18,28500,28500,2.352,livrée
CMD-2025-00518,DL-SV-010,F04,2025-03-28,2025-04-29,2025-04-30,26000,26000,2.9,livrée
CMD-2025-00519,DL-CA-011,F02,2025-03-28,2025-04-24,2025-04-24,33000,33000,4.285,livrée
CMD-2025-00520,DL-CA-006,F03,2025-03-31,2025-04-24,2025-04-20,32500,32500,2.886,livrée
CMD-2025-00521,DL-HY-004,F04,2025-03-31,2025-05-05,2025-04-30,21500,21500,4.019,livrée
CMD-2025-00522,DL-DE-006,F05,2025-03-31,2025-05-08,2025-05-18,87500,87500,2.12,livrée
CMD-2025-00523,DL-SO-008,F07,2025-03-31,2025-05-10,2025-05-10,32000,32000,5.027,livrée
CMD-2025-00524,DL-SV-007,F03,2025-03-31,2025-04-25,2025-04-20,50000,50000,4.143,livrée
CMD-2025-00525,DL-DE-009,F04,2025-03-31,2025-05-05,2025-05-05,83000,83000,4.119,livrée
CMD-2025-00526,DL-SV-001,F06,2025-03-31,2025-05-16,2025-05-20,22500,22500,2.895,livrée
CMD-2025-00527,DL-BB-001,F02,2025-03-31,2025-04-29,2025-04-25,52500,52500,4.075,livrée
CMD-2025-00528,DL-SO-002,F03,2025-04-01,2025-04-28,2025-04-26,47500,47500,2.516,livrée
CMD-2025-00529,DL-SV-006,F05,2025-04-01,2025-05-13,2025-05-15,20500,19200,3.272,livrée
CMD-2025-00530,DL-SV-011,F07,2025-04-01,2025-05-11,2025-05-07,24500,24500,3.054,livrée
CMD-2025-00531,DL-HY-006,F03,2025-04-01,2025-04-27,2025-04-24,96000,96000,1.742,livrée
CMD-2025-00532,DL-HY-006,F03,2025-04-01,2025-04-27,2025-04-26,34500,34500,1.867,livrée
CMD-2025-00533,DL-DE-006,F05,2025-04-01,2025-05-10,2025-05-09,28500,28500,1.901,livrée
CMD-2025-00534,DL-CA-012,F03,2025-04-01,2025-04-25,2025-04-23,60000,60000,4.216,livrée
CMD-2025-00535,DL-SO-005,F04,2025-04-01,2025-05-08,2025-05-09,37000,37000,2.589,livrée
CMD-2025-00536,DL-HY-004,F03,2025-04-01,2025-04-27,2025-04-27,38000,38000,3.869,livrée
CMD-2025-00537,DL-SV-010,F04,2025-04-02,2025-05-04,2025-05-05,96500,96500,2.93,livrée
CMD-2025-00538,DL-DE-007,F07,2025-04-02,2025-05-14,2025-05-11,94500,94500,1.74,livrée
CMD-2025-00539,DL-SO-002,F03,2025-04-02,2025-04-26,2025-04-21,36000,36000,2.563,livrée
CMD-2025-00540,DL-SV-001,F01,2025-04-02,2025-04-30,2025-04-30,27000,27000,2.974,livrée
CMD-2025-00541,DL-SO-005,F04,2025-04-02,2025-05-04,2025-05-02,51000,51000,2.74,livrée
CMD-2025-00542,DL-SV-006,F03,2025-04-02,2025-04-26,2025-04-28,25500,25500,3.111,livrée
CMD-2025-00543,DL-HY-005,F08,2025-04-02,2025-05-10,2025-05-25,48500,48500,3.223,livrée
CMD-2025-00544,DL-SV-006,F05,2025-04-03,2025-05-16,2025-05-11,58000,58000,2.891,livrée
CMD-2025-00545,DL-SO-003,F04,2025-04-03,2025-05-09,2025-05-07,103500,103500,3.389,livrée
CMD-2025-00546,DL-SV-008,F04,2025-04-03,2025-05-09,2025-05-06,85000,85000,3.079,livrée
CMD-2025-00547,DL-DE-003,F03,2025-04-03,2025-04-27,2025-04-25,30500,30500,4.293,livrée
CMD-2025-00548,DL-DE-001,F03,2025-04-03,2025-04-25,2025-04-21,73000,73000,4.308,livrée
CMD-2025-00549,DL-CA-010,F03,2025-04-03,2025-04-25,2025-04-21,14500,14500,3.748,livrée
CMD-2025-00550,DL-SV-011,F03,2025-04-04,2025-04-30,2025-04-30,72000,72000,2.993,livrée
CMD-2025-00551,DL-BB-005,F04,2025-04-04,2025-05-06,2025-05-07,16500,16500,5.265,livrée
CMD-2025-00552,DL-CA-012,F03,2025-04-04,2025-04-28,2025-04-29,21000,21000,4.293,livrée
CMD-2025-00553,DL-HY-008,F02,2025-04-04,2025-05-05,2025-04-30,37500,37500,1.623,livrée
CMD-2025-00554,DL-SV-002,F05,2025-04-04,2025-05-14,2025-05-22,44500,44500,4.055,livrée
CMD-2025-00555,DL-CA-003,F04,2025-04-04,2025-05-07,2025-05-04,82500,82500,2.375,livrée
CMD-2025-00556,DL-DE-002,F07,2025-04-07,2025-05-17,2025-05-13,129500,129500,3.392,livrée
CMD-2025-00557,DL-SO-004,F06,2025-04-07,2025-05-23,2025-05-22,31000,31000,2.728,livrée
CMD-2025-00558,DL-CA-011,F02,2025-04-07,2025-05-10,2025-05-07,23000,23000,4.195,livrée
CMD-2025-00559,DL-DE-001,F03,2025-04-07,2025-05-02,2025-04-29,42000,42000,4.086,livrée
CMD-2025-00560,DL-SV-008,F04,2025-04-07,2025-05-15,2025-05-13,47000,47000,3.148,livrée
CMD-2025-00561,DL-DE-005,F03,2025-04-07,2025-04-29,2025-04-28,36000,36000,2.953,livrée
CMD-2025-00562,DL-CA-004,F03,2025-04-07,2025-05-02,2025-04-30,81500,81500,2.957,livrée
CMD-2025-00563,DL-BB-005,F04,2025-04-07,2025-05-09,2025-05-10,96000,96000,4.817,livrée
CMD-2025-00564,DL-SV-006,F03,2025-04-08,2025-05-02,2025-05-01,51500,51500,2.909,livrée
CMD-2025-00565,DL-SV-010,F04,2025-04-08,2025-05-12,2025-05-14,82000,82000,2.774,livrée
CMD-2025-00566,DL-HY-001,F03,2025-04-08,2025-05-04,2025-04-29,43000,43000,3.165,livrée
CMD-2025-00567,DL-SV-006,F03,2025-04-08,2025-05-01,2025-04-30,41000,41000,3.208,livrée
CMD-2025-00568,DL-SO-008,F07,2025-04-09,2025-05-24,2025-05-26,19500,19500,4.63,livrée
CMD-2025-00569,DL-HY-001,F03,2025-04-09,2025-05-06,2025-05-01,10000,10000,3.27,livrée
CMD-2025-00570,DL-DE-006,F05,2025-04-09,2025-05-19,2025-05-31,62000,62000,2.06,livrée
CMD-2025-00571,DL-SV-002,F05,2025-04-09,2025-05-20,2025-05-18,100500,100500,4.123,livrée
CMD-2025-00572,DL-HY-004,F04,2025-04-09,2025-05-13,2025-05-23,141000,141000,3.791,livrée
CMD-2025-00573,DL-SO-002,F03,2025-04-09,2025-05-01,2025-05-01,78500,78500,2.624,livrée
CMD-2025-00574,DL-DE-003,F03,2025-04-09,2025-05-02,2025-05-04,40000,40000,4.024,livrée
CMD-2025-00575,DL-CA-006,F03,2025-04-09,2025-05-05,2025-05-07,14500,14500,2.854,livrée
CMD-2025-00576,DL-SO-004,F04,2025-04-09,2025-05-12,2025-05-13,28500,28500,2.644,livrée
CMD-2025-00577,DL-SO-007,F06,2025-04-09,2025-05-24,2025-05-30,106500,106500,5.327,livrée
CMD-2025-00578,DL-CA-011,F02,2025-04-09,2025-05-08,2025-05-04,38500,38500,4.168,livrée
CMD-2025-00579,DL-SO-002,F03,2025-04-09,2025-05-03,2025-05-04,60000,60000,2.742,livrée
CMD-2025-00580,DL-SV-008,F04,2025-04-10,2025-05-12,2025-05-08,56500,56500,2.932,livrée
CMD-2025-00581,DL-HY-006,F03,2025-04-10,2025-05-06,2025-05-01,66500,66500,1.764,livrée
CMD-2025-00582,DL-DE-006,F05,2025-04-10,2025-05-20,2025-05-16,28500,28500,1.951,livrée
CMD-2025-00583,DL-DE-001,F03,2025-04-10,2025-05-07,2025-05-02,124000,124000,4.457,livrée
CMD-2025-00584,DL-CA-010,F03,2025-04-11,2025-05-04,2025-04-30,70500,70500,3.76,livrée
CMD-2025-00585,DL-SO-001,F02,2025-04-11,2025-05-11,2025-05-11,26500,26500,4.348,livrée
CMD-2025-00586,DL-SV-002,F05,2025-04-11,2025-05-22,2025-05-22,54500,54500,4.096,livrée
CMD-2025-00587,DL-SV-011,F03,2025-04-11,2025-05-05,2025-05-01,10000,10000,2.991,livrée
CMD-2025-00588,DL-CA-004,F03,2025-04-14,2025-05-07,2025-05-02,71000,71000,3.009,livrée
CMD-2025-00589,DL-SV-006,F03,2025-04-14,2025-05-12,2025-05-24,40000,40000,3.12,livrée
CMD-2025-00590,DL-SO-004,F04,2025-04-14,2025-05-16,2025-05-13,74000,74000,2.654,livrée
CMD-2025-00591,DL-HY-001,F03,2025-04-14,2025-05-11,2025-05-13,53500,53500,3.19,livrée
CMD-2025-00592,DL-HY-006,F03,2025-04-14,2025-05-08,2025-05-10,49000,49000,1.907,livrée
CMD-2025-00593,DL-CA-003,F02,2025-04-14,2025-05-17,2025-05-15,42500,42500,2.52,livrée
CMD-2025-00594,DL-HY-004,F04,2025-04-14,2025-05-20,2025-05-28,36500,36500,3.901,livrée
CMD-2025-00595,DL-HY-002,F08,2025-04-15,2025-05-25,2025-05-21,54500,54500,2.228,livrée
CMD-2025-00596,DL-SV-010,F04,2025-04-15,2025-05-22,2025-05-21,31000,31000,2.765,livrée
CMD-2025-00597,DL-HY-001,F03,2025-04-15,2025-05-13,2025-05-14,27500,27500,3.1,livrée
CMD-2025-00598,DL-SO-005,F04,2025-04-15,2025-05-23,2025-05-22,137000,137000,2.674,livrée
CMD-2025-00599,DL-SV-015,F05,2025-04-15,2025-05-22,2025-05-19,23000,23000,3.11,livrée
CMD-2025-00600,DL-HY-002,F08,2025-04-15,2025-05-23,2025-05-20,75000,75000,2.201,livrée
CMD-2025-00601,DL-BB-006,F07,2025-04-15,2025-05-26,2025-05-24,100000,100000,3.906,livrée
CMD-2025-00602,DL-DE-005,F03,2025-04-16,2025-05-14,2025-05-21,30500,30500,3.1,livrée
CMD-2025-00603,DL-SV-004,F08,2025-04-16,2025-05-22,2025-06-01,17500,17500,2.328,livrée
CMD-2025-00604,DL-SV-002,F05,2025-04-16,2025-05-26,2025-05-23,150000,150000,4.21,livrée
CMD-2025-00605,DL-SV-001,F01,2025-04-16,2025-05-11,2025-05-06,31500,31500,2.848,livrée
CMD-2025-00606,DL-HY-002,F08,2025-04-16,2025-05-26,2025-05-26,21500,21500,2.224,livrée
CMD-2025-00607,DL-DE-007,F07,2025-04-16,2025-05-29,2025-05-29,37000,37000,1.752,livrée
CMD-2025-00608,DL-HY-002,F08,2025-04-16,2025-05-26,2025-05-22,13000,13000,2.191,livrée
CMD-2025-00609,DL-HY-002,F08,2025-04-16,2025-05-26,2025-05-28,74000,74000,2.238,livrée
CMD-2025-00610,DL-SO-005,F04,2025-04-16,2025-05-22,2025-05-23,50500,50500,2.603,livrée
CMD-2025-00611,DL-SV-010,F04,2025-04-17,2025-05-25,2025-05-26,37500,37500,2.896,livrée
CMD-2025-00612,DL-SO-003,F04,2025-04-17,2025-05-22,2025-05-18,33500,33500,3.381,livrée
CMD-2025-00613,DL-HY-008,F02,2025-04-17,2025-05-14,2025-05-14,34500,34500,1.461,livrée
CMD-2025-00614,DL-SO-003,F07,2025-04-17,2025-06-01,2025-05-29,125500,125500,3.322,livrée
CMD-2025-00615,DL-DE-008,F06,2025-04-17,2025-06-04,2025-06-02,99500,99500,3.192,livrée
CMD-2025-00616,DL-CA-005,F03,2025-04-18,2025-05-13,2025-05-09,125000,125000,2.871,livrée
CMD-2025-00617,DL-SV-001,F01,2025-04-18,2025-05-16,2025-05-18,99500,99500,3.161,livrée
CMD-2025-00618,DL-HY-001,F03,2025-04-18,2025-05-11,2025-05-09,34000,34000,3.375,livrée
CMD-2025-00619,DL-SO-001,F02,2025-04-18,2025-05-17,2025-05-18,38500,38500,4.442,livrée
CMD-2025-00620,DL-SV-014,F04,2025-04-18,2025-05-22,2025-05-22,28500,28500,4.116,livrée
CMD-2025-00621,DL-CA-008,F05,2025-04-18,2025-05-30,2025-05-29,20500,20500,1.57,livrée
CMD-2025-00622,DL-HY-002,F08,2025-04-18,2025-05-27,2025-05-24,10000,10000,2.383,livrée
CMD-2025-00623,DL-SV-006,F05,2025-04-18,2025-05-28,2025-05-24,30500,30500,3.176,livrée
CMD-2025-00624,DL-CA-010,F03,2025-04-18,2025-05-16,2025-05-14,57500,57500,3.849,livrée
CMD-2025-00625,DL-SV-001,F06,2025-04-21,2025-06-07,2025-06-11,48000,48000,2.872,livrée
CMD-2025-00626,DL-SV-003,F03,2025-04-21,2025-05-14,2025-05-09,39000,39000,5.253,livrée
CMD-2025-00627,DL-SO-007,F08,2025-04-21,2025-05-26,2025-05-25,38000,38000,4.854,livrée
CMD-2025-00628,DL-SO-003,F04,2025-04-21,2025-05-23,2025-05-25,29000,29000,3.429,livrée
CMD-2025-00629,DL-SV-008,F04,2025-04-21,2025-05-27,2025-05-28,42500,42500,3.092,livrée
CMD-2025-00630,DL-HY-007,F02,2025-04-21,2025-05-21,2025-05-16,123000,123000,2.962,livrée
CMD-2025-00631,DL-SO-002,F03,2025-04-21,2025-05-19,2025-05-16,30000,30000,2.52,livrée
CMD-2025-00632,DL-HY-005,F08,2025-04-22,2025-05-28,2025-05-28,27000,27000,2.971,livrée
CMD-2025-00633,DL-SV-001,F01,2025-04-22,2025-05-21,2025-05-18,34000,34000,2.881,livrée
CMD-2025-00634,DL-SV-003,F03,2025-04-22,2025-05-16,2025-05-18,150000,150000,4.931,livrée
CMD-2025-00635,DL-SO-007,F08,2025-04-22,2025-06-02,2025-06-03,122000,122000,5.468,livrée
CMD-2025-00636,DL-SV-002,F05,2025-04-22,2025-05-31,2025-05-27,21500,21500,3.994,livrée
CMD-2025-00637,DL-HY-004,F04,2025-04-22,2025-05-25,2025-05-25,20000,20000,3.977,livrée
CMD-2025-00638,DL-SO-005,F04,2025-04-22,2025-05-30,2025-05-29,35500,35500,2.766,livrée
CMD-2025-00639,DL-BB-001,F02,2025-04-22,2025-05-19,2025-05-21,90000,90000,4.045,livrée
CMD-2025-00640,DL-CA-008,F05,2025-04-22,2025-05-31,2025-05-30,18000,18000,1.544,livrée
CMD-2025-00641,DL-DE-009,F02,2025-04-22,2025-05-25,2025-05-26,46500,46500,3.857,livrée
CMD-2025-00642,DL-DE-001,F03,2025-04-22,2025-05-16,2025-05-15,29000,29000,4.545,livrée
CMD-2025-00643,DL-SV-002,F05,2025-04-23,2025-05-31,2025-05-31,29000,29000,4.348,livrée
CMD-2025-00644,DL-SV-013,F02,2025-04-23,2025-05-26,2025-05-28,80500,80500,2.979,livrée
CMD-2025-00645,DL-BB-006,F07,2025-04-23,2025-06-05,2025-06-03,43000,43000,3.932,livrée
CMD-2025-00646,DL-SV-004,F08,2025-04-23,2025-05-29,2025-05-27,143000,143000,2.371,livrée
CMD-2025-00647,DL-BB-005,F04,2025-04-23,2025-05-25,2025-05-27,34000,34000,4.925,livrée
CMD-2025-00648,DL-DE-001,F03,2025-04-23,2025-05-21,2025-05-23,18500,18500,4.585,livrée
CMD-2025-00649,DL-BB-006,F07,2025-04-24,2025-06-04,2025-06-05,21000,21000,4.0,livrée
CMD-2025-00650,DL-SV-008,F04,2025-04-24,2025-05-27,2025-05-28,27000,27000,3.224,livrée
CMD-2025-00651,DL-HY-001,F03,2025-04-24,2025-05-18,2025-05-19,38000,38000,3.218,livrée
CMD-2025-00652,DL-BB-005,F04,2025-04-24,2025-05-29,2025-05-25,22500,22500,5.29,livrée
CMD-2025-00653,DL-DE-006,F05,2025-04-24,2025-05-31,2025-05-31,33000,33000,1.998,livrée
CMD-2025-00654,DL-BB-006,F07,2025-04-24,2025-06-03,2025-06-01,20500,20500,4.096,livrée
CMD-2025-00655,DL-CA-006,F03,2025-04-24,2025-05-17,2025-05-12,21000,21000,2.75,livrée
CMD-2025-00656,DL-BB-001,F02,2025-04-24,2025-05-23,2025-05-21,87000,87000,4.196,livrée
CMD-2025-00657,DL-BB-005,F04,2025-04-24,2025-05-30,2025-05-26,18000,18000,4.877,livrée
CMD-2025-00658,DL-SV-006,F03,2025-04-25,2025-05-22,2025-05-21,64500,64500,3.195,livrée
CMD-2025-00659,DL-SO-008,F07,2025-04-25,2025-06-03,2025-06-01,47500,47500,4.974,livrée
CMD-2025-00660,DL-SV-001,F01,2025-04-25,2025-05-20,2025-05-28,42000,42000,2.914,livrée
CMD-2025-00661,DL-SV-006,F03,2025-04-25,2025-05-22,2025-05-23,67000,67000,3.215,livrée
CMD-2025-00662,DL-BB-005,F04,2025-04-25,2025-05-31,2025-05-31,29500,29500,4.875,livrée
CMD-2025-00663,DL-CA-006,F03,2025-04-28,2025-05-23,2025-05-21,33000,33000,2.954,livrée
CMD-2025-00664,DL-CA-004,F03,2025-04-28,2025-05-22,2025-05-17,57500,57500,2.88,livrée
CMD-2025-00665,DL-HY-003,F06,2025-04-28,2025-06-11,2025-06-07,36500,36500,5.556,livrée
CMD-2025-00666,DL-HY-004,F04,2025-04-28,2025-06-02,2025-06-01,32000,32000,3.82,livrée
CMD-2025-00667,DL-SO-007,F08,2025-04-28,2025-06-04,2025-05-30,31500,31500,5.021,livrée
CMD-2025-00668,DL-HY-004,F04,2025-04-28,2025-06-01,2025-05-28,30000,30000,3.982,livrée
CMD-2025-00669,DL-SV-011,F03,2025-04-28,2025-05-20,2025-05-20,24000,24000,2.806,livrée
CMD-2025-00670,DL-BB-001,F02,2025-04-28,2025-05-26,2025-05-24,19000,19000,4.174,livrée
CMD-2025-00671,DL-CA-004,F03,2025-04-28,2025-05-23,2025-05-25,86000,86000,3.201,livrée
CMD-2025-00672,DL-BB-005,F04,2025-04-28,2025-05-31,2025-05-30,144000,144000,5.15,livrée
CMD-2025-00673,DL-SO-003,F07,2025-04-28,2025-06-10,2025-06-06,29500,29500,3.451,livrée
CMD-2025-00674,DL-DE-004,F08,2025-04-28,2025-06-03,2025-06-05,32500,32500,5.188,livrée
CMD-2025-00675,DL-HY-001,F03,2025-04-29,2025-05-26,2025-05-27,33500,33500,3.336,livrée
CMD-2025-00676,DL-DE-001,F03,2025-04-29,2025-05-24,2025-05-25,25500,25500,4.086,livrée
CMD-2025-00677,DL-SV-002,F05,2025-04-29,2025-06-05,2025-06-02,10000,10000,4.004,livrée
CMD-2025-00678,DL-BB-006,F01,2025-04-29,2025-05-27,2025-05-27,14500,14500,4.269,livrée
CMD-2025-00679,DL-CA-004,F03,2025-04-29,2025-05-24,2025-05-26,66000,66000,3.223,livrée
CMD-2025-00680,DL-HY-005,F08,2025-04-29,2025-06-08,2025-06-04,38500,38500,3.254,livrée
CMD-2025-00681,DL-HY-002,F08,2025-04-29,2025-06-03,2025-05-31,43500,43500,2.395,livrée
CMD-2025-00682,DL-HY-002,F08,2025-04-29,2025-06-07,2025-06-08,121000,121000,2.343,livrée
CMD-2025-00683,DL-SO-004,F06,2025-04-29,2025-06-11,2025-06-13,18000,18000,2.657,livrée
CMD-2025-00684,DL-SO-005,F04,2025-04-30,2025-06-07,2025-06-12,83500,83500,2.849,livrée
CMD-2025-00685,DL-BB-003,F05,2025-04-30,2025-06-12,2025-06-11,38500,38500,4.617,livrée
CMD-2025-00686,DL-SV-012,F07,2025-04-30,2025-06-08,2025-06-09,36000,36000,4.058,livrée
CMD-2025-00687,DL-SV-015,F05,2025-04-30,2025-06-06,2025-06-07,63000,63000,3.385,livrée
CMD-2025-00688,DL-CA-010,F03,2025-04-30,2025-05-23,2025-05-21,39000,39000,4.148,livrée
CMD-2025-00689,DL-HY-001,F03,2025-04-30,2025-05-28,2025-05-30,38500,38500,3.296,livrée
CMD-2025-00690,DL-CA-001,F02,2025-04-30,2025-05-28,2025-05-30,64500,64500,5.54,livrée
CMD-2025-00691,DL-HY-001,F03,2025-04-30,2025-05-25,2025-05-23,52500,52500,3.221,livrée
CMD-2025-00692,DL-HY-004,F04,2025-05-01,2025-06-07,2025-06-09,29500,29500,4.066,livrée
CMD-2025-00693,DL-DE-007,F07,2025-05-01,2025-06-15,2025-06-11,13500,13500,1.803,livrée
CMD-2025-00694,DL-SV-001,F01,2025-05-01,2025-05-29,2025-05-31,11500,11500,2.865,livrée
CMD-2025-00695,DL-CA-011,F02,2025-05-01,2025-06-03,2025-05-30,15000,15000,4.335,livrée
CMD-2025-00696,DL-DE-009,F04,2025-05-01,2025-06-04,2025-06-03,43500,43500,4.067,livrée
CMD-2025-00697,DL-SV-003,F03,2025-05-01,2025-05-26,2025-05-21,30000,30000,5.025,livrée
CMD-2025-00698,DL-SO-009,F08,2025-05-01,2025-06-11,2025-06-12,22000,22000,2.901,livrée
CMD-2025-00699,DL-HY-004,F04,2025-05-01,2025-06-04,2025-06-05,68500,68500,3.947,livrée
CMD-2025-00700,DL-HY-004,F04,2025-05-01,2025-06-06,2025-06-04,30000,30000,4.001,livrée
CMD-2025-00701,DL-CA-004,F03,2025-05-01,2025-05-23,2025-05-20,61000,61000,3.074,livrée
CMD-2025-00702,DL-CA-011,F02,2025-05-01,2025-06-02,2025-06-04,12500,12500,4.326,livrée
CMD-2025-00703,DL-SO-003,F07,2025-05-01,2025-06-12,2025-06-08,44500,44500,3.557,livrée
CMD-2025-00704,DL-HY-001,F03,2025-05-01,2025-05-26,2025-05-25,45000,45000,3.179,livrée
CMD-2025-00705,DL-CA-010,F03,2025-05-02,2025-05-24,2025-05-26,98000,98000,3.983,livrée
CMD-2025-00706,DL-SV-006,F03,2025-05-02,2025-05-28,2025-05-29,40500,40500,3.074,livrée
CMD-2025-00707,DL-SV-007,F03,2025-05-02,2025-05-27,2025-05-26,26000,26000,4.127,livrée
CMD-2025-00708,DL-SO-005,F04,2025-05-02,2025-06-09,2025-06-11,31500,31500,2.88,livrée
CMD-2025-00709,DL-SV-001,F01,2025-05-02,2025-05-29,2025-05-30,48000,48000,2.82,livrée
CMD-2025-00710,DL-CA-004,F03,2025-05-02,2025-05-28,2025-05-25,105000,105000,3.013,livrée
CMD-2025-00711,DL-CA-011,F02,2025-05-02,2025-05-29,2025-05-27,35000,35000,4.593,livrée
CMD-2025-00712,DL-SV-001,F01,2025-05-02,2025-05-29,2025-05-25,65000,65000,2.889,livrée
CMD-2025-00713,DL-CA-005,F03,2025-05-05,2025-05-29,2025-05-25,52500,52500,2.771,livrée
CMD-2025-00714,DL-DE-001,F03,2025-05-05,2025-05-30,2025-05-26,20500,20500,4.21,livrée
CMD-2025-00715,DL-DE-001,F03,2025-05-05,2025-06-02,2025-05-28,32500,31400,4.564,livrée
CMD-2025-00716,DL-SV-010,F04,2025-05-05,2025-06-09,2025-06-07,51000,51000,2.951,livrée
CMD-2025-00717,DL-CA-011,F02,2025-05-05,2025-06-03,2025-06-02,96000,96000,4.559,livrée
CMD-2025-00718,DL-DE-001,F03,2025-05-05,2025-05-29,2025-05-28,62000,62000,4.151,livrée
CMD-2025-00719,DL-BB-005,F04,2025-05-05,2025-06-09,2025-06-09,61500,61500,4.895,livrée
CMD-2025-00720,DL-CA-011,F02,2025-05-05,2025-06-02,2025-06-01,78000,78000,4.15,livrée
CMD-2025-00721,DL-SV-011,F07,2025-05-06,2025-06-15,2025-06-10,70000,70000,2.927,livrée
CMD-2025-00722,DL-DE-008,F06,2025-05-06,2025-06-19,2025-06-19,80000,80000,3.275,livrée
CMD-2025-00723,DL-SV-001,F01,2025-05-06,2025-06-04,2025-05-31,31000,31000,2.973,livrée
CMD-2025-00724,DL-HY-007,F02,2025-05-06,2025-06-07,2025-06-04,20000,20000,2.918,livrée
CMD-2025-00725,DL-DE-007,F07,2025-05-06,2025-06-15,2025-06-14,46500,46500,1.926,livrée
CMD-2025-00726,DL-DE-007,F07,2025-05-06,2025-06-19,2025-06-21,39500,39500,1.723,livrée
CMD-2025-00727,DL-BB-005,F04,2025-05-06,2025-06-09,2025-06-09,10000,10000,4.739,livrée
CMD-2025-00728,DL-BB-002,F01,2025-05-06,2025-06-06,2025-06-02,45000,45000,3.2,livrée
CMD-2025-00729,DL-SV-010,F04,2025-05-06,2025-06-08,2025-06-05,25500,25500,2.879,livrée
CMD-2025-00730,DL-SV-012,F07,2025-05-06,2025-06-19,2025-06-16,35000,35000,3.753,livrée
CMD-2025-00731,DL-DE-008,F06,2025-05-06,2025-06-23,2025-06-30,49000,49000,3.111,livrée
CMD-2025-00732,DL-SO-002,F03,2025-05-06,2025-05-28,2025-05-24,51000,51000,2.51,livrée
CMD-2025-00733,DL-SO-007,F08,2025-05-07,2025-06-16,2025-06-12,150000,150000,5.042,livrée
CMD-2025-00734,DL-BB-005,F04,2025-05-07,2025-06-13,2025-06-14,150000,150000,5.255,livrée
CMD-2025-00735,DL-SV-012,F07,2025-05-07,2025-06-15,2025-06-13,64000,64000,3.915,livrée
CMD-2025-00736,DL-CA-008,F05,2025-05-07,2025-06-14,2025-06-11,36500,36500,1.536,livrée
CMD-2025-00737,DL-SO-007,F08,2025-05-07,2025-06-12,2025-06-10,22500,22500,5.37,livrée
CMD-2025-00738,DL-CA-012,F03,2025-05-07,2025-06-02,2025-05-31,68500,68500,4.132,livrée
CMD-2025-00739,DL-HY-006,F03,2025-05-07,2025-06-01,2025-05-28,24000,20900,1.905,livrée
CMD-2025-00740,DL-HY-001,F03,2025-05-07,2025-06-04,2025-05-30,32000,32000,3.221,livrée
CMD-2025-00741,DL-BB-003,F05,2025-05-07,2025-06-19,2025-06-14,38500,38500,4.45,livrée
CMD-2025-00742,DL-CA-008,F05,2025-05-07,2025-06-18,2025-06-18,66500,66500,1.503,livrée
CMD-2025-00743,DL-SV-001,F01,2025-05-07,2025-06-03,2025-06-03,31000,31000,3.057,livrée
CMD-2025-00744,DL-BB-006,F07,2025-05-08,2025-06-18,2025-06-20,57500,57500,3.865,livrée
CMD-2025-00745,DL-CA-004,F03,2025-05-08,2025-06-02,2025-06-23,37500,37500,2.993,livrée
CMD-2025-00746,DL-SV-002,F05,2025-05-08,2025-06-16,2025-06-30,68000,68000,4.199,livrée
CMD-2025-00747,DL-BB-003,F05,2025-05-08,2025-06-20,2025-06-21,26500,26500,4.107,livrée
CMD-2025-00748,DL-DE-001,F03,2025-05-08,2025-06-02,2025-06-01,49500,49500,4.212,livrée
CMD-2025-00749,DL-DE-002,F07,2025-05-08,2025-06-20,2025-06-20,72000,72000,3.538,livrée
CMD-2025-00750,DL-SV-001,F01,2025-05-09,2025-06-06,2025-06-05,10000,10000,2.948,livrée
CMD-2025-00751,DL-CA-012,F03,2025-05-09,2025-05-31,2025-06-01,73000,73000,4.213,livrée
CMD-2025-00752,DL-SO-009,F08,2025-05-09,2025-06-15,2025-06-10,14000,14000,2.936,livrée
CMD-2025-00753,DL-CA-006,F03,2025-05-09,2025-06-03,2025-06-04,25500,25500,2.864,livrée
CMD-2025-00754,DL-CA-012,F03,2025-05-09,2025-06-05,2025-06-01,26000,26000,4.156,livrée
CMD-2025-00755,DL-SV-010,F04,2025-05-09,2025-06-16,2025-06-15,53500,53500,3.034,livrée
CMD-2025-00756,DL-CA-011,F02,2025-05-09,2025-06-11,2025-06-13,29000,29000,4.366,livrée
CMD-2025-00757,DL-CA-004,F03,2025-05-09,2025-06-02,2025-05-29,34500,34500,3.127,livrée
CMD-2025-00758,DL-SO-005,F04,2025-05-09,2025-06-11,2025-06-19,103000,103000,2.675,livrée
CMD-2025-00759,DL-SO-008,F07,2025-05-12,2025-06-23,2025-06-24,35000,35000,5.019,livrée
CMD-2025-00760,DL-SV-007,F03,2025-05-12,2025-06-07,2025-06-06,36000,36000,4.103,livrée
CMD-2025-00761,DL-CA-004,F03,2025-05-12,2025-06-05,2025-06-06,22500,22500,2.946,livrée
CMD-2025-00762,DL-SV-015,F05,2025-05-12,2025-06-22,2025-06-18,22500,22500,3.285,livrée
CMD-2025-00763,DL-CA-010,F03,2025-05-12,2025-06-04,2025-05-30,39000,39000,4.024,livrée
CMD-2025-00764,DL-HY-006,F03,2025-05-12,2025-06-04,2025-06-06,103000,103000,1.921,livrée
CMD-2025-00765,DL-DE-001,F03,2025-05-12,2025-06-04,2025-06-01,11000,11000,4.378,livrée
CMD-2025-00766,DL-SV-006,F03,2025-05-12,2025-06-05,2025-05-31,49500,49500,3.084,livrée
CMD-2025-00767,DL-DE-006,F05,2025-05-12,2025-06-22,2025-06-20,58500,58500,2.135,livrée
CMD-2025-00768,DL-CA-008,F05,2025-05-12,2025-06-21,2025-06-25,46000,46000,1.524,livrée
CMD-2025-00769,DL-HY-004,F04,2025-05-12,2025-06-16,2025-06-18,32500,32500,3.94,livrée
CMD-2025-00770,DL-BB-001,F02,2025-05-12,2025-06-08,2025-06-03,41500,41500,4.151,livrée
CMD-2025-00771,DL-HY-007,F02,2025-05-12,2025-06-11,2025-06-08,29000,29000,2.821,livrée
CMD-2025-00772,DL-SV-007,F03,2025-05-12,2025-06-09,2025-06-06,63000,63000,3.928,livrée
CMD-2025-00773,DL-DE-007,F07,2025-05-13,2025-06-25,2025-07-05,59000,59000,1.744,livrée
CMD-2025-00774,DL-SO-007,F08,2025-05-13,2025-06-19,2025-06-17,10500,10500,5.256,livrée
CMD-2025-00775,DL-SV-011,F03,2025-05-13,2025-06-08,2025-06-08,46000,46000,3.162,livrée
CMD-2025-00776,DL-CA-004,F03,2025-05-13,2025-06-04,2025-06-05,45500,45500,3.178,livrée
CMD-2025-00777,DL-HY-001,F03,2025-05-13,2025-06-08,2025-06-10,28000,28000,3.283,livrée
CMD-2025-00778,DL-SO-009,F06,2025-05-13,2025-06-29,2025-06-25,36500,36500,3.13,livrée
CMD-2025-00779,DL-SO-007,F08,2025-05-13,2025-06-18,2025-06-19,31500,31500,5.466,livrée
CMD-2025-00780,DL-SV-001,F01,2025-05-13,2025-06-12,2025-06-13,74000,74000,3.001,livrée
CMD-2025-00781,DL-HY-001,F03,2025-05-13,2025-06-06,2025-06-02,33500,33500,3.229,livrée
CMD-2025-00782,DL-SO-005,F04,2025-05-13,2025-06-20,2025-06-20,81500,81500,2.813,livrée
CMD-2025-00783,DL-HY-004,F04,2025-05-13,2025-06-16,2025-06-18,84000,84000,3.718,livrée
CMD-2025-00784,DL-BB-005,F04,2025-05-13,2025-06-20,2025-06-17,24500,24500,4.745,livrée
CMD-2025-00785,DL-SV-010,F04,2025-05-14,2025-06-16,2025-06-14,58500,58500,2.824,livrée
CMD-2025-00786,DL-SO-002,F03,2025-05-14,2025-06-09,2025-06-10,29500,29500,2.617,livrée
CMD-2025-00787,DL-HY-009,F08,2025-05-14,2025-06-21,2025-06-20,24500,24500,2.504,livrée
CMD-2025-00788,DL-SO-004,F06,2025-05-14,2025-06-29,2025-06-26,52000,52000,2.925,livrée
CMD-2025-00789,DL-HY-003,F06,2025-05-14,2025-06-27,2025-06-27,82000,82000,5.548,livrée
CMD-2025-00790,DL-SV-001,F01,2025-05-14,2025-06-11,2025-06-11,102000,102000,2.888,livrée
CMD-2025-00791,DL-SV-001,F01,2025-05-14,2025-06-08,2025-06-07,53000,53000,2.864,livrée
CMD-2025-00792,DL-HY-004,F03,2025-05-14,2025-06-08,2025-06-06,33500,33500,3.649,livrée
CMD-2025-00793,DL-DE-001,F03,2025-05-15,2025-06-08,2025-06-03,43000,43000,4.436,livrée
CMD-2025-00794,DL-HY-001,F03,2025-05-15,2025-06-08,2025-06-09,22500,22500,3.108,livrée
CMD-2025-00795,DL-CA-008,F05,2025-05-15,2025-06-25,2025-06-25,45500,45500,1.556,livrée
CMD-2025-00796,DL-SO-003,F04,2025-05-15,2025-06-18,2025-06-20,41000,41000,3.583,livrée
CMD-2025-00797,DL-SO-004,F06,2025-05-15,2025-06-28,2025-07-06,38500,38500,2.799,livrée
CMD-2025-00798,DL-HY-005,F08,2025-05-15,2025-06-21,2025-06-21,28500,28500,3.065,livrée
CMD-2025-00799,DL-BB-006,F07,2025-05-15,2025-06-25,2025-06-24,69000,69000,3.999,livrée
CMD-2025-00800,DL-HY-006,F03,2025-05-15,2025-06-11,2025-06-09,54000,54000,1.939,livrée
CMD-2025-00801,DL-CA-003,F02,2025-05-15,2025-06-16,2025-06-17,24500,24500,2.453,livrée
CMD-2025-00802,DL-HY-004,F04,2025-05-16,2025-06-17,2025-06-17,53000,53000,4.109,livrée
CMD-2025-00803,DL-DE-007,F07,2025-05-16,2025-06-26,2025-06-23,25500,25500,1.883,livrée
CMD-2025-00804,DL-SV-001,F01,2025-05-16,2025-06-14,2025-06-12,32500,32500,2.949,livrée
CMD-2025-00805,DL-SV-010,F04,2025-05-16,2025-06-20,2025-06-17,123000,123000,2.916,livrée
CMD-2025-00806,DL-CA-004,F03,2025-05-16,2025-06-08,2025-06-10,37000,37000,3.061,livrée
CMD-2025-00807,DL-SO-005,F04,2025-05-16,2025-06-23,2025-06-25,28500,28500,2.831,livrée
CMD-2025-00808,DL-SO-007,F08,2025-05-16,2025-06-26,2025-06-27,10000,10000,5.314,livrée
CMD-2025-00809,DL-DE-007,F07,2025-05-16,2025-06-24,2025-07-06,12000,12000,1.869,livrée
CMD-2025-00810,DL-DE-008,F06,2025-05-19,2025-07-04,2025-07-02,47000,47000,3.488,livrée
CMD-2025-00811,DL-CA-006,F03,2025-05-19,2025-06-16,2025-06-17,50000,50000,2.734,livrée
CMD-2025-00812,DL-CA-003,F02,2025-05-19,2025-06-18,2025-06-18,24000,24000,2.233,livrée
CMD-2025-00813,DL-DE-001,F03,2025-05-19,2025-06-12,2025-06-13,21500,21500,4.37,livrée
CMD-2025-00814,DL-SO-001,F02,2025-05-19,2025-06-17,2025-06-12,43000,43000,4.144,livrée
CMD-2025-00815,DL-SO-005,F04,2025-05-19,2025-06-22,2025-06-18,30500,30500,2.575,livrée
CMD-2025-00816,DL-HY-003,F06,2025-05-19,2025-06-30,2025-06-27,52500,52500,5.67,livrée
CMD-2025-00817,DL-BB-005,F04,2025-05-19,2025-06-22,2025-06-20,102000,102000,4.895,livrée
CMD-2025-00818,DL-SO-007,F06,2025-05-19,2025-07-01,2025-06-29,20500,20500,5.113,livrée
CMD-2025-00819,DL-BB-006,F01,2025-05-19,2025-06-17,2025-06-12,23500,23500,3.892,livrée
CMD-2025-00820,DL-HY-004,F04,2025-05-19,2025-06-20,2025-06-19,37500,37500,4.031,livrée
CMD-2025-00821,DL-SV-014,F04,2025-05-19,2025-06-20,2025-06-16,53500,53500,4.072,livrée
CMD-2025-00822,DL-BB-005,F04,2025-05-20,2025-06-23,2025-06-21,32000,32000,4.823,livrée
CMD-2025-00823,DL-HY-004,F04,2025-05-20,2025-06-21,2025-06-23,69000,69000,3.684,livrée
CMD-2025-00824,DL-CA-011,F02,2025-05-20,2025-06-19,2025-06-21,23000,23000,4.12,livrée
CMD-2025-00825,DL-SV-008,F04,2025-05-20,2025-06-25,2025-06-24,20000,20000,3.138,livrée
CMD-2025-00826,DL-SV-003,F03,2025-05-21,2025-06-18,2025-06-16,11500,11500,5.296,livrée
CMD-2025-00827,DL-SV-006,F05,2025-05-22,2025-06-30,2025-06-29,21500,21500,3.161,livrée
CMD-2025-00828,DL-SV-002,F05,2025-05-22,2025-06-29,2025-07-05,71500,71500,4.178,livrée
CMD-2025-00829,DL-SV-015,F05,2025-05-22,2025-07-03,2025-07-02,22000,22000,3.397,livrée
CMD-2025-00830,DL-HY-006,F03,2025-05-22,2025-06-14,2025-06-09,15500,15500,1.763,livrée
CMD-2025-00831,DL-HY-006,F03,2025-05-22,2025-06-14,2025-06-10,23500,23500,1.876,livrée
CMD-2025-00832,DL-DE-006,F02,2025-05-22,2025-06-22,2025-06-29,44500,44500,1.915,livrée
CMD-2025-00833,DL-SO-005,F04,2025-05-22,2025-06-27,2025-06-27,37000,37000,2.64,livrée
CMD-2025-00834,DL-SV-013,F02,2025-05-22,2025-06-24,2025-06-22,20000,20000,2.813,livrée
CMD-2025-00835,DL-HY-005,F02,2025-05-23,2025-06-23,2025-06-18,23000,23000,3.216,livrée
CMD-2025-00836,DL-SV-010,F04,2025-05-23,2025-06-26,2025-06-28,18500,18500,3.113,livrée
CMD-2025-00837,DL-HY-002,F08,2025-05-23,2025-06-28,2025-06-24,65000,65000,2.226,livrée
CMD-2025-00838,DL-CA-004,F03,2025-05-23,2025-06-17,2025-06-18,32000,32000,2.89,livrée
CMD-2025-00839,DL-SV-011,F07,2025-05-23,2025-07-01,2025-07-02,53500,53500,2.799,livrée
CMD-2025-00840,DL-SO-008,F01,2025-05-23,2025-06-21,2025-06-23,55000,55000,4.464,livrée
CMD-2025-00841,DL-CA-012,F02,2025-05-26,2025-06-28,2025-06-30,14500,14500,4.084,livrée
CMD-2025-00842,DL-DE-001,F03,2025-05-26,2025-06-19,2025-06-19,119000,119000,4.634,livrée
CMD-2025-00843,DL-BB-006,F07,2025-05-26,2025-07-07,2025-07-02,54000,54000,4.313,livrée
CMD-2025-00844,DL-DE-001,F03,2025-05-26,2025-06-18,2025-06-13,15000,15000,4.261,livrée
CMD-2025-00845,DL-DE-002,F07,2025-05-26,2025-07-08,2025-07-04,54500,54500,3.669,livrée
CMD-2025-00846,DL-HY-008,F02,2025-05-27,2025-06-25,2025-06-20,24500,24500,1.518,livrée
CMD-2025-00847,DL-SO-001,F02,2025-05-27,2025-06-25,2025-06-26,35000,35000,4.156,livrée
CMD-2025-00848,DL-SO-009,F08,2025-05-27,2025-07-06,2025-07-06,88000,88000,3.144,livrée
CMD-2025-00849,DL-SV-010,F04,2025-05-27,2025-07-03,2025-07-11,117500,117500,3.008,livrée
CMD-2025-00850,DL-CA-011,F02,2025-05-27,2025-06-29,2025-06-28,44500,44500,4.185,livrée
CMD-2025-00851,DL-BB-003,F05,2025-05-27,2025-07-04,2025-07-05,50000,50000,4.626,livrée
CMD-2025-00852,DL-HY-004,F04,2025-05-28,2025-07-05,2025-07-05,38500,38500,3.721,livrée
CMD-2025-00853,DL-SV-002,F05,2025-05-28,2025-07-07,2025-07-05,42000,42000,4.135,livrée
CMD-2025-00854,DL-DE-001,F03,2025-05-28,2025-06-20,2025-06-16,150000,150000,4.157,livrée
CMD-2025-00855,DL-HY-003,F06,2025-05-28,2025-07-12,2025-07-11,59500,59500,5.76,livrée
CMD-2025-00856,DL-BB-001,F02,2025-05-28,2025-06-28,2025-06-26,14000,14000,3.766,livrée
CMD-2025-00857,DL-SO-005,F04,2025-05-28,2025-07-03,2025-07-01,74000,74000,2.568,livrée
CMD-2025-00858,DL-DE-001,F03,2025-05-28,2025-06-24,2025-07-06,20000,20000,4.227,livrée
CMD-2025-00859,DL-CA-003,F02,2025-05-29,2025-06-29,2025-07-01,33000,33000,2.236,livrée
CMD-2025-00860,DL-SO-007,F08,2025-05-29,2025-07-06,2025-07-01,48500,48500,4.894,livrée
CMD-2025-00861,DL-CA-011,F02,2025-05-29,2025-06-28,2025-06-25,44000,44000,4.497,livrée
CMD-2025-00862,DL-BB-001,F02,2025-05-29,2025-06-28,2025-06-25,54000,54000,3.933,livrée
CMD-2025-00863,DL-CA-006,F03,2025-05-29,2025-06-25,2025-06-26,10000,10000,3.028,livrée
CMD-2025-00864,DL-HY-002,F08,2025-05-29,2025-07-07,2025-07-05,47000,47000,2.181,livrée
CMD-2025-00865,DL-HY-004,F04,2025-05-29,2025-07-02,2025-07-01,50000,50000,4.017,livrée
CMD-2025-00866,DL-SV-013,F02,2025-05-29,2025-06-25,2025-06-20,132500,132500,3.171,livrée
CMD-2025-00867,DL-SV-002,F05,2025-05-29,2025-07-07,2025-07-06,52500,52500,4.141,livrée
CMD-2025-00868,DL-DE-008,F06,2025-05-30,2025-07-17,2025-07-14,46000,46000,3.255,livrée
CMD-2025-00869,DL-BB-001,F02,2025-05-30,2025-07-01,2025-07-02,38000,38000,4.134,livrée
CMD-2025-00870,DL-DE-007,F07,2025-05-30,2025-07-13,2025-07-18,121000,121000,1.89,livrée
CMD-2025-00871,DL-HY-003,F06,2025-05-30,2025-07-16,2025-07-13,79000,72100,5.42,livrée
CMD-2025-00872,DL-HY-002,F08,2025-05-30,2025-07-09,2025-07-17,36500,36500,2.182,livrée
CMD-2025-00873,DL-BB-001,F02,2025-05-30,2025-06-30,2025-06-26,27500,27500,4.183,livrée
CMD-2025-00874,DL-SV-002,F05,2025-05-30,2025-07-09,2025-07-08,21500,21500,4.244,livrée
CMD-2025-00875,DL-SO-004,F06,2025-05-30,2025-07-17,2025-07-22,32500,32500,2.799,livrée
CMD-2025-00876,DL-HY-008,F02,2025-06-02,2025-06-30,2025-06-25,91500,91500,1.559,livrée
CMD-2025-00877,DL-CA-011,F02,2025-06-02,2025-06-30,2025-06-28,116500,116500,4.306,livrée
CMD-2025-00878,DL-DE-002,F07,2025-06-02,2025-07-16,2025-07-16,14000,12300,3.365,livrée
CMD-2025-00879,DL-HY-001,F03,2025-06-02,2025-06-24,2025-06-23,80000,80000,3.128,livrée
CMD-2025-00880,DL-HY-004,F04,2025-06-02,2025-07-08,2025-07-03,73500,73500,3.663,livrée
CMD-2025-00881,DL-DE-007,F07,2025-06-02,2025-07-11,2025-07-11,31500,31500,1.76,livrée
CMD-2025-00882,DL-DE-001,F03,2025-06-03,2025-06-30,2025-07-06,34500,34500,4.615,livrée
CMD-2025-00883,DL-BB-005,F04,2025-06-03,2025-07-07,2025-07-09,66000,66000,4.774,livrée
CMD-2025-00884,DL-SO-004,F06,2025-06-03,2025-07-18,2025-07-16,47500,47500,2.927,livrée
CMD-2025-00885,DL-SO-007,F06,2025-06-03,2025-07-21,2025-07-17,67000,67000,5.263,livrée
CMD-2025-00886,DL-CA-003,F04,2025-06-04,2025-07-09,2025-07-06,73500,73500,2.431,livrée
CMD-2025-00887,DL-SV-002,F05,2025-06-04,2025-07-15,2025-07-12,24500,24500,3.887,livrée
CMD-2025-00888,DL-DE-004,F08,2025-06-04,2025-07-15,2025-07-10,11500,11500,5.564,livrée
CMD-2025-00889,DL-CA-007,F08,2025-06-04,2025-07-13,2025-07-09,13000,13000,3.748,livrée
CMD-2025-00890,DL-HY-002,F08,2025-06-04,2025-07-10,2025-07-06,23000,23000,2.22,livrée
CMD-2025-00891,DL-SV-001,F01,2025-06-04,2025-07-04,2025-06-30,28000,28000,2.994,livrée
CMD-2025-00892,DL-HY-001,F03,2025-06-04,2025-06-29,2025-06-28,42000,42000,3.377,livrée
CMD-2025-00893,DL-CA-010,F03,2025-06-04,2025-06-30,2025-06-30,25500,25500,4.088,livrée
CMD-2025-00894,DL-CA-008,F05,2025-06-04,2025-07-14,2025-07-14,58000,58000,1.523,livrée
CMD-2025-00895,DL-HY-004,F04,2025-06-05,2025-07-11,2025-07-08,31000,31000,4.018,livrée
CMD-2025-00896,DL-BB-001,F02,2025-06-05,2025-07-07,2025-07-05,63500,63500,3.909,livrée
CMD-2025-00897,DL-SV-008,F04,2025-06-05,2025-07-13,2025-07-09,31500,31500,3.062,livrée
CMD-2025-00898,DL-CA-004,F03,2025-06-05,2025-07-02,2025-07-01,42000,42000,3.188,livrée
CMD-2025-00899,DL-SO-005,F04,2025-06-05,2025-07-12,2025-07-16,16000,16000,2.639,livrée
CMD-2025-00900,DL-SO-005,F04,2025-06-05,2025-07-11,2025-07-06,23000,23000,2.695,livrée
CMD-2025-00901,DL-BB-001,F02,2025-06-05,2025-07-04,2025-07-28,38500,38500,3.829,livrée
CMD-2025-00902,DL-SO-005,F04,2025-06-05,2025-07-12,2025-07-12,20500,20500,2.628,livrée
CMD-2025-00903,DL-SV-008,F04,2025-06-05,2025-07-10,2025-07-08,46000,46000,3.143,livrée
CMD-2025-00904,DL-SV-007,F03,2025-06-05,2025-07-01,2025-07-03,109000,109000,3.786,livrée
CMD-2025-00905,DL-SO-007,F08,2025-06-05,2025-07-14,2025-07-14,92000,92000,5.094,livrée
CMD-2025-00906,DL-SO-004,F06,2025-06-06,2025-07-20,2025-07-18,59000,59000,2.718,livrée
CMD-2025-00907,DL-HY-001,F03,2025-06-06,2025-06-30,2025-06-26,90000,90000,3.191,livrée
CMD-2025-00908,DL-CA-012,F03,2025-06-09,2025-07-07,2025-07-07,24500,24500,3.869,livrée
CMD-2025-00909,DL-HY-002,F08,2025-06-09,2025-07-20,2025-07-16,31500,31500,2.167,livrée
CMD-2025-00910,DL-DE-009,F02,2025-06-09,2025-07-07,2025-07-05,127000,127000,3.933,livrée
CMD-2025-00911,DL-SO-005,F04,2025-06-09,2025-07-14,2025-07-27,81500,81500,2.664,livrée
CMD-2025-00912,DL-DE-001,F03,2025-06-09,2025-07-01,2025-06-30,26500,26500,4.143,livrée
CMD-2025-00913,DL-SV-006,F03,2025-06-09,2025-07-03,2025-07-05,128000,128000,2.887,livrée
CMD-2025-00914,DL-HY-002,F08,2025-06-10,2025-07-18,2025-07-20,16500,16500,2.356,livrée
CMD-2025-00915,DL-HY-002,F08,2025-06-10,2025-07-19,2025-07-21,20500,17900,2.158,livrée
CMD-2025-00916,DL-SV-012,F07,2025-06-10,2025-07-25,2025-07-23,31000,31000,3.858,livrée
CMD-2025-00917,DL-DE-001,F03,2025-06-10,2025-07-02,2025-06-29,25500,25500,4.482,livrée
CMD-2025-00918,DL-CA-006,F03,2025-06-10,2025-07-06,2025-07-04,26000,26000,2.858,livrée
CMD-2025-00919,DL-HY-004,F04,2025-06-10,2025-07-12,2025-07-10,54500,54500,3.842,livrée
CMD-2025-00920,DL-HY-007,F02,2025-06-10,2025-07-10,2025-07-20,12500,12500,2.872,livrée
CMD-2025-00921,DL-DE-008,F06,2025-06-10,2025-07-27,2025-07-27,66500,66500,3.078,livrée
CMD-2025-00922,DL-CA-004,F03,2025-06-11,2025-07-06,2025-07-02,92500,92500,3.015,livrée
CMD-2025-00923,DL-SV-003,F03,2025-06-11,2025-07-04,2025-07-01,47000,47000,4.811,livrée
CMD-2025-00924,DL-SO-005,F04,2025-06-11,2025-07-14,2025-07-16,44500,44500,2.601,livrée
CMD-2025-00925,DL-SV-007,F08,2025-06-11,2025-07-22,2025-07-24,91000,91000,4.014,livrée
CMD-2025-00926,DL-CA-004,F03,2025-06-11,2025-07-03,2025-06-30,46000,46000,3.196,livrée
CMD-2025-00927,DL-SV-015,F05,2025-06-11,2025-07-23,2025-07-31,102500,102500,3.453,livrée
CMD-2025-00928,DL-DE-001,F03,2025-06-11,2025-07-03,2025-07-03,101000,101000,4.405,livrée
CMD-2025-00929,DL-CA-006,F03,2025-06-11,2025-07-07,2025-07-04,37500,37500,2.888,livrée
CMD-2025-00930,DL-SV-007,F03,2025-06-11,2025-07-06,2025-07-04,20000,20000,4.28,livrée
CMD-2025-00931,DL-SV-006,F03,2025-06-12,2025-07-05,2025-07-04,26000,26000,2.887,livrée
CMD-2025-00932,DL-SO-005,F04,2025-06-12,2025-07-18,2025-07-16,31000,31000,2.663,livrée
CMD-2025-00933,DL-SO-009,F08,2025-06-12,2025-07-19,2025-07-14,49000,49000,3.273,livrée
CMD-2025-00934,DL-CA-001,F02,2025-06-12,2025-07-12,2025-07-08,33000,33000,5.406,livrée
CMD-2025-00935,DL-BB-005,F04,2025-06-12,2025-07-19,2025-07-20,28500,28500,4.697,livrée
CMD-2025-00936,DL-CA-003,F02,2025-06-12,2025-07-14,2025-07-14,150000,150000,2.252,livrée
CMD-2025-00937,DL-SV-010,F04,2025-06-12,2025-07-16,2025-07-15,52000,52000,3.039,livrée
CMD-2025-00938,DL-HY-007,F02,2025-06-12,2025-07-11,2025-07-08,23000,23000,3.022,livrée
CMD-2025-00939,DL-HY-004,F04,2025-06-12,2025-07-15,2025-07-12,27500,27500,3.981,livrée
CMD-2025-00940,DL-DE-007,F07,2025-06-13,2025-07-27,2025-07-24,76500,76500,1.865,livrée
CMD-2025-00941,DL-BB-006,F01,2025-06-13,2025-07-12,2025-07-09,72000,72000,3.993,livrée
CMD-2025-00942,DL-SO-005,F04,2025-06-13,2025-07-18,2025-07-20,135000,135000,2.613,livrée
CMD-2025-00943,DL-CA-011,F02,2025-06-13,2025-07-11,2025-07-11,32500,32500,4.223,livrée
CMD-2025-00944,DL-HY-006,F03,2025-06-13,2025-07-06,2025-07-06,36000,36000,1.751,livrée
CMD-2025-00945,DL-BB-006,F01,2025-06-13,2025-07-10,2025-07-09,54500,54500,3.84,livrée
CMD-2025-00946,DL-SO-005,F04,2025-06-13,2025-07-16,2025-07-11,50000,50000,2.855,livrée
CMD-2025-00947,DL-SO-002,F03,2025-06-13,2025-07-05,2025-07-07,42000,42000,2.571,livrée
CMD-2025-00948,DL-SO-007,F08,2025-06-13,2025-07-19,2025-07-19,29500,29500,5.028,livrée
CMD-2025-00949,DL-CA-011,F02,2025-06-13,2025-07-16,2025-07-13,32500,32500,4.625,livrée
CMD-2025-00950,DL-SO-005,F04,2025-06-13,2025-07-19,2025-07-16,25500,25500,2.627,livrée
CMD-2025-00951,DL-CA-007,F08,2025-06-16,2025-07-25,2025-07-22,28500,28500,3.696,livrée
CMD-2025-00952,DL-DE-002,F07,2025-06-16,2025-07-30,2025-07-25,87500,87500,3.326,livrée
CMD-2025-00953,DL-SV-001,F01,2025-06-16,2025-07-17,2025-07-13,24000,24000,2.909,livrée
CMD-2025-00954,DL-SV-011,F03,2025-06-16,2025-07-11,2025-07-09,85500,85500,3.111,livrée
CMD-2025-00955,DL-DE-007,F07,2025-06-16,2025-07-28,2025-08-02,32000,32000,1.923,livrée
CMD-2025-00956,DL-SV-013,F02,2025-06-16,2025-07-16,2025-07-18,63000,63000,3.047,livrée
CMD-2025-00957,DL-SV-011,F03,2025-06-16,2025-07-12,2025-07-08,38500,38500,2.892,livrée
CMD-2025-00958,DL-CA-007,F08,2025-06-16,2025-07-25,2025-07-24,82500,82500,3.486,livrée
CMD-2025-00959,DL-HY-004,F04,2025-06-16,2025-07-24,2025-07-23,24500,24500,3.753,livrée
CMD-2025-00960,DL-SO-007,F06,2025-06-17,2025-07-30,2025-07-26,28500,28500,5.13,livrée
CMD-2025-00961,DL-CA-004,F03,2025-06-17,2025-07-12,2025-07-08,24000,24000,2.982,livrée
CMD-2025-00962,DL-SV-001,F01,2025-06-17,2025-07-14,2025-07-12,20000,20000,2.991,livrée
CMD-2025-00963,DL-SV-002,F05,2025-06-17,2025-07-25,2025-07-25,22000,22000,4.342,livrée
CMD-2025-00964,DL-CA-006,F03,2025-06-17,2025-07-09,2025-07-06,42500,42500,2.819,livrée
CMD-2025-00965,DL-HY-003,F06,2025-06-17,2025-07-30,2025-07-25,22000,22000,5.51,livrée
CMD-2025-00966,DL-SV-002,F05,2025-06-17,2025-07-24,2025-07-22,54000,54000,4.289,livrée
CMD-2025-00967,DL-BB-006,F07,2025-06-17,2025-07-30,2025-08-05,56500,50700,4.234,livrée
CMD-2025-00968,DL-SV-003,F03,2025-06-17,2025-07-10,2025-07-06,61000,61000,5.308,livrée
CMD-2025-00969,DL-HY-004,F04,2025-06-18,2025-07-21,2025-07-19,24500,24500,3.74,livrée
CMD-2025-00970,DL-SV-010,F04,2025-06-18,2025-07-24,2025-07-20,44000,44000,2.914,livrée
CMD-2025-00971,DL-SV-006,F05,2025-06-18,2025-07-25,2025-07-21,95500,95500,2.955,livrée
CMD-2025-00972,DL-HY-005,F08,2025-06-18,2025-07-28,2025-07-26,27000,27000,3.21,livrée
CMD-2025-00973,DL-CA-008,F05,2025-06-18,2025-07-26,2025-07-28,33500,33500,1.634,livrée
CMD-2025-00974,DL-HY-004,F04,2025-06-18,2025-07-20,2025-07-22,62500,62500,3.796,livrée
CMD-2025-00975,DL-SV-007,F03,2025-06-18,2025-07-10,2025-07-06,64000,64000,3.936,livrée
CMD-2025-00976,DL-HY-001,F03,2025-06-18,2025-07-14,2025-07-11,19000,19000,3.138,livrée
CMD-2025-00977,DL-HY-002,F08,2025-06-18,2025-07-27,2025-07-26,68500,68500,2.331,livrée
CMD-2025-00978,DL-HY-009,F08,2025-06-18,2025-07-27,2025-07-28,117000,117000,2.251,livrée
CMD-2025-00979,DL-HY-001,F03,2025-06-19,2025-07-13,2025-07-09,82000,82000,3.14,livrée
CMD-2025-00980,DL-BB-001,F02,2025-06-19,2025-07-22,2025-07-24,89500,89500,3.955,livrée
CMD-2025-00981,DL-SV-011,F07,2025-06-20,2025-08-04,2025-08-03,60500,60500,2.953,livrée
CMD-2025-00982,DL-BB-005,F04,2025-06-20,2025-07-23,2025-07-21,38500,38500,4.665,livrée
CMD-2025-00983,DL-CA-003,F02,2025-06-20,2025-07-18,2025-07-13,77500,77500,2.503,livrée
CMD-2025-00984,DL-CA-004,F03,2025-06-20,2025-07-14,2025-07-13,32500,32500,3.153,livrée
CMD-2025-00985,DL-BB-005,F04,2025-06-20,2025-07-24,2025-07-22,21500,21500,5.271,livrée
CMD-2025-00986,DL-HY-002,F08,2025-06-20,2025-07-30,2025-07-26,23000,23000,2.342,livrée
CMD-2025-00987,DL-SV-014,F04,2025-06-23,2025-07-30,2025-07-29,63000,63000,3.836,livrée
CMD-2025-00988,DL-DE-001,F03,2025-06-23,2025-07-21,2025-07-19,65500,65500,4.28,livrée
CMD-2025-00989,DL-CA-008,F05,2025-06-23,2025-07-30,2025-07-26,65000,65000,1.54,livrée
CMD-2025-00990,DL-CA-009,F03,2025-06-24,2025-07-20,2025-07-23,139000,139000,2.471,livrée
CMD-2025-00991,DL-HY-004,F04,2025-06-24,2025-07-30,2025-07-29,19000,19000,4.056,livrée
CMD-2025-00992,DL-HY-002,F08,2025-06-24,2025-07-29,2025-07-28,99500,99500,2.378,livrée
CMD-2025-00993,DL-SO-005,F04,2025-06-24,2025-07-30,2025-07-28,10000,10000,2.814,livrée
CMD-2025-00994,DL-HY-003,F06,2025-06-24,2025-08-09,2025-08-16,43500,43500,5.665,livrée
CMD-2025-00995,DL-DE-009,F02,2025-06-24,2025-07-22,2025-07-21,73000,73000,3.826,livrée
CMD-2025-00996,DL-CA-003,F04,2025-06-24,2025-07-29,2025-07-30,18500,18500,2.475,livrée
CMD-2025-00997,DL-DE-002,F07,2025-06-24,2025-08-04,2025-07-31,36500,36500,3.465,livrée
CMD-2025-00998,DL-SV-002,F05,2025-06-24,2025-08-01,2025-08-06,41000,41000,4.196,livrée
CMD-2025-00999,DL-DE-001,F03,2025-06-24,2025-07-17,2025-07-16,22500,22500,4.599,livrée
CMD-2025-01000,DL-DE-001,F03,2025-06-24,2025-07-16,2025-07-12,26500,26500,4.542,livrée
CMD-2025-01001,DL-CA-004,F03,2025-06-25,2025-07-18,2025-07-20,47000,47000,3.012,livrée
CMD-2025-01002,DL-DE-001,F03,2025-06-25,2025-07-19,2025-07-19,28500,28500,4.515,livrée
CMD-2025-01003,DL-SO-005,F04,2025-06-25,2025-08-01,2025-07-31,43000,43000,2.697,livrée
CMD-2025-01004,DL-DE-009,F04,2025-06-25,2025-08-02,2025-08-01,73000,73000,3.775,livrée
CMD-2025-01005,DL-SV-002,F05,2025-06-25,2025-08-07,2025-08-03,25500,25500,3.855,livrée
CMD-2025-01006,DL-SO-007,F08,2025-06-25,2025-08-02,2025-07-30,22500,22500,5.334,livrée
CMD-2025-01007,DL-BB-001,F02,2025-06-25,2025-07-24,2025-07-25,60000,60000,3.964,livrée
CMD-2025-01008,DL-CA-001,F02,2025-06-26,2025-07-23,2025-07-24,46000,46000,5.451,livrée
CMD-2025-01009,DL-HY-003,F06,2025-06-26,2025-08-08,2025-08-04,56500,56500,5.314,livrée
CMD-2025-01010,DL-SO-002,F03,2025-06-26,2025-07-23,2025-07-22,50000,50000,2.774,livrée
CMD-2025-01011,DL-CA-008,F05,2025-06-26,2025-08-04,2025-08-06,44000,44000,1.573,livrée
CMD-2025-01012,DL-SV-014,F04,2025-06-26,2025-07-29,2025-07-28,47000,47000,4.309,livrée
CMD-2025-01013,DL-SO-004,F06,2025-06-26,2025-08-11,2025-08-06,14500,14500,2.873,livrée
CMD-2025-01014,DL-SV-001,F01,2025-06-26,2025-07-22,2025-07-22,10000,10000,2.865,livrée
CMD-2025-01015,DL-DE-008,F06,2025-06-26,2025-08-08,2025-08-04,10000,10000,3.477,livrée
CMD-2025-01016,DL-DE-004,F08,2025-06-26,2025-08-03,2025-08-03,24500,24500,5.376,livrée
CMD-2025-01017,DL-SV-009,F02,2025-06-26,2025-07-28,2025-07-26,150000,150000,3.294,livrée
CMD-2025-01018,DL-SV-014,F04,2025-06-26,2025-07-30,2025-07-28,59500,59500,3.947,livrée
CMD-2025-01019,DL-SO-009,F08,2025-06-26,2025-07-31,2025-08-02,29000,29000,3.239,livrée
CMD-2025-01020,DL-CA-006,F03,2025-06-26,2025-07-21,2025-07-22,150000,150000,3.061,livrée
CMD-2025-01021,DL-SV-001,F01,2025-06-26,2025-07-26,2025-07-21,39000,39000,3.057,livrée
CMD-2025-01022,DL-HY-002,F08,2025-06-27,2025-08-04,2025-07-30,108500,108500,2.38,livrée
CMD-2025-01023,DL-SV-001,F06,2025-06-27,2025-08-14,2025-08-19,71500,71500,2.853,livrée
CMD-2025-01024,DL-HY-008,F02,2025-06-27,2025-07-27,2025-07-27,42000,42000,1.471,livrée
CMD-2025-01025,DL-HY-001,F03,2025-06-27,2025-07-25,2025-07-22,101000,101000,3.069,livrée
CMD-2025-01026,DL-CA-011,F02,2025-06-27,2025-07-24,2025-08-07,49000,49000,4.583,livrée
CMD-2025-01027,DL-SV-006,F03,2025-06-30,2025-07-23,2025-07-23,17000,17000,3.061,livrée
CMD-2025-01028,DL-BB-003,F05,2025-06-30,2025-08-06,2025-08-06,28000,28000,4.511,livrée
CMD-2025-01029,DL-CA-003,F04,2025-06-30,2025-08-02,2025-08-02,59500,59500,2.399,livrée
CMD-2025-01030,DL-BB-001,F02,2025-06-30,2025-07-28,2025-07-23,93500,93500,4.059,livrée
CMD-2025-01031,DL-SV-003,F03,2025-06-30,2025-07-24,2025-07-24,95000,95000,5.317,livrée
CMD-2025-01032,DL-CA-010,F03,2025-06-30,2025-07-24,2025-07-19,35500,35500,3.841,livrée
CMD-2025-01033,DL-HY-004,F04,2025-06-30,2025-08-06,2025-08-06,43500,43500,3.769,livrée
CMD-2025-01034,DL-DE-001,F03,2025-07-01,2025-07-25,2025-07-27,70500,70500,4.517,livrée
CMD-2025-01035,DL-CA-004,F03,2025-07-01,2025-07-29,2025-07-27,16500,16500,3.047,livrée
CMD-2025-01036,DL-SV-001,F06,2025-07-01,2025-08-13,2025-08-11,103500,103500,3.04,livrée
CMD-2025-01037,DL-SV-007,F08,2025-07-02,2025-08-09,2025-08-14,52000,52000,4.087,livrée
CMD-2025-01038,DL-DE-007,F07,2025-07-02,2025-08-15,2025-08-16,10500,10500,1.718,livrée
CMD-2025-01039,DL-SV-001,F01,2025-07-02,2025-07-30,2025-07-31,61000,61000,2.816,livrée
CMD-2025-01040,DL-SV-009,F02,2025-07-02,2025-08-03,2025-08-02,67500,67500,3.593,livrée
CMD-2025-01041,DL-HY-005,F02,2025-07-02,2025-07-30,2025-07-31,118000,118000,2.945,livrée
CMD-2025-01042,DL-SO-008,F01,2025-07-02,2025-08-01,2025-08-03,64000,64000,4.663,livrée
CMD-2025-01043,DL-BB-001,F02,2025-07-03,2025-08-03,2025-08-03,53500,53500,3.837,livrée
CMD-2025-01044,DL-SV-003,F03,2025-07-03,2025-07-27,2025-07-29,18000,18000,5.108,livrée
CMD-2025-01045,DL-CA-004,F03,2025-07-03,2025-07-30,2025-07-25,83000,83000,2.923,livrée
CMD-2025-01046,DL-DE-001,F03,2025-07-03,2025-07-25,2025-07-26,37500,37500,4.461,livrée
CMD-2025-01047,DL-BB-003,F05,2025-07-03,2025-08-15,2025-08-17,126500,126500,4.219,livrée
CMD-2025-01048,DL-CA-006,F03,2025-07-03,2025-07-26,2025-07-27,28000,28000,3.046,livrée
CMD-2025-01049,DL-CA-006,F03,2025-07-03,2025-07-25,2025-07-24,52500,52500,2.932,livrée
CMD-2025-01050,DL-DE-001,F03,2025-07-03,2025-07-26,2025-07-26,36500,36500,4.56,livrée
CMD-2025-01051,DL-SV-007,F03,2025-07-03,2025-07-28,2025-08-01,25500,24100,4.017,livrée
CMD-2025-01052,DL-HY-004,F04,2025-07-04,2025-08-05,2025-08-06,24000,24000,3.813,livrée
CMD-2025-01053,DL-CA-003,F02,2025-07-04,2025-08-06,2025-08-08,79500,79500,2.309,livrée
CMD-2025-01054,DL-SV-014,F04,2025-07-04,2025-08-06,2025-08-08,33500,33500,4.315,livrée
CMD-2025-01055,DL-CA-011,F02,2025-07-04,2025-07-31,2025-07-29,44500,44500,4.186,livrée
CMD-2025-01056,DL-HY-001,F03,2025-07-04,2025-07-29,2025-07-30,14000,14000,3.38,livrée
CMD-2025-01057,DL-CA-005,F03,2025-07-04,2025-07-28,2025-07-25,23000,23000,2.743,livrée
CMD-2025-01058,DL-CA-007,F08,2025-07-04,2025-08-14,2025-08-16,58000,58000,3.393,livrée
CMD-2025-01059,DL-SV-003,F03,2025-07-07,2025-08-01,2025-07-29,43000,43000,5.175,livrée
CMD-2025-01060,DL-HY-004,F04,2025-07-07,2025-08-12,2025-08-11,40500,40500,4.069,livrée
CMD-2025-01061,DL-SO-008,F07,2025-07-07,2025-08-20,2025-08-17,38000,38000,4.733,livrée
CMD-2025-01062,DL-SV-007,F03,2025-07-07,2025-08-03,2025-08-01,39500,39500,4.049,livrée
CMD-2025-01063,DL-CA-004,F03,2025-07-07,2025-07-31,2025-07-31,15500,15500,2.894,livrée
CMD-2025-01064,DL-CA-011,F02,2025-07-08,2025-08-05,2025-08-07,30000,30000,4.362,livrée
CMD-2025-01065,DL-SV-001,F01,2025-07-08,2025-08-05,2025-07-31,66500,66500,2.841,livrée
CMD-2025-01066,DL-DE-001,F03,2025-07-08,2025-07-31,2025-07-29,26000,26000,4.15,livrée
CMD-2025-01067,DL-DE-001,F03,2025-07-08,2025-08-01,2025-08-02,40000,40000,4.106,livrée
CMD-2025-01068,DL-SV-006,F03,2025-07-08,2025-08-03,2025-08-03,19000,19000,2.885,livrée
CMD-2025-01069,DL-SV-010,F04,2025-07-08,2025-08-14,2025-08-22,43000,43000,2.839,livrée
CMD-2025-01070,DL-CA-004,F03,2025-07-09,2025-08-01,2025-07-28,86000,86000,3.164,livrée
CMD-2025-01071,DL-CA-002,F01,2025-07-09,2025-08-05,2025-08-11,35500,35500,3.741,livrée
CMD-2025-01072,DL-SV-008,F04,2025-07-09,2025-08-15,2025-08-16,43000,43000,3.051,livrée
CMD-2025-01073,DL-DE-001,F03,2025-07-09,2025-08-05,2025-09-05,83500,83500,4.377,livrée
CMD-2025-01074,DL-CA-004,F03,2025-07-09,2025-08-06,2025-08-07,14000,14000,2.865,livrée
CMD-2025-01075,DL-HY-003,F06,2025-07-10,2025-08-25,2025-08-22,90000,90000,5.713,livrée
CMD-2025-01076,DL-CA-007,F08,2025-07-10,2025-08-16,2025-08-12,55000,55000,3.607,livrée
CMD-2025-01077,DL-DE-006,F05,2025-07-10,2025-08-16,2025-08-14,34500,34500,2.089,livrée
CMD-2025-01078,DL-SV-006,F03,2025-07-10,2025-08-04,2025-08-03,36500,36500,2.902,livrée
CMD-2025-01079,DL-HY-004,F04,2025-07-10,2025-08-14,2025-08-14,83500,83500,3.812,livrée
CMD-2025-01080,DL-HY-002,F08,2025-07-11,2025-08-20,2025-08-18,31500,31500,2.25,livrée
CMD-2025-01081,DL-CA-001,F02,2025-07-11,2025-08-12,2025-08-09,27000,27000,5.581,livrée
CMD-2025-01082,DL-CA-011,F02,2025-07-11,2025-08-13,2025-08-09,46000,46000,4.573,livrée
CMD-2025-01083,DL-SV-007,F03,2025-07-11,2025-08-05,2025-08-07,23500,23500,4.038,livrée
CMD-2025-01084,DL-SV-001,F01,2025-07-11,2025-08-07,2025-08-02,14500,14500,2.862,livrée
CMD-2025-01085,DL-HY-006,F03,2025-07-14,2025-08-09,2025-08-06,98500,98500,1.822,livrée
CMD-2025-01086,DL-CA-009,F03,2025-07-14,2025-08-11,2025-08-10,29500,29500,2.342,livrée
CMD-2025-01087,DL-CA-010,F03,2025-07-14,2025-08-09,2025-08-06,92000,92000,4.131,livrée
CMD-2025-01088,DL-SV-007,F03,2025-07-14,2025-08-06,2025-08-08,71500,71500,3.887,livrée
CMD-2025-01089,DL-SV-014,F04,2025-07-14,2025-08-17,2025-08-13,24500,24500,3.875,livrée
CMD-2025-01090,DL-HY-006,F03,2025-07-14,2025-08-07,2025-08-04,71000,71000,1.788,livrée
CMD-2025-01091,DL-DE-007,F07,2025-07-14,2025-08-22,2025-08-19,13500,13500,1.941,livrée
CMD-2025-01092,DL-SV-001,F01,2025-07-14,2025-08-12,2025-08-14,50000,50000,2.918,livrée
CMD-2025-01093,DL-HY-009,F08,2025-07-14,2025-08-22,2025-08-22,49500,49500,2.326,livrée
CMD-2025-01094,DL-CA-010,F03,2025-07-15,2025-08-09,2025-08-08,31000,31000,4.083,livrée
CMD-2025-01095,DL-BB-004,F01,2025-07-15,2025-08-12,2025-08-08,58500,58500,3.849,livrée
CMD-2025-01096,DL-SV-001,F01,2025-07-15,2025-08-15,2025-08-16,54000,54000,3.079,livrée
CMD-2025-01097,DL-SV-001,F01,2025-07-15,2025-08-14,2025-08-16,23000,23000,3.016,livrée
CMD-2025-01098,DL-SV-006,F03,2025-07-15,2025-08-09,2025-08-07,76500,76500,3.025,livrée
CMD-2025-01099,DL-CA-011,F02,2025-07-15,2025-08-14,2025-08-12,10000,10000,4.44,livrée
CMD-2025-01100,DL-HY-002,F08,2025-07-15,2025-08-19,2025-08-17,32500,32500,2.168,livrée
CMD-2025-01101,DL-HY-007,F02,2025-07-16,2025-08-15,2025-08-12,36500,36500,2.786,livrée
CMD-2025-01102,DL-SV-010,F04,2025-07-16,2025-08-21,2025-08-19,34500,34500,2.829,livrée
CMD-2025-01103,DL-SV-001,F01,2025-07-16,2025-08-13,2025-08-12,22500,22500,3.103,livrée
CMD-2025-01104,DL-SO-009,F08,2025-07-16,2025-08-23,2025-08-22,57000,57000,3.182,livrée
CMD-2025-01105,DL-SO-003,F04,2025-07-16,2025-08-23,2025-08-20,36500,36500,3.242,livrée
CMD-2025-01106,DL-CA-003,F02,2025-07-16,2025-08-14,2025-08-09,30500,30500,2.255,livrée
CMD-2025-01107,DL-SV-001,F01,2025-07-16,2025-08-10,2025-08-05,50000,50000,3.124,livrée
CMD-2025-01108,DL-HY-008,F02,2025-07-16,2025-08-14,2025-08-15,97000,97000,1.598,livrée
CMD-2025-01109,DL-BB-003,F05,2025-07-16,2025-08-26,2025-08-27,34500,34500,4.254,livrée
CMD-2025-01110,DL-SO-005,F04,2025-07-17,2025-08-21,2025-08-19,120500,120500,2.569,livrée
CMD-2025-01111,DL-CA-006,F03,2025-07-17,2025-08-10,2025-08-10,25000,25000,2.973,livrée
CMD-2025-01112,DL-SV-002,F05,2025-07-17,2025-08-29,2025-08-24,81500,81500,4.157,livrée
CMD-2025-01113,DL-SO-006,F03,2025-07-17,2025-08-10,2025-08-07,34000,34000,3.514,livrée
CMD-2025-01114,DL-DE-001,F03,2025-07-17,2025-08-09,2025-08-09,53000,53000,4.141,livrée
CMD-2025-01115,DL-HY-003,F06,2025-07-17,2025-08-28,2025-08-31,52500,52500,5.785,livrée
CMD-2025-01116,DL-CA-011,F02,2025-07-17,2025-08-19,2025-08-17,38500,38500,4.082,livrée
CMD-2025-01117,DL-DE-002,F07,2025-07-17,2025-08-25,2025-08-25,118000,118000,3.401,livrée
CMD-2025-01118,DL-CA-003,F02,2025-07-18,2025-08-20,2025-08-22,47500,47500,2.288,livrée
CMD-2025-01119,DL-DE-001,F03,2025-07-18,2025-08-10,2025-08-10,37000,33100,4.236,livrée
CMD-2025-01120,DL-SO-005,F04,2025-07-18,2025-08-22,2025-08-21,45000,45000,2.572,livrée
CMD-2025-01121,DL-DE-001,F03,2025-07-18,2025-08-11,2025-08-13,23000,23000,4.574,livrée
CMD-2025-01122,DL-SO-005,F04,2025-07-18,2025-08-25,2025-08-21,30500,27300,2.695,livrée
CMD-2025-01123,DL-HY-002,F08,2025-07-18,2025-08-25,2025-08-20,104000,104000,2.132,livrée
CMD-2025-01124,DL-BB-001,F02,2025-07-18,2025-08-17,2025-08-18,32000,32000,4.172,livrée
CMD-2025-01125,DL-SV-010,F04,2025-07-18,2025-08-20,2025-08-18,27000,27000,2.844,livrée
CMD-2025-01126,DL-CA-009,F03,2025-07-18,2025-08-13,2025-08-08,28000,28000,2.523,livrée
CMD-2025-01127,DL-SV-001,F01,2025-07-18,2025-08-17,2025-08-16,125500,125500,3.079,livrée
CMD-2025-01128,DL-HY-004,F04,2025-07-18,2025-08-20,2025-08-28,21500,21500,3.699,livrée
CMD-2025-01129,DL-SV-001,F01,2025-07-18,2025-08-13,2025-08-09,18000,18000,2.832,livrée
CMD-2025-01130,DL-DE-001,F03,2025-07-21,2025-08-18,2025-08-19,26500,26500,4.117,livrée
CMD-2025-01131,DL-CA-010,F03,2025-07-21,2025-08-12,2025-08-13,86000,86000,3.893,livrée
CMD-2025-01132,DL-DE-008,F06,2025-07-21,2025-09-03,2025-08-29,26000,26000,3.264,livrée
CMD-2025-01133,DL-HY-001,F03,2025-07-21,2025-08-13,2025-08-15,54000,54000,2.991,livrée
CMD-2025-01134,DL-CA-011,F02,2025-07-21,2025-08-18,2025-08-14,63500,63500,4.132,livrée
CMD-2025-01135,DL-BB-005,F04,2025-07-21,2025-08-25,2025-08-26,69000,69000,4.818,livrée
CMD-2025-01136,DL-HY-002,F08,2025-07-21,2025-08-26,2025-08-23,27000,27000,2.218,livrée
CMD-2025-01137,DL-SV-003,F03,2025-07-21,2025-08-18,2025-08-20,24500,24500,4.914,livrée
CMD-2025-01138,DL-SO-004,F04,2025-07-21,2025-08-28,2025-08-27,22500,22500,2.763,livrée
CMD-2025-01139,DL-CA-012,F03,2025-07-22,2025-08-15,2025-08-17,33000,33000,4.148,livrée
CMD-2025-01140,DL-CA-004,F03,2025-07-22,2025-08-17,2025-08-13,31000,31000,2.952,livrée
CMD-2025-01141,DL-CA-004,F03,2025-07-22,2025-08-19,2025-08-18,30500,30500,2.875,livrée
CMD-2025-01142,DL-SO-009,F08,2025-07-22,2025-08-28,2025-08-26,43500,43500,3.144,livrée
CMD-2025-01143,DL-CA-001,F02,2025-07-23,2025-08-19,2025-08-19,24000,24000,5.2,livrée
CMD-2025-01144,DL-HY-004,F04,2025-07-23,2025-08-27,2025-08-25,53000,53000,4.067,livrée
CMD-2025-01145,DL-CA-003,F02,2025-07-23,2025-08-19,2025-08-18,38500,38500,2.32,livrée
CMD-2025-01146,DL-BB-001,F02,2025-07-23,2025-08-20,2025-08-21,36000,36000,4.203,livrée
CMD-2025-01147,DL-DE-005,F03,2025-07-23,2025-08-16,2025-08-18,57500,57500,3.076,livrée
CMD-2025-01148,DL-BB-001,F02,2025-07-24,2025-08-23,2025-08-20,46000,46000,4.05,livrée
CMD-2025-01149,DL-CA-003,F02,2025-07-24,2025-08-22,2025-08-23,40000,40000,2.52,livrée
CMD-2025-01150,DL-CA-009,F03,2025-07-24,2025-08-16,2025-08-12,72500,69700,2.46,livrée
CMD-2025-01151,DL-SV-001,F01,2025-07-24,2025-08-19,2025-08-14,61000,61000,3.032,livrée
CMD-2025-01152,DL-SV-006,F03,2025-07-24,2025-08-20,2025-08-19,50000,50000,3.039,livrée
CMD-2025-01153,DL-SV-002,F05,2025-07-24,2025-08-30,2025-08-29,39000,39000,4.105,livrée
CMD-2025-01154,DL-SV-011,F03,2025-07-25,2025-08-22,2025-08-20,27000,27000,3.049,livrée
CMD-2025-01155,DL-DE-001,F03,2025-07-25,2025-08-22,2025-09-04,39000,39000,4.51,livrée
CMD-2025-01156,DL-DE-008,F06,2025-07-25,2025-09-08,2025-09-20,24500,24500,3.269,livrée
CMD-2025-01157,DL-SV-010,F04,2025-07-25,2025-08-30,2025-08-28,37000,37000,3.124,livrée
CMD-2025-01158,DL-CA-004,F03,2025-07-25,2025-08-22,2025-08-23,91500,91500,3.135,livrée
CMD-2025-01159,DL-SO-003,F07,2025-07-25,2025-09-02,2025-09-06,14000,14000,3.371,livrée
CMD-2025-01160,DL-CA-011,F02,2025-07-25,2025-08-22,2025-08-22,55000,55000,4.189,livrée
CMD-2025-01161,DL-SV-001,F01,2025-07-28,2025-08-26,2025-08-23,71500,71500,2.975,livrée
CMD-2025-01162,DL-SV-010,F04,2025-07-28,2025-08-30,2025-08-28,40500,40500,2.999,livrée
CMD-2025-01163,DL-BB-001,F02,2025-07-28,2025-08-29,2025-08-27,30500,30500,3.923,livrée
CMD-2025-01164,DL-HY-004,F04,2025-07-28,2025-09-03,2025-09-01,33500,33500,3.653,livrée
CMD-2025-01165,DL-SV-002,F05,2025-07-28,2025-09-09,2025-09-06,10000,10000,4.218,livrée
CMD-2025-01166,DL-DE-008,F06,2025-07-28,2025-09-09,2025-09-09,51000,51000,3.115,livrée
CMD-2025-01167,DL-DE-006,F05,2025-07-28,2025-09-04,2025-08-31,34500,34500,1.973,livrée
CMD-2025-01168,DL-SV-010,F04,2025-07-28,2025-09-04,2025-08-30,45000,45000,2.975,livrée
CMD-2025-01169,DL-HY-002,F08,2025-07-28,2025-09-02,2025-08-29,34500,34500,2.418,livrée
CMD-2025-01170,DL-SV-006,F03,2025-07-29,2025-08-21,2025-08-18,67000,67000,2.94,livrée
CMD-2025-01171,DL-SO-004,F06,2025-07-29,2025-09-13,2025-09-12,129000,129000,2.713,livrée
CMD-2025-01172,DL-DE-008,F06,2025-07-29,2025-09-09,2025-09-07,27000,27000,3.314,livrée
CMD-2025-01173,DL-SV-001,F06,2025-07-29,2025-09-11,2025-09-08,42500,42500,2.871,livrée
CMD-2025-01174,DL-SV-001,F01,2025-07-29,2025-08-28,2025-09-05,47500,47500,2.991,livrée
CMD-2025-01175,DL-DE-001,F03,2025-07-29,2025-08-25,2025-08-22,43000,43000,4.094,livrée
CMD-2025-01176,DL-DE-007,F07,2025-07-29,2025-09-12,2025-09-13,12000,12000,1.881,livrée
CMD-2025-01177,DL-DE-008,F06,2025-07-30,2025-09-10,2025-09-21,18000,18000,3.493,livrée
CMD-2025-01178,DL-HY-001,F03,2025-07-30,2025-08-23,2025-08-18,65000,65000,3.381,livrée
CMD-2025-01179,DL-HY-001,F03,2025-07-30,2025-08-25,2025-08-21,18500,18500,3.026,livrée
CMD-2025-01180,DL-SV-001,F01,2025-07-30,2025-08-24,2025-08-22,58000,58000,2.96,livrée
CMD-2025-01181,DL-DE-007,F07,2025-07-31,2025-09-12,2025-10-08,68500,68500,1.893,livrée
CMD-2025-01182,DL-CA-004,F03,2025-07-31,2025-08-23,2025-08-19,55000,55000,3.002,livrée
CMD-2025-01183,DL-BB-005,F04,2025-07-31,2025-09-05,2025-09-02,40000,40000,5.156,livrée
CMD-2025-01184,DL-SV-001,F06,2025-07-31,2025-09-16,2025-09-18,69500,69500,3.193,livrée
CMD-2025-01185,DL-SO-003,F07,2025-07-31,2025-09-13,2025-09-15,32000,32000,3.442,livrée
CMD-2025-01186,DL-DE-002,F07,2025-07-31,2025-09-14,2025-09-12,34000,34000,3.494,livrée
CMD-2025-01187,DL-CA-012,F03,2025-07-31,2025-08-22,2025-08-23,49500,49500,4.358,livrée
CMD-2025-01188,DL-SV-012,F07,2025-07-31,2025-09-11,2025-09-09,34500,34500,3.958,livrée
CMD-2025-01189,DL-SV-007,F03,2025-07-31,2025-08-24,2025-08-20,31000,31000,3.952,livrée
CMD-2025-01190,DL-DE-008,F06,2025-07-31,2025-09-16,2025-09-23,26500,26500,3.436,livrée
CMD-2025-01191,DL-SO-001,F02,2025-08-01,2025-08-30,2025-08-29,54000,54000,4.444,livrée
CMD-2025-01192,DL-SO-004,F06,2025-08-01,2025-09-16,2025-09-14,49500,49500,2.635,livrée
CMD-2025-01193,DL-HY-005,F02,2025-08-01,2025-09-02,2025-09-10,43500,43500,3.039,livrée
CMD-2025-01194,DL-CA-006,F03,2025-08-01,2025-08-24,2025-08-29,62500,62500,2.73,livrée
CMD-2025-01195,DL-SV-011,F03,2025-08-01,2025-08-28,2025-08-24,23500,23500,2.93,livrée
CMD-2025-01196,DL-HY-001,F03,2025-08-01,2025-08-25,2025-08-27,12000,12000,3.098,livrée
CMD-2025-01197,DL-SV-005,F06,2025-08-04,2025-09-19,2025-09-17,12000,12000,3.402,livrée
CMD-2025-01198,DL-SV-006,F03,2025-08-04,2025-09-01,2025-08-27,34500,34500,2.989,livrée
CMD-2025-01199,DL-SV-006,F03,2025-08-04,2025-08-27,2025-08-23,124500,124500,3.215,livrée
CMD-2025-01200,DL-SV-010,F04,2025-08-04,2025-09-09,2025-09-09,44500,44500,3.075,livrée
CMD-2025-01201,DL-SO-001,F07,2025-08-04,2025-09-12,2025-09-08,29500,29500,4.113,livrée
CMD-2025-01202,DL-BB-003,F05,2025-08-04,2025-09-10,2025-09-05,139000,139000,4.525,livrée
CMD-2025-01203,DL-DE-007,F07,2025-08-04,2025-09-15,2025-09-22,40500,40500,1.768,livrée
CMD-2025-01204,DL-SV-007,F03,2025-08-04,2025-08-28,2025-08-24,32000,32000,3.947,livrée
CMD-2025-01205,DL-BB-004,F01,2025-08-04,2025-09-04,2025-08-31,77500,77500,4.055,livrée
CMD-2025-01206,DL-SV-014,F04,2025-08-04,2025-09-06,2025-09-02,31500,31500,3.937,livrée
CMD-2025-01207,DL-CA-011,F02,2025-08-04,2025-09-02,2025-08-30,58000,58000,4.404,livrée
CMD-2025-01208,DL-DE-001,F03,2025-08-05,2025-08-31,2025-08-28,38500,38500,4.321,livrée
CMD-2025-01209,DL-BB-001,F02,2025-08-05,2025-09-03,2025-09-03,48500,48500,4.193,livrée
CMD-2025-01210,DL-CA-001,F02,2025-08-05,2025-09-03,2025-08-30,25000,21900,5.481,livrée
CMD-2025-01211,DL-HY-005,F02,2025-08-06,2025-09-06,2025-09-08,27500,27500,2.946,livrée
CMD-2025-01212,DL-SV-006,F03,2025-08-06,2025-09-03,2025-09-05,49000,49000,2.955,livrée
CMD-2025-01213,DL-BB-004,F07,2025-08-06,2025-09-19,2025-09-17,28000,28000,3.644,livrée
CMD-2025-01214,DL-DE-004,F01,2025-08-06,2025-09-04,2025-09-13,17500,17500,5.377,livrée
CMD-2025-01215,DL-SV-010,F04,2025-08-06,2025-09-13,2025-09-15,94000,94000,2.97,livrée
CMD-2025-01216,DL-SV-003,F03,2025-08-06,2025-09-01,2025-08-30,42000,42000,5.241,livrée
CMD-2025-01217,DL-DE-001,F03,2025-08-06,2025-09-01,2025-08-30,15500,15500,4.637,livrée
CMD-2025-01218,DL-SO-005,F04,2025-08-06,2025-09-08,2025-09-07,18000,18000,2.866,livrée
CMD-2025-01219,DL-BB-002,F01,2025-08-06,2025-09-04,2025-09-02,22500,22500,3.319,livrée
CMD-2025-01220,DL-SV-001,F01,2025-08-07,2025-09-03,2025-09-04,27000,27000,3.141,livrée
CMD-2025-01221,DL-DE-001,F03,2025-08-07,2025-09-03,2025-09-05,27500,27500,4.411,livrée
CMD-2025-01222,DL-SO-005,F04,2025-08-07,2025-09-13,2025-09-15,68500,68500,2.75,livrée
CMD-2025-01223,DL-HY-003,F06,2025-08-07,2025-09-21,2025-09-17,28500,28500,5.794,livrée
CMD-2025-01224,DL-HY-004,F03,2025-08-07,2025-09-01,2025-08-29,54500,54500,3.799,livrée
CMD-2025-01225,DL-SO-002,F03,2025-08-07,2025-09-03,2025-08-29,20500,20500,2.757,livrée
CMD-2025-01226,DL-CA-003,F02,2025-08-08,2025-09-06,2025-09-02,57000,57000,2.469,livrée
CMD-2025-01227,DL-SO-008,F07,2025-08-08,2025-09-18,2025-09-14,39000,39000,4.797,livrée
CMD-2025-01228,DL-DE-007,F07,2025-08-08,2025-09-20,2025-09-16,27500,27500,1.876,livrée
CMD-2025-01229,DL-SV-006,F05,2025-08-08,2025-09-16,2025-09-17,41000,41000,3.207,livrée
CMD-2025-01230,DL-HY-004,F04,2025-08-08,2025-09-15,2025-09-10,35000,35000,4.104,livrée
CMD-2025-01231,DL-DE-001,F03,2025-08-08,2025-09-05,2025-09-03,36500,36500,4.347,livrée
CMD-2025-01232,DL-HY-002,F08,2025-08-11,2025-09-16,2025-09-14,150000,150000,2.22,livrée
CMD-2025-01233,DL-SV-006,F03,2025-08-11,2025-09-05,2025-08-31,18000,18000,3.088,livrée
CMD-2025-01234,DL-HY-004,F04,2025-08-11,2025-09-14,2025-09-13,28000,28000,4.048,livrée
CMD-2025-01235,DL-DE-001,F03,2025-08-11,2025-09-05,2025-09-05,70500,70500,4.446,livrée
CMD-2025-01236,DL-HY-004,F03,2025-08-11,2025-09-06,2025-09-02,41000,41000,4.039,livrée
CMD-2025-01237,DL-SV-001,F06,2025-08-11,2025-09-26,2025-09-23,33000,33000,2.9,livrée
CMD-2025-01238,DL-CA-011,F02,2025-08-11,2025-09-12,2025-09-08,62500,62500,4.53,livrée
CMD-2025-01239,DL-BB-006,F07,2025-08-11,2025-09-23,2025-09-24,31500,31500,3.858,livrée
CMD-2025-01240,DL-DE-004,F08,2025-08-11,2025-09-19,2025-09-14,28000,28000,5.221,livrée
CMD-2025-01241,DL-DE-009,F04,2025-08-11,2025-09-12,2025-09-10,95000,95000,3.869,livrée
CMD-2025-01242,DL-CA-011,F02,2025-08-12,2025-09-13,2025-09-14,135000,135000,4.486,livrée
CMD-2025-01243,DL-SO-002,F03,2025-08-12,2025-09-05,2025-09-04,58000,58000,2.688,livrée
CMD-2025-01244,DL-BB-001,F02,2025-08-12,2025-09-11,2025-09-10,66000,66000,3.943,livrée
CMD-2025-01245,DL-SV-001,F01,2025-08-12,2025-09-06,2025-09-02,28000,28000,2.935,livrée
CMD-2025-01246,DL-DE-001,F03,2025-08-12,2025-09-09,2025-09-15,14500,14500,4.217,livrée
CMD-2025-01247,DL-CA-008,F05,2025-08-12,2025-09-20,2025-09-19,14000,14000,1.607,livrée
CMD-2025-01248,DL-DE-001,F03,2025-08-12,2025-09-08,2025-09-07,44000,44000,4.377,livrée
CMD-2025-01249,DL-BB-001,F02,2025-08-12,2025-09-14,2025-09-10,54500,54500,4.193,livrée
CMD-2025-01250,DL-SO-008,F07,2025-08-13,2025-09-27,2025-09-24,68000,68000,4.977,livrée
CMD-2025-01251,DL-CA-011,F02,2025-08-13,2025-09-15,2025-09-15,34500,34500,4.423,livrée
CMD-2025-01252,DL-BB-006,F01,2025-08-13,2025-09-12,2025-09-09,61000,61000,4.142,livrée
CMD-2025-01253,DL-SV-009,F02,2025-08-13,2025-09-13,2025-09-08,19000,19000,3.291,livrée
CMD-2025-01254,DL-CA-004,F03,2025-08-13,2025-09-04,2025-08-31,25500,25500,3.12,livrée
CMD-2025-01255,DL-SV-002,F05,2025-08-13,2025-09-22,2025-09-17,38000,38000,4.113,livrée
CMD-2025-01256,DL-DE-001,F03,2025-08-13,2025-09-05,2025-09-04,26000,26000,4.436,livrée
CMD-2025-01257,DL-HY-003,F06,2025-08-13,2025-09-29,2025-09-25,22500,22500,5.363,livrée
CMD-2025-01258,DL-DE-009,F04,2025-08-13,2025-09-18,2025-09-16,33000,33000,4.162,livrée
CMD-2025-01259,DL-CA-011,F02,2025-08-14,2025-09-12,2025-09-07,63000,63000,4.164,livrée
CMD-2025-01260,DL-SV-001,F01,2025-08-14,2025-09-10,2025-09-11,50000,50000,2.913,livrée
CMD-2025-01261,DL-SV-003,F03,2025-08-14,2025-09-05,2025-09-02,27000,27000,5.218,livrée
CMD-2025-01262,DL-SV-010,F04,2025-08-14,2025-09-18,2025-09-16,30500,27000,2.91,livrée
CMD-2025-01263,DL-CA-012,F03,2025-08-14,2025-09-07,2025-09-04,67000,67000,4.059,livrée
CMD-2025-01264,DL-HY-008,F02,2025-08-14,2025-09-12,2025-09-12,41000,41000,1.598,livrée
CMD-2025-01265,DL-DE-001,F03,2025-08-14,2025-09-08,2025-09-10,75500,75500,4.454,livrée
CMD-2025-01266,DL-BB-001,F02,2025-08-14,2025-09-11,2025-09-10,21500,21500,3.886,livrée
CMD-2025-01267,DL-SV-015,F05,2025-08-14,2025-09-21,2025-09-20,58000,58000,3.326,livrée
CMD-2025-01268,DL-SO-003,F04,2025-08-14,2025-09-21,2025-09-19,34500,34500,3.224,livrée
CMD-2025-01269,DL-BB-006,F07,2025-08-14,2025-09-28,2025-09-28,29000,29000,4.058,livrée
CMD-2025-01270,DL-SV-010,F04,2025-08-15,2025-09-20,2025-09-15,123500,123500,2.835,livrée
CMD-2025-01271,DL-SV-001,F01,2025-08-15,2025-09-12,2025-09-11,87500,87500,3.072,livrée
CMD-2025-01272,DL-SV-014,F04,2025-08-15,2025-09-18,2025-09-21,31000,31000,4.257,livrée
CMD-2025-01273,DL-BB-004,F01,2025-08-15,2025-09-14,2025-09-16,34000,34000,3.623,livrée
CMD-2025-01274,DL-SV-010,F04,2025-08-15,2025-09-20,2025-09-22,65000,65000,2.878,livrée
CMD-2025-01275,DL-BB-006,F07,2025-08-15,2025-09-27,2025-09-22,37000,37000,3.925,livrée
CMD-2025-01276,DL-HY-005,F08,2025-08-15,2025-09-22,2025-09-22,45500,45500,2.959,livrée
CMD-2025-01277,DL-SO-007,F06,2025-08-15,2025-09-29,2025-09-28,27500,27500,5.432,livrée
CMD-2025-01278,DL-BB-006,F07,2025-08-15,2025-09-25,2025-09-23,79500,79500,4.242,livrée
CMD-2025-01279,DL-HY-004,F04,2025-08-15,2025-09-16,2025-09-14,92000,92000,3.901,livrée
CMD-2025-01280,DL-SV-001,F01,2025-08-18,2025-09-18,2025-09-20,33500,33500,3.148,livrée
CMD-2025-01281,DL-DE-006,F05,2025-08-18,2025-09-28,2025-10-04,60500,60500,1.916,livrée
CMD-2025-01282,DL-CA-008,F05,2025-08-18,2025-09-26,2025-09-22,33000,33000,1.506,livrée
CMD-2025-01283,DL-HY-008,F02,2025-08-18,2025-09-19,2025-09-21,62000,62000,1.566,livrée
CMD-2025-01284,DL-SO-005,F04,2025-08-19,2025-09-25,2025-09-24,90000,90000,2.825,livrée
CMD-2025-01285,DL-DE-001,F03,2025-08-19,2025-09-15,2025-09-10,43000,43000,4.598,livrée
CMD-2025-01286,DL-SV-006,F03,2025-08-19,2025-09-12,2025-09-14,29000,29000,2.911,livrée
CMD-2025-01287,DL-SO-005,F04,2025-08-19,2025-09-20,2025-09-15,62000,62000,2.808,livrée
CMD-2025-01288,DL-SV-014,F04,2025-08-20,2025-09-22,2025-09-23,59500,59500,4.003,livrée
CMD-2025-01289,DL-SO-008,F07,2025-08-20,2025-09-30,2025-09-28,57000,57000,4.582,livrée
CMD-2025-01290,DL-HY-001,F03,2025-08-20,2025-09-15,2025-09-14,51500,51500,3.301,livrée
CMD-2025-01291,DL-CA-011,F02,2025-08-20,2025-09-20,2025-09-18,53000,53000,4.247,livrée
CMD-2025-01292,DL-HY-001,F03,2025-08-20,2025-09-11,2025-09-08,113500,113500,3.387,livrée
CMD-2025-01293,DL-SV-008,F04,2025-08-20,2025-09-27,2025-09-27,52500,52500,2.89,livrée
CMD-2025-01294,DL-BB-006,F07,2025-08-20,2025-10-03,2025-10-04,38500,38500,4.219,livrée
CMD-2025-01295,DL-SV-001,F06,2025-08-21,2025-10-03,2025-10-15,64000,64000,3.027,livrée
CMD-2025-01296,DL-DE-002,F07,2025-08-21,2025-10-03,2025-10-02,32500,32500,3.514,livrée
CMD-2025-01297,DL-DE-007,F07,2025-08-21,2025-10-02,2025-10-02,29000,29000,1.827,livrée
CMD-2025-01298,DL-CA-003,F02,2025-08-21,2025-09-21,2025-09-22,68000,68000,2.366,livrée
CMD-2025-01299,DL-DE-006,F02,2025-08-21,2025-09-20,2025-09-17,77000,77000,1.884,livrée
CMD-2025-01300,DL-SO-009,F08,2025-08-21,2025-09-29,2025-09-29,45500,45500,3.221,livrée
CMD-2025-01301,DL-DE-007,F07,2025-08-21,2025-10-01,2025-09-28,69000,69000,1.774,livrée
CMD-2025-01302,DL-SV-001,F06,2025-08-21,2025-10-08,2025-10-08,16500,16500,3.147,livrée
CMD-2025-01303,DL-SO-005,F04,2025-08-21,2025-09-26,2025-09-28,25000,25000,2.586,livrée
CMD-2025-01304,DL-HY-005,F08,2025-08-21,2025-09-30,2025-09-28,13500,13500,3.328,livrée
CMD-2025-01305,DL-SV-006,F03,2025-08-21,2025-09-18,2025-09-20,68000,68000,2.962,livrée
CMD-2025-01306,DL-SV-006,F03,2025-08-21,2025-09-16,2025-09-14,20000,20000,3.017,livrée
CMD-2025-01307,DL-CA-006,F03,2025-08-22,2025-09-18,2025-09-20,24000,24000,2.776,livrée
CMD-2025-01308,DL-BB-001,F02,2025-08-22,2025-09-23,2025-09-30,51000,51000,4.114,livrée
CMD-2025-01309,DL-SO-009,F08,2025-08-25,2025-09-30,2025-09-27,107500,107500,3.061,livrée
CMD-2025-01310,DL-SO-004,F06,2025-08-25,2025-10-06,2025-10-07,36500,36500,2.729,livrée
CMD-2025-01311,DL-CA-001,F02,2025-08-25,2025-09-27,2025-10-06,39500,39500,5.231,livrée
CMD-2025-01312,DL-SO-005,F04,2025-08-25,2025-09-29,2025-09-30,22500,22500,2.746,livrée
CMD-2025-01313,DL-SV-010,F04,2025-08-26,2025-10-03,2025-10-02,117500,117500,2.807,livrée
CMD-2025-01314,DL-DE-006,F05,2025-08-26,2025-10-04,2025-10-16,14500,14500,2.027,livrée
CMD-2025-01315,DL-HY-001,F03,2025-08-26,2025-09-19,2025-09-18,54500,54500,3.259,livrée
CMD-2025-01316,DL-DE-001,F03,2025-08-26,2025-09-19,2025-09-20,87000,87000,4.525,livrée
CMD-2025-01317,DL-SV-006,F03,2025-08-26,2025-09-19,2025-09-17,66500,66500,3.006,livrée
CMD-2025-01318,DL-HY-004,F04,2025-08-26,2025-10-02,2025-09-30,29000,29000,3.938,livrée
CMD-2025-01319,DL-CA-004,F03,2025-08-26,2025-09-23,2025-09-25,73500,73500,2.842,livrée
CMD-2025-01320,DL-HY-002,F08,2025-08-26,2025-10-06,2025-10-07,49000,49000,2.278,livrée
CMD-2025-01321,DL-SV-009,F02,2025-08-26,2025-09-27,2025-09-28,32000,32000,3.602,livrée
CMD-2025-01322,DL-DE-002,F07,2025-08-27,2025-10-08,2025-10-10,35500,35500,3.426,livrée
CMD-2025-01323,DL-HY-008,F03,2025-08-27,2025-09-21,2025-09-19,29000,29000,1.472,livrée
CMD-2025-01324,DL-BB-006,F07,2025-08-27,2025-10-08,2025-10-04,54500,54500,4.1,livrée
CMD-2025-01325,DL-SV-007,F03,2025-08-27,2025-09-22,2025-09-22,10500,10500,4.155,livrée
CMD-2025-01326,DL-CA-004,F03,2025-08-28,2025-09-21,2025-09-16,29500,29500,2.987,livrée
CMD-2025-01327,DL-BB-001,F02,2025-08-28,2025-09-27,2025-09-22,30500,30500,3.952,livrée
CMD-2025-01328,DL-SV-014,F04,2025-08-28,2025-10-02,2025-10-02,18500,18500,4.298,livrée
CMD-2025-01329,DL-DE-001,F03,2025-08-28,2025-09-24,2025-09-21,32000,32000,4.545,livrée
CMD-2025-01330,DL-SV-003,F03,2025-08-28,2025-09-23,2025-09-20,34500,34500,4.974,livrée
CMD-2025-01331,DL-DE-007,F07,2025-08-28,2025-10-08,2025-10-07,52000,52000,1.726,livrée
CMD-2025-01332,DL-SO-004,F04,2025-08-28,2025-10-03,2025-10-04,52000,52000,2.754,livrée
CMD-2025-01333,DL-HY-001,F03,2025-08-28,2025-09-20,2025-09-17,49000,49000,3.109,livrée
CMD-2025-01334,DL-SV-003,F03,2025-08-29,2025-09-23,2025-09-18,19000,19000,5.369,livrée
CMD-2025-01335,DL-DE-006,F02,2025-08-29,2025-09-25,2025-09-20,55500,55500,1.969,livrée
CMD-2025-01336,DL-DE-005,F03,2025-08-29,2025-09-25,2025-09-25,32500,32500,3.04,livrée
CMD-2025-01337,DL-SV-001,F01,2025-08-29,2025-09-24,2025-09-23,21500,21500,2.824,livrée
CMD-2025-01338,DL-SV-001,F01,2025-08-29,2025-09-28,2025-09-27,44000,44000,3.041,livrée
CMD-2025-01339,DL-DE-007,F07,2025-08-29,2025-10-13,2025-10-09,69000,69000,1.913,livrée
CMD-2025-01340,DL-CA-004,F03,2025-08-29,2025-09-24,2025-09-21,65500,65500,2.939,livrée
CMD-2025-01341,DL-SV-007,F08,2025-08-29,2025-10-09,2025-10-04,57000,57000,3.823,livrée
CMD-2025-01342,DL-SO-008,F07,2025-08-29,2025-10-08,2025-10-16,23000,23000,4.753,livrée
CMD-2025-01343,DL-SO-005,F04,2025-09-01,2025-10-06,2025-10-02,16500,16500,2.552,livrée
CMD-2025-01344,DL-CA-011,F02,2025-09-01,2025-10-02,2025-09-30,53000,53000,4.475,livrée
CMD-2025-01345,DL-SV-010,F04,2025-09-01,2025-10-06,2025-10-04,89000,89000,2.856,livrée
CMD-2025-01346,DL-SV-006,F03,2025-09-01,2025-09-26,2025-09-27,45000,45000,3.176,livrée
CMD-2025-01347,DL-HY-002,F08,2025-09-01,2025-10-08,2025-10-10,31500,31500,2.144,livrée
CMD-2025-01348,DL-CA-008,F05,2025-09-01,2025-10-14,2025-10-15,25500,25500,1.529,livrée
CMD-2025-01349,DL-CA-001,F02,2025-09-02,2025-10-01,2025-09-26,89500,89500,5.152,livrée
CMD-2025-01350,DL-HY-008,F02,2025-09-02,2025-09-30,2025-09-27,32000,32000,1.537,livrée
CMD-2025-01351,DL-SV-014,F04,2025-09-02,2025-10-08,2025-10-08,59500,59500,4.246,livrée
CMD-2025-01352,DL-SV-010,F04,2025-09-02,2025-10-08,2025-10-08,72500,72500,2.826,livrée
CMD-2025-01353,DL-CA-001,F02,2025-09-02,2025-10-05,2025-10-01,46500,46500,5.307,livrée
CMD-2025-01354,DL-SV-007,F03,2025-09-03,2025-09-28,2025-09-25,53000,53000,4.213,livrée
CMD-2025-01355,DL-DE-001,F03,2025-09-03,2025-10-01,2025-09-26,18000,18000,4.187,livrée
CMD-2025-01356,DL-SV-005,F06,2025-09-03,2025-10-19,2025-10-21,45500,45500,3.411,livrée
CMD-2025-01357,DL-BB-005,F04,2025-09-03,2025-10-06,2025-10-07,90500,90500,4.889,livrée
CMD-2025-01358,DL-SV-006,F03,2025-09-03,2025-09-29,2025-09-24,39500,39500,2.902,livrée
CMD-2025-01359,DL-SV-006,F05,2025-09-03,2025-10-16,2025-10-24,58500,58500,3.114,livrée
CMD-2025-01360,DL-CA-004,F03,2025-09-04,2025-09-29,2025-09-26,44500,44500,3.163,livrée
CMD-2025-01361,DL-HY-002,F08,2025-09-04,2025-10-09,2025-10-04,19000,19000,2.161,livrée
CMD-2025-01362,DL-CA-012,F03,2025-09-04,2025-09-29,2025-09-26,25500,25500,4.359,livrée
CMD-2025-01363,DL-SV-015,F05,2025-09-04,2025-10-17,2025-10-16,17500,17500,3.16,livrée
CMD-2025-01364,DL-HY-004,F04,2025-09-04,2025-10-11,2025-10-22,74500,74500,4.006,livrée
CMD-2025-01365,DL-DE-007,F07,2025-09-04,2025-10-15,2025-10-28,11000,11000,1.861,livrée
CMD-2025-01366,DL-DE-001,F03,2025-09-05,2025-09-28,2025-09-30,10000,10000,4.59,livrée
CMD-2025-01367,DL-DE-004,F01,2025-09-05,2025-10-01,2025-09-30,91000,91000,5.583,livrée
CMD-2025-01368,DL-BB-001,F02,2025-09-05,2025-10-07,2025-10-04,35500,35500,3.964,livrée
CMD-2025-01369,DL-SV-011,F03,2025-09-05,2025-09-30,2025-10-02,32500,32500,2.899,livrée
CMD-2025-01370,DL-DE-007,F07,2025-09-08,2025-10-19,2025-10-20,36500,36500,1.907,livrée
CMD-2025-01371,DL-SV-001,F01,2025-09-08,2025-10-06,2025-10-03,35000,35000,2.831,livrée
CMD-2025-01372,DL-CA-006,F03,2025-09-08,2025-10-04,2025-09-29,64500,64500,2.889,livrée
CMD-2025-01373,DL-SV-011,F03,2025-09-08,2025-09-30,2025-09-29,27000,27000,2.809,livrée
CMD-2025-01374,DL-DE-008,F06,2025-09-08,2025-10-24,2025-10-26,23500,23500,3.307,livrée
CMD-2025-01375,DL-SV-008,F04,2025-09-08,2025-10-12,2025-10-07,88500,88500,3.162,livrée
CMD-2025-01376,DL-CA-012,F02,2025-09-08,2025-10-11,2025-10-08,81000,81000,3.985,livrée
CMD-2025-01377,DL-HY-003,F06,2025-09-09,2025-10-22,2025-10-18,53500,53500,5.6,livrée
CMD-2025-01378,DL-SO-005,F04,2025-09-09,2025-10-12,2025-10-08,50500,50500,2.63,livrée
CMD-2025-01379,DL-DE-008,F06,2025-09-09,2025-10-22,2025-10-18,27500,27500,3.189,livrée
CMD-2025-01380,DL-HY-004,F04,2025-09-09,2025-10-13,2025-10-14,73500,73500,3.866,livrée
CMD-2025-01381,DL-CA-004,F03,2025-09-09,2025-10-01,2025-10-02,21000,21000,2.872,livrée
CMD-2025-01382,DL-HY-003,F06,2025-09-09,2025-10-25,2025-10-27,31000,31000,5.628,livrée
CMD-2025-01383,DL-SV-007,F03,2025-09-09,2025-10-04,2025-09-30,33000,33000,4.233,livrée
CMD-2025-01384,DL-CA-006,F03,2025-09-09,2025-10-04,2025-09-30,61000,61000,2.992,livrée
CMD-2025-01385,DL-SV-002,F05,2025-09-09,2025-10-20,2025-10-18,98500,98500,3.905,livrée
CMD-2025-01386,DL-HY-004,F04,2025-09-09,2025-10-12,2025-10-21,30000,30000,3.802,livrée
CMD-2025-01387,DL-DE-001,F03,2025-09-09,2025-10-07,2025-10-04,50000,50000,4.37,livrée
CMD-2025-01388,DL-SV-010,F04,2025-09-09,2025-10-16,2025-10-15,17000,17000,2.965,livrée
CMD-2025-01389,DL-CA-004,F03,2025-09-09,2025-10-05,2025-10-03,27500,27500,3.0,livrée
CMD-2025-01390,DL-HY-008,F03,2025-09-09,2025-10-02,2025-09-29,54000,54000,1.549,livrée
CMD-2025-01391,DL-SV-014,F04,2025-09-09,2025-10-17,2025-10-14,43000,43000,4.241,livrée
CMD-2025-01392,DL-SV-010,F04,2025-09-10,2025-10-12,2025-10-12,46500,46500,3.118,livrée
CMD-2025-01393,DL-SV-001,F01,2025-09-10,2025-10-07,2025-10-05,15000,15000,3.077,livrée
CMD-2025-01394,DL-DE-007,F07,2025-09-10,2025-10-25,2025-10-26,18000,18000,1.938,livrée
CMD-2025-01395,DL-SV-001,F01,2025-09-10,2025-10-07,2025-10-09,14500,14500,2.95,livrée
CMD-2025-01396,DL-BB-002,F04,2025-09-10,2025-10-12,2025-10-23,41000,41000,3.135,livrée
CMD-2025-01397,DL-SV-002,F05,2025-09-10,2025-10-21,2025-10-22,27500,27500,4.185,livrée
CMD-2025-01398,DL-SV-001,F01,2025-09-10,2025-10-08,2025-10-05,41000,41000,3.063,livrée
CMD-2025-01399,DL-SV-007,F03,2025-09-10,2025-10-07,2025-10-04,12500,12500,3.855,livrée
CMD-2025-01400,DL-CA-006,F03,2025-09-10,2025-10-08,2025-10-04,56500,56500,2.888,livrée
CMD-2025-01401,DL-DE-005,F03,2025-09-11,2025-10-09,2025-10-06,28500,28500,2.94,livrée
CMD-2025-01402,DL-HY-001,F03,2025-09-11,2025-10-06,2025-10-03,46500,46500,3.197,livrée
CMD-2025-01403,DL-SV-001,F01,2025-09-11,2025-10-09,2025-10-06,54500,54500,3.018,livrée
CMD-2025-01404,DL-SV-006,F03,2025-09-11,2025-10-06,2025-10-06,31500,31500,2.884,livrée
CMD-2025-01405,DL-HY-002,F08,2025-09-11,2025-10-19,2025-10-15,68500,68500,2.203,livrée
CMD-2025-01406,DL-HY-005,F08,2025-09-11,2025-10-18,2025-10-15,34500,34500,3.133,livrée
CMD-2025-01407,DL-SV-005,F06,2025-09-11,2025-10-27,2025-10-22,32000,32000,3.161,livrée
CMD-2025-01408,DL-CA-010,F03,2025-09-11,2025-10-07,2025-10-07,30500,30500,4.245,livrée
CMD-2025-01409,DL-SO-008,F07,2025-09-11,2025-10-26,2025-10-24,81500,74000,4.947,livrée
CMD-2025-01410,DL-SV-012,F07,2025-09-11,2025-10-21,2025-10-18,55500,55500,4.112,livrée
CMD-2025-01411,DL-HY-004,F04,2025-09-12,2025-10-20,2025-10-15,70000,70000,3.895,livrée
CMD-2025-01412,DL-CA-010,F03,2025-09-12,2025-10-04,2025-09-29,113000,113000,3.765,livrée
CMD-2025-01413,DL-BB-006,F07,2025-09-12,2025-10-25,2025-10-24,64000,64000,4.333,livrée
CMD-2025-01414,DL-SV-002,F05,2025-09-12,2025-10-19,2025-10-21,40500,40500,3.987,livrée
CMD-2025-01415,DL-HY-001,F03,2025-09-12,2025-10-06,2025-10-06,85000,85000,3.196,livrée
CMD-2025-01416,DL-HY-006,F03,2025-09-12,2025-10-09,2025-10-10,34000,34000,1.753,livrée
CMD-2025-01417,DL-SO-005,F04,2025-09-15,2025-10-20,2025-10-15,57000,57000,2.799,livrée
CMD-2025-01418,DL-HY-009,F08,2025-09-15,2025-10-22,2025-10-19,27500,27500,2.399,livrée
CMD-2025-01419,DL-HY-008,F02,2025-09-15,2025-10-15,2025-10-10,25500,25500,1.639,livrée
CMD-2025-01420,DL-DE-001,F03,2025-09-15,2025-10-10,2025-10-12,24500,24500,4.546,livrée
CMD-2025-01421,DL-SV-002,F05,2025-09-15,2025-10-26,2025-10-26,25000,25000,4.054,livrée
CMD-2025-01422,DL-BB-004,F01,2025-09-15,2025-10-12,2025-10-09,83000,83000,3.95,livrée
CMD-2025-01423,DL-SO-008,F07,2025-09-15,2025-10-28,2025-10-27,46000,46000,4.865,livrée
CMD-2025-01424,DL-SV-011,F07,2025-09-16,2025-10-31,2025-10-29,27500,27500,3.017,livrée
CMD-2025-01425,DL-CA-003,F02,2025-09-17,2025-10-18,2025-10-18,16500,16500,2.371,livrée
CMD-2025-01426,DL-BB-005,F04,2025-09-17,2025-10-25,2025-10-22,28500,28500,4.905,livrée
CMD-2025-01427,DL-SO-004,F04,2025-09-17,2025-10-25,2025-10-23,42500,42500,2.668,livrée
CMD-2025-01428,DL-CA-003,F02,2025-09-17,2025-10-18,2025-10-23,146500,146500,2.277,livrée
CMD-2025-01429,DL-HY-002,F08,2025-09-17,2025-10-23,2025-10-20,69000,69000,2.302,livrée
CMD-2025-01430,DL-BB-005,F04,2025-09-17,2025-10-25,2025-10-21,16500,16500,5.14,livrée
CMD-2025-01431,DL-SO-001,F02,2025-09-18,2025-10-20,2025-10-22,17000,17000,4.303,livrée
CMD-2025-01432,DL-SO-005,F04,2025-09-18,2025-10-21,2025-11-03,69000,69000,2.64,livrée
CMD-2025-01433,DL-SO-009,F08,2025-09-18,2025-10-27,2025-10-24,80000,80000,3.034,livrée
CMD-2025-01434,DL-CA-004,F03,2025-09-18,2025-10-14,2025-10-15,75500,69300,2.97,livrée
CMD-2025-01435,DL-DE-008,F06,2025-09-18,2025-11-02,2025-11-04,25500,25500,3.355,livrée
CMD-2025-01436,DL-DE-001,F03,2025-09-18,2025-10-16,2025-10-16,90000,90000,4.421,livrée
CMD-2025-01437,DL-BB-002,F04,2025-09-19,2025-10-26,2025-10-25,40000,40000,3.221,livrée
CMD-2025-01438,DL-SV-003,F03,2025-09-19,2025-10-15,2025-10-16,33500,33500,5.114,livrée
CMD-2025-01439,DL-SO-001,F02,2025-09-19,2025-10-20,2025-10-21,23000,23000,4.049,livrée
CMD-2025-01440,DL-SO-005,F04,2025-09-19,2025-10-24,2025-10-22,36500,36500,2.794,livrée
CMD-2025-01441,DL-HY-002,F08,2025-09-19,2025-10-30,2025-10-29,150000,130000,2.188,livrée
CMD-2025-01442,DL-CA-006,F03,2025-09-19,2025-10-14,2025-10-16,42000,42000,2.994,livrée
CMD-2025-01443,DL-HY-002,F08,2025-09-19,2025-10-28,2025-10-24,22500,22500,2.14,livrée
CMD-2025-01444,DL-CA-004,F03,2025-09-19,2025-10-11,2025-10-06,145000,145000,2.936,livrée
CMD-2025-01445,DL-SO-003,F07,2025-09-19,2025-10-28,2025-10-27,46500,46500,3.362,livrée
CMD-2025-01446,DL-CA-003,F02,2025-09-19,2025-10-17,2025-10-12,70500,70500,2.487,livrée
CMD-2025-01447,DL-CA-012,F02,2025-09-19,2025-10-22,2025-10-18,93000,93000,4.358,livrée
CMD-2025-01448,DL-HY-005,F08,2025-09-19,2025-10-28,2025-10-25,21500,21500,3.26,livrée
CMD-2025-01449,DL-CA-011,F02,2025-09-19,2025-10-21,2025-10-20,21000,21000,4.231,livrée
CMD-2025-01450,DL-BB-006,F07,2025-09-22,2025-11-02,2025-10-31,49500,42400,4.344,livrée
CMD-2025-01451,DL-HY-006,F03,2025-09-22,2025-10-19,2025-10-17,63500,63500,1.76,livrée
CMD-2025-01452,DL-DE-002,F07,2025-09-22,2025-11-01,2025-11-02,13500,13500,3.659,livrée
CMD-2025-01453,DL-CA-012,F03,2025-09-22,2025-10-20,2025-10-17,42500,42500,4.249,livrée
CMD-2025-01454,DL-CA-004,F03,2025-09-22,2025-10-17,2025-10-15,68500,68500,2.874,livrée
CMD-2025-01455,DL-BB-005,F04,2025-09-22,2025-10-26,2025-10-28,23000,23000,5.069,livrée
CMD-2025-01456,DL-DE-002,F07,2025-09-22,2025-10-31,2025-11-02,42000,42000,3.599,livrée
CMD-2025-01457,DL-SV-002,F05,2025-09-23,2025-11-05,2025-11-06,47500,41600,3.879,livrée
CMD-2025-01458,DL-SV-007,F03,2025-09-23,2025-10-17,2025-10-19,34000,34000,4.025,livrée
CMD-2025-01459,DL-DE-008,F06,2025-09-23,2025-11-07,2025-11-07,66000,66000,3.205,livrée
CMD-2025-01460,DL-HY-004,F04,2025-09-23,2025-10-28,2025-10-23,15500,15500,3.828,livrée
CMD-2025-01461,DL-CA-003,F04,2025-09-24,2025-11-01,2025-11-01,26000,26000,2.28,livrée
CMD-2025-01462,DL-SV-015,F05,2025-09-24,2025-11-02,2025-11-09,73000,73000,3.327,livrée
CMD-2025-01463,DL-BB-006,F07,2025-09-24,2025-11-04,2025-11-04,30000,30000,3.918,livrée
CMD-2025-01464,DL-HY-006,F03,2025-09-24,2025-10-22,2025-10-22,24500,24500,1.731,livrée
CMD-2025-01465,DL-DE-008,F06,2025-09-24,2025-11-09,2025-11-07,10500,10500,3.272,livrée
CMD-2025-01466,DL-BB-004,F01,2025-09-24,2025-10-19,2025-10-15,126500,126500,3.809,livrée
CMD-2025-01467,DL-HY-001,F03,2025-09-24,2025-10-16,2025-10-15,43500,43500,3.055,livrée
CMD-2025-01468,DL-SO-009,F08,2025-09-24,2025-10-30,2025-10-30,45500,45500,2.983,livrée
CMD-2025-01469,DL-DE-009,F04,2025-09-24,2025-10-28,2025-10-23,126500,126500,4.05,livrée
CMD-2025-01470,DL-SO-003,F04,2025-09-24,2025-11-01,2025-10-30,79000,79000,3.345,livrée
CMD-2025-01471,DL-SV-012,F07,2025-09-25,2025-11-03,2025-11-04,22500,22500,4.107,livrée
CMD-2025-01472,DL-DE-001,F03,2025-09-25,2025-10-21,2025-10-17,30500,30500,4.394,livrée
CMD-2025-01473,DL-BB-003,F05,2025-09-25,2025-11-05,2025-11-03,37500,37500,4.435,livrée
CMD-2025-01474,DL-CA-011,F02,2025-09-25,2025-10-23,2025-10-23,44000,44000,4.283,livrée
CMD-2025-01475,DL-CA-010,F03,2025-09-26,2025-10-20,2025-10-19,77500,77500,4.161,livrée
CMD-2025-01476,DL-SV-001,F01,2025-09-26,2025-10-22,2025-10-24,23500,23500,3.05,livrée
CMD-2025-01477,DL-CA-003,F02,2025-09-26,2025-10-24,2025-10-22,73500,73500,2.514,livrée
CMD-2025-01478,DL-SV-003,F03,2025-09-26,2025-10-21,2025-10-17,16000,16000,4.923,livrée
CMD-2025-01479,DL-HY-008,F02,2025-09-26,2025-10-28,2025-10-30,69000,69000,1.605,livrée
CMD-2025-01480,DL-DE-001,F03,2025-09-26,2025-10-21,2025-10-22,15500,15500,4.248,livrée
CMD-2025-01481,DL-SV-010,F04,2025-09-26,2025-10-28,2025-10-28,70000,70000,2.987,livrée
CMD-2025-01482,DL-CA-011,F02,2025-09-29,2025-10-31,2025-10-27,40500,40500,4.14,livrée
CMD-2025-01483,DL-SV-002,F05,2025-09-29,2025-11-09,2025-11-07,36500,36500,3.957,livrée
CMD-2025-01484,DL-BB-001,F02,2025-09-29,2025-10-26,2025-10-22,15000,15000,4.182,livrée
CMD-2025-01485,DL-DE-007,F07,2025-09-29,2025-11-10,2025-11-09,43500,43500,1.735,livrée
CMD-2025-01486,DL-CA-007,F07,2025-09-29,2025-11-13,2025-11-12,17000,17000,3.754,livrée
CMD-2025-01487,DL-BB-001,F02,2025-09-29,2025-10-30,2025-10-29,19000,16300,4.17,livrée
CMD-2025-01488,DL-DE-008,F06,2025-09-29,2025-11-16,2025-11-12,135000,135000,3.297,livrée
CMD-2025-01489,DL-CA-006,F03,2025-09-30,2025-10-26,2025-10-27,46000,46000,3.017,livrée
CMD-2025-01490,DL-SO-003,F07,2025-09-30,2025-11-09,2025-11-17,47500,47500,3.35,livrée
CMD-2025-01491,DL-DE-007,F07,2025-09-30,2025-11-11,2025-11-10,29500,29500,1.835,livrée
CMD-2025-01492,DL-BB-006,F01,2025-09-30,2025-10-27,2025-10-29,13500,13500,4.279,livrée
CMD-2025-01493,DL-BB-004,F01,2025-10-01,2025-10-28,2025-10-24,19000,19000,3.939,livrée
CMD-2025-01494,DL-DE-001,F03,2025-10-01,2025-10-25,2025-10-25,31500,31500,4.393,livrée
CMD-2025-01495,DL-CA-011,F02,2025-10-01,2025-11-02,2025-10-28,11500,11500,4.309,livrée
CMD-2025-01496,DL-DE-006,F05,2025-10-02,2025-11-09,2025-11-08,11000,11000,1.979,livrée
CMD-2025-01497,DL-HY-008,F02,2025-10-02,2025-10-31,2025-10-30,17500,17500,1.446,livrée
CMD-2025-01498,DL-DE-001,F03,2025-10-02,2025-10-28,2025-10-25,47000,47000,4.089,livrée
CMD-2025-01499,DL-SV-001,F06,2025-10-02,2025-11-15,2025-11-15,12000,12000,3.08,livrée
CMD-2025-01500,DL-SV-001,F01,2025-10-02,2025-10-31,2025-10-28,37500,37500,3.093,livrée
CMD-2025-01501,DL-CA-006,F03,2025-10-02,2025-10-26,2025-10-25,121500,121500,2.984,livrée
CMD-2025-01502,DL-HY-005,F08,2025-10-03,2025-11-07,2025-11-08,56500,56500,3.29,livrée
CMD-2025-01503,DL-HY-004,F04,2025-10-03,2025-11-10,2025-11-08,32000,32000,3.943,livrée
CMD-2025-01504,DL-SO-005,F04,2025-10-03,2025-11-06,2025-11-03,57500,57500,2.68,livrée
CMD-2025-01505,DL-SV-003,F03,2025-10-03,2025-10-28,2025-11-07,39000,39000,5.2,livrée
CMD-2025-01506,DL-CA-010,F03,2025-10-03,2025-10-28,2025-10-26,31000,31000,3.845,livrée
CMD-2025-01507,DL-CA-007,F08,2025-10-03,2025-11-10,2025-11-11,41500,41500,3.516,livrée
CMD-2025-01508,DL-CA-006,F03,2025-10-03,2025-10-31,2025-10-27,120000,120000,2.931,livrée
CMD-2025-01509,DL-SV-014,F04,2025-10-03,2025-11-05,2025-11-04,56000,56000,4.014,livrée
CMD-2025-01510,DL-HY-004,F04,2025-10-03,2025-11-06,2025-11-03,85000,85000,3.808,livrée
CMD-2025-01511,DL-SO-005,F04,2025-10-03,2025-11-08,2025-11-10,55000,55000,2.745,livrée
CMD-2025-01512,DL-SV-006,F03,2025-10-03,2025-10-25,2025-11-02,68000,65600,2.88,livrée
CMD-2025-01513,DL-DE-007,F07,2025-10-06,2025-11-14,2025-11-13,31000,31000,1.711,livrée
CMD-2025-01514,DL-CA-001,F02,2025-10-06,2025-11-02,2025-11-04,61000,61000,5.345,livrée
CMD-2025-01515,DL-CA-011,F02,2025-10-06,2025-11-02,2025-11-07,51000,51000,4.568,livrée
CMD-2025-01516,DL-SV-014,F04,2025-10-06,2025-11-08,2025-11-08,16000,16000,4.23,livrée
CMD-2025-01517,DL-HY-004,F04,2025-10-07,2025-11-11,2025-11-06,58500,58500,3.897,livrée
CMD-2025-01518,DL-SV-006,F03,2025-10-07,2025-11-03,2025-11-02,89500,89500,2.985,livrée
CMD-2025-01519,DL-HY-004,F03,2025-10-07,2025-10-31,2025-11-05,13000,13000,4.094,livrée
CMD-2025-01520,DL-SV-007,F08,2025-10-07,2025-11-14,2025-11-15,22000,22000,3.776,livrée
CMD-2025-01521,DL-DE-001,F03,2025-10-07,2025-11-01,2025-10-27,26000,26000,4.447,livrée
CMD-2025-01522,DL-SV-010,F04,2025-10-07,2025-11-08,2025-11-10,30500,30500,3.092,livrée
CMD-2025-01523,DL-SV-001,F01,2025-10-07,2025-11-01,2025-11-02,19500,19500,2.95,livrée
CMD-2025-01524,DL-SO-005,F04,2025-10-07,2025-11-14,2025-11-15,49500,49500,2.719,livrée
CMD-2025-01525,DL-SO-001,F02,2025-10-07,2025-11-04,2025-11-03,83500,83500,3.944,livrée
CMD-2025-01526,DL-CA-003,F02,2025-10-08,2025-11-09,2025-11-10,52000,52000,2.364,livrée
CMD-2025-01527,DL-BB-003,F05,2025-10-08,2025-11-18,2025-11-17,38500,38500,4.593,livrée
CMD-2025-01528,DL-SV-011,F03,2025-10-08,2025-10-30,2025-10-31,16000,14300,2.998,livrée
CMD-2025-01529,DL-DE-007,F07,2025-10-08,2025-11-19,2025-11-28,31500,30300,1.889,livrée
CMD-2025-01530,DL-SV-008,F04,2025-10-08,2025-11-15,2025-11-14,73000,73000,3.185,livrée
CMD-2025-01531,DL-SV-003,F03,2025-10-08,2025-11-05,2025-11-07,33500,33500,5.005,livrée
CMD-2025-01532,DL-CA-011,F02,2025-10-09,2025-11-10,2025-11-10,37000,37000,4.271,livrée
CMD-2025-01533,DL-SV-007,F03,2025-10-09,2025-10-31,2025-10-27,23500,23500,4.184,livrée
CMD-2025-01534,DL-DE-001,F03,2025-10-09,2025-11-01,2025-10-27,34000,34000,4.349,livrée
CMD-2025-01535,DL-BB-003,F05,2025-10-09,2025-11-15,2025-11-15,35000,32400,4.47,livrée
CMD-2025-01536,DL-SV-010,F04,2025-10-09,2025-11-14,2025-11-09,22500,22500,2.828,livrée
CMD-2025-01537,DL-CA-004,F03,2025-10-09,2025-11-02,2025-11-03,110500,110500,2.972,livrée
CMD-2025-01538,DL-DE-001,F03,2025-10-09,2025-11-04,2025-11-06,47500,47500,4.557,livrée
CMD-2025-01539,DL-SO-007,F06,2025-10-09,2025-11-20,2025-11-20,56500,56500,5.006,livrée
CMD-2025-01540,DL-BB-005,F04,2025-10-09,2025-11-12,2025-11-10,52000,52000,5.256,livrée
CMD-2025-01541,DL-CA-004,F03,2025-10-10,2025-11-01,2025-10-31,52500,52500,2.89,livrée
CMD-2025-01542,DL-CA-004,F03,2025-10-10,2025-11-01,2025-10-30,10000,10000,2.905,livrée
CMD-2025-01543,DL-BB-003,F05,2025-10-10,2025-11-17,2025-11-14,42000,42000,4.64,livrée
CMD-2025-01544,DL-HY-004,F04,2025-10-10,2025-11-13,2025-11-09,70500,70500,3.7,livrée
CMD-2025-01545,DL-SV-001,F06,2025-10-10,2025-11-21,2025-12-01,52000,52000,2.981,livrée
CMD-2025-01546,DL-DE-004,F08,2025-10-10,2025-11-15,2025-11-11,100500,100500,5.044,livrée
CMD-2025-01547,DL-BB-003,F05,2025-10-10,2025-11-17,2025-11-13,42500,42500,4.124,livrée
CMD-2025-01548,DL-DE-008,F06,2025-10-10,2025-11-25,2025-11-25,29500,29500,3.125,livrée
CMD-2025-01549,DL-HY-002,F08,2025-10-10,2025-11-15,2025-11-16,32000,32000,2.378,livrée
CMD-2025-01550,DL-BB-001,F02,2025-10-13,2025-11-09,2025-11-11,50500,50500,3.981,livrée
CMD-2025-01551,DL-SV-015,F05,2025-10-13,2025-11-25,2025-11-23,109000,109000,3.283,livrée
CMD-2025-01552,DL-CA-011,F02,2025-10-13,2025-11-10,2025-11-09,23500,23500,4.612,livrée
CMD-2025-01553,DL-CA-003,F02,2025-10-14,2025-11-13,2025-11-20,41000,41000,2.28,livrée
CMD-2025-01554,DL-SV-004,F08,2025-10-14,2025-11-22,2025-11-17,34500,34500,2.363,livrée
CMD-2025-01555,DL-HY-003,F06,2025-10-14,2025-11-27,2025-11-29,40000,40000,5.725,livrée
CMD-2025-01556,DL-CA-011,F02,2025-10-14,2025-11-10,2025-11-16,74000,74000,4.421,livrée
CMD-2025-01557,DL-BB-004,F01,2025-10-14,2025-11-09,2025-11-09,25500,25500,3.714,livrée
CMD-2025-01558,DL-SV-012,F07,2025-10-14,2025-11-22,2025-11-22,21000,21000,4.124,livrée
CMD-2025-01559,DL-CA-004,F03,2025-10-14,2025-11-10,2025-11-08,51500,51500,2.981,livrée
CMD-2025-01560,DL-HY-005,F08,2025-10-14,2025-11-19,2025-11-14,64500,64500,3.115,livrée
CMD-2025-01561,DL-SV-010,F04,2025-10-14,2025-11-17,2025-11-19,56500,56500,3.082,livrée
CMD-2025-01562,DL-CA-004,F03,2025-10-14,2025-11-10,2025-11-05,22000,22000,2.902,livrée
CMD-2025-01563,DL-SO-002,F03,2025-10-14,2025-11-06,2025-11-04,54000,54000,2.812,livrée
CMD-2025-01564,DL-CA-012,F03,2025-10-14,2025-11-06,2025-11-03,57000,57000,4.168,livrée
CMD-2025-01565,DL-DE-009,F02,2025-10-15,2025-11-17,2025-11-15,49500,49500,4.007,livrée
CMD-2025-01566,DL-HY-004,F04,2025-10-15,2025-11-17,2025-11-19,117500,117500,3.671,livrée
CMD-2025-01567,DL-SV-001,F01,2025-10-15,2025-11-09,2025-11-11,53000,53000,2.897,livrée
CMD-2025-01568,DL-SO-007,F08,2025-10-15,2025-11-21,2025-11-20,34000,34000,4.902,livrée
CMD-2025-01569,DL-SO-007,F08,2025-10-15,2025-11-25,2025-11-23,95000,95000,5.347,livrée
CMD-2025-01570,DL-SV-002,F05,2025-10-15,2025-11-24,2025-11-25,95500,95500,4.11,livrée
CMD-2025-01571,DL-SV-015,F05,2025-10-15,2025-11-27,2025-12-11,43500,43500,3.429,livrée
CMD-2025-01572,DL-CA-006,F03,2025-10-15,2025-11-11,2025-11-08,37000,37000,2.775,livrée
CMD-2025-01573,DL-CA-008,F05,2025-10-15,2025-11-23,2025-11-20,51500,51500,1.599,livrée
CMD-2025-01574,DL-DE-007,F07,2025-10-16,2025-11-27,2025-11-22,124500,124500,1.932,livrée
CMD-2025-01575,DL-HY-004,F04,2025-10-16,2025-11-17,2025-11-15,36000,36000,3.948,livrée
CMD-2025-01576,DL-BB-003,F05,2025-10-16,2025-11-27,2025-12-04,118500,118500,4.573,livrée
CMD-2025-01577,DL-CA-004,F03,2025-10-16,2025-11-07,2025-11-04,66500,66500,3.18,livrée
CMD-2025-01578,DL-SV-002,F05,2025-10-16,2025-11-22,2025-11-19,38000,38000,3.898,livrée
CMD-2025-01579,DL-SO-005,F04,2025-10-16,2025-11-18,2025-11-17,40500,40500,2.629,livrée
CMD-2025-01580,DL-SO-008,F07,2025-10-16,2025-11-27,2025-11-28,25500,25500,5.03,livrée
CMD-2025-01581,DL-HY-002,F08,2025-10-16,2025-11-21,2025-11-18,50000,50000,2.174,livrée
CMD-2025-01582,DL-BB-003,F05,2025-10-17,2025-11-27,2025-11-28,111000,111000,4.24,livrée
CMD-2025-01583,DL-SV-003,F03,2025-10-17,2025-11-11,2025-11-13,33500,33500,4.852,livrée
CMD-2025-01584,DL-SV-002,F05,2025-10-17,2025-11-23,2025-11-20,47000,47000,4.321,livrée
CMD-2025-01585,DL-DE-005,F03,2025-10-17,2025-11-14,2025-11-16,37000,37000,2.844,livrée
CMD-2025-01586,DL-CA-010,F03,2025-10-17,2025-11-14,2025-11-11,46000,46000,4.155,livrée
CMD-2025-01587,DL-DE-006,F05,2025-10-17,2025-11-28,2025-12-09,37000,37000,1.954,livrée
CMD-2025-01588,DL-BB-004,F01,2025-10-17,2025-11-15,2025-11-12,50000,45200,3.727,livrée
CMD-2025-01589,DL-SV-002,F05,2025-10-17,2025-11-25,2025-11-20,81500,81500,3.933,livrée
CMD-2025-01590,DL-SV-002,F05,2025-10-17,2025-11-24,2025-11-25,49000,49000,4.344,livrée
CMD-2025-01591,DL-DE-005,F03,2025-10-20,2025-11-16,2025-11-17,80000,80000,3.022,livrée
CMD-2025-01592,DL-SV-001,F01,2025-10-20,2025-11-17,2025-11-16,89000,77700,2.837,livrée
CMD-2025-01593,DL-SO-005,F04,2025-10-20,2025-11-21,2025-11-19,29500,29500,2.689,livrée
CMD-2025-01594,DL-HY-003,F06,2025-10-20,2025-12-07,2025-12-08,34500,34500,5.178,livrée
CMD-2025-01595,DL-SV-002,F05,2025-10-20,2025-12-01,2025-11-27,24000,24000,4.331,livrée
CMD-2025-01596,DL-SV-002,F05,2025-10-20,2025-11-27,2025-12-03,67000,67000,4.208,livrée
CMD-2025-01597,DL-BB-003,F05,2025-10-21,2025-12-03,2025-12-05,72500,72500,4.359,livrée
CMD-2025-01598,DL-BB-001,F02,2025-10-21,2025-11-23,2025-11-24,33000,33000,3.87,livrée
CMD-2025-01599,DL-CA-004,F03,2025-10-21,2025-11-13,2025-11-11,10000,10000,2.886,livrée
CMD-2025-01600,DL-HY-004,F04,2025-10-21,2025-11-27,2025-11-26,45500,45500,3.776,livrée
CMD-2025-01601,DL-DE-001,F03,2025-10-21,2025-11-12,2025-11-13,46500,46500,4.549,livrée
CMD-2025-01602,DL-HY-004,F04,2025-10-21,2025-11-28,2025-11-23,43000,43000,3.839,livrée
CMD-2025-01603,DL-BB-006,F07,2025-10-21,2025-12-01,2025-12-02,29500,29500,4.322,livrée
CMD-2025-01604,DL-DE-008,F06,2025-10-21,2025-12-07,2025-12-04,76000,76000,3.23,livrée
CMD-2025-01605,DL-HY-001,F03,2025-10-21,2025-11-18,2025-11-17,39500,39500,3.088,livrée
CMD-2025-01606,DL-DE-008,F06,2025-10-21,2025-12-03,2025-12-04,21000,21000,3.258,livrée
CMD-2025-01607,DL-BB-006,F07,2025-10-22,2025-12-06,2025-12-07,36000,36000,4.242,livrée
CMD-2025-01608,DL-CA-004,F03,2025-10-22,2025-11-19,2025-11-15,60500,60500,2.99,livrée
CMD-2025-01609,DL-SV-003,F03,2025-10-22,2025-11-14,2025-11-15,35000,35000,4.907,livrée
CMD-2025-01610,DL-HY-006,F03,2025-10-22,2025-11-17,2025-11-12,43500,43500,1.772,livrée
CMD-2025-01611,DL-CA-005,F03,2025-10-22,2025-11-13,2025-11-08,82000,82000,2.869,livrée
CMD-2025-01612,DL-SV-015,F05,2025-10-22,2025-12-04,2025-12-06,132000,132000,3.348,livrée
CMD-2025-01613,DL-SV-013,F02,2025-10-22,2025-11-23,2025-11-24,65000,65000,2.968,livrée
CMD-2025-01614,DL-CA-006,F03,2025-10-23,2025-11-14,2025-11-11,34000,34000,2.726,livrée
CMD-2025-01615,DL-SV-007,F08,2025-10-23,2025-12-01,2025-12-02,23000,23000,4.235,livrée
CMD-2025-01616,DL-HY-002,F08,2025-10-23,2025-12-01,2025-11-30,16000,16000,2.372,livrée
CMD-2025-01617,DL-SO-005,F04,2025-10-23,2025-11-26,2025-11-22,68000,68000,2.735,livrée
CMD-2025-01618,DL-SO-004,F06,2025-10-23,2025-12-04,2025-11-29,10000,10000,2.699,livrée
CMD-2025-01619,DL-BB-002,F04,2025-10-23,2025-11-26,2025-11-25,32000,32000,3.301,livrée
CMD-2025-01620,DL-CA-010,F03,2025-10-23,2025-11-19,2025-11-17,11500,11500,4.064,livrée
CMD-2025-01621,DL-BB-006,F01,2025-10-23,2025-11-18,2025-11-13,79500,79500,3.941,livrée
CMD-2025-01622,DL-HY-002,F08,2025-10-23,2025-12-02,2025-11-30,54000,54000,2.262,livrée
CMD-2025-01623,DL-HY-005,F08,2025-10-24,2025-11-29,2025-11-28,56500,56500,3.316,livrée
CMD-2025-01624,DL-SV-001,F06,2025-10-24,2025-12-10,2025-12-09,35500,35500,2.894,livrée
CMD-2025-01625,DL-CA-008,F05,2025-10-24,2025-12-03,2025-11-29,47000,47000,1.625,livrée
CMD-2025-01626,DL-BB-001,F02,2025-10-24,2025-11-24,2025-11-19,22500,22500,4.196,livrée
CMD-2025-01627,DL-HY-005,F08,2025-10-24,2025-11-30,2025-11-30,57000,57000,3.023,livrée
CMD-2025-01628,DL-HY-001,F03,2025-10-24,2025-11-20,2025-11-21,25500,25500,3.281,livrée
CMD-2025-01629,DL-HY-003,F06,2025-10-24,2025-12-05,2025-12-09,22000,22000,5.259,livrée
CMD-2025-01630,DL-DE-007,F07,2025-10-24,2025-12-06,2025-12-01,12500,10700,1.732,livrée
CMD-2025-01631,DL-SV-001,F01,2025-10-27,2025-11-25,2025-11-27,63500,63500,2.848,livrée
CMD-2025-01632,DL-HY-001,F03,2025-10-27,2025-11-19,2025-11-18,53000,53000,3.032,livrée
CMD-2025-01633,DL-HY-002,F08,2025-10-27,2025-12-07,2025-12-06,16500,16500,2.246,livrée
CMD-2025-01634,DL-SV-001,F01,2025-10-27,2025-11-24,2025-11-22,51000,51000,3.045,livrée
CMD-2025-01635,DL-CA-004,F03,2025-10-27,2025-11-23,2025-12-04,44500,44500,3.087,livrée
CMD-2025-01636,DL-SV-010,F04,2025-10-28,2025-12-01,2025-11-26,63500,63500,2.812,livrée
CMD-2025-01637,DL-CA-007,F08,2025-10-28,2025-12-03,2025-12-04,131500,131500,3.506,livrée
CMD-2025-01638,DL-SV-009,F02,2025-10-28,2025-11-27,2025-11-25,15500,15500,3.602,livrée
CMD-2025-01639,DL-DE-004,F08,2025-10-28,2025-12-04,2025-12-05,29000,29000,5.208,livrée
CMD-2025-01640,DL-CA-004,F03,2025-10-28,2025-11-20,2025-11-28,64000,64000,2.87,livrée
CMD-2025-01641,DL-SO-005,F04,2025-10-28,2025-12-01,2025-11-26,73000,73000,2.891,livrée
CMD-2025-01642,DL-HY-006,F03,2025-10-28,2025-11-25,2025-11-26,29500,29500,1.774,livrée
CMD-2025-01643,DL-HY-008,F02,2025-10-29,2025-11-28,2025-11-24,79000,79000,1.497,livrée
CMD-2025-01644,DL-DE-007,F07,2025-10-29,2025-12-11,2025-12-09,80500,80500,1.868,livrée
CMD-2025-01645,DL-SO-001,F02,2025-10-29,2025-11-26,2025-11-23,27000,27000,4.115,livrée
CMD-2025-01646,DL-SO-003,F04,2025-10-29,2025-12-01,2025-12-02,32500,32500,3.444,livrée
CMD-2025-01647,DL-DE-004,F01,2025-10-29,2025-11-26,2025-11-26,22500,22500,5.122,livrée
CMD-2025-01648,DL-DE-001,F03,2025-10-29,2025-11-23,2025-11-18,12000,12000,4.435,livrée
CMD-2025-01649,DL-SV-002,F05,2025-10-29,2025-12-06,2025-12-07,17500,16800,4.082,livrée
CMD-2025-01650,DL-HY-005,F08,2025-10-29,2025-12-07,2025-12-14,21500,21500,3.224,livrée
CMD-2025-01651,DL-DE-008,F06,2025-10-30,2025-12-12,2025-12-09,114000,114000,3.373,livrée
CMD-2025-01652,DL-DE-009,F04,2025-10-30,2025-12-04,2025-12-01,63500,63500,4.031,livrée
CMD-2025-01653,DL-HY-006,F03,2025-10-30,2025-11-24,2025-11-19,91000,91000,1.805,livrée
CMD-2025-01654,DL-CA-010,F03,2025-10-30,2025-11-25,2025-11-20,48000,48000,4.137,livrée
CMD-2025-01655,DL-SV-007,F03,2025-10-30,2025-11-26,2025-11-24,48500,48500,3.965,livrée
CMD-2025-01656,DL-HY-001,F03,2025-10-30,2025-11-25,2025-11-24,19500,19500,3.054,livrée
CMD-2025-01657,DL-CA-006,F03,2025-10-30,2025-11-27,2025-11-22,44000,44000,2.714,livrée
CMD-2025-01658,DL-SO-009,F08,2025-10-30,2025-12-04,2025-12-05,101500,101500,3.196,livrée
CMD-2025-01659,DL-BB-005,F04,2025-10-31,2025-12-06,2025-12-07,82000,82000,5.025,livrée
CMD-2025-01660,DL-SV-010,F04,2025-10-31,2025-12-02,2025-11-29,12000,12000,2.981,livrée
CMD-2025-01661,DL-HY-006,F03,2025-10-31,2025-11-22,2025-11-20,19000,19000,1.727,livrée
CMD-2025-01662,DL-SV-011,F03,2025-10-31,2025-11-27,2025-11-24,91000,91000,3.107,livrée
CMD-2025-01663,DL-HY-002,F08,2025-10-31,2025-12-07,2025-12-04,33500,33500,2.329,livrée
CMD-2025-01664,DL-SV-008,F04,2025-10-31,2025-12-06,2025-12-02,47500,47500,2.876,livrée
CMD-2025-01665,DL-HY-003,F06,2025-11-03,2025-12-21,2025-12-18,132500,132500,5.839,livrée
CMD-2025-01666,DL-DE-001,F03,2025-11-03,2025-11-28,2025-11-30,42000,42000,4.326,livrée
CMD-2025-01667,DL-DE-007,F07,2025-11-03,2025-12-18,2025-12-27,67500,67500,1.907,livrée
CMD-2025-01668,DL-CA-003,F02,2025-11-03,2025-12-01,2025-11-26,20000,20000,2.436,livrée
CMD-2025-01669,DL-SV-015,F05,2025-11-03,2025-12-16,2025-12-14,34500,34500,3.193,livrée
CMD-2025-01670,DL-BB-001,F02,2025-11-03,2025-12-05,2025-12-14,30000,30000,3.806,livrée
CMD-2025-01671,DL-BB-006,F07,2025-11-03,2025-12-16,2025-12-16,111000,111000,3.946,livrée
CMD-2025-01672,DL-CA-009,F03,2025-11-04,2025-11-28,2025-11-28,27000,27000,2.417,livrée
CMD-2025-01673,DL-SV-003,F03,2025-11-04,2025-11-26,2025-11-23,15500,15500,5.204,livrée
CMD-2025-01674,DL-SV-010,F04,2025-11-04,2025-12-10,2025-12-05,30500,30500,2.856,livrée
CMD-2025-01675,DL-BB-001,F02,2025-11-04,2025-12-04,2025-12-02,25000,25000,3.799,livrée
CMD-2025-01676,DL-HY-004,F04,2025-11-04,2025-12-06,2025-12-06,56500,56500,3.944,livrée
CMD-2025-01677,DL-DE-001,F03,2025-11-04,2025-12-01,2025-12-02,75000,75000,4.22,livrée
CMD-2025-01678,DL-SV-001,F01,2025-11-04,2025-11-30,2025-11-29,37000,37000,2.821,livrée
CMD-2025-01679,DL-CA-011,F02,2025-11-05,2025-12-06,2025-12-07,26000,26000,4.277,livrée
CMD-2025-01680,DL-HY-001,F03,2025-11-05,2025-12-01,2025-11-30,33000,33000,3.318,livrée
CMD-2025-01681,DL-CA-004,F03,2025-11-05,2025-11-30,2025-11-26,27000,27000,2.906,livrée
CMD-2025-01682,DL-CA-004,F03,2025-11-05,2025-11-28,2025-11-29,52000,52000,2.903,livrée
CMD-2025-01683,DL-SV-001,F01,2025-11-05,2025-12-01,2025-11-28,60000,60000,3.02,livrée
CMD-2025-01684,DL-SO-008,F07,2025-11-05,2025-12-17,2025-12-12,21000,21000,4.452,livrée
CMD-2025-01685,DL-BB-003,F05,2025-11-05,2025-12-16,2025-12-16,24500,24500,4.443,livrée
CMD-2025-01686,DL-SV-002,F05,2025-11-05,2025-12-15,2025-12-10,59000,59000,3.923,livrée
CMD-2025-01687,DL-SV-008,F04,2025-11-05,2025-12-08,2025-12-07,23000,23000,3.069,livrée
CMD-2025-01688,DL-SV-001,F06,2025-11-05,2025-12-19,2025-12-20,23500,23500,2.914,livrée
CMD-2025-01689,DL-SO-005,F04,2025-11-06,2025-12-12,2025-12-12,32500,32500,2.782,livrée
CMD-2025-01690,DL-BB-004,F01,2025-11-06,2025-12-01,2025-12-03,110500,110500,3.624,livrée
CMD-2025-01691,DL-SV-001,F01,2025-11-06,2025-12-06,2025-12-06,150000,150000,2.83,livrée
CMD-2025-01692,DL-DE-007,F07,2025-11-06,2025-12-15,2025-12-16,61000,61000,1.915,livrée
CMD-2025-01693,DL-CA-004,F03,2025-11-06,2025-12-01,2025-12-03,150000,150000,3.214,livrée
CMD-2025-01694,DL-HY-005,F08,2025-11-06,2025-12-16,2025-12-16,33500,33500,3.119,livrée
CMD-2025-01695,DL-SO-005,F04,2025-11-06,2025-12-10,2025-12-06,33000,33000,2.808,livrée
CMD-2025-01696,DL-HY-001,F03,2025-11-06,2025-11-29,2025-11-25,74000,74000,3.167,livrée
CMD-2025-01697,DL-DE-001,F03,2025-11-06,2025-11-29,2025-11-29,59500,59500,4.233,livrée
CMD-2025-01698,DL-SV-002,F05,2025-11-07,2025-12-20,2025-12-20,45500,45500,4.216,livrée
CMD-2025-01699,DL-DE-001,F03,2025-11-07,2025-12-04,2025-12-02,116000,116000,4.438,livrée
CMD-2025-01700,DL-SO-002,F03,2025-11-07,2025-12-02,2025-12-04,57000,57000,2.763,livrée
CMD-2025-01701,DL-SO-005,F04,2025-11-07,2025-12-14,2025-12-13,65500,65500,2.88,livrée
CMD-2025-01702,DL-HY-004,F04,2025-11-07,2025-12-10,2025-12-09,13500,13500,3.909,livrée
CMD-2025-01703,DL-DE-003,F03,2025-11-07,2025-11-29,2025-11-27,16000,16000,4.107,livrée
CMD-2025-01704,DL-HY-004,F03,2025-11-07,2025-11-30,2025-11-28,53000,53000,3.686,livrée
CMD-2025-01705,DL-HY-002,F08,2025-11-07,2025-12-12,2025-12-11,39000,39000,2.4,livrée
CMD-2025-01706,DL-HY-004,F04,2025-11-10,2025-12-15,2025-12-17,60000,60000,4.108,livrée
CMD-2025-01707,DL-SV-001,F06,2025-11-10,2025-12-23,2025-12-23,39000,39000,3.03,livrée
CMD-2025-01708,DL-SV-011,F03,2025-11-10,2025-12-07,2025-12-09,84500,84500,3.106,livrée
CMD-2025-01709,DL-SV-001,F06,2025-11-10,2025-12-26,2025-12-31,24500,24500,2.938,livrée
CMD-2025-01710,DL-BB-001,F02,2025-11-10,2025-12-13,2025-12-12,57500,50200,4.058,livrée
CMD-2025-01711,DL-SO-008,F07,2025-11-10,2025-12-19,2025-12-21,27000,27000,4.948,livrée
CMD-2025-01712,DL-HY-004,F04,2025-11-10,2025-12-16,2025-12-15,33500,33500,3.74,livrée
CMD-2025-01713,DL-HY-003,F06,2025-11-11,2025-12-25,,29000,,5.597,en cours
CMD-2025-01714,DL-BB-001,F02,2025-11-11,2025-12-12,2025-12-07,53000,53000,3.944,livrée
CMD-2025-01715,DL-SV-010,F04,2025-11-11,2025-12-16,2025-12-13,135000,135000,3.0,livrée
CMD-2025-01716,DL-DE-007,F07,2025-11-12,2025-12-22,2025-12-21,45000,45000,1.866,livrée
CMD-2025-01717,DL-BB-001,F02,2025-11-12,2025-12-09,2025-12-06,36500,36500,3.727,livrée
CMD-2025-01718,DL-SV-008,F04,2025-11-12,2025-12-18,2025-12-14,29500,29500,3.059,livrée
CMD-2025-01719,DL-BB-005,F04,2025-11-12,2025-12-18,2025-12-19,21500,21500,4.764,livrée
CMD-2025-01720,DL-SV-014,F04,2025-11-12,2025-12-18,2025-12-17,21000,21000,4.317,livrée
CMD-2025-01721,DL-SV-007,F08,2025-11-12,2025-12-23,2025-12-19,24500,24500,3.9,livrée
CMD-2025-01722,DL-HY-002,F08,2025-11-12,2025-12-19,2025-12-18,28500,28500,2.413,livrée
CMD-2025-01723,DL-DE-007,F07,2025-11-13,2025-12-22,,29000,,1.857,en cours
CMD-2025-01724,DL-SO-007,F08,2025-11-13,2025-12-22,2025-12-18,13500,13500,4.958,livrée
CMD-2025-01725,DL-SV-008,F04,2025-11-13,2025-12-20,2025-12-20,95000,95000,2.98,livrée
CMD-2025-01726,DL-HY-006,F03,2025-11-13,2025-12-11,2025-12-13,39000,39000,1.715,livrée
CMD-2025-01727,DL-HY-002,F08,2025-11-13,2025-12-20,2025-12-17,33500,33500,2.416,livrée
CMD-2025-01728,DL-DE-003,F03,2025-11-13,2025-12-06,2025-12-01,12500,12500,4.22,livrée
CMD-2025-01729,DL-HY-009,F08,2025-11-13,2025-12-21,2025-12-23,58500,58500,2.412,livrée
CMD-2025-01730,DL-SV-006,F03,2025-11-13,2025-12-08,2025-12-08,70000,70000,2.98,livrée
CMD-2025-01731,DL-BB-001,F02,2025-11-13,2025-12-11,2025-12-13,116000,116000,4.209,livrée
CMD-2025-01732,DL-HY-001,F03,2025-11-14,2025-12-12,2025-12-08,52500,52500,3.008,livrée
CMD-2025-01733,DL-SV-014,F04,2025-11-14,2025-12-22,2025-12-21,75000,75000,4.09,livrée
CMD-2025-01734,DL-SV-011,F07,2025-11-14,2025-12-24,2025-12-23,55000,55000,2.855,livrée
CMD-2025-01735,DL-HY-004,F04,2025-11-14,2025-12-22,,31000,,3.91,en cours
CMD-2025-01736,DL-CA-004,F03,2025-11-14,2025-12-09,2025-12-08,59500,59500,2.934,livrée
CMD-2025-01737,DL-HY-006,F03,2025-11-14,2025-12-10,2025-12-06,18000,18000,1.887,livrée
CMD-2025-01738,DL-SV-001,F01,2025-11-14,2025-12-12,2025-12-09,38000,38000,2.814,livrée
CMD-2025-01739,DL-CA-009,F03,2025-11-14,2025-12-08,2025-12-06,41500,41500,2.528,livrée
CMD-2025-01740,DL-SO-007,F08,2025-11-17,2025-12-22,2025-12-18,48500,48500,5.214,livrée
CMD-2025-01741,DL-DE-007,F07,2025-11-17,2025-12-29,2025-12-28,36500,36500,1.904,livrée
CMD-2025-01742,DL-SV-015,F05,2025-11-17,2025-12-30,,26000,,3.244,en cours
CMD-2025-01743,DL-CA-007,F08,2025-11-17,2025-12-27,2025-12-23,23500,23500,3.474,livrée
CMD-2025-01744,DL-SV-007,F03,2025-11-17,2025-12-09,2025-12-11,93000,93000,4.033,livrée
CMD-2025-01745,DL-DE-009,F04,2025-11-17,2025-12-20,2025-12-18,47000,47000,3.911,livrée
CMD-2025-01746,DL-BB-005,F04,2025-11-17,2025-12-23,2025-12-24,57500,57500,4.884,livrée
CMD-2025-01747,DL-CA-004,F03,2025-11-17,2025-12-10,2025-12-10,64500,64500,3.21,livrée
CMD-2025-01748,DL-CA-008,F05,2025-11-17,2025-12-25,2025-12-25,29500,29500,1.619,livrée
CMD-2025-01749,DL-HY-001,F03,2025-11-17,2025-12-13,2025-12-12,46000,46000,3.183,livrée
CMD-2025-01750,DL-HY-004,F03,2025-11-17,2025-12-13,2025-12-11,29000,29000,3.645,livrée
CMD-2025-01751,DL-CA-006,F03,2025-11-17,2025-12-14,2025-12-09,60000,60000,2.699,livrée
CMD-2025-01752,DL-CA-006,F03,2025-11-18,2025-12-11,2025-12-12,23500,23500,3.063,livrée
CMD-2025-01753,DL-SO-004,F06,2025-11-18,2026-01-03,,23500,,2.808,en cours
CMD-2025-01754,DL-HY-006,F03,2025-11-18,2025-12-16,,35500,,1.897,en cours
CMD-2025-01755,DL-SV-001,F01,2025-11-18,2025-12-18,2025-12-15,47500,47500,3.05,livrée
CMD-2025-01756,DL-CA-004,F03,2025-11-18,2025-12-10,2025-12-11,46000,46000,3.227,livrée
CMD-2025-01757,DL-CA-001,F02,2025-11-18,2025-12-15,2025-12-13,19500,19500,5.149,livrée
CMD-2025-01758,DL-BB-006,F07,2025-11-18,2026-01-02,,45500,,3.988,en cours
CMD-2025-01759,DL-SV-008,F04,2025-11-18,2025-12-26,2025-12-21,65000,65000,3.258,livrée
CMD-2025-01760,DL-BB-005,F04,2025-11-18,2025-12-25,2025-12-20,50500,50500,4.705,livrée
CMD-2025-01761,DL-HY-005,F08,2025-11-18,2025-12-23,2025-12-24,39000,39000,3.123,livrée
CMD-2025-01762,DL-SV-013,F02,2025-11-18,2025-12-15,2025-12-15,45500,45500,2.948,livrée
CMD-2025-01763,DL-CA-011,F02,2025-11-18,2025-12-20,2025-12-16,31000,31000,4.472,livrée
CMD-2025-01764,DL-SO-005,F04,2025-11-19,2025-12-25,2025-12-24,70500,70500,2.787,livrée
CMD-2025-01765,DL-SV-010,F04,2025-11-19,2025-12-21,2025-12-20,21500,21500,2.917,livrée
CMD-2025-01766,DL-BB-005,F04,2025-11-19,2025-12-22,2025-12-20,16000,16000,5.106,livrée
CMD-2025-01767,DL-DE-001,F03,2025-11-19,2025-12-15,2025-12-11,31000,31000,4.479,livrée
CMD-2025-01768,DL-DE-005,F03,2025-11-19,2025-12-16,2025-12-15,37000,37000,3.11,livrée
CMD-2025-01769,DL-HY-007,F02,2025-11-19,2025-12-18,2025-12-17,12000,12000,3.04,livrée
CMD-2025-01770,DL-SV-005,F06,2025-11-19,2026-01-04,2025-12-30,27000,27000,3.184,livrée
CMD-2025-01771,DL-BB-002,F04,2025-11-19,2025-12-25,2025-12-27,48000,48000,3.078,livrée
CMD-2025-01772,DL-HY-005,F08,2025-11-19,2025-12-29,2025-12-30,43000,43000,3.007,livrée
CMD-2025-01773,DL-SV-007,F03,2025-11-19,2025-12-14,2025-12-12,25000,25000,4.271,livrée
CMD-2025-01774,DL-CA-004,F03,2025-11-20,2025-12-18,2025-12-20,54000,54000,2.886,livrée
CMD-2025-01775,DL-HY-006,F03,2025-11-20,2025-12-14,2025-12-09,27500,27500,1.749,livrée
CMD-2025-01776,DL-HY-002,F08,2025-11-20,2025-12-30,,54500,,2.133,en cours
CMD-2025-01777,DL-HY-009,F08,2025-11-20,2025-12-27,2025-12-26,30500,30500,2.544,livrée
CMD-2025-01778,DL-SV-002,F05,2025-11-20,2026-01-01,,101500,,4.135,en cours
CMD-2025-01779,DL-DE-009,F04,2025-11-20,2025-12-23,2025-12-23,23500,23500,3.919,livrée
CMD-2025-01780,DL-CA-006,F03,2025-11-20,2025-12-17,2025-12-23,32500,32500,2.804,livrée
CMD-2025-01781,DL-HY-004,F04,2025-11-20,2025-12-27,2025-12-24,16000,16000,3.629,livrée
CMD-2025-01782,DL-BB-006,F01,2025-11-20,2025-12-21,2025-12-19,81500,81500,4.136,livrée
CMD-2025-01783,DL-DE-004,F08,2025-11-20,2025-12-31,,52500,,5.181,en cours
CMD-2025-01784,DL-SV-006,F03,2025-11-20,2025-12-18,2025-12-20,126000,126000,2.919,livrée
CMD-2025-01785,DL-HY-001,F03,2025-11-20,2025-12-17,2025-12-12,29500,29500,3.001,livrée
CMD-2025-01786,DL-BB-006,F07,2025-11-21,2025-12-30,,44000,,3.877,en cours
CMD-2025-01787,DL-SV-006,F05,2025-11-21,2025-12-29,2025-12-27,30500,30500,3.247,livrée
CMD-2025-01788,DL-CA-012,F02,2025-11-21,2025-12-23,,42000,,4.154,en cours
CMD-2025-01789,DL-HY-001,F03,2025-11-21,2025-12-19,2025-12-14,42000,42000,3.315,livrée
CMD-2025-01790,DL-CA-008,F05,2025-11-24,2026-01-03,2025-12-31,64000,64000,1.492,livrée
CMD-2025-01791,DL-HY-004,F03,2025-11-24,2025-12-20,2025-12-18,22500,22500,4.025,livrée
CMD-2025-01792,DL-SV-011,F03,2025-11-24,2025-12-16,2025-12-17,21500,21500,2.816,livrée
CMD-2025-01793,DL-DE-001,F03,2025-11-24,2025-12-22,2025-12-24,33000,33000,4.236,livrée
CMD-2025-01794,DL-CA-011,F02,2025-11-24,2025-12-25,,41500,,4.581,en cours
CMD-2025-01795,DL-BB-006,F07,2025-11-24,2026-01-06,,59500,,3.983,en cours
CMD-2025-01796,DL-BB-005,F04,2025-11-24,2025-12-30,2025-12-27,66500,66500,4.907,livrée
CMD-2025-01797,DL-CA-004,F03,2025-11-24,2025-12-19,2025-12-18,25000,25000,3.223,livrée
CMD-2025-01798,DL-HY-001,F03,2025-11-24,2025-12-18,2025-12-16,43000,43000,3.318,livrée
CMD-2025-01799,DL-HY-001,F03,2025-11-24,2025-12-22,2025-12-17,150000,150000,3.296,livrée
CMD-2025-01800,DL-HY-001,F03,2025-11-25,2025-12-23,,57500,,3.087,en cours
CMD-2025-01801,DL-SV-015,F05,2025-11-25,2026-01-03,,62500,,3.146,en cours
CMD-2025-01802,DL-SO-008,F07,2025-11-25,2026-01-05,,37500,,4.968,en cours
CMD-2025-01803,DL-CA-011,F02,2025-11-25,2025-12-26,2025-12-21,68000,68000,4.276,livrée
CMD-2025-01804,DL-SV-001,F01,2025-11-25,2025-12-21,2025-12-18,95000,95000,3.074,livrée
CMD-2025-01805,DL-BB-004,F01,2025-11-25,2025-12-20,2025-12-16,27500,27500,3.646,livrée
CMD-2025-01806,DL-DE-007,F07,2025-11-25,2026-01-05,,45000,,1.771,en cours
CMD-2025-01807,DL-SV-001,F01,2025-11-25,2025-12-26,2025-12-21,23500,23500,2.896,livrée
CMD-2025-01808,DL-SV-002,F05,2025-11-26,2026-01-03,2025-12-31,42500,42500,4.325,livrée
CMD-2025-01809,DL-HY-002,F08,2025-11-26,2026-01-06,,44000,,2.296,en cours
CMD-2025-01810,DL-HY-003,F06,2025-11-26,2026-01-13,,26500,,5.414,en cours
CMD-2025-01811,DL-SV-008,F04,2025-11-26,2025-12-29,2025-12-31,42000,42000,3.249,livrée
CMD-2025-01812,DL-CA-004,F03,2025-11-26,2025-12-18,2025-12-18,48500,48500,2.937,livrée
CMD-2025-01813,DL-CA-011,F02,2025-11-27,2025-12-26,2025-12-23,24500,24500,4.435,livrée
CMD-2025-01814,DL-SO-004,F06,2025-11-27,2026-01-12,,24000,,2.637,en cours
CMD-2025-01815,DL-HY-004,F04,2025-11-27,2025-12-30,2025-12-31,31500,31500,3.783,livrée
CMD-2025-01816,DL-SO-001,F02,2025-11-27,2025-12-24,2025-12-22,78000,78000,4.028,livrée
CMD-2025-01817,DL-HY-004,F03,2025-11-27,2025-12-23,2025-12-25,119500,119500,3.887,livrée
CMD-2025-01818,DL-DE-002,F07,2025-11-27,2026-01-05,,36000,,3.479,en cours
CMD-2025-01819,DL-DE-007,F07,2025-11-27,2026-01-06,,51000,,1.728,en cours
CMD-2025-01820,DL-DE-001,F03,2025-11-27,2025-12-22,2025-12-18,91500,91500,4.291,livrée
CMD-2025-01821,DL-SO-008,F07,2025-11-27,2026-01-05,2025-12-31,38500,38500,4.967,livrée
CMD-2025-01822,DL-DE-001,F03,2025-11-27,2025-12-24,2025-12-23,29000,29000,4.25,livrée
CMD-2025-01823,DL-SO-003,F04,2025-11-28,2025-12-31,2025-12-31,101500,101500,3.363,livrée
CMD-2025-01824,DL-SV-011,F07,2025-11-28,2026-01-12,,36000,,3.013,en cours
CMD-2025-01825,DL-SV-006,F03,2025-11-28,2025-12-26,2025-12-23,32000,32000,3.12,livrée
CMD-2025-01826,DL-CA-012,F03,2025-11-28,2025-12-26,2025-12-22,12000,12000,4.31,livrée
CMD-2025-01827,DL-CA-005,F03,2025-11-28,2025-12-24,2025-12-20,71500,71500,2.606,livrée
CMD-2025-01828,DL-BB-001,F02,2025-11-28,2025-12-29,2025-12-29,46000,46000,4.028,livrée
CMD-2025-01829,DL-HY-001,F03,2025-11-28,2025-12-24,2025-12-20,48000,48000,3.337,livrée
CMD-2025-01830,DL-CA-004,F03,2025-11-28,2025-12-25,2025-12-26,150000,150000,3.172,livrée
CMD-2025-01831,DL-SO-005,F04,2025-12-01,2026-01-02,2025-12-28,43500,43500,2.792,livrée
CMD-2025-01832,DL-SV-015,F05,2025-12-01,2026-01-10,,86500,,3.08,en cours
CMD-2025-01833,DL-HY-005,F08,2025-12-01,2026-01-05,,58500,,3.175,en cours
CMD-2025-01834,DL-CA-004,F03,2025-12-01,2025-12-29,2025-12-30,60000,60000,3.066,livrée
CMD-2025-01835,DL-SO-005,F04,2025-12-01,2026-01-06,,66000,,2.6,en cours
CMD-2025-01836,DL-SV-002,F05,2025-12-02,2026-01-14,,32000,,4.023,en cours
CMD-2025-01837,DL-DE-004,F08,2025-12-02,2026-01-11,,60500,,5.376,en cours
CMD-2025-01838,DL-DE-001,F03,2025-12-02,2025-12-26,2025-12-24,20000,20000,4.318,livrée
CMD-2025-01839,DL-SV-001,F01,2025-12-02,2025-12-30,2025-12-30,21500,21500,3.001,livrée
CMD-2025-01840,DL-DE-007,F07,2025-12-02,2026-01-10,,19500,,1.834,en cours
CMD-2025-01841,DL-CA-011,F02,2025-12-02,2026-01-01,2025-12-28,41000,41000,4.248,livrée
CMD-2025-01842,DL-HY-001,F03,2025-12-02,2025-12-29,2025-12-24,17500,17500,3.384,livrée
CMD-2025-01843,DL-CA-012,F02,2025-12-02,2026-01-03,2025-12-29,79000,70100,4.095,livrée
CMD-2025-01844,DL-SV-005,F06,2025-12-02,2026-01-19,,61500,,3.425,en cours
CMD-2025-01845,DL-HY-005,F08,2025-12-02,2026-01-12,,27000,,3.326,en cours
CMD-2025-01846,DL-SO-001,F02,2025-12-02,2026-01-02,2025-12-31,150000,150000,4.198,livrée
CMD-2025-01847,DL-SV-013,F02,2025-12-03,2025-12-30,,76500,,3.094,en cours
CMD-2025-01848,DL-DE-007,F07,2025-12-03,2026-01-11,,85500,,1.919,en cours
CMD-2025-01849,DL-HY-001,F03,2025-12-03,2025-12-30,2025-12-30,14500,14500,3.376,livrée
CMD-2025-01850,DL-BB-001,F02,2025-12-03,2026-01-02,,52500,,4.143,en cours
CMD-2025-01851,DL-SV-001,F01,2025-12-03,2025-12-30,2025-12-27,93000,93000,3.085,livrée
CMD-2025-01852,DL-DE-004,F08,2025-12-03,2026-01-12,,150000,,5.26,en cours
CMD-2025-01853,DL-HY-001,F03,2025-12-03,2025-12-27,2025-12-26,29000,29000,3.095,livrée
CMD-2025-01854,DL-DE-007,F07,2025-12-03,2026-01-16,,43000,,1.75,en cours
CMD-2025-01855,DL-SV-008,F04,2025-12-03,2026-01-04,,75500,,3.05,en cours
CMD-2025-01856,DL-BB-001,F02,2025-12-04,2025-12-31,,32000,,4.08,en cours
CMD-2025-01857,DL-DE-009,F04,2025-12-04,2026-01-09,,54500,,3.859,en cours
CMD-2025-01858,DL-SV-010,F04,2025-12-04,2026-01-06,,36000,,2.928,en cours
CMD-2025-01859,DL-SV-006,F05,2025-12-04,2026-01-14,,19500,,3.162,en cours
CMD-2025-01860,DL-SV-015,F05,2025-12-04,2026-01-15,,27500,,3.369,en cours
CMD-2025-01861,DL-CA-006,F03,2025-12-04,2025-12-26,2025-12-21,10500,10500,2.79,livrée
CMD-2025-01862,DL-CA-003,F04,2025-12-04,2026-01-08,,34500,,2.331,en cours
CMD-2025-01863,DL-HY-001,F03,2025-12-04,2025-12-31,,58000,,3.088,en cours
CMD-2025-01864,DL-SV-010,F04,2025-12-04,2026-01-11,,13000,,2.917,en cours
CMD-2025-01865,DL-DE-007,F07,2025-12-05,2026-01-13,,50000,,1.727,en cours
CMD-2025-01866,DL-DE-004,F08,2025-12-05,2026-01-12,,35500,,5.291,en cours
CMD-2025-01867,DL-BB-005,F04,2025-12-05,2026-01-07,,10000,,5.231,en cours
CMD-2025-01868,DL-HY-004,F04,2025-12-05,2026-01-10,,38500,,3.767,en cours
CMD-2025-01869,DL-DE-001,F03,2025-12-05,2026-01-01,2025-12-31,87500,87500,4.268,livrée
CMD-2025-01870,DL-HY-001,F03,2025-12-05,2025-12-28,2025-12-30,14500,14500,3.225,livrée
CMD-2025-01871,DL-HY-001,F03,2025-12-05,2026-01-01,2025-12-29,43500,43500,3.173,livrée
CMD-2025-01872,DL-SV-002,F05,2025-12-05,2026-01-12,,50500,,4.354,en cours
CMD-2025-01873,DL-DE-002,F07,2025-12-05,2026-01-19,,39000,,3.547,en cours
CMD-2025-01874,DL-BB-005,F04,2025-12-08,2026-01-15,,27000,,5.077,en cours
CMD-2025-01875,DL-HY-001,F03,2025-12-08,2026-01-04,2025-12-30,24000,24000,3.256,livrée
CMD-2025-01876,DL-DE-004,F01,2025-12-08,2026-01-03,,118000,,5.561,en cours
CMD-2025-01877,DL-HY-008,F02,2025-12-08,2026-01-06,,47500,,1.631,en cours
CMD-2025-01878,DL-DE-007,F07,2025-12-08,2026-01-20,,96000,,1.73,en cours
CMD-2025-01879,DL-HY-001,F03,2025-12-08,2026-01-03,,80000,,3.319,en cours
CMD-2025-01880,DL-SV-001,F01,2025-12-08,2026-01-06,,134500,,3.089,en cours
CMD-2025-01881,DL-CA-004,F03,2025-12-08,2026-01-05,,25000,,3.018,en cours
CMD-2025-01882,DL-SV-013,F02,2025-12-08,2026-01-05,2025-12-31,46000,46000,2.831,livrée
CMD-2025-01883,DL-HY-001,F03,2025-12-08,2026-01-02,2025-12-30,19500,19500,3.051,livrée
CMD-2025-01884,DL-DE-008,F06,2025-12-09,2026-01-25,,75000,,3.483,en cours
CMD-2025-01885,DL-SV-012,F07,2025-12-09,2026-01-19,,65000,,3.974,en cours
CMD-2025-01886,DL-SV-001,F06,2025-12-09,2026-01-23,,22000,,3.114,en cours
CMD-2025-01887,DL-SV-011,F03,2025-12-09,2026-01-02,,52000,,2.966,en cours
CMD-2025-01888,DL-HY-004,F04,2025-12-09,2026-01-11,,22500,,3.642,en cours
CMD-2025-01889,DL-CA-006,F03,2025-12-09,2025-12-31,2025-12-29,18500,18500,2.991,livrée
CMD-2025-01890,DL-DE-002,F07,2025-12-09,2026-01-17,,17000,,3.415,en cours
CMD-2025-01891,DL-HY-006,F03,2025-12-10,2026-01-02,2025-12-31,45000,45000,1.892,livrée
CMD-2025-01892,DL-SV-005,F06,2025-12-10,2026-01-24,,38000,,3.412,en cours
CMD-2025-01893,DL-SV-001,F01,2025-12-10,2026-01-07,,15000,,3.039,en cours
CMD-2025-01894,DL-SO-001,F02,2025-12-10,2026-01-06,,30500,,4.386,en cours
CMD-2025-01895,DL-DE-007,F07,2025-12-10,2026-01-23,,33000,,1.854,en cours
CMD-2025-01896,DL-CA-012,F03,2025-12-11,2026-01-04,,23500,,4.174,en cours
CMD-2025-01897,DL-HY-004,F04,2025-12-11,2026-01-14,,89000,,3.637,en cours
CMD-2025-01898,DL-BB-005,F04,2025-12-11,2026-01-14,,20000,,4.7,en cours
CMD-2025-01899,DL-CA-012,F03,2025-12-11,2026-01-06,,22000,,4.151,en cours
CMD-2025-01900,DL-SV-007,F03,2025-12-11,2026-01-07,,32500,,3.926,en cours
CMD-2025-01901,DL-SO-005,F04,2025-12-12,2026-01-19,,17500,,2.756,en cours
CMD-2025-01902,DL-DE-008,F06,2025-12-12,2026-01-29,,36000,,3.483,en cours
CMD-2025-01903,DL-SO-003,F04,2025-12-12,2026-01-13,,51000,,3.468,en cours
CMD-2025-01904,DL-CA-001,F02,2025-12-12,2026-01-14,,30500,,5.073,en cours
CMD-2025-01905,DL-BB-005,F04,2025-12-15,2026-01-20,,61500,,5.125,en cours
CMD-2025-01906,DL-DE-009,F02,2025-12-15,2026-01-16,,67500,,3.874,en cours
CMD-2025-01907,DL-DE-009,F04,2025-12-15,2026-01-20,,44000,,4.166,en cours
CMD-2025-01908,DL-SV-001,F01,2025-12-15,2026-01-14,,150000,,2.914,en cours
CMD-2025-01909,DL-SV-003,F03,2025-12-15,2026-01-12,,84000,,5.267,en cours
CMD-2025-01910,DL-CA-008,F05,2025-12-15,2026-01-24,,38000,,1.465,en cours
CMD-2025-01911,DL-DE-007,F07,2025-12-15,2026-01-28,,65500,,1.914,en cours
CMD-2025-01912,DL-HY-002,F08,2025-12-15,2026-01-22,,26500,,2.365,en cours
CMD-2025-01913,DL-SV-005,F06,2025-12-15,2026-01-29,,63500,,3.257,en cours
CMD-2025-01914,DL-SV-010,F04,2025-12-15,2026-01-22,,30000,,2.839,en cours
CMD-2025-01915,DL-SV-006,F05,2025-12-15,2026-01-23,,18500,,3.021,en cours
CMD-2025-01916,DL-CA-004,F03,2025-12-16,2026-01-10,,32500,,2.987,en cours
CMD-2025-01917,DL-SV-002,F05,2025-12-16,2026-01-24,,25000,,4.341,en cours
CMD-2025-01918,DL-SV-014,F04,2025-12-16,2026-01-19,,68500,,4.117,en cours
CMD-2025-01919,DL-DE-001,F03,2025-12-16,2026-01-09,,63000,,4.118,en cours
CMD-2025-01920,DL-DE-001,F03,2025-12-16,2026-01-08,,33500,,4.188,en cours
CMD-2025-01921,DL-SV-014,F04,2025-12-17,2026-01-22,,74500,,4.123,en cours
CMD-2025-01922,DL-SV-003,F03,2025-12-17,2026-01-13,,35000,,4.765,en cours
CMD-2025-01923,DL-CA-011,F02,2025-12-17,2026-01-18,,47500,,4.319,en cours
CMD-2025-01924,DL-SV-001,F01,2025-12-17,2026-01-17,,20000,,2.976,en cours
CMD-2025-01925,DL-BB-005,F04,2025-12-17,2026-01-23,,113500,,4.947,en cours
CMD-2025-01926,DL-DE-001,F03,2025-12-17,2026-01-08,,69000,,4.23,en cours
CMD-2025-01927,DL-DE-002,F07,2025-12-17,2026-01-28,,49000,,3.576,en cours
CMD-2025-01928,DL-SO-002,F03,2025-12-17,2026-01-14,,40500,,2.527,en cours
CMD-2025-01929,DL-BB-001,F02,2025-12-17,2026-01-15,,43000,,4.023,en cours
CMD-2025-01930,DL-DE-008,F06,2025-12-17,2026-01-30,,69500,,3.126,en cours
CMD-2025-01931,DL-CA-001,F02,2025-12-18,2026-01-15,,27000,,5.436,en cours
CMD-2025-01932,DL-CA-004,F03,2025-12-18,2026-01-10,,38500,,3.013,en cours
CMD-2025-01933,DL-CA-003,F02,2025-12-18,2026-01-18,,15500,,2.456,en cours
CMD-2025-01934,DL-HY-006,F03,2025-12-18,2026-01-09,,25500,,1.864,en cours
CMD-2025-01935,DL-CA-001,F02,2025-12-18,2026-01-20,,50000,,5.265,en cours
CMD-2025-01936,DL-CA-004,F03,2025-12-18,2026-01-10,,120000,,3.02,en cours
CMD-2025-01937,DL-HY-006,F03,2025-12-18,2026-01-10,,46500,,1.855,en cours
CMD-2025-01938,DL-HY-002,F08,2025-12-18,2026-01-27,,44000,,2.231,en cours
CMD-2025-01939,DL-CA-006,F03,2025-12-18,2026-01-13,,18000,,2.797,en cours
CMD-2025-01940,DL-HY-007,F02,2025-12-18,2026-01-19,,20500,,2.956,en cours
CMD-2025-01941,DL-BB-003,F05,2025-12-18,2026-01-28,,23000,,4.566,en cours
CMD-2025-01942,DL-SO-002,F03,2025-12-18,2026-01-15,,32000,,2.71,en cours
CMD-2025-01943,DL-SV-011,F07,2025-12-19,2026-01-28,,52000,,3.01,en cours
CMD-2025-01944,DL-SV-003,F03,2025-12-19,2026-01-12,,47500,,5.018,en cours
CMD-2025-01945,DL-HY-004,F04,2025-12-19,2026-01-20,,76000,,3.803,en cours
CMD-2025-01946,DL-SO-007,F06,2025-12-19,2026-02-04,,28000,,5.273,en cours
CMD-2025-01947,DL-DE-009,F02,2025-12-22,2026-01-22,,38500,,4.226,en cours
CMD-2025-01948,DL-CA-003,F02,2025-12-22,2026-01-22,,38000,,2.417,en cours
CMD-2025-01949,DL-SV-003,F03,2025-12-22,2026-01-15,,84500,,4.976,en cours
CMD-2025-01950,DL-SV-001,F01,2025-12-22,2026-01-19,,47500,,3.097,en cours
CMD-2025-01951,DL-DE-006,F05,2025-12-22,2026-01-28,,40000,,2.115,en cours
CMD-2025-01952,DL-SV-002,F05,2025-12-22,2026-02-03,,33000,,4.297,en cours
CMD-2025-01953,DL-SV-006,F05,2025-12-23,2026-01-29,,59500,,3.217,en cours
CMD-2025-01954,DL-BB-004,F01,2025-12-23,2026-01-23,,82500,,3.875,en cours
CMD-2025-01955,DL-SO-005,F04,2025-12-23,2026-01-30,,17000,,2.799,en cours
CMD-2025-01956,DL-BB-001,F02,2025-12-23,2026-01-24,,92000,,4.004,en cours
CMD-2025-01957,DL-DE-001,F03,2025-12-23,2026-01-16,,19500,,4.226,en cours
CMD-2025-01958,DL-SV-011,F03,2025-12-23,2026-01-20,,27000,,3.125,en cours
CMD-2025-01959,DL-HY-004,F04,2025-12-23,2026-01-27,,61500,,4.001,en cours
CMD-2025-01960,DL-SV-005,F06,2025-12-23,2026-02-06,,40500,,3.198,en cours
CMD-2025-01961,DL-SO-005,F04,2025-12-23,2026-01-26,,41500,,2.884,en cours
CMD-2025-01962,DL-DE-008,F06,2025-12-23,2026-02-06,,17500,,3.112,en cours
CMD-2025-01963,DL-CA-006,F03,2025-12-24,2026-01-18,,34000,,2.91,en cours
CMD-2025-01964,DL-CA-004,F03,2025-12-24,2026-01-19,,62500,,3.149,en cours
CMD-2025-01965,DL-SV-002,F05,2025-12-24,2026-02-02,,17500,,4.343,en cours
CMD-2025-01966,DL-SV-006,F05,2025-12-24,2026-01-31,,36000,,3.014,en cours
CMD-2025-01967,DL-CA-006,F03,2025-12-24,2026-01-17,,28000,,2.941,en cours
CMD-2025-01968,DL-SV-006,F05,2025-12-24,2026-02-02,,54000,,3.008,en cours
CMD-2025-01969,DL-CA-008,F05,2025-12-25,2026-02-03,,46000,,1.555,en cours
CMD-2025-01970,DL-SV-001,F06,2025-12-25,2026-02-05,,14000,,3.063,en cours
CMD-2025-01971,DL-HY-001,F03,2025-12-25,2026-01-17,,19500,,2.993,en cours
CMD-2025-01972,DL-SV-014,F04,2025-12-25,2026-01-29,,79000,,3.883,en cours
CMD-2025-01973,DL-DE-007,F07,2025-12-25,2026-02-08,,19000,,1.929,en cours
CMD-2025-01974,DL-BB-006,F07,2025-12-26,2026-02-07,,44000,,4.145,en cours
CMD-2025-01975,DL-BB-006,F07,2025-12-26,2026-02-04,,71500,,3.914,en cours
CMD-2025-01976,DL-SV-001,F01,2025-12-26,2026-01-20,,70500,,3.022,en cours
CMD-2025-01977,DL-SV-006,F03,2025-12-26,2026-01-22,,32000,,3.212,en cours
CMD-2025-01978,DL-BB-006,F07,2025-12-26,2026-02-08,,51000,,4.158,en cours
CMD-2025-01979,DL-SV-006,F03,2025-12-26,2026-01-20,,24500,,3.058,en cours
CMD-2025-01980,DL-SO-001,F02,2025-12-26,2026-01-24,,53500,,4.136,en cours
CMD-2025-01981,DL-HY-004,F03,2025-12-26,2026-01-18,,14000,,3.925,en cours
CMD-2025-01982,DL-CA-006,F03,2025-12-26,2026-01-23,,35000,,2.747,en cours
CMD-2025-01983,DL-CA-009,F03,2025-12-29,2026-01-20,,53000,,2.376,en cours
CMD-2025-01984,DL-SO-008,F01,2025-12-29,2026-01-23,,46000,,4.761,en cours
CMD-2025-01985,DL-DE-001,F03,2025-12-29,2026-01-23,,20500,,4.39,en cours
CMD-2025-01986,DL-BB-003,F05,2025-12-29,2026-02-07,,23000,,4.66,en cours
CMD-2025-01987,DL-DE-009,F04,2025-12-29,2026-02-03,,15000,,3.87,en cours
CMD-2025-01988,DL-HY-001,F03,2025-12-29,2026-01-24,,32000,,3.157,en cours
CMD-2025-01989,DL-BB-005,F04,2025-12-29,2026-02-02,,50500,,4.776,en cours
CMD-2025-01990,DL-SV-002,F05,2025-12-29,2026-02-04,,22000,,4.003,en cours
CMD-2025-01991,DL-SO-002,F03,2025-12-30,2026-01-27,,69500,,2.51,en cours
CMD-2025-01992,DL-SO-007,F08,2025-12-30,2026-02-09,,20000,,4.99,en cours
CMD-2025-01993,DL-SV-001,F06,2025-12-30,2026-02-15,,60000,,2.907,en cours
CMD-2025-01994,DL-DE-002,F07,2025-12-30,2026-02-09,,80500,,3.528,en cours
CMD-2025-01995,DL-DE-001,F03,2025-12-30,2026-01-23,,139000,,4.194,en cours
CMD-2025-01996,DL-CA-012,F03,2025-12-30,2026-01-24,,23000,,4.152,en cours
CMD-2025-01997,DL-DE-007,F07,2025-12-31,2026-02-08,,16000,,1.882,en cours
CMD-2025-01998,DL-HY-005,F08,2025-12-31,2026-02-08,,27500,,3.302,en cours
CMD-2025-01999,DL-SO-005,F04,2025-12-31,2026-02-05,,43000,,2.88,en cours
CMD-2025-02000,DL-HY-002,F08,2025-12-31,2026-02-10,,20000,,2.287,en cours
CMD-2025-02001,DL-HY-001,F03,2025-12-31,2026-01-22,,42000,,3.047,en cours
CMD-2025-02002,DL-HY-002,F08,2025-12-31,2026-02-06,,19000,,2.21,en cours
CMD-2025-02003,DL-SV-010,F04,2025-12-31,2026-02-06,,21000,,2.962,en cours
CMD-2025-02004,DL-HY-004,F04,2025-12-31,2026-02-01,,49000,,3.96,en cours
CMD-2025-02005,DL-HY-008,F03,2025-12-31,2026-01-25,,26000,,1.546,en cours
